;0
0;0
1;1
2;0
3;0
4;1
5;0
6;1
7;1
8;0
9;0
10;1
11;2
12;0
13;0
14;1
15;1
16;0
17;0
18;1
19;2
20;1
21;0
22;0
23;0
24;0
25;1
26;36
27;35
28;0
29;0
30;1
31;0
32;1
33;0
34;0
35;0
36;0
37;1
38;2
39;52
40;0
41;53
42;0
43;1
44;0
45;1
46;0
47;0
48;0
49;1
50;0
51;1
52;0
53;0
54;1
55;0
56;0
57;1
58;0
59;48
60;46
61;1
62;47
63;0
64;0
65;1
66;0
67;0
68;0
69;1
70;2
71;1
72;0
73;0
74;0
75;1
76;0
77;1
78;0
79;1
80;2
81;0
82;0
83;1
84;0
85;0
86;0
87;1
88;2
89;0
90;35
91;36
92;0
93;1
94;1
95;0
96;0
97;1
98;0
99;0
100;0
101;1
102;1
103;0
104;2
105;0
106;1
107;0
108;1
109;0
110;1
111;1
112;2
113;0
114;1
115;0
116;0
117;2
118;1
119;0
120;1
121;1
122;0
123;0
124;1
125;35
126;36
127;0
128;0
129;1
130;0
131;0
132;1
133;0
134;1
135;0
136;0
137;0
138;1
139;0
140;1
141;2
142;0
143;1
144;0
145;1
146;1
147;0
148;0
149;1
150;0
151;1
152;0
153;1
154;0
155;1
156;0
157;36
158;46
159;2
160;1
161;45
162;0
163;0
164;1
165;2
166;1
167;0
168;1
169;0
170;36
171;0
172;1
173;0
174;0
175;0
176;1
177;47
178;48
179;0
180;1
181;0
182;0
183;0
184;49
185;0
186;1
187;0
188;0
189;0
190;2
191;1
192;0
193;1
194;11
195;12
196;35
197;36
198;75
199;0
200;0
201;0
202;1
203;0
204;1
205;0
206;44
207;1
208;0
209;2
210;0
211;1
212;0
213;0
214;1
215;0
216;36
217;35
218;0
219;1
220;0
221;1
222;0
223;1
224;0
225;2
226;0
227;37
228;34
229;35
230;36
231;38
232;0
233;1
234;0
235;0
236;1
237;0
238;0
239;0
240;1
241;1
242;0
243;0
244;1
245;1
246;0
247;0
248;0
249;1
250;0
251;0
252;1
253;0
254;1
255;1
256;0
257;0
258;1
259;0
260;2
261;0
262;0
263;0
264;59
265;1
266;0
267;0
268;35
269;0
270;1
271;0
272;1
273;1
274;0
275;35
276;36
277;0
278;1
279;41
280;0
281;39
282;0
283;1
284;0
285;1
286;0
287;0
288;1
289;0
290;0
291;0
292;0
293;1
294;0
295;1
296;0
297;0
298;1
299;0
300;1
301;0
302;1
303;0
304;1
305;0
306;1
307;0
308;1
309;0
310;0
311;1
312;0
313;1
314;0
315;1
316;1
317;0
318;2
319;0
320;0
321;0
322;1
323;0
324;40
325;43
326;42
327;0
328;1
329;0
330;0
331;0
332;1
333;0
334;2
335;1
336;0
337;1
338;0
339;0
340;1
341;0
342;1
343;16
344;18
345;17
346;0
347;0
348;1
349;0
350;2
351;1
352;0
353;1
354;0
355;1
356;0
357;0
358;0
359;0
360;1
361;1
362;0
363;0
364;2
365;0
366;1
367;10
368;0
369;1
370;11
371;0
372;1
373;0
374;0
375;1
376;0
377;0
378;0
379;0
380;1
381;1
382;0
383;0
384;1
385;2
386;0
387;1
388;0
389;1
390;0
391;0
392;1
393;0
394;1
395;0
396;0
397;1
398;0
399;0
400;1
401;0
402;0
403;0
404;1
405;0
406;0
407;0
408;1
409;0
410;0
411;0
412;1
413;0
414;0
415;1
416;0
417;0
418;1
419;0
420;0
421;0
422;1
423;0
424;1
425;0
426;0
427;0
428;0
429;0
430;1
431;0
432;1
433;0
434;1
435;0
436;1
437;0
438;1
439;0
440;0
441;1
442;1
443;0
444;0
445;0
446;40
447;43
448;42
449;0
450;41
451;0
452;1
453;47
454;49
455;48
456;0
457;1
458;1
459;0
460;0
461;1
462;0
463;1
464;0
465;2
466;0
467;0
468;1
469;0
470;0
471;1
472;0
473;1
474;0
475;0
476;0
477;1
478;1
479;4
480;0
481;40
482;41
483;42
484;0
485;0
486;35
487;0
488;1
489;1
490;0
491;1
492;0
493;0
494;0
495;1
496;0
497;1
498;2
499;0
500;1
501;0
502;1
503;0
504;0
505;0
506;1
507;0
508;1
509;0
510;19
511;10
512;17
513;0
514;0
515;1
516;0
517;1
518;0
519;0
520;0
521;1
522;2
523;0
524;0
525;1
526;0
527;1
528;1
529;0
530;0
531;1
532;0
533;1
534;0
535;0
536;0
537;0
538;0
539;1
540;0
541;2
542;0
543;0
544;0
545;0
546;1
547;0
548;1
549;0
550;0
551;1
552;0
553;0
554;58
555;59
556;0
557;1
558;0
559;0
560;1
561;0
562;1
563;0
564;1
565;0
566;1
567;0
568;1
569;1
570;0
571;0
572;2
573;6
574;0
575;2
576;1
577;0
578;1
579;10
580;0
581;1
582;0
583;0
584;0
585;0
586;0
587;0
588;1
589;0
590;1
591;0
592;1
593;0
594;1
595;2
596;0
597;1
598;0
599;0
600;1
601;40
602;0
603;1
604;0
605;1
606;1
607;0
608;0
609;1
610;0
611;1
612;1
613;0
614;35
615;0
616;0
617;0
618;0
619;0
620;1
621;0
622;1
623;0
624;1
625;0
626;1
627;0
628;1
629;0
630;2
631;0
632;1
633;0
634;1
635;0
636;1
637;0
638;0
639;0
640;0
641;1
642;35
643;0
644;1
645;0
646;1
647;0
648;1
649;0
650;0
651;1
652;1
653;0
654;0
655;0
656;0
657;0
658;0
659;0
660;35
661;0
662;1
663;0
664;1
665;0
666;0
667;1
668;0
669;1
670;1
671;0
672;0
673;1
674;0
675;40
676;1
677;0
678;0
679;1
680;0
681;0
682;35
683;1
684;0
685;1
686;0
687;1
688;0
689;0
690;1
691;2
692;0
693;1
694;1
695;0
696;0
697;1
698;0
699;0
700;1
701;2
702;0
703;0
704;1
705;0
706;0
707;2
708;1
709;0
710;1
711;0
712;0
713;1
714;0
715;1
716;0
717;0
718;0
719;1
720;0
721;0
722;1
723;40
724;2
725;0
726;0
727;1
728;0
729;1
730;2
731;0
732;1
733;0
734;0
735;0
736;0
737;1
738;0
739;0
740;1
741;0
742;1
743;0
744;0
745;0
746;1
747;0
748;5
749;0
750;0
751;0
752;0
753;1
754;0
755;0
756;45
757;0
758;1
759;35
760;36
761;0
762;1
763;0
764;1
765;1
766;0
767;0
768;1
769;0
770;39
771;0
772;1
773;0
774;2
775;2
776;0
777;1
778;0
779;0
780;1
781;0
782;1
783;0
784;1
785;0
786;1
787;0
788;0
789;1
790;0
791;1
792;0
793;1
794;0
795;0
796;1
797;0
798;1
799;0
800;1
801;0
802;1
803;0
804;0
805;1
806;1
807;0
808;0
809;0
810;0
811;0
812;0
813;0
814;0
815;0
816;26
817;1
818;1
819;0
820;0
821;1
822;0
823;11
824;9
825;10
826;0
827;1
828;0
829;0
830;0
831;1
832;53
833;56
834;54
835;0
836;1
837;0
838;1
839;1
840;0
841;0
842;1
843;0
844;1
845;0
846;1
847;0
848;35
849;15
850;14
851;0
852;0
853;1
854;1
855;0
856;0
857;1
858;0
859;0
860;1
861;0
862;0
863;1
864;0
865;1
866;0
867;0
868;0
869;35
870;5
871;6
872;0
873;1
874;0
875;1
876;0
877;1
878;0
879;1
880;0
881;1
882;0
883;1
884;2
885;1
886;0
887;0
888;1
889;0
890;1
891;0
892;0
893;1
894;0
895;0
896;44
897;0
898;1
899;0
900;0
901;1
902;0
903;21
904;22
905;13
906;1
907;1
908;0
909;0
910;1
911;0
912;2
913;0
914;0
915;0
916;0
917;1
918;2
919;0
920;1
921;1
922;0
923;2
924;0
925;1
926;0
927;0
928;1
929;0
930;1
931;0
932;1
933;0
934;1
935;0
936;1
937;1
938;0
939;0
940;48
941;0
942;0
943;1
944;2
945;0
946;0
947;1
948;0
949;0
950;1
951;0
952;1
953;0
954;0
955;1
956;1
957;0
958;0
959;1
960;4
961;0
962;1
963;0
964;2
965;1
966;0
967;13
968;35
969;36
970;12
971;0
972;0
973;35
974;0
975;0
976;0
977;0
978;0
979;1
980;0
981;1
982;1
983;40
984;0
985;1
986;0
987;0
988;0
989;1
990;0
991;1
992;0
993;0
994;1
995;0
996;0
997;1
998;0
999;0
1000;1
1001;0
1002;0
1003;0
1004;1
1005;0
1006;1
1007;0
1008;0
1009;0
1010;2
1011;5
1012;20
1013;21
1014;7
1015;6
1016;0
1017;1
1018;1
1019;0
1020;0
1021;0
1022;1
1023;0
1024;1
1025;0
1026;1
1027;0
1028;1
1029;41
1030;1
1031;0
1032;1
1033;2
1034;0
1035;1
1036;0
1037;1
1038;0
1039;1
1040;0
1041;1
1042;1
1043;0
1044;2
1045;0
1046;0
1047;1
1048;0
1049;0
1050;1
1051;1
1052;0
1053;0
1054;1
1055;0
1056;1
1057;43
1058;0
1059;1
1060;1
1061;0
1062;2
1063;0
1064;0
1065;1
1066;0
1067;0
1068;1
1069;0
1070;42
1071;1
1072;43
1073;44
1074;2
1075;0
1076;0
1077;0
1078;0
1079;1
1080;0
1081;1
1082;41
1083;40
1084;0
1085;1
1086;0
1087;0
1088;1
1089;0
1090;45
1091;1
1092;43
1093;0
1094;0
1095;1
1096;0
1097;1
1098;0
1099;1
1100;0
1101;1
1102;0
1103;1
1104;0
1105;0
1106;1
1107;0
1108;1
1109;0
1110;0
1111;1
1112;0
1113;1
1114;1
1115;0
1116;1
1117;0
1118;0
1119;0
1120;1
1121;0
1122;0
1123;1
1124;1
1125;0
1126;0
1127;1
1128;0
1129;1
1130;0
1131;2
1132;1
1133;0
1134;1
1135;0
1136;0
1137;1
1138;18
1139;19
1140;10
1141;17
1142;35
1143;36
1144;0
1145;1
1146;0
1147;1
1148;0
1149;1
1150;0
1151;1
1152;0
1153;1
1154;0
1155;0
1156;1
1157;0
1158;1
1159;0
1160;1
1161;0
1162;2
1163;0
1164;1
1165;0
1166;1
1167;0
1168;1
1169;0
1170;1
1171;0
1172;0
1173;1
1174;35
1175;36
1176;0
1177;0
1178;1
1179;1
1180;0
1181;0
1182;0
1183;0
1184;1
1185;0
1186;1
1187;0
1188;1
1189;0
1190;1
1191;0
1192;1
1193;0
1194;0
1195;0
1196;1
1197;0
1198;2
1199;1
1200;0
1201;19
1202;35
1203;37
1204;20
1205;0
1206;1
1207;0
1208;1
1209;0
1210;0
1211;1
1212;0
1213;0
1214;0
1215;1
1216;1
1217;0
1218;0
1219;1
1220;0
1221;0
1222;36
1223;35
1224;0
1225;20
1226;0
1227;0
1228;1
1229;0
1230;0
1231;0
1232;35
1233;36
1234;0
1235;1
1236;0
1237;2
1238;1
1239;35
1240;36
1241;37
1242;0
1243;1
1244;0
1245;1
1246;44
1247;1
1248;0
1249;0
1250;1
1251;0
1252;1
1253;0
1254;0
1255;0
1256;0
1257;1
1258;0
1259;1
1260;0
1261;0
1262;1
1263;0
1264;0
1265;1
1266;0
1267;1
1268;0
1269;1
1270;0
1271;1
1272;0
1273;0
1274;1
1275;0
1276;1
1277;0
1278;0
1279;1
1280;0
1281;1
1282;0
1283;0
1284;0
1285;1
1286;2
1287;0
1288;2
1289;1
1290;0
1291;1
1292;1
1293;0
1294;1
1295;0
1296;0
1297;1
1298;0
1299;1
1300;0
1301;1
1302;0
1303;1
1304;0
1305;0
1306;1
1307;2
1308;0
1309;1
1310;0
1311;1
1312;0
1313;0
1314;0
1315;0
1316;1
1317;0
1318;0
1319;0
1320;1
1321;0
1322;1
1323;0
1324;1
1325;0
1326;1
1327;0
1328;49
1329;1
1330;51
1331;0
1332;0
1333;0
1334;0
1335;1
1336;0
1337;1
1338;0
1339;0
1340;1
1341;40
1342;0
1343;1
1344;0
1345;0
1346;0
1347;0
1348;62
1349;65
1350;35
1351;63
1352;0
1353;0
1354;0
1355;1
1356;0
1357;1
1358;0
1359;2
1360;0
1361;1
1362;2
1363;35
1364;0
1365;36
1366;39
1367;0
1368;2
1369;1
1370;0
1371;1
1372;0
1373;0
1374;1
1375;0
1376;1
1377;19
1378;0
1379;1
1380;0
1381;1
1382;0
1383;0
1384;1
1385;0
1386;0
1387;1
1388;1
1389;0
1390;0
1391;1
1392;0
1393;1
1394;0
1395;1
1396;0
1397;0
1398;0
1399;1
1400;0
1401;0
1402;1
1403;0
1404;1
1405;0
1406;1
1407;0
1408;0
1409;1
1410;0
1411;1
1412;0
1413;1
1414;24
1415;23
1416;0
1417;0
1418;1
1419;1
1420;0
1421;0
1422;1
1423;0
1424;1
1425;0
1426;1
1427;0
1428;1
1429;0
1430;1
1431;0
1432;0
1433;1
1434;0
1435;1
1436;0
1437;1
1438;0
1439;0
1440;40
1441;49
1442;1
1443;0
1444;0
1445;1
1446;0
1447;0
1448;1
1449;0
1450;55
1451;54
1452;0
1453;2
1454;1
1455;0
1456;1
1457;0
1458;19
1459;0
1460;1
1461;0
1462;1
1463;0
1464;1
1465;44
1466;0
1467;45
1468;0
1469;1
1470;0
1471;1
1472;0
1473;0
1474;0
1475;1
1476;0
1477;0
1478;1
1479;0
1480;1
1481;0
1482;1
1483;1
1484;0
1485;0
1486;0
1487;1
1488;0
1489;1
1490;0
1491;1
1492;0
1493;0
1494;1
1495;0
1496;1
1497;2
1498;27
1499;0
1500;0
1501;0
1502;1
1503;0
1504;1
1505;1
1506;0
1507;0
1508;0
1509;1
1510;0
1511;1
1512;36
1513;0
1514;1
1515;0
1516;1
1517;0
1518;2
1519;1
1520;0
1521;0
1522;1
1523;0
1524;0
1525;1
1526;0
1527;0
1528;1
1529;1
1530;0
1531;0
1532;0
1533;1
1534;0
1535;1
1536;0
1537;0
1538;1
1539;0
1540;0
1541;1
1542;0
1543;0
1544;0
1545;63
1546;0
1547;1
1548;64
1549;0
1550;35
1551;37
1552;1
1553;0
1554;0
1555;0
1556;1
1557;1
1558;0
1559;1
1560;4
1561;0
1562;0
1563;0
1564;1
1565;0
1566;0
1567;1
1568;17
1569;0
1570;18
1571;0
1572;0
1573;1
1574;0
1575;0
1576;1
1577;0
1578;1
1579;0
1580;0
1581;1
1582;0
1583;0
1584;1
1585;2
1586;0
1587;1
1588;40
1589;0
1590;1
1591;0
1592;0
1593;1
1594;64
1595;0
1596;1
1597;0
1598;1
1599;0
1600;1
1601;0
1602;1
1603;0
1604;1
1605;0
1606;0
1607;1
1608;0
1609;1
1610;2
1611;0
1612;1
1613;0
1614;0
1615;1
1616;0
1617;0
1618;0
1619;0
1620;1
1621;48
1622;47
1623;0
1624;0
1625;0
1626;20
1627;17
1628;18
1629;36
1630;35
1631;0
1632;1
1633;0
1634;0
1635;0
1636;0
1637;1
1638;0
1639;1
1640;0
1641;0
1642;1
1643;0
1644;0
1645;1
1646;2
1647;0
1648;0
1649;1
1650;0
1651;1
1652;0
1653;1
1654;0
1655;1
1656;1
1657;0
1658;0
1659;1
1660;0
1661;1
1662;1
1663;0
1664;0
1665;0
1666;1
1667;24
1668;23
1669;35
1670;0
1671;1
1672;19
1673;0
1674;1
1675;0
1676;1
1677;0
1678;1
1679;47
1680;0
1681;49
1682;1
1683;1
1684;0
1685;0
1686;0
1687;0
1688;1
1689;0
1690;1
1691;0
1692;1
1693;0
1694;0
1695;41
1696;0
1697;0
1698;0
1699;1
1700;1
1701;0
1702;0
1703;1
1704;0
1705;47
1706;0
1707;0
1708;1
1709;0
1710;43
1711;41
1712;1
1713;40
1714;0
1715;42
1716;0
1717;0
1718;1
1719;0
1720;1
1721;2
1722;0
1723;1
1724;0
1725;0
1726;0
1727;1
1728;1
1729;0
1730;0
1731;0
1732;2
1733;35
1734;24
1735;23
1736;0
1737;25
1738;0
1739;1
1740;0
1741;0
1742;1
1743;0
1744;0
1745;1
1746;0
1747;1
1748;0
1749;0
1750;1
1751;0
1752;0
1753;1
1754;0
1755;0
1756;1
1757;1
1758;0
1759;0
1760;0
1761;1
1762;0
1763;2
1764;1
1765;0
1766;37
1767;25
1768;36
1769;35
1770;34
1771;0
1772;1
1773;35
1774;36
1775;0
1776;0
1777;1
1778;0
1779;1
1780;1
1781;35
1782;53
1783;0
1784;52
1785;0
1786;1
1787;0
1788;1
1789;0
1790;2
1791;0
1792;0
1793;0
1794;1
1795;0
1796;1
1797;0
1798;1
1799;0
1800;1
1801;0
1802;1
1803;0
1804;0
1805;0
1806;1
1807;0
1808;0
1809;1
1810;0
1811;1
1812;0
1813;2
1814;0
1815;0
1816;0
1817;5
1818;1
1819;0
1820;0
1821;0
1822;35
1823;36
1824;0
1825;0
1826;1
1827;2
1828;0
1829;0
1830;1
1831;35
1832;36
1833;0
1834;0
1835;1
1836;0
1837;1
1838;0
1839;1
1840;1
1841;0
1842;0
1843;1
1844;0
1845;1
1846;35
1847;36
1848;0
1849;31
1850;1
1851;32
1852;0
1853;0
1854;1
1855;0
1856;0
1857;0
1858;1
1859;0
1860;1
1861;0
1862;0
1863;1
1864;0
1865;1
1866;0
1867;1
1868;0
1869;1
1870;1
1871;0
1872;0
1873;1
1874;0
1875;0
1876;1
1877;0
1878;41
1879;72
1880;70
1881;38
1882;40
1883;42
1884;39
1885;0
1886;2
1887;1
1888;85
1889;82
1890;83
1891;0
1892;1
1893;0
1894;0
1895;0
1896;1
1897;0
1898;42
1899;0
1900;1
1901;44
1902;43
1903;0
1904;0
1905;1
1906;0
1907;0
1908;1
1909;0
1910;2
1911;0
1912;0
1913;0
1914;1
1915;0
1916;1
1917;0
1918;1
1919;0
1920;0
1921;35
1922;36
1923;0
1924;0
1925;1
1926;0
1927;1
1928;0
1929;0
1930;65
1931;0
1932;1
1933;0
1934;0
1935;1
1936;0
1937;1
1938;0
1939;1
1940;35
1941;8
1942;0
1943;0
1944;36
1945;35
1946;0
1947;1
1948;0
1949;1
1950;0
1951;0
1952;0
1953;2
1954;1
1955;0
1956;0
1957;0
1958;1
1959;0
1960;1
1961;0
1962;1
1963;0
1964;5
1965;1
1966;6
1967;0
1968;1
1969;0
1970;0
1971;1
1972;1
1973;0
1974;0
1975;2
1976;1
1977;0
1978;1
1979;0
1980;0
1981;1
1982;0
1983;1
1984;16
1985;0
1986;1
1987;19
1988;10
1989;17
1990;0
1991;1
1992;0
1993;0
1994;0
1995;1
1996;0
1997;1
1998;2
1999;1
2000;0
2001;59
2002;44
2003;61
2004;0
2005;1
2006;0
2007;0
2008;0
2009;1
2010;1
2011;0
2012;0
2013;1
2014;75
2015;1
2016;0
2017;0
2018;0
2019;0
2020;1
2021;2
2022;0
2023;1
2024;1
2025;0
2026;0
2027;0
2028;1
2029;0
2030;1
2031;1
2032;0
2033;0
2034;0
2035;0
2036;0
2037;0
2038;0
2039;1
2040;0
2041;0
2042;1
2043;2
2044;0
2045;0
2046;1
2047;0
2048;0
2049;1
2050;0
2051;1
2052;0
2053;1
2054;0
2055;1
2056;0
2057;0
2058;0
2059;1
2060;35
2061;36
2062;1
2063;0
2064;0
2065;1
2066;0
2067;1
2068;0
2069;0
2070;1
2071;0
2072;0
2073;47
2074;46
2075;0
2076;1
2077;0
2078;1
2079;0
2080;0
2081;1
2082;0
2083;0
2084;0
2085;1
2086;2
2087;0
2088;0
2089;1
2090;1
2091;0
2092;0
2093;0
2094;1
2095;0
2096;1
2097;0
2098;1
2099;4
2100;0
2101;0
2102;1
2103;0
2104;0
2105;47
2106;0
2107;58
2108;1
2109;0
2110;0
2111;0
2112;1
2113;1
2114;0
2115;2
2116;0
2117;1
2118;0
2119;0
2120;1
2121;35
2122;75
2123;76
2124;78
2125;0
2126;0
2127;1
2128;0
2129;0
2130;1
2131;0
2132;0
2133;1
2134;0
2135;0
2136;1
2137;0
2138;1
2139;0
2140;0
2141;0
2142;1
2143;0
2144;1
2145;1
2146;0
2147;0
2148;0
2149;2
2150;1
2151;0
2152;0
2153;0
2154;0
2155;1
2156;0
2157;1
2158;0
2159;0
2160;0
2161;1
2162;0
2163;1
2164;0
2165;0
2166;1
2167;0
2168;1
2169;0
2170;1
2171;40
2172;0
2173;1
2174;0
2175;2
2176;1
2177;0
2178;1
2179;35
2180;36
2181;0
2182;1
2183;0
2184;1
2185;2
2186;1
2187;0
2188;35
2189;0
2190;1
2191;0
2192;39
2193;0
2194;40
2195;0
2196;1
2197;0
2198;1
2199;0
2200;0
2201;1
2202;0
2203;41
2204;42
2205;1
2206;0
2207;1
2208;0
2209;1
2210;0
2211;1
2212;0
2213;0
2214;1
2215;0
2216;1
2217;0
2218;0
2219;0
2220;28
2221;0
2222;1
2223;24
2224;0
2225;0
2226;0
2227;0
2228;1
2229;0
2230;1
2231;0
2232;0
2233;1
2234;0
2235;1
2236;2
2237;0
2238;1
2239;0
2240;0
2241;0
2242;1
2243;0
2244;1
2245;0
2246;70
2247;48
2248;72
2249;79
2250;0
2251;1
2252;0
2253;2
2254;46
2255;1
2256;0
2257;1
2258;1
2259;0
2260;0
2261;0
2262;1
2263;0
2264;1
2265;0
2266;0
2267;1
2268;0
2269;1
2270;0
2271;0
2272;1
2273;0
2274;2
2275;1
2276;35
2277;0
2278;1
2279;0
2280;1
2281;0
2282;1
2283;0
2284;0
2285;1
2286;0
2287;36
2288;35
2289;0
2290;1
2291;0
2292;1
2293;1
2294;56
2295;55
2296;54
2297;0
2298;0
2299;1
2300;0
2301;0
2302;48
2303;47
2304;0
2305;0
2306;1
2307;45
2308;0
2309;1
2310;0
2311;1
2312;1
2313;0
2314;0
2315;1
2316;1
2317;0
2318;0
2319;1
2320;0
2321;1
2322;2
2323;0
2324;43
2325;0
2326;1
2327;1
2328;0
2329;1
2330;0
2331;0
2332;1
2333;0
2334;1
2335;0
2336;1
2337;0
2338;3
2339;0
2340;0
2341;1
2342;4
2343;0
2344;0
2345;1
2346;0
2347;1
2348;0
2349;1
2350;0
2351;0
2352;0
2353;0
2354;0
2355;0
2356;0
2357;0
2358;1
2359;2
2360;0
2361;0
2362;1
2363;0
2364;1
2365;0
2366;1
2367;0
2368;0
2369;1
2370;50
2371;48
2372;0
2373;49
2374;0
2375;1
2376;0
2377;0
2378;0
2379;1
2380;0
2381;0
2382;0
2383;1
2384;0
2385;0
2386;0
2387;1
2388;1
2389;0
2390;0
2391;2
2392;47
2393;1
2394;1
2395;0
2396;0
2397;1
2398;1
2399;0
2400;0
2401;1
2402;1
2403;0
2404;35
2405;0
2406;1
2407;0
2408;1
2409;0
2410;1
2411;0
2412;0
2413;2
2414;0
2415;0
2416;1
2417;0
2418;0
2419;1
2420;0
2421;0
2422;1
2423;0
2424;0
2425;1
2426;1
2427;0
2428;0
2429;1
2430;0
2431;55
2432;54
2433;0
2434;1
2435;0
2436;2
2437;1
2438;0
2439;0
2440;0
2441;0
2442;0
2443;1
2444;0
2445;1
2446;0
2447;1
2448;0
2449;1
2450;2
2451;0
2452;0
2453;0
2454;0
2455;1
2456;36
2457;35
2458;0
2459;1
2460;0
2461;0
2462;1
2463;0
2464;1
2465;0
2466;1
2467;0
2468;0
2469;1
2470;0
2471;0
2472;1
2473;1
2474;0
2475;1
2476;0
2477;0
2478;1
2479;1
2480;0
2481;0
2482;1
2483;0
2484;0
2485;1
2486;0
2487;0
2488;1
2489;2
2490;0
2491;1
2492;35
2493;36
2494;0
2495;1
2496;0
2497;0
2498;1
2499;1
2500;0
2501;0
2502;0
2503;1
2504;0
2505;1
2506;0
2507;1
2508;1
2509;0
2510;0
2511;1
2512;0
2513;0
2514;1
2515;2
2516;0
2517;1
2518;0
2519;0
2520;0
2521;1
2522;0
2523;1
2524;0
2525;1
2526;0
2527;1
2528;0
2529;0
2530;1
2531;1
2532;0
2533;0
2534;1
2535;0
2536;0
2537;0
2538;64
2539;67
2540;1
2541;66
2542;51
2543;52
2544;36
2545;37
2546;0
2547;0
2548;13
2549;1
2550;14
2551;0
2552;0
2553;0
2554;0
2555;1
2556;0
2557;0
2558;1
2559;2
2560;45
2561;0
2562;46
2563;0
2564;1
2565;1
2566;0
2567;0
2568;1
2569;0
2570;0
2571;0
2572;0
2573;1
2574;0
2575;1
2576;0
2577;0
2578;1
2579;1
2580;0
2581;25
2582;0
2583;0
2584;36
2585;1
2586;35
2587;35
2588;36
2589;0
2590;1
2591;0
2592;2
2593;0
2594;1
2595;0
2596;0
2597;1
2598;0
2599;1
2600;0
2601;1
2602;0
2603;1
2604;0
2605;0
2606;1
2607;0
2608;19
2609;9
2610;0
2611;21
2612;20
2613;22
2614;0
2615;1
2616;0
2617;1
2618;0
2619;1
2620;0
2621;22
2622;23
2623;14
2624;21
2625;2
2626;0
2627;2
2628;0
2629;1
2630;2
2631;0
2632;1
2633;1
2634;0
2635;0
2636;1
2637;0
2638;1
2639;0
2640;1
2641;1
2642;0
2643;4
2644;5
2645;0
2646;0
2647;0
2648;0
2649;1
2650;0
2651;0
2652;1
2653;0
2654;1
2655;0
2656;0
2657;1
2658;0
2659;1
2660;0
2661;1
2662;70
2663;45
2664;71
2665;0
2666;1
2667;0
2668;0
2669;0
2670;1
2671;0
2672;3
2673;1
2674;4
2675;0
2676;2
2677;1
2678;0
2679;1
2680;1
2681;0
2682;0
2683;1
2684;0
2685;0
2686;0
2687;1
2688;2
2689;1
2690;0
2691;0
2692;1
2693;0
2694;1
2695;6
2696;7
2697;1
2698;9
2699;0
2700;0
2701;0
2702;2
2703;0
2704;1
2705;0
2706;0
2707;0
2708;0
2709;0
2710;1
2711;2
2712;0
2713;1
2714;0
2715;1
2716;0
2717;0
2718;1
2719;0
2720;1
2721;0
2722;1
2723;0
2724;1
2725;0
2726;0
2727;0
2728;1
2729;6
2730;36
2731;41
2732;0
2733;1
2734;1
2735;0
2736;0
2737;1
2738;0
2739;2
2740;1
2741;0
2742;1
2743;0
2744;1
2745;1
2746;0
2747;0
2748;1
2749;0
2750;0
2751;1
2752;0
2753;1
2754;0
2755;1
2756;0
2757;1
2758;0
2759;1
2760;0
2761;2
2762;1
2763;0
2764;0
2765;1
2766;0
2767;1
2768;1
2769;0
2770;0
2771;1
2772;0
2773;1
2774;1
2775;0
2776;0
2777;1
2778;0
2779;1
2780;0
2781;0
2782;1
2783;0
2784;0
2785;1
2786;0
2787;0
2788;1
2789;35
2790;37
2791;39
2792;36
2793;0
2794;1
2795;0
2796;1
2797;0
2798;1
2799;0
2800;1
2801;0
2802;0
2803;0
2804;0
2805;1
2806;35
2807;36
2808;0
2809;0
2810;0
2811;1
2812;0
2813;40
2814;39
2815;70
2816;0
2817;0
2818;1
2819;0
2820;0
2821;0
2822;0
2823;1
2824;35
2825;36
2826;37
2827;0
2828;1
2829;0
2830;40
2831;39
2832;1
2833;0
2834;0
2835;1
2836;0
2837;0
2838;0
2839;1
2840;0
2841;40
2842;0
2843;0
2844;1
2845;0
2846;44
2847;0
2848;0
2849;1
2850;0
2851;0
2852;0
2853;0
2854;0
2855;38
2856;0
2857;2
2858;40
2859;0
2860;43
2861;42
2862;1
2863;0
2864;1
2865;0
2866;0
2867;0
2868;1
2869;0
2870;1
2871;0
2872;0
2873;0
2874;35
2875;39
2876;1
2877;0
2878;0
2879;0
2880;1
2881;6
2882;27
2883;28
2884;5
2885;7
2886;0
2887;1
2888;0
2889;0
2890;1
2891;0
2892;1
2893;0
2894;0
2895;1
2896;0
2897;0
2898;1
2899;0
2900;1
2901;0
2902;0
2903;1
2904;0
2905;0
2906;63
2907;2
2908;62
2909;1
2910;0
2911;1
2912;0
2913;1
2914;0
2915;1
2916;0
2917;35
2918;36
2919;0
2920;1
2921;0
2922;1
2923;0
2924;1
2925;0
2926;0
2927;35
2928;36
2929;0
2930;0
2931;2
2932;1
2933;0
2934;1
2935;44
2936;45
2937;35
2938;56
2939;57
2940;58
2941;0
2942;41
2943;0
2944;0
2945;1
2946;2
2947;0
2948;0
2949;0
2950;1
2951;0
2952;1
2953;1
2954;0
2955;0
2956;0
2957;1
2958;0
2959;2
2960;0
2961;0
2962;0
2963;1
2964;1
2965;0
2966;1
2967;0
2968;1
2969;0
2970;2
2971;0
2972;3
2973;1
2974;2
2975;0
2976;1
2977;0
2978;1
2979;1
2980;0
2981;0
2982;0
2983;1
2984;2
2985;0
2986;0
2987;1
2988;0
2989;1
2990;0
2991;0
2992;0
2993;1
2994;0
2995;0
2996;1
2997;0
2998;1
2999;0
3000;2
3001;1
3002;0
3003;0
3004;0
3005;3
3006;1
3007;1
3008;0
3009;0
3010;0
3011;0
3012;0
3013;1
3014;43
3015;44
3016;0
3017;1
3018;0
3019;1
3020;0
3021;0
3022;1
3023;0
3024;0
3025;1
3026;0
3027;1
3028;1
3029;0
3030;0
3031;0
3032;2
3033;3
3034;0
3035;0
3036;1
3037;0
3038;1
3039;1
3040;0
3041;0
3042;1
3043;35
3044;75
3045;74
3046;0
3047;1
3048;2
3049;0
3050;1
3051;0
3052;1
3053;0
3054;0
3055;1
3056;1
3057;0
3058;0
3059;1
3060;0
3061;1
3062;2
3063;1
3064;0
3065;0
3066;1
3067;0
3068;3
3069;0
3070;83
3071;2
3072;5
3073;77
3074;81
3075;80
3076;0
3077;1
3078;0
3079;0
3080;0
3081;2
3082;1
3083;0
3084;0
3085;1
3086;36
3087;35
3088;0
3089;1
3090;0
3091;0
3092;1
3093;0
3094;1
3095;0
3096;1
3097;0
3098;36
3099;35
3100;0
3101;2
3102;1
3103;0
3104;2
3105;1
3106;0
3107;1
3108;0
3109;1
3110;2
3111;0
3112;1
3113;0
3114;1
3115;22
3116;21
3117;0
3118;1
3119;0
3120;0
3121;1
3122;0
3123;1
3124;35
3125;36
3126;0
3127;1
3128;0
3129;1
3130;0
3131;1
3132;0
3133;1
3134;1
3135;0
3136;1
3137;0
3138;1
3139;0
3140;0
3141;1
3142;0
3143;0
3144;1
3145;1
3146;0
3147;0
3148;0
3149;1
3150;1
3151;0
3152;0
3153;0
3154;1
3155;1
3156;42
3157;0
3158;41
3159;0
3160;1
3161;39
3162;1
3163;0
3164;0
3165;1
3166;0
3167;1
3168;0
3169;35
3170;39
3171;38
3172;36
3173;3
3174;4
3175;5
3176;10
3177;11
3178;40
3179;38
3180;39
3181;42
3182;0
3183;0
3184;0
3185;1
3186;35
3187;36
3188;1
3189;0
3190;0
3191;1
3192;0
3193;0
3194;1
3195;1
3196;0
3197;0
3198;2
3199;1
3200;0
3201;0
3202;0
3203;1
3204;0
3205;1
3206;49
3207;47
3208;0
3209;1
3210;0
3211;0
3212;1
3213;1
3214;0
3215;0
3216;1
3217;24
3218;33
3219;32
3220;14
3221;25
3222;0
3223;1
3224;0
3225;1
3226;0
3227;1
3228;0
3229;0
3230;0
3231;41
3232;40
3233;0
3234;0
3235;1
3236;35
3237;36
3238;0
3239;1
3240;0
3241;1
3242;0
3243;1
3244;10
3245;0
3246;1
3247;11
3248;0
3249;1
3250;0
3251;1
3252;2
3253;0
3254;1
3255;0
3256;2
3257;17
3258;0
3259;19
3260;20
3261;11
3262;18
3263;0
3264;3
3265;2
3266;1
3267;0
3268;2
3269;1
3270;0
3271;1
3272;0
3273;0
3274;1
3275;0
3276;0
3277;2
3278;1
3279;0
3280;0
3281;2
3282;1
3283;0
3284;0
3285;1
3286;0
3287;1
3288;0
3289;1
3290;44
3291;45
3292;0
3293;1
3294;40
3295;0
3296;35
3297;36
3298;0
3299;1
3300;0
3301;0
3302;1
3303;36
3304;35
3305;1
3306;0
3307;1
3308;0
3309;0
3310;2
3311;1
3312;0
3313;0
3314;1
3315;0
3316;1
3317;0
3318;0
3319;1
3320;0
3321;2
3322;1
3323;0
3324;0
3325;35
3326;36
3327;0
3328;1
3329;0
3330;0
3331;1
3332;0
3333;0
3334;0
3335;0
3336;35
3337;36
3338;0
3339;1
3340;0
3341;1
3342;0
3343;0
3344;1
3345;0
3346;0
3347;0
3348;0
3349;0
3350;1
3351;0
3352;2
3353;1
3354;0
3355;0
3356;1
3357;0
3358;0
3359;1
3360;0
3361;2
3362;0
3363;1
3364;0
3365;0
3366;0
3367;0
3368;1
3369;0
3370;0
3371;1
3372;0
3373;0
3374;0
3375;1
3376;0
3377;1
3378;0
3379;0
3380;2
3381;1
3382;0
3383;30
3384;1
3385;0
3386;1
3387;0
3388;1
3389;0
3390;0
3391;1
3392;0
3393;0
3394;1
3395;7
3396;6
3397;15
3398;1
3399;0
3400;35
3401;7
3402;36
3403;0
3404;1
3405;0
3406;1
3407;0
3408;1
3409;0
3410;0
3411;1
3412;47
3413;48
3414;0
3415;1
3416;0
3417;1
3418;0
3419;48
3420;0
3421;1
3422;2
3423;0
3424;1
3425;0
3426;1
3427;0
3428;0
3429;1
3430;0
3431;0
3432;1
3433;0
3434;1
3435;0
3436;0
3437;0
3438;0
3439;0
3440;1
3441;0
3442;0
3443;36
3444;35
3445;1
3446;0
3447;0
3448;1
3449;1
3450;0
3451;1
3452;0
3453;0
3454;0
3455;0
3456;1
3457;1
3458;0
3459;0
3460;1
3461;0
3462;0
3463;1
3464;0
3465;1
3466;0
3467;1
3468;0
3469;0
3470;0
3471;2
3472;1
3473;0
3474;1
3475;0
3476;0
3477;1
3478;0
3479;10
3480;1
3481;0
3482;11
3483;0
3484;0
3485;0
3486;1
3487;0
3488;1
3489;0
3490;1
3491;2
3492;0
3493;1
3494;13
3495;14
3496;15
3497;1
3498;0
3499;1
3500;0
3501;55
3502;0
3503;0
3504;0
3505;18
3506;19
3507;5
3508;7
3509;38
3510;6
3511;0
3512;2
3513;0
3514;0
3515;0
3516;0
3517;2
3518;1
3519;0
3520;1
3521;0
3522;1
3523;0
3524;1
3525;1
3526;0
3527;0
3528;0
3529;1
3530;11
3531;12
3532;0
3533;1
3534;0
3535;0
3536;1
3537;0
3538;1
3539;0
3540;0
3541;1
3542;0
3543;1
3544;0
3545;1
3546;0
3547;1
3548;4
3549;0
3550;1
3551;0
3552;1
3553;0
3554;1
3555;0
3556;0
3557;1
3558;0
3559;0
3560;1
3561;0
3562;1
3563;0
3564;1
3565;0
3566;0
3567;1
3568;0
3569;0
3570;1
3571;0
3572;0
3573;1
3574;2
3575;35
3576;36
3577;0
3578;1
3579;0
3580;0
3581;9
3582;0
3583;10
3584;0
3585;0
3586;0
3587;1
3588;0
3589;35
3590;15
3591;17
3592;18
3593;0
3594;9
3595;16
3596;0
3597;0
3598;0
3599;0
3600;1
3601;0
3602;0
3603;1
3604;0
3605;1
3606;0
3607;0
3608;1
3609;0
3610;0
3611;1
3612;0
3613;1
3614;1
3615;0
3616;1
3617;0
3618;1
3619;0
3620;0
3621;1
3622;2
3623;0
3624;1
3625;0
3626;0
3627;1
3628;1
3629;0
3630;0
3631;24
3632;2
3633;1
3634;0
3635;1
3636;0
3637;0
3638;0
3639;0
3640;2
3641;1
3642;0
3643;0
3644;0
3645;1
3646;0
3647;1
3648;1
3649;0
3650;0
3651;0
3652;0
3653;1
3654;2
3655;0
3656;1
3657;0
3658;1
3659;0
3660;1
3661;0
3662;1
3663;1
3664;0
3665;0
3666;1
3667;0
3668;1
3669;1
3670;0
3671;0
3672;1
3673;0
3674;0
3675;1
3676;0
3677;0
3678;1
3679;0
3680;0
3681;0
3682;1
3683;0
3684;0
3685;44
3686;0
3687;58
3688;60
3689;0
3690;0
3691;0
3692;0
3693;1
3694;0
3695;0
3696;1
3697;0
3698;0
3699;1
3700;0
3701;1
3702;0
3703;0
3704;0
3705;1
3706;56
3707;0
3708;42
3709;54
3710;0
3711;40
3712;0
3713;0
3714;1
3715;0
3716;0
3717;1
3718;1
3719;40
3720;0
3721;0
3722;1
3723;0
3724;35
3725;0
3726;0
3727;0
3728;0
3729;1
3730;1
3731;0
3732;0
3733;0
3734;1
3735;0
3736;0
3737;1
3738;0
3739;50
3740;0
3741;47
3742;48
3743;49
3744;35
3745;1
3746;0
3747;4
3748;0
3749;0
3750;1
3751;2
3752;0
3753;1
3754;8
3755;1
3756;0
3757;0
3758;0
3759;1
3760;0
3761;2
3762;1
3763;0
3764;0
3765;0
3766;0
3767;1
3768;0
3769;0
3770;0
3771;0
3772;1
3773;0
3774;1
3775;0
3776;1
3777;0
3778;0
3779;0
3780;0
3781;0
3782;1
3783;0
3784;1
3785;0
3786;1
3787;0
3788;0
3789;0
3790;1
3791;1
3792;0
3793;0
3794;1
3795;0
3796;1
3797;35
3798;0
3799;0
3800;0
3801;1
3802;35
3803;36
3804;1
3805;0
3806;0
3807;1
3808;1
3809;0
3810;1
3811;26
3812;27
3813;0
3814;28
3815;1
3816;0
3817;35
3818;36
3819;35
3820;36
3821;0
3822;1
3823;1
3824;0
3825;0
3826;35
3827;0
3828;1
3829;1
3830;0
3831;0
3832;0
3833;0
3834;0
3835;1
3836;0
3837;1
3838;0
3839;0
3840;0
3841;0
3842;1
3843;0
3844;1
3845;0
3846;1
3847;20
3848;9
3849;0
3850;22
3851;21
3852;23
3853;0
3854;0
3855;0
3856;0
3857;0
3858;1
3859;0
3860;1
3861;2
3862;0
3863;1
3864;0
3865;1
3866;0
3867;1
3868;0
3869;1
3870;0
3871;0
3872;1
3873;1
3874;0
3875;0
3876;1
3877;1
3878;0
3879;0
3880;2
3881;1
3882;0
3883;1
3884;12
3885;13
3886;35
3887;14
3888;0
3889;1
3890;2
3891;0
3892;1
3893;0
3894;53
3895;1
3896;0
3897;0
3898;1
3899;0
3900;55
3901;0
3902;1
3903;0
3904;2
3905;10
3906;36
3907;1
3908;0
3909;0
3910;0
3911;1
3912;0
3913;1
3914;0
3915;0
3916;1
3917;0
3918;0
3919;1
3920;0
3921;0
3922;1
3923;35
3924;36
3925;0
3926;1
3927;0
3928;1
3929;0
3930;0
3931;0
3932;0
3933;0
3934;1
3935;0
3936;43
3937;44
3938;1
3939;0
3940;0
3941;0
3942;0
3943;1
3944;26
3945;0
3946;1
3947;0
3948;0
3949;1
3950;0
3951;0
3952;0
3953;1
3954;0
3955;1
3956;0
3957;1
3958;46
3959;30
3960;29
3961;32
3962;35
3963;31
3964;0
3965;2
3966;35
3967;36
3968;0
3969;47
3970;0
3971;0
3972;1
3973;1
3974;0
3975;0
3976;0
3977;1
3978;2
3979;39
3980;0
3981;1
3982;0
3983;1
3984;0
3985;1
3986;10
3987;0
3988;1
3989;11
3990;0
3991;0
3992;0
3993;0
3994;0
3995;12
3996;30
3997;42
3998;20
3999;38
4000;13
4001;39
4002;0
4003;1
4004;2
4005;0
4006;1
4007;1
4008;0
4009;36
4010;35
4011;0
4012;1
4013;0
4014;1
4015;0
4016;1
4017;0
4018;0
4019;0
4020;0
4021;0
4022;0
4023;1
4024;0
4025;0
4026;1
4027;1
4028;0
4029;0
4030;0
4031;0
4032;0
4033;1
4034;0
4035;1
4036;1
4037;0
4038;0
4039;0
4040;0
4041;1
4042;0
4043;0
4044;0
4045;1
4046;0
4047;22
4048;1
4049;0
4050;0
4051;0
4052;2
4053;1
4054;0
4055;1
4056;0
4057;1
4058;0
4059;1
4060;0
4061;0
4062;1
4063;0
4064;1
4065;0
4066;0
4067;1
4068;0
4069;1
4070;0
4071;1
4072;0
4073;0
4074;1
4075;0
4076;0
4077;1
4078;0
4079;1
4080;0
4081;1
4082;0
4083;1
4084;0
4085;2
4086;1
4087;0
4088;0
4089;1
4090;0
4091;11
4092;0
4093;12
4094;1
4095;0
4096;0
4097;1
4098;1
4099;0
4100;0
4101;1
4102;0
4103;1
4104;0
4105;0
4106;35
4107;1
4108;0
4109;0
4110;1
4111;35
4112;0
4113;0
4114;0
4115;1
4116;0
4117;1
4118;0
4119;1
4120;0
4121;1
4122;0
4123;35
4124;36
4125;0
4126;0
4127;1
4128;0
4129;1
4130;0
4131;0
4132;1
4133;35
4134;36
4135;1
4136;0
4137;0
4138;41
4139;1
4140;0
4141;0
4142;1
4143;0
4144;0
4145;0
4146;1
4147;0
4148;0
4149;1
4150;0
4151;44
4152;1
4153;0
4154;1
4155;0
4156;1
4157;0
4158;0
4159;1
4160;1
4161;0
4162;0
4163;0
4164;1
4165;0
4166;0
4167;2
4168;1
4169;0
4170;0
4171;1
4172;37
4173;45
4174;77
4175;44
4176;1
4177;0
4178;0
4179;0
4180;1
4181;0
4182;0
4183;58
4184;62
4185;61
4186;1
4187;0
4188;0
4189;0
4190;0
4191;1
4192;0
4193;1
4194;0
4195;1
4196;0
4197;0
4198;1
4199;0
4200;1
4201;1
4202;0
4203;0
4204;1
4205;0
4206;0
4207;0
4208;1
4209;0
4210;0
4211;2
4212;1
4213;0
4214;0
4215;1
4216;0
4217;43
4218;44
4219;2
4220;30
4221;32
4222;36
4223;31
4224;0
4225;1
4226;2
4227;0
4228;1
4229;0
4230;1
4231;0
4232;0
4233;0
4234;0
4235;2
4236;1
4237;0
4238;1
4239;0
4240;1
4241;57
4242;36
4243;65
4244;35
4245;66
4246;0
4247;1
4248;0
4249;1
4250;0
4251;1
4252;0
4253;1
4254;66
4255;67
4256;0
4257;60
4258;61
4259;36
4260;35
4261;0
4262;10
4263;30
4264;1
4265;0
4266;0
4267;1
4268;0
4269;0
4270;1
4271;0
4272;1
4273;1
4274;0
4275;1
4276;0
4277;2
4278;0
4279;1
4280;0
4281;0
4282;2
4283;1
4284;0
4285;1
4286;0
4287;1
4288;0
4289;1
4290;1
4291;0
4292;1
4293;0
4294;0
4295;0
4296;0
4297;1
4298;17
4299;14
4300;0
4301;0
4302;0
4303;1
4304;2
4305;1
4306;0
4307;0
4308;1
4309;1
4310;0
4311;36
4312;56
4313;35
4314;0
4315;0
4316;1
4317;0
4318;36
4319;35
4320;0
4321;1
4322;0
4323;1
4324;35
4325;0
4326;1
4327;0
4328;1
4329;2
4330;0
4331;0
4332;1
4333;0
4334;0
4335;0
4336;1
4337;0
4338;1
4339;1
4340;0
4341;0
4342;0
4343;1
4344;0
4345;1
4346;0
4347;1
4348;0
4349;1
4350;0
4351;1
4352;0
4353;2
4354;35
4355;36
4356;0
4357;1
4358;0
4359;1
4360;0
4361;1
4362;0
4363;11
4364;0
4365;0
4366;1
4367;0
4368;1
4369;1
4370;0
4371;0
4372;0
4373;1
4374;0
4375;1
4376;0
4377;0
4378;0
4379;0
4380;0
4381;1
4382;0
4383;1
4384;0
4385;1
4386;55
4387;0
4388;1
4389;56
4390;0
4391;0
4392;1
4393;0
4394;1
4395;0
4396;0
4397;1
4398;0
4399;0
4400;1
4401;1
4402;0
4403;0
4404;1
4405;0
4406;0
4407;39
4408;0
4409;1
4410;0
4411;0
4412;1
4413;0
4414;46
4415;45
4416;70
4417;0
4418;0
4419;1
4420;1
4421;0
4422;0
4423;0
4424;1
4425;2
4426;0
4427;2
4428;1
4429;0
4430;0
4431;1
4432;0
4433;0
4434;45
4435;0
4436;52
4437;1
4438;0
4439;0
4440;0
4441;2
4442;1
4443;0
4444;1
4445;0
4446;2
4447;1
4448;44
4449;39
4450;0
4451;1
4452;2
4453;56
4454;58
4455;35
4456;36
4457;0
4458;1
4459;0
4460;1
4461;0
4462;1
4463;0
4464;1
4465;1
4466;0
4467;0
4468;0
4469;0
4470;1
4471;0
4472;0
4473;1
4474;0
4475;1
4476;0
4477;2
4478;1
4479;35
4480;0
4481;0
4482;1
4483;0
4484;1
4485;0
4486;1
4487;0
4488;1
4489;0
4490;0
4491;1
4492;0
4493;0
4494;0
4495;1
4496;0
4497;1
4498;35
4499;36
4500;0
4501;1
4502;0
4503;1
4504;0
4505;1
4506;0
4507;0
4508;33
4509;1
4510;0
4511;0
4512;36
4513;35
4514;0
4515;1
4516;1
4517;0
4518;56
4519;0
4520;55
4521;0
4522;1
4523;0
4524;0
4525;0
4526;2
4527;3
4528;1
4529;0
4530;1
4531;0
4532;1
4533;0
4534;2
4535;49
4536;1
4537;0
4538;1
4539;0
4540;0
4541;1
4542;0
4543;0
4544;0
4545;1
4546;0
4547;0
4548;1
4549;0
4550;1
4551;0
4552;0
4553;1
4554;0
4555;1
4556;0
4557;1
4558;0
4559;0
4560;1
4561;1
4562;0
4563;0
4564;0
4565;0
4566;13
4567;1
4568;1
4569;0
4570;0
4571;0
4572;1
4573;0
4574;0
4575;0
4576;1
4577;0
4578;2
4579;1
4580;0
4581;0
4582;1
4583;0
4584;0
4585;0
4586;1
4587;0
4588;1
4589;0
4590;1
4591;1
4592;0
4593;42
4594;0
4595;0
4596;1
4597;0
4598;1
4599;0
4600;0
4601;1
4602;0
4603;1
4604;1
4605;0
4606;0
4607;0
4608;0
4609;1
4610;0
4611;0
4612;1
4613;0
4614;0
4615;0
4616;0
4617;1
4618;0
4619;0
4620;1
4621;0
4622;0
4623;1
4624;42
4625;41
4626;43
4627;0
4628;0
4629;1
4630;0
4631;1
4632;1
4633;0
4634;0
4635;0
4636;0
4637;0
4638;1
4639;0
4640;1
4641;0
4642;1
4643;0
4644;1
4645;2
4646;0
4647;0
4648;1
4649;35
4650;36
4651;39
4652;0
4653;1
4654;0
4655;40
4656;1
4657;5
4658;6
4659;36
4660;35
4661;0
4662;1
4663;0
4664;1
4665;0
4666;1
4667;0
4668;1
4669;1
4670;0
4671;0
4672;0
4673;1
4674;0
4675;1
4676;0
4677;0
4678;0
4679;1
4680;0
4681;1
4682;0
4683;1
4684;1
4685;0
4686;1
4687;0
4688;0
4689;1
4690;0
4691;1
4692;0
4693;1
4694;0
4695;2
4696;0
4697;1
4698;2
4699;0
4700;2
4701;3
4702;1
4703;0
4704;1
4705;12
4706;23
4707;0
4708;22
4709;13
4710;0
4711;0
4712;1
4713;0
4714;1
4715;0
4716;1
4717;0
4718;1
4719;0
4720;12
4721;2
4722;23
4723;24
4724;25
4725;0
4726;0
4727;1
4728;0
4729;0
4730;0
4731;1
4732;0
4733;1
4734;1
4735;0
4736;1
4737;0
4738;0
4739;0
4740;0
4741;1
4742;1
4743;0
4744;0
4745;0
4746;1
4747;0
4748;0
4749;1
4750;0
4751;1
4752;0
4753;0
4754;1
4755;0
4756;0
4757;1
4758;0
4759;0
4760;0
4761;1
4762;0
4763;0
4764;1
4765;41
4766;0
4767;42
4768;22
4769;35
4770;36
4771;24
4772;23
4773;1
4774;0
4775;0
4776;1
4777;0
4778;1
4779;0
4780;1
4781;40
4782;41
4783;0
4784;0
4785;2
4786;1
4787;0
4788;1
4789;28
4790;29
4791;0
4792;30
4793;0
4794;0
4795;0
4796;1
4797;0
4798;1
4799;0
4800;2
4801;0
4802;0
4803;1
4804;0
4805;0
4806;0
4807;0
4808;1
4809;0
4810;2
4811;0
4812;1
4813;0
4814;1
4815;0
4816;1
4817;0
4818;2
4819;1
4820;0
4821;1
4822;0
4823;1
4824;0
4825;0
4826;1
4827;1
4828;0
4829;0
4830;0
4831;0
4832;1
4833;0
4834;1
4835;0
4836;0
4837;1
4838;0
4839;1
4840;0
4841;0
4842;1
4843;0
4844;1
4845;0
4846;2
4847;3
4848;0
4849;1
4850;0
4851;0
4852;1
4853;0
4854;1
4855;0
4856;0
4857;1
4858;0
4859;1
4860;4
4861;3
4862;0
4863;1
4864;0
4865;1
4866;0
4867;2
4868;1
4869;0
4870;1
4871;1
4872;0
4873;1
4874;0
4875;0
4876;0
4877;0
4878;2
4879;1
4880;0
4881;0
4882;0
4883;1
4884;0
4885;0
4886;1
4887;0
4888;1
4889;0
4890;0
4891;1
4892;0
4893;2
4894;1
4895;0
4896;1
4897;0
4898;1
4899;0
4900;1
4901;0
4902;1
4903;0
4904;1
4905;0
4906;1
4907;0
4908;1
4909;0
4910;0
4911;0
4912;0
4913;1
4914;0
4915;0
4916;1
4917;0
4918;35
4919;36
4920;0
4921;1
4922;1
4923;0
4924;0
4925;1
4926;0
4927;0
4928;0
4929;1
4930;0
4931;0
4932;1
4933;0
4934;0
4935;1
4936;0
4937;0
4938;1
4939;0
4940;1
4941;0
4942;1
4943;0
4944;0
4945;35
4946;36
4947;0
4948;1
4949;1
4950;0
4951;0
4952;1
4953;1
4954;0
4955;0
4956;0
4957;1
4958;1
4959;0
4960;0
4961;0
4962;0
4963;1
4964;0
4965;27
4966;15
4967;17
4968;23
4969;16
4970;0
4971;2
4972;1
4973;1
4974;0
4975;0
4976;1
4977;0
4978;1
4979;0
4980;1
4981;0
4982;0
4983;1
4984;0
4985;64
4986;1
4987;0
4988;1
4989;0
4990;1
4991;0
4992;1
4993;0
4994;1
4995;0
4996;1
4997;0
4998;0
4999;2
5000;1
5001;0
5002;0
5003;1
5004;0
5005;1
5006;0
5007;0
5008;0
5009;1
5010;0
5011;1
5012;1
5013;0
5014;48
5015;49
5016;0
5017;1
5018;0
5019;1
5020;0
5021;3
5022;1
5023;0
5024;24
5025;0
5026;25
5027;26
5028;0
5029;0
5030;1
5031;0
5032;1
5033;0
5034;1
5035;0
5036;0
5037;1
5038;0
5039;40
5040;0
5041;0
5042;1
5043;0
5044;1
5045;0
5046;35
5047;37
5048;0
5049;1
5050;0
5051;0
5052;0
5053;1
5054;1
5055;0
5056;0
5057;1
5058;0
5059;1
5060;0
5061;1
5062;2
5063;1
5064;0
5065;0
5066;1
5067;10
5068;11
5069;0
5070;0
5071;0
5072;0
5073;1
5074;0
5075;36
5076;0
5077;1
5078;1
5079;0
5080;0
5081;1
5082;0
5083;1
5084;0
5085;1
5086;1
5087;0
5088;1
5089;0
5090;0
5091;0
5092;1
5093;0
5094;1
5095;0
5096;0
5097;1
5098;45
5099;0
5100;1
5101;56
5102;0
5103;0
5104;1
5105;0
5106;1
5107;0
5108;1
5109;0
5110;0
5111;0
5112;2
5113;0
5114;1
5115;0
5116;0
5117;4
5118;0
5119;3
5120;1
5121;46
5122;0
5123;1
5124;1
5125;0
5126;0
5127;1
5128;0
5129;1
5130;2
5131;0
5132;0
5133;1
5134;0
5135;1
5136;0
5137;1
5138;0
5139;1
5140;35
5141;36
5142;0
5143;0
5144;0
5145;1
5146;0
5147;0
5148;1
5149;0
5150;0
5151;2
5152;1
5153;0
5154;0
5155;1
5156;0
5157;0
5158;0
5159;2
5160;1
5161;0
5162;0
5163;0
5164;1
5165;2
5166;0
5167;0
5168;1
5169;16
5170;19
5171;9
5172;18
5173;0
5174;17
5175;0
5176;0
5177;1
5178;0
5179;1
5180;0
5181;1
5182;61
5183;0
5184;60
5185;1
5186;0
5187;1
5188;0
5189;1
5190;0
5191;1
5192;0
5193;1
5194;0
5195;1
5196;0
5197;1
5198;2
5199;35
5200;36
5201;0
5202;1
5203;1
5204;0
5205;0
5206;0
5207;1
5208;0
5209;1
5210;0
5211;1
5212;0
5213;1
5214;0
5215;40
5216;1
5217;41
5218;0
5219;0
5220;1
5221;0
5222;0
5223;0
5224;0
5225;1
5226;0
5227;0
5228;1
5229;46
5230;0
5231;45
5232;44
5233;0
5234;0
5235;1
5236;0
5237;0
5238;1
5239;0
5240;0
5241;1
5242;0
5243;1
5244;0
5245;1
5246;0
5247;0
5248;2
5249;1
5250;50
5251;49
5252;0
5253;1
5254;0
5255;7
5256;36
5257;37
5258;38
5259;0
5260;1
5261;0
5262;1
5263;0
5264;1
5265;0
5266;0
5267;1
5268;0
5269;0
5270;0
5271;1
5272;0
5273;0
5274;1
5275;0
5276;1
5277;0
5278;41
5279;42
5280;0
5281;50
5282;1
5283;0
5284;0
5285;1
5286;0
5287;1
5288;0
5289;0
5290;1
5291;0
5292;1
5293;0
5294;0
5295;1
5296;0
5297;0
5298;0
5299;1
5300;0
5301;0
5302;0
5303;1
5304;0
5305;0
5306;0
5307;0
5308;1
5309;0
5310;0
5311;0
5312;1
5313;0
5314;1
5315;1
5316;0
5317;0
5318;1
5319;0
5320;0
5321;0
5322;0
5323;1
5324;1
5325;0
5326;0
5327;1
5328;1
5329;0
5330;1
5331;0
5332;0
5333;0
5334;0
5335;1
5336;0
5337;0
5338;1
5339;0
5340;1
5341;0
5342;1
5343;0
5344;1
5345;0
5346;0
5347;0
5348;1
5349;1
5350;0
5351;0
5352;1
5353;0
5354;0
5355;1
5356;0
5357;0
5358;1
5359;0
5360;1
5361;0
5362;2
5363;1
5364;0
5365;1
5366;0
5367;0
5368;0
5369;1
5370;0
5371;0
5372;1
5373;0
5374;1
5375;0
5376;1
5377;0
5378;1
5379;1
5380;0
5381;1
5382;0
5383;0
5384;1
5385;0
5386;1
5387;0
5388;0
5389;1
5390;0
5391;42
5392;44
5393;0
5394;41
5395;0
5396;0
5397;1
5398;2
5399;71
5400;70
5401;0
5402;1
5403;0
5404;1
5405;0
5406;1
5407;0
5408;0
5409;1
5410;0
5411;0
5412;1
5413;0
5414;0
5415;0
5416;1
5417;0
5418;1
5419;1
5420;0
5421;1
5422;0
5423;1
5424;0
5425;0
5426;0
5427;1
5428;2
5429;0
5430;1
5431;0
5432;1
5433;0
5434;0
5435;0
5436;0
5437;1
5438;0
5439;0
5440;0
5441;1
5442;0
5443;1
5444;0
5445;1
5446;35
5447;0
5448;1
5449;0
5450;1
5451;0
5452;20
5453;0
5454;0
5455;1
5456;0
5457;0
5458;1
5459;0
5460;0
5461;0
5462;0
5463;1
5464;0
5465;1
5466;0
5467;0
5468;2
5469;0
5470;0
5471;0
5472;0
5473;0
5474;0
5475;0
5476;1
5477;1
5478;0
5479;0
5480;1
5481;2
5482;0
5483;1
5484;0
5485;1
5486;1
5487;0
5488;0
5489;1
5490;0
5491;1
5492;0
5493;0
5494;0
5495;1
5496;0
5497;1
5498;0
5499;0
5500;0
5501;1
5502;0
5503;1
5504;0
5505;0
5506;0
5507;1
5508;0
5509;43
5510;42
5511;2
5512;0
5513;9
5514;0
5515;0
5516;0
5517;1
5518;0
5519;1
5520;0
5521;1
5522;1
5523;0
5524;0
5525;1
5526;2
5527;47
5528;0
5529;1
5530;48
5531;0
5532;0
5533;1
5534;27
5535;35
5536;57
5537;58
5538;49
5539;56
5540;37
5541;1
5542;0
5543;0
5544;0
5545;2
5546;1
5547;0
5548;1
5549;0
5550;1
5551;0
5552;1
5553;0
5554;63
5555;64
5556;0
5557;1
5558;0
5559;0
5560;0
5561;0
5562;0
5563;1
5564;0
5565;1
5566;0
5567;2
5568;1
5569;0
5570;0
5571;1
5572;1
5573;0
5574;0
5575;0
5576;1
5577;0
5578;0
5579;1
5580;0
5581;0
5582;1
5583;2
5584;0
5585;1
5586;1
5587;0
5588;0
5589;1
5590;0
5591;1
5592;0
5593;1
5594;0
5595;1
5596;1
5597;0
5598;0
5599;0
5600;1
5601;0
5602;1
5603;0
5604;0
5605;1
5606;1
5607;0
5608;0
5609;2
5610;1
5611;0
5612;0
5613;1
5614;0
5615;0
5616;1
5617;0
5618;1
5619;1
5620;0
5621;0
5622;0
5623;1
5624;0
5625;0
5626;1
5627;0
5628;1
5629;0
5630;1
5631;1
5632;0
5633;1
5634;0
5635;0
5636;1
5637;1
5638;0
5639;0
5640;0
5641;0
5642;0
5643;1
5644;35
5645;0
5646;3
5647;4
5648;1
5649;0
5650;1
5651;0
5652;1
5653;0
5654;0
5655;1
5656;0
5657;1
5658;0
5659;2
5660;1
5661;0
5662;1
5663;40
5664;0
5665;1
5666;41
5667;0
5668;2
5669;1
5670;0
5671;1
5672;0
5673;1
5674;1
5675;0
5676;0
5677;1
5678;0
5679;0
5680;1
5681;0
5682;1
5683;1
5684;35
5685;0
5686;0
5687;0
5688;1
5689;2
5690;47
5691;1
5692;0
5693;49
5694;0
5695;1
5696;1
5697;0
5698;0
5699;1
5700;2
5701;0
5702;0
5703;1
5704;0
5705;1
5706;0
5707;0
5708;0
5709;0
5710;1
5711;0
5712;1
5713;0
5714;1
5715;0
5716;1
5717;1
5718;0
5719;0
5720;0
5721;1
5722;0
5723;0
5724;0
5725;1
5726;0
5727;1
5728;27
5729;28
5730;1
5731;0
5732;0
5733;0
5734;1
5735;0
5736;1
5737;0
5738;1
5739;0
5740;1
5741;0
5742;0
5743;1
5744;1
5745;0
5746;2
5747;0
5748;1
5749;1
5750;0
5751;0
5752;1
5753;1
5754;0
5755;0
5756;1
5757;0
5758;2
5759;1
5760;0
5761;1
5762;0
5763;1
5764;2
5765;0
5766;1
5767;0
5768;1
5769;0
5770;0
5771;1
5772;48
5773;49
5774;0
5775;37
5776;1
5777;44
5778;0
5779;1
5780;1
5781;0
5782;0
5783;2
5784;1
5785;35
5786;0
5787;36
5788;0
5789;1
5790;2
5791;0
5792;1
5793;2
5794;0
5795;1
5796;0
5797;0
5798;2
5799;1
5800;0
5801;1
5802;0
5803;0
5804;1
5805;35
5806;0
5807;1
5808;0
5809;1
5810;0
5811;65
5812;0
5813;0
5814;1
5815;0
5816;1
5817;0
5818;0
5819;1
5820;0
5821;1
5822;0
5823;1
5824;0
5825;0
5826;0
5827;1
5828;0
5829;0
5830;2
5831;1
5832;0
5833;0
5834;0
5835;1
5836;0
5837;0
5838;2
5839;1
5840;0
5841;2
5842;44
5843;1
5844;0
5845;0
5846;1
5847;0
5848;0
5849;0
5850;0
5851;1
5852;0
5853;0
5854;2
5855;1
5856;0
5857;1
5858;0
5859;0
5860;0
5861;1
5862;1
5863;0
5864;0
5865;1
5866;0
5867;0
5868;1
5869;0
5870;1
5871;0
5872;0
5873;1
5874;0
5875;0
5876;0
5877;0
5878;1
5879;0
5880;1
5881;0
5882;0
5883;0
5884;1
5885;1
5886;0
5887;0
5888;1
5889;1
5890;0
5891;0
5892;1
5893;0
5894;0
5895;0
5896;1
5897;1
5898;0
5899;0
5900;1
5901;0
5902;1
5903;0
5904;35
5905;0
5906;1
5907;0
5908;1
5909;0
5910;1
5911;0
5912;0
5913;0
5914;0
5915;1
5916;0
5917;0
5918;1
5919;0
5920;35
5921;0
5922;1
5923;0
5924;0
5925;1
5926;0
5927;1
5928;2
5929;0
5930;1
5931;0
5932;1
5933;0
5934;18
5935;19
5936;1
5937;17
5938;0
5939;0
5940;0
5941;1
5942;0
5943;0
5944;1
5945;0
5946;0
5947;0
5948;1
5949;0
5950;0
5951;1
5952;0
5953;1
5954;0
5955;0
5956;0
5957;0
5958;0
5959;1
5960;0
5961;1
5962;0
5963;1
5964;0
5965;1
5966;0
5967;0
5968;1
5969;0
5970;0
5971;1
5972;0
5973;6
5974;1
5975;0
5976;1
5977;0
5978;0
5979;1
5980;0
5981;20
5982;25
5983;36
5984;0
5985;1
5986;0
5987;1
5988;0
5989;1
5990;0
5991;0
5992;1
5993;0
5994;1
5995;0
5996;0
5997;1
5998;0
5999;1
6000;0
6001;0
6002;0
6003;0
6004;1
6005;2
6006;0
6007;0
6008;1
6009;0
6010;1
6011;0
6012;1
6013;0
6014;0
6015;1
6016;0
6017;0
6018;1
6019;1
6020;0
6021;0
6022;1
6023;0
6024;1
6025;0
6026;1
6027;2
6028;0
6029;1
6030;0
6031;1
6032;0
6033;2
6034;0
6035;1
6036;1
6037;0
6038;0
6039;1
6040;1
6041;0
6042;1
6043;0
6044;0
6045;0
6046;44
6047;0
6048;1
6049;0
6050;1
6051;0
6052;1
6053;0
6054;1
6055;0
6056;58
6057;0
6058;0
6059;0
6060;41
6061;40
6062;0
6063;0
6064;1
6065;0
6066;0
6067;0
6068;4
6069;0
6070;1
6071;0
6072;0
6073;1
6074;0
6075;1
6076;0
6077;1
6078;0
6079;0
6080;2
6081;1
6082;0
6083;0
6084;26
6085;1
6086;0
6087;1
6088;0
6089;1
6090;0
6091;1
6092;0
6093;1
6094;0
6095;1
6096;0
6097;35
6098;1
6099;0
6100;0
6101;43
6102;44
6103;1
6104;42
6105;1
6106;0
6107;0
6108;1
6109;0
6110;1
6111;0
6112;0
6113;1
6114;2
6115;0
6116;1
6117;0
6118;0
6119;0
6120;1
6121;2
6122;0
6123;0
6124;0
6125;0
6126;1
6127;0
6128;1
6129;0
6130;1
6131;0
6132;1
6133;0
6134;0
6135;1
6136;0
6137;0
6138;0
6139;14
6140;15
6141;0
6142;11
6143;0
6144;26
6145;24
6146;0
6147;1
6148;0
6149;0
6150;35
6151;36
6152;0
6153;1
6154;0
6155;0
6156;1
6157;44
6158;0
6159;0
6160;1
6161;0
6162;0
6163;0
6164;1
6165;0
6166;1
6167;1
6168;0
6169;0
6170;1
6171;2
6172;11
6173;36
6174;12
6175;35
6176;38
6177;0
6178;1
6179;0
6180;1
6181;0
6182;0
6183;0
6184;1
6185;0
6186;1
6187;0
6188;20
6189;21
6190;44
6191;12
6192;19
6193;2
6194;0
6195;1
6196;1
6197;0
6198;35
6199;0
6200;1
6201;0
6202;0
6203;1
6204;48
6205;0
6206;1
6207;0
6208;0
6209;1
6210;0
6211;23
6212;36
6213;35
6214;0
6215;0
6216;1
6217;0
6218;1
6219;1
6220;0
6221;1
6222;0
6223;0
6224;2
6225;1
6226;0
6227;1
6228;0
6229;0
6230;1
6231;0
6232;1
6233;0
6234;2
6235;1
6236;0
6237;1
6238;0
6239;1
6240;36
6241;24
6242;35
6243;26
6244;25
6245;0
6246;1
6247;0
6248;0
6249;1
6250;0
6251;1
6252;0
6253;0
6254;1
6255;0
6256;0
6257;0
6258;1
6259;0
6260;0
6261;1
6262;0
6263;2
6264;1
6265;0
6266;0
6267;1
6268;0
6269;0
6270;1
6271;0
6272;1
6273;0
6274;0
6275;1
6276;0
6277;0
6278;1
6279;35
6280;36
6281;0
6282;0
6283;1
6284;0
6285;1
6286;0
6287;24
6288;25
6289;0
6290;0
6291;1
6292;0
6293;1
6294;0
6295;1
6296;35
6297;37
6298;36
6299;0
6300;1
6301;1
6302;0
6303;0
6304;1
6305;0
6306;0
6307;0
6308;1
6309;0
6310;1
6311;1
6312;0
6313;0
6314;0
6315;0
6316;1
6317;0
6318;1
6319;1
6320;0
6321;0
6322;1
6323;0
6324;1
6325;0
6326;1
6327;0
6328;0
6329;0
6330;0
6331;1
6332;0
6333;0
6334;35
6335;36
6336;0
6337;0
6338;1
6339;0
6340;1
6341;2
6342;0
6343;1
6344;0
6345;1
6346;0
6347;1
6348;0
6349;1
6350;0
6351;0
6352;39
6353;40
6354;1
6355;0
6356;0
6357;1
6358;0
6359;1
6360;0
6361;35
6362;36
6363;37
6364;0
6365;1
6366;32
6367;0
6368;0
6369;1
6370;0
6371;2
6372;1
6373;0
6374;0
6375;0
6376;0
6377;0
6378;2
6379;0
6380;2
6381;1
6382;48
6383;0
6384;47
6385;0
6386;1
6387;0
6388;1
6389;0
6390;1
6391;0
6392;0
6393;1
6394;0
6395;1
6396;0
6397;1
6398;35
6399;36
6400;0
6401;1
6402;0
6403;1
6404;0
6405;0
6406;1
6407;0
6408;1
6409;1
6410;0
6411;42
6412;1
6413;0
6414;0
6415;35
6416;37
6417;0
6418;1
6419;38
6420;31
6421;35
6422;27
6423;36
6424;37
6425;0
6426;0
6427;1
6428;0
6429;1
6430;2
6431;43
6432;1
6433;0
6434;44
6435;0
6436;0
6437;2
6438;1
6439;0
6440;1
6441;0
6442;0
6443;0
6444;1
6445;0
6446;0
6447;1
6448;0
6449;1
6450;0
6451;0
6452;1
6453;0
6454;0
6455;1
6456;2
6457;0
6458;1
6459;1
6460;0
6461;1
6462;0
6463;0
6464;0
6465;0
6466;1
6467;0
6468;40
6469;1
6470;0
6471;1
6472;0
6473;1
6474;20
6475;1
6476;21
6477;19
6478;0
6479;0
6480;1
6481;0
6482;0
6483;1
6484;0
6485;0
6486;1
6487;0
6488;1
6489;1
6490;0
6491;10
6492;0
6493;20
6494;1
6495;11
6496;19
6497;21
6498;0
6499;2
6500;0
6501;1
6502;0
6503;1
6504;0
6505;0
6506;0
6507;1
6508;0
6509;0
6510;1
6511;1
6512;0
6513;0
6514;1
6515;0
6516;1
6517;0
6518;0
6519;0
6520;35
6521;0
6522;1
6523;1
6524;0
6525;0
6526;1
6527;0
6528;1
6529;0
6530;1
6531;0
6532;1
6533;0
6534;0
6535;1
6536;0
6537;35
6538;36
6539;0
6540;0
6541;0
6542;1
6543;0
6544;0
6545;1
6546;0
6547;0
6548;2
6549;1
6550;0
6551;1
6552;1
6553;0
6554;0
6555;1
6556;0
6557;0
6558;1
6559;0
6560;1
6561;0
6562;1
6563;0
6564;0
6565;1
6566;1
6567;0
6568;0
6569;1
6570;0
6571;1
6572;0
6573;2
6574;1
6575;1
6576;0
6577;0
6578;1
6579;0
6580;1
6581;0
6582;0
6583;1
6584;0
6585;0
6586;0
6587;1
6588;0
6589;1
6590;0
6591;0
6592;0
6593;1
6594;0
6595;1
6596;0
6597;1
6598;0
6599;0
6600;0
6601;0
6602;0
6603;0
6604;0
6605;41
6606;1
6607;0
6608;0
6609;1
6610;0
6611;2
6612;0
6613;1
6614;0
6615;1
6616;0
6617;2
6618;1
6619;0
6620;0
6621;1
6622;0
6623;0
6624;2
6625;1
6626;0
6627;0
6628;1
6629;0
6630;1
6631;0
6632;0
6633;0
6634;1
6635;0
6636;2
6637;1
6638;0
6639;1
6640;40
6641;0
6642;1
6643;0
6644;0
6645;2
6646;48
6647;0
6648;1
6649;0
6650;1
6651;0
6652;0
6653;0
6654;1
6655;0
6656;1
6657;0
6658;0
6659;1
6660;0
6661;0
6662;0
6663;1
6664;0
6665;0
6666;0
6667;1
6668;35
6669;36
6670;0
6671;1
6672;0
6673;1
6674;0
6675;0
6676;1
6677;1
6678;0
6679;0
6680;1
6681;4
6682;0
6683;0
6684;0
6685;1
6686;0
6687;0
6688;0
6689;1
6690;0
6691;0
6692;35
6693;0
6694;0
6695;0
6696;1
6697;0
6698;1
6699;0
6700;0
6701;1
6702;0
6703;1
6704;0
6705;0
6706;1
6707;0
6708;0
6709;1
6710;0
6711;1
6712;0
6713;0
6714;1
6715;0
6716;1
6717;0
6718;0
6719;1
6720;0
6721;0
6722;1
6723;0
6724;1
6725;0
6726;1
6727;0
6728;2
6729;1
6730;1
6731;0
6732;2
6733;0
6734;0
6735;1
6736;1
6737;0
6738;0
6739;1
6740;0
6741;1
6742;0
6743;1
6744;2
6745;0
6746;0
6747;1
6748;0
6749;48
6750;0
6751;1
6752;53
6753;54
6754;45
6755;0
6756;1
6757;0
6758;2
6759;0
6760;1
6761;0
6762;1
6763;0
6764;0
6765;1
6766;2
6767;0
6768;0
6769;0
6770;2
6771;1
6772;0
6773;1
6774;0
6775;0
6776;1
6777;0
6778;0
6779;0
6780;0
6781;0
6782;0
6783;0
6784;2
6785;1
6786;0
6787;1
6788;0
6789;2
6790;1
6791;0
6792;0
6793;1
6794;1
6795;0
6796;0
6797;0
6798;0
6799;1
6800;0
6801;0
6802;1
6803;0
6804;0
6805;1
6806;0
6807;0
6808;0
6809;0
6810;1
6811;1
6812;0
6813;0
6814;1
6815;0
6816;1
6817;1
6818;0
6819;0
6820;1
6821;0
6822;1
6823;0
6824;1
6825;0
6826;1
6827;4
6828;0
6829;1
6830;0
6831;0
6832;0
6833;0
6834;0
6835;0
6836;1
6837;0
6838;1
6839;1
6840;0
6841;1
6842;0
6843;0
6844;2
6845;1
6846;0
6847;0
6848;0
6849;0
6850;0
6851;40
6852;39
6853;1
6854;0
6855;1
6856;0
6857;0
6858;0
6859;1
6860;0
6861;1
6862;0
6863;0
6864;0
6865;0
6866;1
6867;1
6868;0
6869;39
6870;37
6871;38
6872;0
6873;0
6874;1
6875;0
6876;1
6877;0
6878;1
6879;0
6880;1
6881;0
6882;1
6883;0
6884;0
6885;1
6886;0
6887;25
6888;1
6889;0
6890;1
6891;0
6892;0
6893;1
6894;1
6895;0
6896;0
6897;1
6898;0
6899;0
6900;1
6901;0
6902;0
6903;1
6904;1
6905;0
6906;0
6907;0
6908;20
6909;0
6910;0
6911;1
6912;0
6913;1
6914;0
6915;1
6916;1
6917;0
6918;0
6919;0
6920;0
6921;1
6922;0
6923;42
6924;2
6925;1
6926;0
6927;1
6928;1
6929;0
6930;0
6931;0
6932;1
6933;3
6934;2
6935;35
6936;0
6937;1
6938;0
6939;0
6940;1
6941;0
6942;1
6943;45
6944;46
6945;48
6946;0
6947;47
6948;0
6949;1
6950;0
6951;0
6952;2
6953;1
6954;0
6955;1
6956;0
6957;0
6958;0
6959;1
6960;0
6961;0
6962;0
6963;1
6964;1
6965;0
6966;0
6967;1
6968;0
6969;1
6970;0
6971;1
6972;0
6973;1
6974;0
6975;0
6976;1
6977;0
6978;0
6979;0
6980;0
6981;0
6982;1
6983;0
6984;1
6985;0
6986;1
6987;0
6988;0
6989;5
6990;35
6991;15
6992;6
6993;0
6994;0
6995;1
6996;0
6997;1
6998;40
6999;0
7000;41
7001;0
7002;1
7003;0
7004;2
7005;1
7006;0
7007;1
7008;0
7009;0
7010;1
7011;0
7012;1
7013;0
7014;0
7015;1
7016;0
7017;1
7018;0
7019;0
7020;1
7021;2
7022;0
7023;0
7024;1
7025;0
7026;2
7027;1
7028;0
7029;0
7030;1
7031;0
7032;1
7033;1
7034;0
7035;0
7036;0
7037;48
7038;1
7039;0
7040;1
7041;1
7042;0
7043;0
7044;0
7045;0
7046;1
7047;1
7048;0
7049;1
7050;0
7051;2
7052;1
7053;0
7054;51
7055;50
7056;0
7057;1
7058;0
7059;0
7060;0
7061;1
7062;0
7063;1
7064;0
7065;1
7066;0
7067;1
7068;1
7069;0
7070;0
7071;1
7072;0
7073;0
7074;1
7075;0
7076;0
7077;0
7078;1
7079;0
7080;1
7081;0
7082;1
7083;0
7084;1
7085;0
7086;1
7087;0
7088;1
7089;1
7090;0
7091;0
7092;1
7093;0
7094;1
7095;0
7096;1
7097;0
7098;0
7099;0
7100;1
7101;0
7102;0
7103;1
7104;0
7105;1
7106;0
7107;1
7108;0
7109;0
7110;0
7111;0
7112;0
7113;0
7114;1
7115;2
7116;0
7117;0
7118;2
7119;1
7120;0
7121;0
7122;1
7123;0
7124;0
7125;1
7126;0
7127;1
7128;0
7129;35
7130;14
7131;15
7132;17
7133;16
7134;0
7135;1
7136;0
7137;1
7138;35
7139;0
7140;0
7141;0
7142;0
7143;1
7144;0
7145;0
7146;1
7147;1
7148;0
7149;0
7150;1
7151;0
7152;1
7153;0
7154;0
7155;1
7156;0
7157;1
7158;0
7159;2
7160;1
7161;0
7162;1
7163;1
7164;0
7165;0
7166;1
7167;2
7168;0
7169;1
7170;0
7171;28
7172;21
7173;0
7174;1
7175;0
7176;0
7177;1
7178;0
7179;1
7180;0
7181;0
7182;1
7183;0
7184;4
7185;1
7186;0
7187;0
7188;0
7189;0
7190;1
7191;0
7192;0
7193;2
7194;1
7195;0
7196;1
7197;0
7198;0
7199;1
7200;0
7201;1
7202;0
7203;47
7204;1
7205;48
7206;49
7207;0
7208;1
7209;0
7210;1
7211;0
7212;1
7213;0
7214;0
7215;1
7216;0
7217;0
7218;1
7219;0
7220;0
7221;1
7222;0
7223;2
7224;1
7225;0
7226;1
7227;1
7228;0
7229;0
7230;0
7231;1
7232;0
7233;1
7234;0
7235;1
7236;0
7237;1
7238;0
7239;1
7240;0
7241;0
7242;0
7243;2
7244;0
7245;3
7246;0
7247;0
7248;1
7249;0
7250;1
7251;0
7252;1
7253;0
7254;35
7255;0
7256;1
7257;0
7258;0
7259;0
7260;1
7261;1
7262;0
7263;0
7264;2
7265;1
7266;0
7267;1
7268;39
7269;35
7270;38
7271;36
7272;0
7273;0
7274;1
7275;0
7276;1
7277;0
7278;1
7279;2
7280;0
7281;0
7282;0
7283;1
7284;0
7285;1
7286;0
7287;1
7288;0
7289;1
7290;1
7291;0
7292;0
7293;40
7294;41
7295;1
7296;0
7297;0
7298;0
7299;1
7300;0
7301;1
7302;43
7303;70
7304;71
7305;0
7306;2
7307;1
7308;0
7309;0
7310;1
7311;42
7312;0
7313;45
7314;43
7315;2
7316;46
7317;1
7318;0
7319;0
7320;1
7321;0
7322;0
7323;0
7324;1
7325;0
7326;40
7327;0
7328;0
7329;1
7330;0
7331;0
7332;1
7333;53
7334;54
7335;56
7336;2
7337;0
7338;0
7339;2
7340;1
7341;0
7342;0
7343;2
7344;1
7345;0
7346;0
7347;0
7348;0
7349;1
7350;0
7351;1
7352;2
7353;11
7354;0
7355;1
7356;0
7357;1
7358;0
7359;1
7360;0
7361;1
7362;0
7363;0
7364;0
7365;1
7366;0
7367;0
7368;1
7369;0
7370;0
7371;1
7372;1
7373;0
7374;2
7375;0
7376;35
7377;36
7378;0
7379;2
7380;1
7381;0
7382;35
7383;88
7384;89
7385;1
7386;0
7387;0
7388;2
7389;0
7390;1
7391;1
7392;0
7393;0
7394;1
7395;1
7396;0
7397;0
7398;1
7399;2
7400;0
7401;0
7402;2
7403;1
7404;0
7405;1
7406;0
7407;72
7408;0
7409;0
7410;1
7411;0
7412;1
7413;0
7414;2
7415;1
7416;0
7417;43
7418;41
7419;1
7420;0
7421;0
7422;1
7423;0
7424;1
7425;0
7426;0
7427;1
7428;2
7429;3
7430;42
7431;0
7432;0
7433;1
7434;0
7435;0
7436;1
7437;0
7438;1
7439;1
7440;0
7441;0
7442;0
7443;0
7444;1
7445;1
7446;0
7447;7
7448;8
7449;1
7450;0
7451;0
7452;1
7453;0
7454;0
7455;1
7456;0
7457;0
7458;1
7459;0
7460;2
7461;1
7462;0
7463;1
7464;0
7465;0
7466;1
7467;0
7468;1
7469;0
7470;1
7471;0
7472;1
7473;0
7474;1
7475;0
7476;1
7477;0
7478;1
7479;0
7480;0
7481;1
7482;0
7483;0
7484;1
7485;0
7486;1
7487;0
7488;0
7489;0
7490;0
7491;0
7492;0
7493;1
7494;0
7495;0
7496;1
7497;2
7498;0
7499;1
7500;0
7501;2
7502;1
7503;0
7504;1
7505;0
7506;1
7507;0
7508;1
7509;0
7510;1
7511;0
7512;0
7513;0
7514;1
7515;50
7516;48
7517;1
7518;0
7519;0
7520;1
7521;0
7522;1
7523;0
7524;0
7525;0
7526;1
7527;2
7528;0
7529;1
7530;0
7531;0
7532;1
7533;0
7534;0
7535;35
7536;0
7537;1
7538;1
7539;0
7540;0
7541;0
7542;1
7543;0
7544;1
7545;0
7546;0
7547;0
7548;1
7549;0
7550;0
7551;1
7552;0
7553;0
7554;0
7555;1
7556;0
7557;1
7558;0
7559;1
7560;0
7561;0
7562;1
7563;0
7564;0
7565;0
7566;0
7567;0
7568;0
7569;1
7570;0
7571;0
7572;1
7573;0
7574;2
7575;1
7576;0
7577;35
7578;24
7579;37
7580;41
7581;38
7582;0
7583;1
7584;1
7585;0
7586;4
7587;0
7588;1
7589;0
7590;1
7591;6
7592;0
7593;5
7594;1
7595;0
7596;40
7597;41
7598;1
7599;25
7600;0
7601;1
7602;0
7603;1
7604;35
7605;36
7606;0
7607;1
7608;0
7609;1
7610;0
7611;1
7612;2
7613;0
7614;58
7615;60
7616;1
7617;0
7618;1
7619;1
7620;0
7621;46
7622;0
7623;1
7624;0
7625;1
7626;0
7627;17
7628;18
7629;9
7630;16
7631;36
7632;35
7633;0
7634;0
7635;1
7636;0
7637;1
7638;1
7639;0
7640;0
7641;13
7642;0
7643;14
7644;0
7645;0
7646;1
7647;50
7648;0
7649;2
7650;1
7651;35
7652;28
7653;36
7654;30
7655;29
7656;0
7657;1
7658;1
7659;0
7660;0
7661;1
7662;1
7663;0
7664;1
7665;0
7666;1
7667;0
7668;0
7669;1
7670;0
7671;1
7672;36
7673;2
7674;37
7675;0
7676;0
7677;0
7678;1
7679;0
7680;1
7681;0
7682;61
7683;1
7684;62
7685;35
7686;36
7687;0
7688;11
7689;12
7690;2
7691;0
7692;1
7693;0
7694;0
7695;0
7696;1
7697;0
7698;1
7699;21
7700;0
7701;22
7702;23
7703;0
7704;0
7705;0
7706;1
7707;0
7708;0
7709;1
7710;2
7711;0
7712;0
7713;1
7714;0
7715;0
7716;41
7717;0
7718;1
7719;0
7720;0
7721;1
7722;0
7723;0
7724;1
7725;1
7726;0
7727;0
7728;2
7729;1
7730;0
7731;3
7732;0
7733;1
7734;0
7735;1
7736;47
7737;0
7738;0
7739;0
7740;1
7741;0
7742;1
7743;0
7744;1
7745;24
7746;50
7747;23
7748;48
7749;0
7750;1
7751;0
7752;1
7753;4
7754;0
7755;1
7756;0
7757;1
7758;53
7759;54
7760;1
7761;7
7762;9
7763;8
7764;0
7765;0
7766;0
7767;1
7768;0
7769;1
7770;0
7771;0
7772;0
7773;12
7774;25
7775;13
7776;0
7777;0
7778;31
7779;0
7780;0
7781;0
7782;1
7783;0
7784;52
7785;1
7786;1
7787;0
7788;0
7789;1
7790;2
7791;10
7792;0
7793;1
7794;0
7795;0
7796;1
7797;1
7798;0
7799;0
7800;1
7801;0
7802;1
7803;0
7804;1
7805;0
7806;0
7807;0
7808;1
7809;0
7810;1
7811;0
7812;0
7813;1
7814;0
7815;0
7816;1
7817;0
7818;0
7819;1
7820;2
7821;0
7822;0
7823;1
7824;0
7825;2
7826;1
7827;0
7828;39
7829;40
7830;1
7831;2
7832;0
7833;35
7834;36
7835;37
7836;0
7837;0
7838;0
7839;1
7840;0
7841;0
7842;1
7843;0
7844;0
7845;1
7846;0
7847;1
7848;0
7849;0
7850;2
7851;0
7852;1
7853;0
7854;2
7855;1
7856;0
7857;1
7858;0
7859;1
7860;2
7861;0
7862;0
7863;0
7864;0
7865;1
7866;0
7867;0
7868;0
7869;1
7870;0
7871;0
7872;0
7873;1
7874;0
7875;1
7876;2
7877;0
7878;1
7879;0
7880;0
7881;1
7882;0
7883;2
7884;1
7885;0
7886;1
7887;0
7888;1
7889;0
7890;1
7891;0
7892;1
7893;0
7894;0
7895;1
7896;0
7897;1
7898;0
7899;0
7900;2
7901;36
7902;35
7903;0
7904;0
7905;1
7906;0
7907;0
7908;1
7909;0
7910;0
7911;1
7912;0
7913;0
7914;0
7915;0
7916;1
7917;0
7918;0
7919;1
7920;0
7921;1
7922;0
7923;1
7924;1
7925;0
7926;0
7927;1
7928;0
7929;1
7930;0
7931;1
7932;0
7933;1
7934;0
7935;1
7936;0
7937;0
7938;0
7939;1
7940;45
7941;44
7942;0
7943;0
7944;2
7945;1
7946;0
7947;0
7948;1
7949;0
7950;1
7951;0
7952;0
7953;1
7954;0
7955;0
7956;0
7957;0
7958;1
7959;0
7960;0
7961;1
7962;0
7963;1
7964;0
7965;1
7966;0
7967;1
7968;0
7969;1
7970;0
7971;0
7972;1
7973;0
7974;0
7975;1
7976;0
7977;1
7978;0
7979;0
7980;2
7981;1
7982;35
7983;0
7984;36
7985;0
7986;0
7987;0
7988;1
7989;0
7990;1
7991;0
7992;1
7993;1
7994;0
7995;0
7996;36
7997;54
7998;1
7999;53
8000;0
8001;76
8002;75
8003;77
8004;35
8005;36
8006;1
8007;0
8008;0
8009;2
8010;1
8011;0
8012;1
8013;0
8014;1
8015;0
8016;0
8017;0
8018;1
8019;0
8020;1
8021;0
8022;0
8023;1
8024;0
8025;1
8026;46
8027;1
8028;0
8029;0
8030;0
8031;1
8032;0
8033;0
8034;1
8035;0
8036;1
8037;0
8038;0
8039;1
8040;0
8041;3
8042;1
8043;0
8044;1
8045;0
8046;1
8047;0
8048;1
8049;0
8050;0
8051;0
8052;0
8053;0
8054;0
8055;0
8056;1
8057;4
8058;0
8059;1
8060;1
8061;0
8062;0
8063;1
8064;0
8065;0
8066;0
8067;1
8068;1
8069;0
8070;0
8071;1
8072;0
8073;1
8074;0
8075;46
8076;0
8077;47
8078;0
8079;1
8080;0
8081;2
8082;1
8083;0
8084;1
8085;0
8086;49
8087;6
8088;50
8089;5
8090;0
8091;0
8092;1
8093;0
8094;1
8095;1
8096;0
8097;41
8098;0
8099;1
8100;42
8101;0
8102;1
8103;0
8104;1
8105;0
8106;0
8107;0
8108;1
8109;1
8110;0
8111;0
8112;0
8113;1
8114;0
8115;1
8116;0
8117;1
8118;1
8119;0
8120;0
8121;0
8122;0
8123;1
8124;0
8125;1
8126;0
8127;35
8128;17
8129;36
8130;38
8131;0
8132;1
8133;0
8134;2
8135;1
8136;36
8137;20
8138;35
8139;17
8140;18
8141;0
8142;0
8143;2
8144;1
8145;0
8146;0
8147;0
8148;1
8149;0
8150;1
8151;0
8152;0
8153;0
8154;0
8155;0
8156;1
8157;1
8158;0
8159;61
8160;0
8161;60
8162;0
8163;2
8164;1
8165;0
8166;35
8167;0
8168;1
8169;36
8170;0
8171;2
8172;0
8173;1
8174;10
8175;1
8176;0
8177;0
8178;1
8179;0
8180;1
8181;0
8182;1
8183;0
8184;1
8185;0
8186;0
8187;1
8188;0
8189;1
8190;1
8191;0
8192;1
8193;0
8194;35
8195;36
8196;0
8197;1
8198;0
8199;1
8200;0
8201;0
8202;0
8203;1
8204;0
8205;1
8206;0
8207;1
8208;0
8209;0
8210;1
8211;0
8212;0
8213;0
8214;2
8215;0
8216;1
8217;1
8218;0
8219;0
8220;1
8221;0
8222;1
8223;0
8224;0
8225;1
8226;1
8227;0
8228;0
8229;1
8230;0
8231;0
8232;0
8233;0
8234;1
8235;0
8236;1
8237;0
8238;1
8239;0
8240;1
8241;0
8242;0
8243;1
8244;0
8245;1
8246;0
8247;1
8248;1
8249;0
8250;0
8251;0
8252;2
8253;1
8254;1
8255;0
8256;0
8257;1
8258;1
8259;0
8260;0
8261;1
8262;0
8263;1
8264;0
8265;0
8266;1
8267;0
8268;1
8269;0
8270;1
8271;0
8272;2
8273;1
8274;0
8275;2
8276;0
8277;2
8278;1
8279;0
8280;1
8281;0
8282;0
8283;1
8284;0
8285;0
8286;1
8287;0
8288;0
8289;1
8290;0
8291;0
8292;1
8293;1
8294;0
8295;0
8296;1
8297;35
8298;62
8299;61
8300;0
8301;0
8302;1
8303;0
8304;1
8305;0
8306;1
8307;0
8308;1
8309;0
8310;0
8311;1
8312;0
8313;0
8314;1
8315;0
8316;1
8317;0
8318;0
8319;1
8320;0
8321;2
8322;1
8323;0
8324;0
8325;44
8326;0
8327;1
8328;0
8329;1
8330;0
8331;18
8332;10
8333;20
8334;0
8335;1
8336;19
8337;0
8338;0
8339;46
8340;1
8341;0
8342;1
8343;0
8344;0
8345;1
8346;0
8347;1
8348;0
8349;1
8350;0
8351;0
8352;1
8353;2
8354;0
8355;0
8356;1
8357;0
8358;2
8359;1
8360;0
8361;1
8362;0
8363;0
8364;1
8365;1
8366;0
8367;0
8368;1
8369;0
8370;0
8371;1
8372;0
8373;0
8374;1
8375;0
8376;1
8377;0
8378;0
8379;1
8380;0
8381;1
8382;0
8383;1
8384;0
8385;1
8386;0
8387;0
8388;1
8389;0
8390;0
8391;1
8392;0
8393;0
8394;1
8395;0
8396;1
8397;0
8398;0
8399;1
8400;0
8401;1
8402;0
8403;2
8404;0
8405;1
8406;0
8407;2
8408;1
8409;0
8410;0
8411;1
8412;0
8413;1
8414;0
8415;0
8416;1
8417;2
8418;0
8419;0
8420;0
8421;1
8422;0
8423;1
8424;0
8425;1
8426;0
8427;1
8428;0
8429;1
8430;0
8431;0
8432;1
8433;0
8434;0
8435;0
8436;0
8437;0
8438;0
8439;1
8440;0
8441;1
8442;0
8443;0
8444;1
8445;1
8446;0
8447;0
8448;1
8449;0
8450;44
8451;0
8452;0
8453;0
8454;1
8455;0
8456;1
8457;0
8458;1
8459;0
8460;1
8461;0
8462;40
8463;0
8464;1
8465;0
8466;1
8467;0
8468;1
8469;0
8470;35
8471;0
8472;1
8473;2
8474;1
8475;0
8476;41
8477;1
8478;42
8479;0
8480;0
8481;0
8482;0
8483;1
8484;1
8485;0
8486;45
8487;0
8488;1
8489;0
8490;0
8491;1
8492;2
8493;1
8494;0
8495;0
8496;1
8497;0
8498;1
8499;0
8500;0
8501;36
8502;20
8503;35
8504;0
8505;0
8506;1
8507;0
8508;1
8509;0
8510;1
8511;0
8512;0
8513;0
8514;35
8515;0
8516;1
8517;0
8518;0
8519;1
8520;0
8521;1
8522;0
8523;1
8524;0
8525;2
8526;1
8527;0
8528;0
8529;1
8530;0
8531;0
8532;1
8533;0
8534;0
8535;1
8536;0
8537;0
8538;0
8539;1
8540;0
8541;0
8542;1
8543;0
8544;0
8545;2
8546;0
8547;0
8548;2
8549;1
8550;0
8551;1
8552;0
8553;0
8554;1
8555;0
8556;1
8557;0
8558;0
8559;0
8560;1
8561;1
8562;0
8563;0
8564;2
8565;1
8566;0
8567;0
8568;0
8569;0
8570;1
8571;0
8572;1
8573;0
8574;0
8575;1
8576;0
8577;1
8578;0
8579;1
8580;1
8581;0
8582;0
8583;1
8584;35
8585;36
8586;0
8587;0
8588;1
8589;0
8590;1
8591;0
8592;0
8593;0
8594;0
8595;0
8596;1
8597;0
8598;1
8599;0
8600;0
8601;35
8602;0
8603;0
8604;1
8605;0
8606;0
8607;1
8608;0
8609;1
8610;0
8611;1
8612;0
8613;0
8614;1
8615;58
8616;0
8617;1
8618;0
8619;2
8620;1
8621;0
8622;0
8623;1
8624;0
8625;1
8626;1
8627;0
8628;0
8629;1
8630;0
8631;1
8632;1
8633;0
8634;0
8635;0
8636;0
8637;1
8638;0
8639;0
8640;0
8641;1
8642;0
8643;1
8644;0
8645;1
8646;0
8647;0
8648;1
8649;0
8650;0
8651;0
8652;1
8653;0
8654;0
8655;1
8656;2
8657;1
8658;0
8659;0
8660;0
8661;0
8662;1
8663;0
8664;1
8665;0
8666;0
8667;2
8668;0
8669;0
8670;1
8671;0
8672;1
8673;0
8674;0
8675;0
8676;2
8677;1
8678;0
8679;0
8680;1
8681;1
8682;0
8683;0
8684;1
8685;0
8686;1
8687;0
8688;1
8689;0
8690;1
8691;2
8692;0
8693;0
8694;0
8695;0
8696;0
8697;1
8698;0
8699;0
8700;0
8701;1
8702;0
8703;1
8704;0
8705;0
8706;0
8707;1
8708;6
8709;12
8710;11
8711;14
8712;15
8713;0
8714;2
8715;1
8716;0
8717;1
8718;0
8719;1
8720;0
8721;1
8722;0
8723;1
8724;0
8725;1
8726;0
8727;1
8728;0
8729;1
8730;0
8731;0
8732;0
8733;0
8734;0
8735;0
8736;1
8737;48
8738;47
8739;0
8740;0
8741;0
8742;1
8743;0
8744;1
8745;0
8746;0
8747;1
8748;0
8749;1
8750;0
8751;1
8752;0
8753;1
8754;0
8755;1
8756;0
8757;1
8758;0
8759;0
8760;0
8761;0
8762;1
8763;0
8764;35
8765;36
8766;0
8767;1
8768;0
8769;1
8770;0
8771;3
8772;4
8773;49
8774;1
8775;0
8776;1
8777;35
8778;28
8779;29
8780;36
8781;0
8782;1
8783;0
8784;0
8785;0
8786;1
8787;35
8788;36
8789;0
8790;2
8791;0
8792;0
8793;1
8794;0
8795;1
8796;0
8797;1
8798;0
8799;1
8800;0
8801;1
8802;0
8803;1
8804;35
8805;36
8806;0
8807;1
8808;0
8809;1
8810;0
8811;0
8812;1
8813;0
8814;29
8815;36
8816;0
8817;1
8818;0
8819;0
8820;0
8821;1
8822;0
8823;0
8824;1
8825;0
8826;3
8827;1
8828;0
8829;1
8830;0
8831;0
8832;1
8833;0
8834;1
8835;0
8836;1
8837;0
8838;1
8839;0
8840;0
8841;1
8842;0
8843;0
8844;1
8845;0
8846;2
8847;0
8848;1
8849;0
8850;1
8851;57
8852;1
8853;58
8854;0
8855;2
8856;0
8857;1
8858;35
8859;36
8860;1
8861;0
8862;1
8863;0
8864;0
8865;35
8866;1
8867;0
8868;0
8869;1
8870;1
8871;0
8872;0
8873;1
8874;0
8875;1
8876;0
8877;0
8878;1
8879;0
8880;1
8881;0
8882;1
8883;0
8884;0
8885;1
8886;40
8887;0
8888;1
8889;41
8890;0
8891;1
8892;0
8893;0
8894;1
8895;1
8896;0
8897;0
8898;1
8899;0
8900;0
8901;1
8902;53
8903;52
8904;0
8905;0
8906;1
8907;1
8908;0
8909;1
8910;0
8911;0
8912;1
8913;0
8914;0
8915;0
8916;2
8917;1
8918;0
8919;0
8920;0
8921;2
8922;1
8923;0
8924;1
8925;1
8926;0
8927;0
8928;1
8929;1
8930;0
8931;0
8932;1
8933;0
8934;0
8935;1
8936;1
8937;0
8938;0
8939;0
8940;1
8941;0
8942;0
8943;1
8944;1
8945;0
8946;0
8947;0
8948;1
8949;0
8950;1
8951;0
8952;0
8953;0
8954;0
8955;1
8956;29
8957;0
8958;35
8959;36
8960;0
8961;1
8962;0
8963;1
8964;35
8965;36
8966;1
8967;0
8968;1
8969;0
8970;0
8971;1
8972;0
8973;0
8974;0
8975;0
8976;0
8977;0
8978;0
8979;35
8980;36
8981;0
8982;0
8983;0
8984;1
8985;0
8986;0
8987;1
8988;0
8989;1
8990;0
8991;1
8992;58
8993;0
8994;0
8995;0
8996;3
8997;1
8998;4
8999;1
9000;0
9001;35
9002;40
9003;41
9004;0
9005;42
9006;0
9007;1
9008;0
9009;1
9010;0
9011;1
9012;0
9013;2
9014;1
9015;0
9016;0
9017;0
9018;1
9019;0
9020;1
9021;0
9022;1
9023;0
9024;1
9025;0
9026;2
9027;1
9028;0
9029;0
9030;1
9031;0
9032;2
9033;1
9034;1
9035;0
9036;24
9037;35
9038;25
9039;27
9040;26
9041;0
9042;1
9043;0
9044;1
9045;3
9046;0
9047;1
9048;0
9049;1
9050;0
9051;1
9052;0
9053;0
9054;1
9055;0
9056;0
9057;35
9058;36
9059;0
9060;56
9061;0
9062;44
9063;0
9064;35
9065;36
9066;1
9067;0
9068;0
9069;1
9070;0
9071;0
9072;0
9073;1
9074;0
9075;1
9076;0
9077;0
9078;1
9079;0
9080;0
9081;0
9082;1
9083;0
9084;1
9085;0
9086;1
9087;0
9088;1
9089;65
9090;0
9091;0
9092;1
9093;0
9094;1
9095;0
9096;1
9097;0
9098;1
9099;0
9100;1
9101;0
9102;44
9103;2
9104;45
9105;0
9106;1
9107;0
9108;1
9109;0
9110;1
9111;0
9112;0
9113;1
9114;0
9115;0
9116;0
9117;2
9118;0
9119;0
9120;1
9121;0
9122;1
9123;0
9124;0
9125;1
9126;0
9127;0
9128;1
9129;0
9130;1
9131;1
9132;0
9133;0
9134;0
9135;1
9136;0
9137;1
9138;1
9139;0
9140;0
9141;0
9142;1
9143;0
9144;0
9145;1
9146;1
9147;0
9148;0
9149;1
9150;0
9151;1
9152;0
9153;0
9154;1
9155;0
9156;0
9157;0
9158;0
9159;0
9160;1
9161;0
9162;1
9163;0
9164;0
9165;1
9166;0
9167;0
9168;1
9169;1
9170;0
9171;0
9172;0
9173;0
9174;1
9175;0
9176;0
9177;1
9178;1
9179;0
9180;0
9181;1
9182;0
9183;0
9184;1
9185;0
9186;0
9187;1
9188;1
9189;0
9190;0
9191;1
9192;2
9193;0
9194;0
9195;0
9196;1
9197;0
9198;2
9199;1
9200;0
9201;1
9202;0
9203;1
9204;53
9205;54
9206;0
9207;2
9208;1
9209;0
9210;0
9211;1
9212;0
9213;1
9214;0
9215;0
9216;1
9217;0
9218;1
9219;0
9220;0
9221;1
9222;0
9223;0
9224;1
9225;0
9226;0
9227;0
9228;1
9229;0
9230;1
9231;0
9232;0
9233;1
9234;0
9235;1
9236;0
9237;1
9238;0
9239;1
9240;1
9241;0
9242;0
9243;0
9244;1
9245;0
9246;0
9247;1
9248;0
9249;0
9250;1
9251;0
9252;1
9253;0
9254;0
9255;1
9256;0
9257;0
9258;0
9259;0
9260;0
9261;0
9262;0
9263;1
9264;0
9265;1
9266;1
9267;0
9268;0
9269;1
9270;2
9271;0
9272;0
9273;1
9274;0
9275;1
9276;0
9277;1
9278;0
9279;1
9280;1
9281;0
9282;0
9283;1
9284;35
9285;36
9286;0
9287;1
9288;0
9289;1
9290;0
9291;0
9292;1
9293;1
9294;0
9295;35
9296;37
9297;0
9298;1
9299;0
9300;1
9301;0
9302;1
9303;0
9304;0
9305;1
9306;0
9307;1
9308;2
9309;0
9310;1
9311;0
9312;1
9313;0
9314;0
9315;35
9316;36
9317;0
9318;1
9319;0
9320;1
9321;1
9322;0
9323;0
9324;9
9325;4
9326;7
9327;5
9328;6
9329;0
9330;2
9331;0
9332;2
9333;0
9334;0
9335;1
9336;0
9337;1
9338;0
9339;1
9340;0
9341;1
9342;0
9343;1
9344;0
9345;1
9346;0
9347;1
9348;0
9349;0
9350;2
9351;0
9352;0
9353;0
9354;1
9355;0
9356;0
9357;1
9358;0
9359;0
9360;1
9361;0
9362;1
9363;35
9364;0
9365;0
9366;1
9367;0
9368;1
9369;0
9370;1
9371;0
9372;1
9373;48
9374;47
9375;49
9376;0
9377;1
9378;0
9379;0
9380;1
9381;0
9382;0
9383;1
9384;0
9385;1
9386;0
9387;1
9388;0
9389;1
9390;0
9391;1
9392;0
9393;5
9394;1
9395;0
9396;2
9397;1
9398;0
9399;1
9400;2
9401;0
9402;1
9403;0
9404;70
9405;35
9406;71
9407;36
9408;73
9409;0
9410;1
9411;0
9412;0
9413;1
9414;0
9415;1
9416;0
9417;1
9418;0
9419;0
9420;0
9421;1
9422;0
9423;1
9424;0
9425;1
9426;0
9427;0
9428;1
9429;40
9430;0
9431;0
9432;1
9433;0
9434;0
9435;0
9436;1
9437;0
9438;0
9439;0
9440;1
9441;0
9442;1
9443;2
9444;1
9445;0
9446;0
9447;0
9448;1
9449;1
9450;0
9451;0
9452;1
9453;27
9454;0
9455;0
9456;1
9457;0
9458;1
9459;0
9460;0
9461;0
9462;1
9463;0
9464;0
9465;1
9466;0
9467;0
9468;1
9469;0
9470;0
9471;0
9472;1
9473;35
9474;0
9475;1
9476;1
9477;0
9478;46
9479;0
9480;1
9481;0
9482;0
9483;1
9484;0
9485;1
9486;1
9487;0
9488;0
9489;1
9490;0
9491;1
9492;2
9493;0
9494;1
9495;1
9496;0
9497;1
9498;0
9499;0
9500;1
9501;0
9502;0
9503;1
9504;0
9505;0
9506;1
9507;0
9508;2
9509;1
9510;0
9511;0
9512;0
9513;1
9514;0
9515;1
9516;0
9517;1
9518;0
9519;0
9520;1
9521;0
9522;0
9523;0
9524;1
9525;0
9526;1
9527;0
9528;0
9529;0
9530;0
9531;0
9532;1
9533;0
9534;1
9535;0
9536;0
9537;1
9538;0
9539;1
9540;0
9541;1
9542;2
9543;0
9544;1
9545;0
9546;1
9547;0
9548;1
9549;1
9550;0
9551;0
9552;1
9553;0
9554;0
9555;0
9556;1
9557;0
9558;1
9559;0
9560;1
9561;0
9562;0
9563;1
9564;0
9565;1
9566;2
9567;6
9568;0
9569;1
9570;0
9571;0
9572;1
9573;0
9574;1
9575;0
9576;1
9577;0
9578;0
9579;0
9580;0
9581;1
9582;7
9583;8
9584;6
9585;5
9586;0
9587;1
9588;24
9589;0
9590;0
9591;0
9592;1
9593;2
9594;0
9595;1
9596;1
9597;0
9598;0
9599;1
9600;0
9601;0
9602;0
9603;1
9604;0
9605;0
9606;0
9607;1
9608;0
9609;1
9610;0
9611;0
9612;0
9613;52
9614;0
9615;53
9616;35
9617;1
9618;0
9619;1
9620;0
9621;53
9622;0
9623;55
9624;54
9625;1
9626;0
9627;1
9628;2
9629;0
9630;0
9631;0
9632;0
9633;1
9634;2
9635;0
9636;1
9637;41
9638;40
9639;0
9640;42
9641;0
9642;0
9643;1
9644;0
9645;1
9646;0
9647;0
9648;1
9649;0
9650;1
9651;0
9652;0
9653;1
9654;0
9655;0
9656;0
9657;0
9658;0
9659;35
9660;36
9661;0
9662;2
9663;1
9664;0
9665;1
9666;0
9667;2
9668;0
9669;0
9670;0
9671;0
9672;0
9673;1
9674;0
9675;0
9676;1
9677;1
9678;0
9679;0
9680;35
9681;1
9682;0
9683;0
9684;1
9685;0
9686;1
9687;0
9688;0
9689;2
9690;1
9691;0
9692;0
9693;1
9694;0
9695;1
9696;0
9697;1
9698;0
9699;0
9700;1
9701;2
9702;1
9703;0
9704;0
9705;1
9706;0
9707;1
9708;0
9709;0
9710;2
9711;1
9712;35
9713;0
9714;1
9715;1
9716;0
9717;0
9718;0
9719;1
9720;0
9721;1
9722;0
9723;1
9724;1
9725;0
9726;1
9727;0
9728;1
9729;0
9730;0
9731;1
9732;0
9733;2
9734;1
9735;0
9736;1
9737;0
9738;1
9739;2
9740;0
9741;1
9742;35
9743;36
9744;0
9745;2
9746;1
9747;0
9748;1
9749;0
9750;1
9751;0
9752;1
9753;1
9754;0
9755;0
9756;0
9757;0
9758;1
9759;0
9760;1
9761;2
9762;0
9763;1
9764;0
9765;1
9766;0
9767;1
9768;0
9769;0
9770;0
9771;1
9772;0
9773;1
9774;0
9775;0
9776;1
9777;0
9778;0
9779;1
9780;1
9781;0
9782;0
9783;1
9784;0
9785;1
9786;0
9787;0
9788;0
9789;0
9790;1
9791;0
9792;1
9793;0
9794;0
9795;1
9796;0
9797;1
9798;0
9799;0
9800;1
9801;0
9802;1
9803;1
9804;0
9805;1
9806;0
9807;0
9808;0
9809;1
9810;0
9811;1
9812;0
9813;2
9814;1
9815;0
9816;27
9817;0
9818;28
9819;1
9820;30
9821;29
9822;0
9823;0
9824;1
9825;0
9826;0
9827;0
9828;1
9829;0
9830;1
9831;0
9832;1
9833;0
9834;0
9835;1
9836;0
9837;0
9838;0
9839;0
9840;1
9841;1
9842;40
9843;42
9844;0
9845;0
9846;1
9847;0
9848;1
9849;0
9850;1
9851;0
9852;45
9853;1
9854;0
9855;1
9856;0
9857;1
9858;0
9859;0
9860;1
9861;0
9862;0
9863;1
9864;0
9865;1
9866;0
9867;0
9868;1
9869;1
9870;0
9871;0
9872;30
9873;31
9874;0
9875;0
9876;1
9877;0
9878;0
9879;0
9880;1
9881;0
9882;1
9883;0
9884;0
9885;0
9886;1
9887;0
9888;1
9889;0
9890;1
9891;0
9892;1
9893;0
9894;2
9895;0
9896;1
9897;0
9898;0
9899;1
9900;0
9901;0
9902;0
9903;1
9904;0
9905;1
9906;0
9907;1
9908;0
9909;1
9910;0
9911;1
9912;0
9913;1
9914;1
9915;0
9916;0
9917;1
9918;0
9919;0
9920;1
9921;2
9922;0
9923;1
9924;0
9925;0
9926;1
9927;0
9928;0
9929;1
9930;2
9931;0
9932;1
9933;1
9934;50
9935;52
9936;51
9937;0
9938;0
9939;1
9940;0
9941;0
9942;1
9943;0
9944;0
9945;1
9946;0
9947;0
9948;0
9949;1
9950;16
9951;0
9952;1
9953;18
9954;19
9955;10
9956;17
9957;0
9958;0
9959;0
9960;1
9961;0
9962;0
9963;1
9964;0
9965;1
9966;0
9967;1
9968;0
9969;1
9970;0
9971;1
9972;0
9973;1
9974;0
9975;0
9976;1
9977;0
9978;1
9979;2
9980;0
9981;1
9982;0
9983;1
9984;35
9985;36
9986;48
9987;47
9988;1
9989;49
9990;0
9991;0
9992;1
9993;0
9994;1
9995;0
9996;0
9997;1
9998;0
9999;1
10000;0
10001;1
10002;0
10003;1
10004;0
10005;1
10006;0
10007;1
10008;0
10009;1
10010;0
10011;1
10012;0
10013;0
10014;0
10015;1
10016;2
10017;0
10018;1
10019;1
10020;0
10021;47
10022;0
10023;48
10024;1
10025;1
10026;0
10027;0
10028;0
10029;0
10030;1
10031;1
10032;0
10033;0
10034;1
10035;0
10036;1
10037;0
10038;1
10039;2
10040;0
10041;1
10042;0
10043;1
10044;35
10045;36
10046;37
10047;0
10048;1
10049;0
10050;1
10051;0
10052;0
10053;1
10054;0
10055;41
10056;43
10057;1
10058;42
10059;0
10060;1
10061;0
10062;1
10063;0
10064;0
10065;1
10066;0
10067;0
10068;2
10069;1
10070;0
10071;1
10072;0
10073;1
10074;0
10075;1
10076;0
10077;0
10078;2
10079;1
10080;2
10081;0
10082;1
10083;0
10084;2
10085;1
10086;3
10087;0
10088;0
10089;0
10090;1
10091;0
10092;0
10093;0
10094;1
10095;0
10096;1
10097;0
10098;0
10099;1
10100;0
10101;1
10102;0
10103;39
10104;1
10105;0
10106;0
10107;0
10108;1
10109;0
10110;1
10111;0
10112;0
10113;1
10114;0
10115;41
10116;42
10117;0
10118;1
10119;0
10120;0
10121;0
10122;1
10123;0
10124;1
10125;1
10126;0
10127;0
10128;2
10129;1
10130;0
10131;0
10132;1
10133;0
10134;1
10135;35
10136;0
10137;36
10138;37
10139;0
10140;1
10141;0
10142;0
10143;1
10144;40
10145;0
10146;41
10147;0
10148;1
10149;0
10150;1
10151;0
10152;0
10153;1
10154;2
10155;0
10156;2
10157;1
10158;0
10159;0
10160;0
10161;0
10162;1
10163;35
10164;0
10165;0
10166;1
10167;0
10168;1
10169;2
10170;0
10171;0
10172;0
10173;0
10174;0
10175;41
10176;42
10177;0
10178;1
10179;0
10180;0
10181;2
10182;1
10183;0
10184;0
10185;1
10186;0
10187;35
10188;37
10189;36
10190;0
10191;0
10192;0
10193;0
10194;0
10195;1
10196;2
10197;0
10198;0
10199;1
10200;0
10201;1
10202;2
10203;0
10204;2
10205;1
10206;0
10207;1
10208;0
10209;0
10210;1
10211;1
10212;0
10213;0
10214;0
10215;1
10216;0
10217;0
10218;35
10219;41
10220;0
10221;40
10222;1
10223;0
10224;0
10225;1
10226;1
10227;0
10228;0
10229;0
10230;1
10231;0
10232;0
10233;1
10234;0
10235;0
10236;0
10237;1
10238;35
10239;0
10240;1
10241;0
10242;1
10243;0
10244;0
10245;0
10246;2
10247;1
10248;1
10249;0
10250;0
10251;1
10252;0
10253;1
10254;0
10255;1
10256;1
10257;0
10258;0
10259;0
10260;35
10261;0
10262;0
10263;0
10264;1
10265;1
10266;0
10267;1
10268;0
10269;0
10270;1
10271;0
10272;1
10273;0
10274;1
10275;0
10276;0
10277;0
10278;43
10279;1
10280;39
10281;0
10282;35
10283;1
10284;0
10285;1
10286;0
10287;40
10288;44
10289;0
10290;41
10291;1
10292;0
10293;0
10294;1
10295;0
10296;1
10297;0
10298;1
10299;2
10300;0
10301;0
10302;1
10303;0
10304;0
10305;0
10306;0
10307;0
10308;1
10309;0
10310;1
10311;1
10312;0
10313;35
10314;36
10315;1
10316;0
10317;0
10318;0
10319;0
10320;1
10321;0
10322;1
10323;1
10324;0
10325;0
10326;1
10327;1
10328;0
10329;0
10330;1
10331;0
10332;0
10333;0
10334;1
10335;0
10336;7
10337;2
10338;8
10339;0
10340;1
10341;0
10342;1
10343;0
10344;0
10345;0
10346;1
10347;0
10348;1
10349;0
10350;0
10351;0
10352;1
10353;0
10354;0
10355;1
10356;1
10357;0
10358;0
10359;0
10360;35
10361;36
10362;0
10363;0
10364;1
10365;0
10366;0
10367;1
10368;0
10369;1
10370;0
10371;0
10372;1
10373;0
10374;0
10375;1
10376;1
10377;0
10378;0
10379;1
10380;0
10381;0
10382;0
10383;2
10384;24
10385;15
10386;23
10387;1
10388;0
10389;1
10390;0
10391;0
10392;1
10393;0
10394;35
10395;36
10396;0
10397;1
10398;0
10399;57
10400;0
10401;1
10402;1
10403;0
10404;0
10405;1
10406;35
10407;36
10408;0
10409;1
10410;0
10411;0
10412;1
10413;35
10414;36
10415;0
10416;1
10417;2
10418;0
10419;0
10420;1
10421;2
10422;0
10423;1
10424;0
10425;0
10426;0
10427;0
10428;1
10429;0
10430;0
10431;2
10432;1
10433;0
10434;1
10435;0
10436;0
10437;1
10438;2
10439;1
10440;0
10441;0
10442;1
10443;0
10444;1
10445;0
10446;0
10447;1
10448;0
10449;0
10450;1
10451;2
10452;1
10453;0
10454;0
10455;1
10456;0
10457;1
10458;0
10459;0
10460;6
10461;2
10462;4
10463;0
10464;0
10465;1
10466;49
10467;47
10468;0
10469;48
10470;0
10471;1
10472;0
10473;1
10474;0
10475;1
10476;0
10477;0
10478;1
10479;1
10480;0
10481;0
10482;1
10483;0
10484;1
10485;0
10486;1
10487;40
10488;0
10489;0
10490;1
10491;1
10492;0
10493;0
10494;0
10495;1
10496;0
10497;1
10498;1
10499;47
10500;0
10501;2
10502;1
10503;0
10504;47
10505;0
10506;0
10507;2
10508;1
10509;0
10510;35
10511;0
10512;1
10513;1
10514;0
10515;0
10516;1
10517;2
10518;0
10519;1
10520;0
10521;2
10522;1
10523;0
10524;0
10525;1
10526;0
10527;1
10528;0
10529;1
10530;0
10531;1
10532;0
10533;1
10534;2
10535;0
10536;0
10537;1
10538;0
10539;1
10540;0
10541;1
10542;0
10543;1
10544;0
10545;0
10546;47
10547;0
10548;1
10549;1
10550;0
10551;0
10552;0
10553;0
10554;1
10555;0
10556;1
10557;35
10558;0
10559;0
10560;1
10561;0
10562;1
10563;0
10564;0
10565;43
10566;1
10567;0
10568;2
10569;1
10570;2
10571;0
10572;3
10573;1
10574;0
10575;32
10576;33
10577;0
10578;1
10579;0
10580;0
10581;1
10582;0
10583;1
10584;0
10585;1
10586;35
10587;0
10588;0
10589;1
10590;0
10591;1
10592;0
10593;1
10594;0
10595;1
10596;0
10597;0
10598;1
10599;0
10600;1
10601;2
10602;0
10603;0
10604;1
10605;0
10606;0
10607;1
10608;0
10609;51
10610;0
10611;51
10612;60
10613;1
10614;61
10615;0
10616;1
10617;0
10618;0
10619;1
10620;0
10621;1
10622;0
10623;55
10624;1
10625;1
10626;0
10627;0
10628;0
10629;1
10630;0
10631;1
10632;1
10633;0
10634;0
10635;1
10636;0
10637;0
10638;1
10639;2
10640;0
10641;1
10642;0
10643;1
10644;0
10645;0
10646;0
10647;1
10648;0
10649;0
10650;0
10651;1
10652;2
10653;35
10654;1
10655;0
10656;0
10657;0
10658;35
10659;46
10660;36
10661;0
10662;0
10663;1
10664;0
10665;1
10666;0
10667;1
10668;0
10669;0
10670;2
10671;1
10672;0
10673;0
10674;1
10675;1
10676;0
10677;1
10678;0
10679;0
10680;1
10681;0
10682;40
10683;1
10684;0
10685;1
10686;0
10687;1
10688;0
10689;1
10690;0
10691;0
10692;1
10693;0
10694;19
10695;0
10696;21
10697;22
10698;1
10699;13
10700;20
10701;0
10702;54
10703;52
10704;57
10705;55
10706;0
10707;41
10708;0
10709;1
10710;1
10711;0
10712;0
10713;0
10714;1
10715;0
10716;0
10717;1
10718;0
10719;1
10720;0
10721;2
10722;1
10723;0
10724;1
10725;0
10726;1
10727;0
10728;0
10729;2
10730;1
10731;1
10732;0
10733;1
10734;0
10735;0
10736;1
10737;0
10738;6
10739;0
10740;1
10741;0
10742;1
10743;0
10744;1
10745;35
10746;36
10747;1
10748;0
10749;0
10750;0
10751;1
10752;2
10753;0
10754;0
10755;1
10756;0
10757;0
10758;0
10759;35
10760;22
10761;36
10762;0
10763;0
10764;0
10765;0
10766;21
10767;22
10768;20
10769;1
10770;0
10771;0
10772;0
10773;47
10774;0
10775;0
10776;1
10777;0
10778;1
10779;0
10780;0
10781;1
10782;0
10783;1
10784;0
10785;1
10786;0
10787;0
10788;2
10789;1
10790;1
10791;0
10792;0
10793;1
10794;0
10795;1
10796;0
10797;2
10798;0
10799;0
10800;0
10801;0
10802;1
10803;0
10804;0
10805;1
10806;0
10807;1
10808;0
10809;1
10810;0
10811;0
10812;0
10813;1
10814;0
10815;4
10816;0
10817;3
10818;1
10819;36
10820;35
10821;0
10822;2
10823;1
10824;35
10825;0
10826;1
10827;0
10828;1
10829;0
10830;0
10831;35
10832;0
10833;1
10834;0
10835;1
10836;0
10837;1
10838;0
10839;0
10840;1
10841;2
10842;35
10843;0
10844;1
10845;0
10846;1
10847;0
10848;1
10849;0
10850;0
10851;0
10852;0
10853;1
10854;0
10855;1
10856;0
10857;0
10858;0
10859;0
10860;1
10861;0
10862;1
10863;0
10864;0
10865;0
10866;1
10867;0
10868;2
10869;1
10870;0
10871;0
10872;1
10873;0
10874;1
10875;1
10876;0
10877;0
10878;52
10879;40
10880;0
10881;1
10882;0
10883;1
10884;0
10885;47
10886;48
10887;46
10888;1
10889;0
10890;0
10891;0
10892;1
10893;0
10894;1
10895;0
10896;0
10897;1
10898;1
10899;0
10900;0
10901;0
10902;0
10903;1
10904;2
10905;0
10906;0
10907;1
10908;1
10909;0
10910;0
10911;1
10912;0
10913;1
10914;0
10915;2
10916;1
10917;0
10918;1
10919;0
10920;0
10921;1
10922;35
10923;0
10924;0
10925;1
10926;1
10927;0
10928;0
10929;1
10930;2
10931;0
10932;1
10933;0
10934;0
10935;0
10936;1
10937;0
10938;0
10939;1
10940;0
10941;1
10942;0
10943;1
10944;2
10945;45
10946;0
10947;0
10948;0
10949;1
10950;0
10951;1
10952;2
10953;0
10954;1
10955;1
10956;0
10957;0
10958;0
10959;0
10960;0
10961;0
10962;0
10963;2
10964;0
10965;1
10966;0
10967;1
10968;0
10969;1
10970;0
10971;1
10972;0
10973;0
10974;0
10975;2
10976;1
10977;0
10978;0
10979;0
10980;1
10981;0
10982;1
10983;48
10984;35
10985;37
10986;36
10987;1
10988;0
10989;2
10990;0
10991;0
10992;1
10993;0
10994;1
10995;0
10996;1
10997;0
10998;0
10999;0
11000;1
11001;1
11002;0
11003;1
11004;0
11005;0
11006;1
11007;0
11008;1
11009;0
11010;0
11011;2
11012;0
11013;35
11014;0
11015;1
11016;2
11017;0
11018;42
11019;1
11020;41
11021;0
11022;1
11023;1
11024;0
11025;0
11026;1
11027;2
11028;1
11029;0
11030;22
11031;0
11032;0
11033;44
11034;1
11035;0
11036;0
11037;48
11038;0
11039;1
11040;0
11041;0
11042;0
11043;1
11044;0
11045;1
11046;0
11047;0
11048;0
11049;1
11050;0
11051;0
11052;1
11053;0
11054;0
11055;1
11056;0
11057;0
11058;1
11059;50
11060;48
11061;49
11062;0
11063;0
11064;1
11065;0
11066;0
11067;0
11068;1
11069;0
11070;0
11071;1
11072;0
11073;38
11074;1
11075;0
11076;35
11077;36
11078;0
11079;1
11080;0
11081;1
11082;0
11083;0
11084;1
11085;0
11086;1
11087;2
11088;0
11089;1
11090;0
11091;0
11092;1
11093;0
11094;0
11095;35
11096;1
11097;0
11098;1
11099;0
11100;1
11101;0
11102;1
11103;29
11104;30
11105;35
11106;0
11107;1
11108;0
11109;1
11110;0
11111;1
11112;0
11113;0
11114;1
11115;0
11116;0
11117;35
11118;36
11119;0
11120;1
11121;0
11122;0
11123;1
11124;36
11125;35
11126;0
11127;0
11128;2
11129;1
11130;0
11131;16
11132;1
11133;0
11134;0
11135;1
11136;0
11137;1
11138;0
11139;1
11140;0
11141;0
11142;0
11143;1
11144;0
11145;0
11146;2
11147;3
11148;0
11149;1
11150;2
11151;0
11152;1
11153;0
11154;1
11155;0
11156;1
11157;0
11158;1
11159;0
11160;0
11161;35
11162;36
11163;0
11164;0
11165;0
11166;0
11167;1
11168;0
11169;0
11170;0
11171;1
11172;0
11173;1
11174;0
11175;0
11176;0
11177;39
11178;42
11179;40
11180;1
11181;0
11182;0
11183;1
11184;0
11185;1
11186;0
11187;1
11188;0
11189;1
11190;2
11191;1
11192;0
11193;1
11194;0
11195;0
11196;1
11197;0
11198;2
11199;1
11200;0
11201;1
11202;0
11203;0
11204;1
11205;0
11206;0
11207;1
11208;0
11209;1
11210;0
11211;0
11212;48
11213;0
11214;0
11215;0
11216;0
11217;0
11218;1
11219;0
11220;0
11221;1
11222;0
11223;1
11224;0
11225;1
11226;0
11227;1
11228;1
11229;0
11230;0
11231;1
11232;1
11233;0
11234;0
11235;2
11236;44
11237;0
11238;35
11239;0
11240;2
11241;1
11242;0
11243;0
11244;1
11245;1
11246;0
11247;0
11248;1
11249;0
11250;1
11251;0
11252;1
11253;0
11254;1
11255;0
11256;0
11257;1
11258;2
11259;0
11260;1
11261;2
11262;0
11263;0
11264;3
11265;1
11266;2
11267;0
11268;1
11269;0
11270;0
11271;1
11272;0
11273;1
11274;0
11275;1
11276;0
11277;0
11278;0
11279;0
11280;0
11281;2
11282;0
11283;0
11284;1
11285;11
11286;0
11287;1
11288;0
11289;0
11290;1
11291;0
11292;0
11293;0
11294;1
11295;0
11296;1
11297;0
11298;1
11299;0
11300;0
11301;1
11302;0
11303;1
11304;0
11305;1
11306;1
11307;0
11308;0
11309;2
11310;0
11311;1
11312;0
11313;1
11314;0
11315;0
11316;0
11317;2
11318;47
11319;0
11320;1
11321;1
11322;0
11323;0
11324;1
11325;0
11326;1
11327;0
11328;1
11329;0
11330;1
11331;0
11332;0
11333;0
11334;1
11335;35
11336;36
11337;1
11338;0
11339;1
11340;0
11341;1
11342;0
11343;0
11344;0
11345;0
11346;44
11347;0
11348;1
11349;1
11350;0
11351;0
11352;0
11353;1
11354;0
11355;0
11356;0
11357;1
11358;0
11359;2
11360;1
11361;0
11362;1
11363;2
11364;1
11365;0
11366;0
11367;1
11368;0
11369;0
11370;0
11371;1
11372;0
11373;0
11374;1
11375;1
11376;0
11377;0
11378;1
11379;10
11380;0
11381;0
11382;0
11383;47
11384;48
11385;0
11386;1
11387;0
11388;1
11389;0
11390;0
11391;1
11392;2
11393;36
11394;0
11395;37
11396;1
11397;0
11398;1
11399;0
11400;0
11401;1
11402;0
11403;0
11404;0
11405;1
11406;0
11407;0
11408;1
11409;0
11410;1
11411;1
11412;0
11413;1
11414;0
11415;0
11416;1
11417;0
11418;0
11419;1
11420;35
11421;0
11422;0
11423;1
11424;2
11425;0
11426;82
11427;0
11428;1
11429;0
11430;41
11431;0
11432;1
11433;1
11434;0
11435;0
11436;0
11437;0
11438;1
11439;0
11440;0
11441;0
11442;0
11443;0
11444;0
11445;1
11446;0
11447;1
11448;1
11449;0
11450;0
11451;0
11452;0
11453;0
11454;0
11455;1
11456;0
11457;0
11458;1
11459;59
11460;50
11461;1
11462;0
11463;0
11464;1
11465;18
11466;20
11467;1
11468;12
11469;19
11470;0
11471;35
11472;36
11473;0
11474;1
11475;1
11476;0
11477;0
11478;0
11479;38
11480;7
11481;41
11482;6
11483;40
11484;0
11485;0
11486;0
11487;1
11488;0
11489;1
11490;0
11491;0
11492;0
11493;0
11494;1
11495;0
11496;1
11497;1
11498;0
11499;0
11500;0
11501;1
11502;41
11503;40
11504;0
11505;1
11506;0
11507;0
11508;0
11509;1
11510;0
11511;1
11512;0
11513;1
11514;0
11515;1
11516;1
11517;0
11518;0
11519;0
11520;1
11521;1
11522;0
11523;1
11524;0
11525;16
11526;0
11527;18
11528;19
11529;1
11530;17
11531;0
11532;1
11533;0
11534;0
11535;0
11536;0
11537;1
11538;49
11539;48
11540;0
11541;1
11542;0
11543;2
11544;1
11545;0
11546;0
11547;1
11548;1
11549;0
11550;0
11551;0
11552;1
11553;0
11554;0
11555;1
11556;0
11557;1
11558;0
11559;0
11560;1
11561;40
11562;0
11563;0
11564;0
11565;0
11566;0
11567;14
11568;0
11569;1
11570;0
11571;0
11572;1
11573;35
11574;36
11575;0
11576;0
11577;0
11578;0
11579;1
11580;1
11581;0
11582;0
11583;0
11584;1
11585;0
11586;35
11587;36
11588;1
11589;0
11590;0
11591;0
11592;1
11593;0
11594;0
11595;59
11596;35
11597;0
11598;0
11599;1
11600;10
11601;0
11602;11
11603;0
11604;0
11605;1
11606;0
11607;1
11608;0
11609;1
11610;0
11611;35
11612;0
11613;36
11614;1
11615;0
11616;0
11617;1
11618;0
11619;1
11620;0
11621;0
11622;1
11623;0
11624;1
11625;0
11626;1
11627;0
11628;0
11629;0
11630;1
11631;0
11632;0
11633;1
11634;1
11635;0
11636;0
11637;1
11638;0
11639;1
11640;16
11641;0
11642;19
11643;10
11644;17
11645;1
11646;0
11647;1
11648;0
11649;2
11650;0
11651;1
11652;0
11653;1
11654;0
11655;0
11656;2
11657;1
11658;0
11659;0
11660;1
11661;35
11662;36
11663;1
11664;0
11665;0
11666;1
11667;0
11668;0
11669;1
11670;0
11671;1
11672;1
11673;0
11674;35
11675;0
11676;1
11677;0
11678;0
11679;1
11680;0
11681;0
11682;1
11683;2
11684;0
11685;0
11686;1
11687;0
11688;0
11689;1
11690;0
11691;1
11692;0
11693;1
11694;0
11695;0
11696;0
11697;1
11698;0
11699;1
11700;0
11701;0
11702;0
11703;1
11704;1
11705;0
11706;1
11707;0
11708;0
11709;0
11710;0
11711;0
11712;0
11713;0
11714;0
11715;1
11716;2
11717;0
11718;1
11719;0
11720;1
11721;0
11722;1
11723;0
11724;1
11725;35
11726;36
11727;0
11728;0
11729;1
11730;0
11731;1
11732;0
11733;0
11734;1
11735;0
11736;1
11737;0
11738;1
11739;0
11740;1
11741;0
11742;1
11743;0
11744;1
11745;0
11746;1
11747;0
11748;0
11749;0
11750;0
11751;1
11752;2
11753;0
11754;28
11755;5
11756;11
11757;12
11758;29
11759;0
11760;0
11761;1
11762;0
11763;1
11764;0
11765;1
11766;0
11767;1
11768;1
11769;0
11770;0
11771;1
11772;0
11773;1
11774;0
11775;1
11776;0
11777;1
11778;0
11779;1
11780;0
11781;1
11782;10
11783;7
11784;0
11785;0
11786;1
11787;0
11788;1
11789;0
11790;1
11791;0
11792;35
11793;36
11794;1
11795;0
11796;0
11797;1
11798;0
11799;1
11800;0
11801;0
11802;1
11803;0
11804;0
11805;1
11806;0
11807;1
11808;0
11809;1
11810;0
11811;1
11812;1
11813;0
11814;0
11815;1
11816;0
11817;1
11818;0
11819;0
11820;1
11821;0
11822;14
11823;15
11824;16
11825;0
11826;0
11827;0
11828;1
11829;0
11830;0
11831;0
11832;1
11833;0
11834;1
11835;0
11836;1
11837;0
11838;1
11839;0
11840;0
11841;0
11842;1
11843;0
11844;0
11845;1
11846;0
11847;1
11848;0
11849;1
11850;0
11851;1
11852;1
11853;0
11854;0
11855;1
11856;1
11857;0
11858;0
11859;0
11860;1
11861;1
11862;0
11863;0
11864;0
11865;1
11866;0
11867;1
11868;0
11869;1
11870;0
11871;1
11872;0
11873;27
11874;25
11875;24
11876;0
11877;0
11878;0
11879;1
11880;1
11881;0
11882;0
11883;1
11884;1
11885;0
11886;1
11887;0
11888;0
11889;0
11890;1
11891;0
11892;1
11893;0
11894;1
11895;2
11896;1
11897;0
11898;0
11899;1
11900;46
11901;0
11902;2
11903;1
11904;35
11905;1
11906;0
11907;1
11908;0
11909;0
11910;1
11911;0
11912;0
11913;0
11914;1
11915;2
11916;50
11917;0
11918;51
11919;35
11920;0
11921;1
11922;0
11923;1
11924;0
11925;0
11926;0
11927;1
11928;0
11929;0
11930;1
11931;0
11932;1
11933;0
11934;1
11935;0
11936;1
11937;0
11938;0
11939;1
11940;0
11941;1
11942;0
11943;1
11944;0
11945;74
11946;75
11947;0
11948;2
11949;1
11950;0
11951;0
11952;0
11953;1
11954;2
11955;0
11956;0
11957;1
11958;0
11959;1
11960;0
11961;0
11962;1
11963;0
11964;0
11965;1
11966;0
11967;1
11968;2
11969;0
11970;0
11971;1
11972;27
11973;59
11974;60
11975;0
11976;1
11977;35
11978;36
11979;0
11980;1
11981;0
11982;1
11983;0
11984;1
11985;0
11986;0
11987;1
11988;0
11989;0
11990;0
11991;0
11992;1
11993;0
11994;36
11995;35
11996;0
11997;1
11998;35
11999;36
12000;0
12001;0
12002;1
12003;0
12004;1
12005;0
12006;1
12007;0
12008;2
12009;0
12010;0
12011;0
12012;0
12013;1
12014;1
12015;0
12016;0
12017;1
12018;1
12019;2
12020;0
12021;0
12022;0
12023;0
12024;1
12025;0
12026;1
12027;0
12028;1
12029;0
12030;1
12031;0
12032;0
12033;0
12034;2
12035;1
12036;0
12037;0
12038;1
12039;44
12040;1
12041;0
12042;63
12043;45
12044;0
12045;0
12046;1
12047;0
12048;1
12049;2
12050;1
12051;0
12052;0
12053;0
12054;0
12055;1
12056;1
12057;0
12058;0
12059;0
12060;0
12061;1
12062;0
12063;1
12064;0
12065;1
12066;2
12067;0
12068;1
12069;35
12070;36
12071;0
12072;1
12073;0
12074;2
12075;1
12076;0
12077;0
12078;1
12079;0
12080;1
12081;0
12082;1
12083;0
12084;1
12085;1
12086;0
12087;0
12088;1
12089;0
12090;0
12091;1
12092;0
12093;0
12094;1
12095;0
12096;1
12097;0
12098;1
12099;0
12100;1
12101;0
12102;1
12103;1
12104;0
12105;0
12106;1
12107;0
12108;1
12109;0
12110;0
12111;1
12112;0
12113;1
12114;0
12115;1
12116;0
12117;35
12118;36
12119;0
12120;1
12121;4
12122;0
12123;1
12124;35
12125;1
12126;0
12127;0
12128;0
12129;2
12130;3
12131;1
12132;0
12133;1
12134;0
12135;0
12136;1
12137;0
12138;1
12139;0
12140;52
12141;1
12142;0
12143;0
12144;1
12145;1
12146;0
12147;0
12148;0
12149;1
12150;0
12151;0
12152;1
12153;0
12154;0
12155;1
12156;0
12157;1
12158;2
12159;0
12160;0
12161;1
12162;0
12163;1
12164;0
12165;1
12166;0
12167;1
12168;0
12169;1
12170;1
12171;0
12172;0
12173;1
12174;0
12175;1
12176;0
12177;0
12178;1
12179;1
12180;0
12181;0
12182;0
12183;1
12184;0
12185;0
12186;1
12187;0
12188;1
12189;0
12190;0
12191;0
12192;0
12193;1
12194;0
12195;1
12196;1
12197;0
12198;0
12199;1
12200;0
12201;0
12202;1
12203;59
12204;0
12205;1
12206;0
12207;1
12208;1
12209;0
12210;0
12211;1
12212;2
12213;0
12214;1
12215;0
12216;23
12217;0
12218;20
12219;1
12220;0
12221;0
12222;2
12223;1
12224;0
12225;1
12226;0
12227;0
12228;1
12229;0
12230;0
12231;0
12232;0
12233;1
12234;2
12235;1
12236;0
12237;0
12238;1
12239;1
12240;0
12241;1
12242;0
12243;40
12244;37
12245;0
12246;0
12247;0
12248;1
12249;0
12250;1
12251;0
12252;1
12253;0
12254;1
12255;0
12256;0
12257;25
12258;0
12259;1
12260;60
12261;1
12262;0
12263;0
12264;1
12265;0
12266;0
12267;0
12268;0
12269;0
12270;0
12271;1
12272;35
12273;0
12274;0
12275;35
12276;0
12277;1
12278;1
12279;0
12280;0
12281;1
12282;0
12283;1
12284;0
12285;1
12286;0
12287;0
12288;1
12289;0
12290;1
12291;0
12292;1
12293;44
12294;0
12295;49
12296;50
12297;1
12298;0
12299;0
12300;1
12301;40
12302;0
12303;1
12304;0
12305;55
12306;48
12307;1
12308;57
12309;40
12310;0
12311;1
12312;0
12313;0
12314;1
12315;24
12316;0
12317;31
12318;1
12319;0
12320;0
12321;1
12322;1
12323;0
12324;0
12325;1
12326;0
12327;0
12328;0
12329;1
12330;0
12331;0
12332;1
12333;0
12334;1
12335;0
12336;0
12337;0
12338;74
12339;1
12340;39
12341;0
12342;75
12343;0
12344;1
12345;0
12346;2
12347;48
12348;1
12349;35
12350;36
12351;0
12352;0
12353;1
12354;0
12355;1
12356;0
12357;1
12358;0
12359;1
12360;0
12361;1
12362;0
12363;1
12364;0
12365;1
12366;0
12367;0
12368;1
12369;0
12370;0
12371;1
12372;1
12373;0
12374;0
12375;1
12376;0
12377;0
12378;0
12379;1
12380;0
12381;35
12382;0
12383;0
12384;1
12385;0
12386;1
12387;1
12388;0
12389;0
12390;0
12391;1
12392;46
12393;47
12394;0
12395;0
12396;2
12397;1
12398;0
12399;0
12400;1
12401;0
12402;1
12403;0
12404;1
12405;0
12406;0
12407;1
12408;0
12409;1
12410;0
12411;1
12412;0
12413;1
12414;0
12415;0
12416;1
12417;0
12418;0
12419;0
12420;0
12421;0
12422;1
12423;0
12424;0
12425;0
12426;2
12427;1
12428;0
12429;1
12430;0
12431;1
12432;0
12433;0
12434;1
12435;0
12436;1
12437;1
12438;0
12439;1
12440;0
12441;0
12442;0
12443;0
12444;1
12445;0
12446;1
12447;0
12448;2
12449;0
12450;0
12451;1
12452;38
12453;12
12454;39
12455;40
12456;6
12457;21
12458;0
12459;0
12460;1
12461;47
12462;0
12463;1
12464;0
12465;0
12466;1
12467;47
12468;0
12469;1
12470;0
12471;1
12472;0
12473;1
12474;0
12475;1
12476;0
12477;2
12478;1
12479;0
12480;0
12481;1
12482;0
12483;1
12484;1
12485;0
12486;16
12487;6
12488;5
12489;0
12490;0
12491;1
12492;0
12493;2
12494;1
12495;0
12496;1
12497;0
12498;1
12499;0
12500;0
12501;2
12502;1
12503;0
12504;1
12505;0
12506;1
12507;0
12508;0
12509;0
12510;1
12511;0
12512;0
12513;35
12514;36
12515;0
12516;1
12517;40
12518;0
12519;1
12520;0
12521;1
12522;2
12523;0
12524;1
12525;0
12526;1
12527;0
12528;0
12529;1
12530;0
12531;0
12532;0
12533;0
12534;2
12535;1
12536;0
12537;35
12538;0
12539;1
12540;1
12541;2
12542;0
12543;0
12544;1
12545;0
12546;1
12547;0
12548;0
12549;1
12550;2
12551;0
12552;1
12553;0
12554;1
12555;2
12556;1
12557;0
12558;0
12559;1
12560;0
12561;1
12562;0
12563;1
12564;1
12565;0
12566;0
12567;1
12568;1
12569;0
12570;0
12571;1
12572;0
12573;1
12574;0
12575;0
12576;1
12577;0
12578;2
12579;0
12580;35
12581;36
12582;0
12583;0
12584;0
12585;1
12586;0
12587;1
12588;0
12589;0
12590;0
12591;1
12592;0
12593;0
12594;0
12595;1
12596;42
12597;41
12598;0
12599;1
12600;0
12601;0
12602;0
12603;1
12604;0
12605;0
12606;1
12607;0
12608;0
12609;1
12610;0
12611;0
12612;1
12613;35
12614;0
12615;1
12616;0
12617;0
12618;0
12619;0
12620;1
12621;2
12622;0
12623;0
12624;1
12625;0
12626;0
12627;12
12628;13
12629;1
12630;0
12631;0
12632;1
12633;0
12634;0
12635;1
12636;0
12637;44
12638;0
12639;0
12640;0
12641;1
12642;65
12643;35
12644;36
12645;67
12646;66
12647;0
12648;1
12649;1
12650;0
12651;2
12652;1
12653;0
12654;0
12655;1
12656;0
12657;1
12658;0
12659;0
12660;0
12661;0
12662;1
12663;0
12664;1
12665;0
12666;1
12667;0
12668;0
12669;1
12670;0
12671;51
12672;50
12673;49
12674;53
12675;1
12676;2
12677;0
12678;1
12679;0
12680;0
12681;0
12682;0
12683;2
12684;1
12685;0
12686;0
12687;1
12688;2
12689;0
12690;0
12691;2
12692;1
12693;0
12694;0
12695;1
12696;0
12697;0
12698;1
12699;0
12700;44
12701;1
12702;0
12703;1
12704;0
12705;0
12706;1
12707;0
12708;1
12709;0
12710;1
12711;0
12712;1
12713;0
12714;1
12715;0
12716;0
12717;0
12718;1
12719;0
12720;1
12721;0
12722;1
12723;0
12724;0
12725;0
12726;0
12727;40
12728;0
12729;1
12730;0
12731;1
12732;0
12733;0
12734;0
12735;1
12736;0
12737;0
12738;1
12739;0
12740;1
12741;0
12742;1
12743;0
12744;1
12745;0
12746;0
12747;1
12748;0
12749;1
12750;0
12751;1
12752;35
12753;36
12754;1
12755;0
12756;0
12757;2
12758;1
12759;0
12760;1
12761;1
12762;0
12763;1
12764;0
12765;35
12766;0
12767;1
12768;0
12769;1
12770;0
12771;1
12772;2
12773;0
12774;0
12775;1
12776;0
12777;1
12778;1
12779;0
12780;0
12781;0
12782;0
12783;0
12784;2
12785;1
12786;28
12787;0
12788;29
12789;1
12790;0
12791;0
12792;0
12793;48
12794;1
12795;49
12796;0
12797;1
12798;0
12799;0
12800;10
12801;0
12802;1
12803;0
12804;0
12805;1
12806;0
12807;0
12808;1
12809;0
12810;1
12811;0
12812;0
12813;1
12814;2
12815;0
12816;0
12817;2
12818;0
12819;0
12820;0
12821;1
12822;0
12823;0
12824;0
12825;1
12826;0
12827;0
12828;1
12829;0
12830;0
12831;1
12832;0
12833;1
12834;0
12835;1
12836;1
12837;0
12838;0
12839;0
12840;1
12841;0
12842;1
12843;0
12844;0
12845;1
12846;0
12847;1
12848;0
12849;2
12850;1
12851;0
12852;1
12853;0
12854;1
12855;0
12856;1
12857;0
12858;1
12859;0
12860;0
12861;1
12862;1
12863;0
12864;1
12865;0
12866;0
12867;0
12868;0
12869;1
12870;0
12871;1
12872;1
12873;0
12874;0
12875;0
12876;1
12877;0
12878;0
12879;0
12880;1
12881;0
12882;0
12883;49
12884;0
12885;48
12886;1
12887;0
12888;0
12889;1
12890;0
12891;0
12892;1
12893;0
12894;0
12895;0
12896;0
12897;0
12898;1
12899;0
12900;0
12901;0
12902;0
12903;1
12904;0
12905;1
12906;0
12907;1
12908;0
12909;0
12910;1
12911;0
12912;1
12913;0
12914;1
12915;0
12916;0
12917;0
12918;0
12919;1
12920;0
12921;0
12922;1
12923;1
12924;0
12925;0
12926;1
12927;0
12928;1
12929;1
12930;0
12931;0
12932;1
12933;0
12934;1
12935;0
12936;2
12937;1
12938;1
12939;0
12940;0
12941;0
12942;0
12943;1
12944;0
12945;0
12946;1
12947;0
12948;1
12949;0
12950;0
12951;0
12952;0
12953;1
12954;0
12955;1
12956;6
12957;0
12958;1
12959;0
12960;1
12961;0
12962;0
12963;0
12964;0
12965;1
12966;0
12967;0
12968;1
12969;1
12970;0
12971;0
12972;0
12973;1
12974;2
12975;1
12976;0
12977;0
12978;1
12979;0
12980;1
12981;0
12982;0
12983;1
12984;0
12985;0
12986;1
12987;0
12988;1
12989;0
12990;0
12991;1
12992;4
12993;0
12994;1
12995;0
12996;1
12997;1
12998;0
12999;0
13000;1
13001;0
13002;1
13003;0
13004;1
13005;0
13006;1
13007;0
13008;1
13009;0
13010;1
13011;0
13012;0
13013;1
13014;0
13015;1
13016;0
13017;0
13018;1
13019;0
13020;0
13021;0
13022;1
13023;40
13024;0
13025;41
13026;0
13027;1
13028;1
13029;0
13030;0
13031;1
13032;0
13033;1
13034;2
13035;35
13036;0
13037;0
13038;1
13039;0
13040;0
13041;0
13042;1
13043;0
13044;1
13045;0
13046;4
13047;0
13048;3
13049;1
13050;0
13051;1
13052;0
13053;2
13054;6
13055;1
13056;1
13057;0
13058;1
13059;0
13060;0
13061;0
13062;1
13063;0
13064;1
13065;0
13066;0
13067;1
13068;0
13069;0
13070;0
13071;1
13072;0
13073;0
13074;0
13075;0
13076;1
13077;0
13078;0
13079;1
13080;0
13081;0
13082;0
13083;0
13084;0
13085;1
13086;0
13087;1
13088;0
13089;1
13090;0
13091;1
13092;0
13093;1
13094;0
13095;1
13096;0
13097;0
13098;0
13099;1
13100;1
13101;0
13102;0
13103;0
13104;1
13105;35
13106;36
13107;0
13108;46
13109;47
13110;1
13111;0
13112;0
13113;0
13114;1
13115;1
13116;0
13117;0
13118;2
13119;1
13120;0
13121;0
13122;1
13123;2
13124;0
13125;1
13126;1
13127;0
13128;0
13129;1
13130;0
13131;0
13132;1
13133;1
13134;0
13135;0
13136;1
13137;0
13138;2
13139;1
13140;0
13141;0
13142;1
13143;0
13144;1
13145;0
13146;0
13147;0
13148;61
13149;44
13150;45
13151;14
13152;0
13153;1
13154;0
13155;0
13156;1
13157;0
13158;1
13159;0
13160;1
13161;0
13162;1
13163;0
13164;0
13165;1
13166;40
13167;0
13168;41
13169;0
13170;0
13171;1
13172;0
13173;1
13174;40
13175;41
13176;0
13177;1
13178;0
13179;0
13180;1
13181;18
13182;0
13183;0
13184;2
13185;1
13186;0
13187;1
13188;0
13189;1
13190;2
13191;0
13192;1
13193;0
13194;1
13195;38
13196;0
13197;1
13198;1
13199;0
13200;55
13201;54
13202;0
13203;0
13204;1
13205;0
13206;1
13207;1
13208;0
13209;0
13210;1
13211;1
13212;0
13213;0
13214;1
13215;45
13216;0
13217;1
13218;0
13219;1
13220;0
13221;0
13222;0
13223;1
13224;1
13225;0
13226;25
13227;36
13228;24
13229;0
13230;0
13231;0
13232;0
13233;35
13234;36
13235;37
13236;0
13237;1
13238;0
13239;0
13240;1
13241;0
13242;1
13243;0
13244;1
13245;0
13246;1
13247;0
13248;1
13249;2
13250;0
13251;0
13252;2
13253;1
13254;0
13255;1
13256;0
13257;1
13258;0
13259;2
13260;1
13261;36
13262;35
13263;0
13264;1
13265;1
13266;0
13267;0
13268;2
13269;0
13270;0
13271;0
13272;2
13273;1
13274;0
13275;1
13276;0
13277;0
13278;1
13279;2
13280;0
13281;1
13282;1
13283;0
13284;1
13285;0
13286;0
13287;1
13288;0
13289;0
13290;1
13291;10
13292;18
13293;1
13294;0
13295;19
13296;36
13297;35
13298;0
13299;1
13300;0
13301;0
13302;0
13303;0
13304;0
13305;1
13306;0
13307;1
13308;1
13309;0
13310;0
13311;0
13312;0
13313;1
13314;4
13315;3
13316;5
13317;36
13318;37
13319;35
13320;0
13321;1
13322;1
13323;0
13324;0
13325;1
13326;1
13327;0
13328;1
13329;0
13330;0
13331;1
13332;0
13333;0
13334;17
13335;18
13336;9
13337;16
13338;1
13339;0
13340;0
13341;0
13342;0
13343;1
13344;0
13345;1
13346;0
13347;2
13348;1
13349;0
13350;1
13351;2
13352;0
13353;0
13354;1
13355;55
13356;56
13357;0
13358;0
13359;0
13360;1
13361;0
13362;0
13363;0
13364;1
13365;0
13366;0
13367;0
13368;0
13369;0
13370;35
13371;0
13372;1
13373;0
13374;1
13375;0
13376;1
13377;43
13378;1
13379;0
13380;0
13381;0
13382;1
13383;0
13384;2
13385;0
13386;1
13387;0
13388;0
13389;40
13390;49
13391;41
13392;39
13393;0
13394;35
13395;0
13396;1
13397;0
13398;40
13399;1
13400;0
13401;1
13402;0
13403;1
13404;0
13405;40
13406;1
13407;44
13408;45
13409;1
13410;0
13411;0
13412;1
13413;1
13414;0
13415;0
13416;1
13417;0
13418;0
13419;1
13420;0
13421;1
13422;0
13423;0
13424;0
13425;1
13426;0
13427;1
13428;0
13429;0
13430;1
13431;48
13432;0
13433;47
13434;1
13435;49
13436;0
13437;1
13438;2
13439;0
13440;18
13441;1
13442;10
13443;17
13444;0
13445;1
13446;1
13447;0
13448;0
13449;0
13450;0
13451;1
13452;0
13453;1
13454;0
13455;22
13456;1
13457;21
13458;0
13459;0
13460;1
13461;2
13462;1
13463;0
13464;1
13465;0
13466;1
13467;0
13468;0
13469;0
13470;1
13471;0
13472;35
13473;36
13474;0
13475;1
13476;0
13477;0
13478;1
13479;0
13480;0
13481;1
13482;0
13483;0
13484;0
13485;1
13486;0
13487;1
13488;0
13489;1
13490;0
13491;1
13492;0
13493;2
13494;0
13495;0
13496;1
13497;0
13498;1
13499;0
13500;1
13501;2
13502;0
13503;1
13504;0
13505;1
13506;0
13507;0
13508;1
13509;0
13510;1
13511;0
13512;1
13513;0
13514;1
13515;0
13516;1
13517;0
13518;0
13519;0
13520;45
13521;2
13522;0
13523;1
13524;0
13525;0
13526;1
13527;1
13528;0
13529;0
13530;1
13531;1
13532;0
13533;0
13534;2
13535;1
13536;0
13537;0
13538;1
13539;0
13540;0
13541;0
13542;1
13543;0
13544;1
13545;0
13546;1
13547;0
13548;1
13549;0
13550;0
13551;3
13552;2
13553;1
13554;1
13555;0
13556;0
13557;1
13558;0
13559;0
13560;0
13561;1
13562;0
13563;2
13564;0
13565;1
13566;0
13567;0
13568;0
13569;1
13570;0
13571;2
13572;1
13573;0
13574;1
13575;0
13576;1
13577;0
13578;1
13579;0
13580;2
13581;0
13582;1
13583;1
13584;0
13585;0
13586;1
13587;1
13588;0
13589;0
13590;0
13591;0
13592;1
13593;0
13594;1
13595;2
13596;1
13597;0
13598;0
13599;1
13600;0
13601;1
13602;0
13603;2
13604;38
13605;37
13606;1
13607;1
13608;0
13609;1
13610;0
13611;35
13612;36
13613;0
13614;0
13615;1
13616;0
13617;0
13618;0
13619;0
13620;1
13621;0
13622;0
13623;0
13624;1
13625;1
13626;0
13627;1
13628;0
13629;0
13630;1
13631;0
13632;2
13633;1
13634;0
13635;1
13636;0
13637;0
13638;1
13639;0
13640;1
13641;0
13642;0
13643;1
13644;0
13645;1
13646;0
13647;0
13648;1
13649;2
13650;0
13651;1
13652;1
13653;0
13654;0
13655;1
13656;1
13657;0
13658;1
13659;0
13660;1
13661;0
13662;0
13663;1
13664;0
13665;0
13666;0
13667;1
13668;0
13669;1
13670;65
13671;0
13672;1
13673;0
13674;1
13675;0
13676;1
13677;0
13678;0
13679;0
13680;1
13681;0
13682;35
13683;1
13684;0
13685;0
13686;0
13687;1
13688;1
13689;0
13690;0
13691;0
13692;0
13693;1
13694;0
13695;1
13696;0
13697;1
13698;0
13699;1
13700;0
13701;0
13702;1
13703;4
13704;22
13705;0
13706;1
13707;0
13708;1
13709;0
13710;0
13711;2
13712;1
13713;0
13714;0
13715;1
13716;0
13717;1
13718;1
13719;0
13720;0
13721;4
13722;0
13723;3
13724;1
13725;0
13726;0
13727;1
13728;0
13729;1
13730;0
13731;1
13732;0
13733;0
13734;1
13735;0
13736;1
13737;0
13738;0
13739;2
13740;0
13741;1
13742;0
13743;1
13744;35
13745;57
13746;58
13747;0
13748;1
13749;0
13750;1
13751;0
13752;1
13753;0
13754;1
13755;35
13756;36
13757;37
13758;0
13759;0
13760;1
13761;0
13762;1
13763;0
13764;1
13765;0
13766;0
13767;0
13768;0
13769;1
13770;0
13771;1
13772;0
13773;1
13774;0
13775;0
13776;1
13777;0
13778;0
13779;1
13780;0
13781;1
13782;0
13783;1
13784;0
13785;1
13786;0
13787;1
13788;0
13789;0
13790;0
13791;1
13792;0
13793;1
13794;0
13795;1
13796;0
13797;1
13798;0
13799;0
13800;1
13801;0
13802;0
13803;0
13804;0
13805;1
13806;0
13807;0
13808;0
13809;1
13810;0
13811;0
13812;1
13813;1
13814;0
13815;1
13816;0
13817;0
13818;1
13819;0
13820;0
13821;0
13822;1
13823;0
13824;0
13825;1
13826;0
13827;1
13828;1
13829;0
13830;0
13831;1
13832;0
13833;0
13834;0
13835;1
13836;0
13837;1
13838;0
13839;1
13840;0
13841;0
13842;0
13843;0
13844;1
13845;0
13846;1
13847;0
13848;35
13849;0
13850;0
13851;0
13852;1
13853;1
13854;0
13855;1
13856;0
13857;0
13858;0
13859;0
13860;1
13861;0
13862;0
13863;1
13864;0
13865;1
13866;0
13867;1
13868;0
13869;1
13870;35
13871;17
13872;0
13873;0
13874;1
13875;0
13876;0
13877;1
13878;2
13879;0
13880;1
13881;0
13882;1
13883;0
13884;1
13885;0
13886;1
13887;0
13888;1
13889;44
13890;0
13891;1
13892;0
13893;0
13894;42
13895;1
13896;0
13897;1
13898;0
13899;1
13900;0
13901;1
13902;0
13903;0
13904;1
13905;1
13906;0
13907;1
13908;0
13909;1
13910;0
13911;2
13912;0
13913;0
13914;0
13915;1
13916;0
13917;1
13918;1
13919;0
13920;0
13921;1
13922;0
13923;0
13924;1
13925;0
13926;0
13927;0
13928;2
13929;0
13930;1
13931;2
13932;0
13933;1
13934;0
13935;1
13936;1
13937;0
13938;0
13939;0
13940;1
13941;0
13942;0
13943;0
13944;0
13945;0
13946;0
13947;1
13948;2
13949;0
13950;0
13951;1
13952;0
13953;0
13954;1
13955;0
13956;0
13957;0
13958;0
13959;1
13960;0
13961;1
13962;35
13963;0
13964;0
13965;1
13966;0
13967;0
13968;0
13969;1
13970;0
13971;1
13972;2
13973;37
13974;0
13975;0
13976;1
13977;0
13978;1
13979;0
13980;1
13981;0
13982;1
13983;0
13984;0
13985;1
13986;0
13987;1
13988;0
13989;1
13990;1
13991;0
13992;35
13993;36
13994;1
13995;0
13996;0
13997;1
13998;0
13999;0
14000;0
14001;1
14002;2
14003;0
14004;1
14005;0
14006;0
14007;1
14008;0
14009;0
14010;0
14011;1
14012;2
14013;1
14014;0
14015;0
14016;1
14017;21
14018;42
14019;43
14020;22
14021;23
14022;0
14023;1
14024;0
14025;1
14026;0
14027;1
14028;0
14029;0
14030;1
14031;0
14032;1
14033;0
14034;1
14035;0
14036;0
14037;1
14038;0
14039;0
14040;0
14041;1
14042;0
14043;0
14044;0
14045;1
14046;0
14047;0
14048;1
14049;0
14050;1
14051;0
14052;1
14053;1
14054;0
14055;0
14056;0
14057;1
14058;0
14059;1
14060;0
14061;36
14062;35
14063;0
14064;1
14065;0
14066;1
14067;0
14068;1
14069;0
14070;1
14071;0
14072;0
14073;0
14074;1
14075;0
14076;0
14077;1
14078;0
14079;1
14080;0
14081;1
14082;0
14083;0
14084;1
14085;0
14086;47
14087;1
14088;0
14089;35
14090;36
14091;0
14092;0
14093;1
14094;0
14095;0
14096;2
14097;1
14098;35
14099;0
14100;0
14101;0
14102;1
14103;0
14104;1
14105;0
14106;0
14107;1
14108;0
14109;1
14110;0
14111;1
14112;0
14113;0
14114;1
14115;0
14116;35
14117;0
14118;1
14119;0
14120;1
14121;0
14122;1
14123;0
14124;1
14125;0
14126;2
14127;1
14128;0
14129;1
14130;0
14131;1
14132;0
14133;1
14134;0
14135;0
14136;1
14137;0
14138;1
14139;0
14140;1
14141;0
14142;0
14143;1
14144;0
14145;1
14146;0
14147;1
14148;1
14149;0
14150;0
14151;1
14152;0
14153;1
14154;0
14155;1
14156;0
14157;1
14158;1
14159;0
14160;1
14161;0
14162;0
14163;0
14164;1
14165;1
14166;0
14167;0
14168;1
14169;0
14170;0
14171;1
14172;0
14173;1
14174;0
14175;1
14176;2
14177;0
14178;0
14179;1
14180;0
14181;1
14182;0
14183;0
14184;1
14185;0
14186;0
14187;41
14188;1
14189;0
14190;42
14191;0
14192;0
14193;0
14194;0
14195;1
14196;0
14197;1
14198;0
14199;35
14200;0
14201;1
14202;1
14203;0
14204;0
14205;0
14206;1
14207;0
14208;1
14209;0
14210;0
14211;1
14212;1
14213;0
14214;0
14215;0
14216;1
14217;0
14218;0
14219;1
14220;0
14221;1
14222;0
14223;1
14224;0
14225;24
14226;35
14227;25
14228;58
14229;59
14230;0
14231;1
14232;0
14233;0
14234;1
14235;45
14236;0
14237;1
14238;45
14239;0
14240;1
14241;0
14242;1
14243;0
14244;0
14245;1
14246;0
14247;1
14248;0
14249;0
14250;1
14251;0
14252;0
14253;0
14254;1
14255;0
14256;0
14257;1
14258;0
14259;0
14260;0
14261;1
14262;0
14263;1
14264;0
14265;0
14266;2
14267;1
14268;0
14269;0
14270;1
14271;0
14272;1
14273;2
14274;1
14275;0
14276;0
14277;0
14278;0
14279;1
14280;0
14281;0
14282;2
14283;1
14284;0
14285;0
14286;1
14287;0
14288;0
14289;2
14290;0
14291;1
14292;35
14293;0
14294;1
14295;0
14296;35
14297;37
14298;38
14299;0
14300;0
14301;1
14302;0
14303;1
14304;0
14305;1
14306;0
14307;0
14308;0
14309;1
14310;0
14311;0
14312;1
14313;0
14314;1
14315;2
14316;0
14317;0
14318;1
14319;0
14320;0
14321;1
14322;0
14323;1
14324;0
14325;2
14326;1
14327;0
14328;1
14329;0
14330;0
14331;1
14332;0
14333;0
14334;1
14335;0
14336;1
14337;0
14338;0
14339;0
14340;1
14341;16
14342;17
14343;0
14344;1
14345;0
14346;0
14347;1
14348;0
14349;2
14350;0
14351;1
14352;0
14353;2
14354;1
14355;0
14356;2
14357;0
14358;0
14359;0
14360;1
14361;0
14362;35
14363;0
14364;0
14365;2
14366;0
14367;1
14368;0
14369;1
14370;35
14371;36
14372;79
14373;73
14374;83
14375;80
14376;76
14377;71
14378;70
14379;0
14380;1
14381;0
14382;1
14383;0
14384;2
14385;1
14386;0
14387;0
14388;1
14389;1
14390;0
14391;0
14392;0
14393;1
14394;0
14395;0
14396;1
14397;1
14398;0
14399;0
14400;1
14401;2
14402;0
14403;0
14404;1
14405;0
14406;0
14407;0
14408;1
14409;0
14410;0
14411;0
14412;0
14413;0
14414;1
14415;0
14416;0
14417;1
14418;0
14419;1
14420;0
14421;1
14422;1
14423;0
14424;35
14425;0
14426;0
14427;0
14428;0
14429;1
14430;0
14431;0
14432;1
14433;0
14434;1
14435;0
14436;1
14437;0
14438;0
14439;1
14440;0
14441;1
14442;39
14443;0
14444;46
14445;0
14446;1
14447;0
14448;1
14449;0
14450;1
14451;0
14452;1
14453;0
14454;0
14455;0
14456;1
14457;0
14458;4
14459;0
14460;0
14461;1
14462;0
14463;0
14464;1
14465;0
14466;1
14467;0
14468;0
14469;1
14470;0
14471;0
14472;1
14473;1
14474;0
14475;0
14476;0
14477;1
14478;0
14479;1
14480;1
14481;0
14482;1
14483;0
14484;0
14485;0
14486;1
14487;0
14488;1
14489;0
14490;0
14491;0
14492;42
14493;41
14494;1
14495;2
14496;0
14497;1
14498;1
14499;0
14500;49
14501;48
14502;0
14503;0
14504;1
14505;35
14506;36
14507;37
14508;1
14509;0
14510;39
14511;0
14512;0
14513;1
14514;0
14515;0
14516;1
14517;1
14518;0
14519;0
14520;2
14521;1
14522;0
14523;1
14524;0
14525;1
14526;0
14527;1
14528;1
14529;0
14530;0
14531;1
14532;0
14533;1
14534;0
14535;1
14536;0
14537;1
14538;0
14539;0
14540;1
14541;0
14542;1
14543;0
14544;18
14545;1
14546;10
14547;17
14548;1
14549;0
14550;0
14551;0
14552;1
14553;0
14554;1
14555;0
14556;51
14557;0
14558;2
14559;0
14560;0
14561;1
14562;0
14563;1
14564;0
14565;1
14566;0
14567;1
14568;0
14569;0
14570;1
14571;0
14572;19
14573;1
14574;11
14575;18
14576;2
14577;0
14578;1
14579;0
14580;0
14581;40
14582;1
14583;41
14584;0
14585;0
14586;1
14587;2
14588;0
14589;1
14590;39
14591;0
14592;45
14593;1
14594;0
14595;0
14596;0
14597;70
14598;71
14599;13
14600;74
14601;0
14602;1
14603;0
14604;0
14605;1
14606;1
14607;0
14608;9
14609;6
14610;7
14611;36
14612;35
14613;0
14614;1
14615;0
14616;0
14617;0
14618;1
14619;0
14620;0
14621;0
14622;1
14623;1
14624;0
14625;0
14626;1
14627;0
14628;17
14629;18
14630;9
14631;16
14632;0
14633;1
14634;1
14635;0
14636;0
14637;1
14638;0
14639;1
14640;0
14641;0
14642;1
14643;1
14644;0
14645;0
14646;1
14647;0
14648;1
14649;35
14650;1
14651;0
14652;0
14653;1
14654;0
14655;6
14656;1
14657;0
14658;0
14659;1
14660;0
14661;0
14662;1
14663;2
14664;0
14665;0
14666;1
14667;0
14668;1
14669;0
14670;0
14671;1
14672;0
14673;1
14674;0
14675;36
14676;35
14677;0
14678;0
14679;0
14680;45
14681;44
14682;46
14683;1
14684;0
14685;1
14686;0
14687;0
14688;1
14689;1
14690;0
14691;0
14692;1
14693;33
14694;34
14695;0
14696;1
14697;0
14698;1
14699;0
14700;0
14701;1
14702;1
14703;0
14704;0
14705;1
14706;0
14707;0
14708;0
14709;0
14710;0
14711;0
14712;0
14713;0
14714;1
14715;2
14716;0
14717;1
14718;0
14719;10
14720;0
14721;1
14722;0
14723;35
14724;26
14725;1
14726;0
14727;1
14728;0
14729;0
14730;0
14731;1
14732;11
14733;0
14734;39
14735;38
14736;0
14737;0
14738;1
14739;0
14740;0
14741;1
14742;0
14743;58
14744;0
14745;0
14746;1
14747;10
14748;21
14749;0
14750;20
14751;11
14752;0
14753;1
14754;35
14755;9
14756;38
14757;39
14758;10
14759;0
14760;1
14761;0
14762;39
14763;37
14764;1
14765;40
14766;0
14767;1
14768;1
14769;0
14770;0
14771;0
14772;35
14773;36
14774;0
14775;1
14776;0
14777;1
14778;0
14779;0
14780;1
14781;2
14782;0
14783;0
14784;1
14785;0
14786;1
14787;0
14788;0
14789;0
14790;1
14791;0
14792;1
14793;0
14794;1
14795;1
14796;0
14797;1
14798;0
14799;0
14800;0
14801;0
14802;0
14803;1
14804;0
14805;35
14806;36
14807;0
14808;0
14809;1
14810;0
14811;1
14812;0
14813;1
14814;1
14815;0
14816;0
14817;0
14818;1
14819;0
14820;1
14821;0
14822;0
14823;1
14824;0
14825;1
14826;0
14827;0
14828;1
14829;0
14830;0
14831;0
14832;1
14833;0
14834;1
14835;2
14836;0
14837;0
14838;0
14839;1
14840;0
14841;1
14842;0
14843;0
14844;2
14845;0
14846;1
14847;29
14848;0
14849;1
14850;0
14851;0
14852;1
14853;71
14854;1
14855;78
14856;0
14857;2
14858;0
14859;1
14860;0
14861;1
14862;0
14863;0
14864;1
14865;0
14866;0
14867;1
14868;0
14869;1
14870;0
14871;1
14872;44
14873;0
14874;1
14875;0
14876;1
14877;0
14878;0
14879;1
14880;0
14881;2
14882;1
14883;0
14884;1
14885;0
14886;1
14887;0
14888;0
14889;0
14890;1
14891;22
14892;18
14893;0
14894;1
14895;0
14896;0
14897;0
14898;2
14899;0
14900;1
14901;2
14902;0
14903;1
14904;0
14905;1
14906;0
14907;1
14908;0
14909;0
14910;0
14911;1
14912;0
14913;1
14914;0
14915;1
14916;0
14917;0
14918;1
14919;1
14920;0
14921;0
14922;36
14923;1
14924;1
14925;0
14926;0
14927;1
14928;0
14929;1
14930;0
14931;1
14932;0
14933;2
14934;1
14935;0
14936;0
14937;48
14938;50
14939;1
14940;49
14941;0
14942;0
14943;0
14944;1
14945;0
14946;0
14947;0
14948;0
14949;1
14950;0
14951;1
14952;0
14953;1
14954;0
14955;0
14956;0
14957;1
14958;2
14959;0
14960;0
14961;0
14962;0
14963;0
14964;1
14965;0
14966;1
14967;0
14968;1
14969;1
14970;0
14971;1
14972;0
14973;0
14974;1
14975;0
14976;1
14977;0
14978;0
14979;1
14980;0
14981;0
14982;1
14983;0
14984;1
14985;0
14986;2
14987;1
14988;0
14989;0
14990;0
14991;1
14992;0
14993;0
14994;49
14995;50
14996;0
14997;0
14998;1
14999;1
15000;0
15001;1
15002;0
15003;0
15004;1
15005;0
15006;0
15007;1
15008;0
15009;1
15010;21
15011;22
15012;0
15013;0
15014;1
15015;0
15016;1
15017;1
15018;0
15019;0
15020;3
15021;1
15022;4
15023;0
15024;2
15025;1
15026;0
15027;35
15028;36
15029;0
15030;1
15031;0
15032;1
15033;0
15034;1
15035;0
15036;1
15037;0
15038;0
15039;1
15040;0
15041;0
15042;1
15043;0
15044;1
15045;0
15046;0
15047;0
15048;23
15049;22
15050;36
15051;24
15052;0
15053;1
15054;0
15055;1
15056;0
15057;1
15058;0
15059;0
15060;60
15061;58
15062;2
15063;1
15064;59
15065;1
15066;0
15067;0
15068;2
15069;0
15070;1
15071;0
15072;1
15073;0
15074;0
15075;1
15076;1
15077;0
15078;0
15079;35
15080;36
15081;0
15082;1
15083;0
15084;0
15085;1
15086;0
15087;1
15088;0
15089;2
15090;0
15091;1
15092;3
15093;4
15094;5
15095;0
15096;1
15097;0
15098;43
15099;41
15100;0
15101;40
15102;1
15103;0
15104;0
15105;1
15106;0
15107;1
15108;4
15109;0
15110;0
15111;1
15112;44
15113;0
15114;1
15115;0
15116;1
15117;0
15118;0
15119;0
15120;88
15121;2
15122;0
15123;0
15124;0
15125;47
15126;48
15127;0
15128;3
15129;0
15130;1
15131;2
15132;35
15133;0
15134;1
15135;1
15136;0
15137;35
15138;0
15139;1
15140;0
15141;2
15142;1
15143;0
15144;0
15145;1
15146;2
15147;1
15148;0
15149;0
15150;0
15151;1
15152;0
15153;1
15154;0
15155;0
15156;1
15157;0
15158;1
15159;0
15160;0
15161;1
15162;0
15163;1
15164;0
15165;1
15166;2
15167;0
15168;1
15169;0
15170;0
15171;1
15172;1
15173;0
15174;1
15175;0
15176;35
15177;36
15178;0
15179;0
15180;1
15181;2
15182;0
15183;1
15184;0
15185;0
15186;1
15187;1
15188;0
15189;0
15190;0
15191;1
15192;0
15193;0
15194;0
15195;0
15196;1
15197;0
15198;1
15199;0
15200;48
15201;49
15202;1
15203;47
15204;0
15205;70
15206;40
15207;71
15208;0
15209;0
15210;1
15211;0
15212;1
15213;47
15214;1
15215;40
15216;49
15217;48
15218;0
15219;0
15220;2
15221;1
15222;0
15223;1
15224;0
15225;1
15226;0
15227;1
15228;12
15229;14
15230;15
15231;0
15232;13
15233;0
15234;35
15235;37
15236;36
15237;0
15238;0
15239;1
15240;0
15241;0
15242;1
15243;0
15244;0
15245;1
15246;0
15247;0
15248;1
15249;0
15250;1
15251;0
15252;0
15253;0
15254;0
15255;1
15256;0
15257;0
15258;1
15259;0
15260;1
15261;51
15262;26
15263;28
15264;25
15265;0
15266;1
15267;0
15268;1
15269;0
15270;0
15271;1
15272;0
15273;0
15274;2
15275;1
15276;1
15277;2
15278;0
15279;0
15280;20
15281;1
15282;0
15283;0
15284;0
15285;1
15286;0
15287;1
15288;0
15289;0
15290;0
15291;0
15292;0
15293;0
15294;1
15295;22
15296;23
15297;0
15298;1
15299;0
15300;1
15301;0
15302;0
15303;1
15304;0
15305;1
15306;0
15307;1
15308;5
15309;0
15310;0
15311;1
15312;0
15313;1
15314;17
15315;0
15316;0
15317;1
15318;0
15319;1
15320;1
15321;0
15322;0
15323;1
15324;35
15325;0
15326;1
15327;0
15328;1
15329;1
15330;0
15331;0
15332;0
15333;0
15334;1
15335;0
15336;1
15337;0
15338;1
15339;0
15340;0
15341;0
15342;1
15343;0
15344;0
15345;1
15346;0
15347;1
15348;0
15349;1
15350;0
15351;2
15352;0
15353;1
15354;0
15355;1
15356;0
15357;0
15358;0
15359;1
15360;0
15361;1
15362;0
15363;1
15364;2
15365;0
15366;2
15367;1
15368;0
15369;0
15370;1
15371;0
15372;0
15373;1
15374;0
15375;0
15376;0
15377;1
15378;2
15379;0
15380;1
15381;0
15382;1
15383;0
15384;1
15385;0
15386;1
15387;0
15388;1
15389;0
15390;1
15391;0
15392;1
15393;0
15394;1
15395;0
15396;0
15397;1
15398;0
15399;1
15400;0
15401;49
15402;0
15403;48
15404;47
15405;1
15406;2
15407;0
15408;1
15409;0
15410;0
15411;1
15412;0
15413;1
15414;0
15415;1
15416;2
15417;0
15418;1
15419;0
15420;0
15421;0
15422;1
15423;0
15424;10
15425;0
15426;20
15427;1
15428;11
15429;19
15430;21
15431;0
15432;0
15433;0
15434;0
15435;1
15436;0
15437;0
15438;0
15439;0
15440;0
15441;1
15442;0
15443;1
15444;0
15445;1
15446;0
15447;2
15448;0
15449;0
15450;1
15451;1
15452;0
15453;0
15454;2
15455;0
15456;0
15457;1
15458;0
15459;0
15460;0
15461;2
15462;0
15463;1
15464;0
15465;1
15466;0
15467;0
15468;0
15469;0
15470;1
15471;0
15472;1
15473;0
15474;0
15475;0
15476;1
15477;0
15478;1
15479;0
15480;0
15481;1
15482;0
15483;0
15484;0
15485;0
15486;1
15487;0
15488;1
15489;0
15490;0
15491;1
15492;0
15493;1
15494;0
15495;17
15496;36
15497;18
15498;0
15499;0
15500;2
15501;0
15502;1
15503;1
15504;0
15505;0
15506;1
15507;0
15508;0
15509;1
15510;1
15511;0
15512;0
15513;1
15514;1
15515;0
15516;0
15517;1
15518;0
15519;0
15520;2
15521;1
15522;0
15523;1
15524;1
15525;0
15526;2
15527;0
15528;2
15529;0
15530;1
15531;6
15532;1
15533;7
15534;0
15535;0
15536;1
15537;0
15538;0
15539;0
15540;1
15541;0
15542;1
15543;0
15544;0
15545;1
15546;0
15547;1
15548;0
15549;1
15550;0
15551;0
15552;2
15553;0
15554;0
15555;1
15556;1
15557;0
15558;35
15559;0
15560;1
15561;0
15562;0
15563;1
15564;0
15565;1
15566;0
15567;0
15568;1
15569;2
15570;0
15571;1
15572;0
15573;0
15574;1
15575;35
15576;36
15577;0
15578;2
15579;0
15580;0
15581;1
15582;1
15583;0
15584;2
15585;0
15586;1
15587;1
15588;0
15589;0
15590;1
15591;0
15592;1
15593;0
15594;0
15595;0
15596;0
15597;0
15598;1
15599;0
15600;0
15601;0
15602;1
15603;0
15604;1
15605;0
15606;0
15607;0
15608;1
15609;35
15610;0
15611;1
15612;0
15613;2
15614;1
15615;0
15616;39
15617;0
15618;1
15619;0
15620;1
15621;1
15622;0
15623;0
15624;0
15625;1
15626;0
15627;1
15628;1
15629;0
15630;0
15631;0
15632;1
15633;0
15634;1
15635;0
15636;2
15637;1
15638;0
15639;1
15640;13
15641;20
15642;14
15643;6
15644;0
15645;1
15646;0
15647;1
15648;0
15649;1
15650;0
15651;1
15652;0
15653;0
15654;1
15655;1
15656;0
15657;0
15658;1
15659;0
15660;1
15661;0
15662;0
15663;0
15664;1
15665;0
15666;0
15667;0
15668;0
15669;1
15670;0
15671;0
15672;1
15673;1
15674;0
15675;0
15676;0
15677;1
15678;1
15679;0
15680;0
15681;1
15682;0
15683;0
15684;0
15685;1
15686;0
15687;0
15688;2
15689;1
15690;0
15691;22
15692;1
15693;0
15694;10
15695;23
15696;0
15697;0
15698;1
15699;0
15700;1
15701;0
15702;36
15703;35
15704;0
15705;1
15706;0
15707;1
15708;0
15709;0
15710;0
15711;0
15712;0
15713;0
15714;1
15715;1
15716;0
15717;0
15718;0
15719;39
15720;41
15721;1
15722;40
15723;0
15724;60
15725;58
15726;0
15727;59
15728;0
15729;2
15730;1
15731;23
15732;22
15733;24
15734;0
15735;1
15736;1
15737;0
15738;0
15739;0
15740;0
15741;1
15742;0
15743;1
15744;0
15745;0
15746;1
15747;0
15748;0
15749;1
15750;0
15751;1
15752;1
15753;0
15754;0
15755;1
15756;1
15757;0
15758;0
15759;0
15760;0
15761;0
15762;0
15763;47
15764;0
15765;1
15766;0
15767;1
15768;0
15769;0
15770;1
15771;0
15772;1
15773;0
15774;1
15775;0
15776;0
15777;1
15778;0
15779;0
15780;0
15781;0
15782;1
15783;1
15784;0
15785;0
15786;1
15787;44
15788;0
15789;35
15790;0
15791;76
15792;0
15793;2
15794;1
15795;0
15796;1
15797;1
15798;0
15799;0
15800;2
15801;0
15802;1
15803;0
15804;1
15805;0
15806;0
15807;0
15808;0
15809;1
15810;0
15811;0
15812;0
15813;2
15814;1
15815;0
15816;0
15817;1
15818;0
15819;0
15820;1
15821;0
15822;0
15823;0
15824;35
15825;36
15826;67
15827;35
15828;58
15829;66
15830;36
15831;0
15832;0
15833;1
15834;51
15835;50
15836;0
15837;47
15838;49
15839;48
15840;0
15841;0
15842;0
15843;1
15844;0
15845;0
15846;1
15847;0
15848;2
15849;0
15850;0
15851;0
15852;1
15853;0
15854;0
15855;0
15856;2
15857;1
15858;0
15859;0
15860;0
15861;1
15862;0
15863;1
15864;0
15865;37
15866;38
15867;1
15868;0
15869;1
15870;1
15871;0
15872;1
15873;0
15874;0
15875;1
15876;0
15877;0
15878;1
15879;0
15880;1
15881;0
15882;35
15883;47
15884;49
15885;48
15886;0
15887;0
15888;2
15889;1
15890;0
15891;1
15892;0
15893;1
15894;1
15895;0
15896;11
15897;0
15898;1
15899;0
15900;1
15901;0
15902;0
15903;2
15904;1
15905;1
15906;0
15907;1
15908;0
15909;0
15910;1
15911;0
15912;1
15913;0
15914;1
15915;0
15916;1
15917;1
15918;0
15919;0
15920;1
15921;1
15922;0
15923;1
15924;0
15925;0
15926;1
15927;0
15928;2
15929;1
15930;1
15931;0
15932;51
15933;0
15934;52
15935;0
15936;0
15937;0
15938;1
15939;0
15940;1
15941;5
15942;4
15943;3
15944;6
15945;0
15946;2
15947;40
15948;1
15949;0
15950;1
15951;0
15952;2
15953;0
15954;1
15955;0
15956;0
15957;0
15958;1
15959;0
15960;0
15961;1
15962;2
15963;0
15964;1
15965;0
15966;0
15967;1
15968;0
15969;1
15970;0
15971;0
15972;1
15973;0
15974;1
15975;0
15976;0
15977;0
15978;1
15979;1
15980;0
15981;0
15982;1
15983;0
15984;0
15985;1
15986;0
15987;0
15988;0
15989;35
15990;36
15991;35
15992;1
15993;0
15994;0
15995;0
15996;0
15997;1
15998;0
15999;0
16000;1
16001;0
16002;0
16003;1
16004;0
16005;0
16006;2
16007;1
16008;0
16009;0
16010;1
16011;0
16012;2
16013;0
16014;48
16015;46
16016;47
16017;0
16018;1
16019;1
16020;0
16021;0
16022;0
16023;0
16024;0
16025;1
16026;0
16027;2
16028;0
16029;1
16030;0
16031;0
16032;0
16033;1
16034;0
16035;1
16036;0
16037;1
16038;0
16039;1
16040;0
16041;0
16042;2
16043;1
16044;0
16045;0
16046;1
16047;0
16048;1
16049;0
16050;1
16051;0
16052;0
16053;1
16054;0
16055;4
16056;2
16057;0
16058;1
16059;0
16060;0
16061;0
16062;0
16063;0
16064;0
16065;1
16066;1
16067;0
16068;0
16069;0
16070;1
16071;0
16072;0
16073;1
16074;0
16075;1
16076;0
16077;0
16078;1
16079;0
16080;1
16081;0
16082;1
16083;0
16084;0
16085;1
16086;0
16087;1
16088;0
16089;1
16090;0
16091;0
16092;1
16093;0
16094;1
16095;0
16096;2
16097;1
16098;0
16099;13
16100;1
16101;14
16102;0
16103;0
16104;1
16105;0
16106;0
16107;0
16108;1
16109;35
16110;0
16111;1
16112;2
16113;0
16114;1
16115;0
16116;1
16117;0
16118;1
16119;0
16120;1
16121;0
16122;0
16123;0
16124;1
16125;0
16126;0
16127;0
16128;0
16129;1
16130;0
16131;1
16132;0
16133;0
16134;0
16135;0
16136;0
16137;1
16138;0
16139;1
16140;0
16141;49
16142;1
16143;40
16144;0
16145;1
16146;0
16147;35
16148;0
16149;1
16150;0
16151;0
16152;0
16153;1
16154;35
16155;36
16156;0
16157;1
16158;52
16159;0
16160;1
16161;0
16162;1
16163;0
16164;0
16165;1
16166;0
16167;0
16168;1
16169;35
16170;0
16171;0
16172;1
16173;2
16174;0
16175;35
16176;36
16177;0
16178;0
16179;0
16180;1
16181;0
16182;1
16183;1
16184;0
16185;0
16186;1
16187;0
16188;1
16189;0
16190;1
16191;0
16192;0
16193;1
16194;0
16195;1
16196;0
16197;1
16198;18
16199;0
16200;0
16201;1
16202;0
16203;1
16204;0
16205;0
16206;0
16207;1
16208;0
16209;0
16210;2
16211;1
16212;0
16213;1
16214;0
16215;0
16216;1
16217;0
16218;1
16219;0
16220;0
16221;1
16222;0
16223;0
16224;1
16225;35
16226;36
16227;0
16228;1
16229;40
16230;0
16231;0
16232;0
16233;0
16234;0
16235;0
16236;0
16237;1
16238;2
16239;0
16240;1
16241;1
16242;0
16243;0
16244;0
16245;1
16246;36
16247;35
16248;65
16249;0
16250;0
16251;1
16252;9
16253;0
16254;22
16255;10
16256;21
16257;50
16258;0
16259;1
16260;0
16261;0
16262;0
16263;0
16264;2
16265;1
16266;0
16267;1
16268;1
16269;0
16270;0
16271;0
16272;0
16273;1
16274;0
16275;0
16276;0
16277;1
16278;0
16279;0
16280;2
16281;1
16282;1
16283;41
16284;0
16285;0
16286;1
16287;0
16288;0
16289;1
16290;0
16291;0
16292;2
16293;1
16294;0
16295;1
16296;0
16297;0
16298;0
16299;0
16300;1
16301;1
16302;0
16303;0
16304;35
16305;37
16306;36
16307;0
16308;0
16309;2
16310;1
16311;0
16312;1
16313;0
16314;0
16315;0
16316;1
16317;0
16318;0
16319;1
16320;1
16321;0
16322;0
16323;0
16324;0
16325;1
16326;0
16327;0
16328;1
16329;45
16330;0
16331;2
16332;0
16333;1
16334;0
16335;1
16336;0
16337;1
16338;0
16339;0
16340;1
16341;1
16342;0
16343;36
16344;35
16345;38
16346;0
16347;1
16348;1
16349;0
16350;0
16351;1
16352;0
16353;1
16354;0
16355;0
16356;1
16357;0
16358;2
16359;1
16360;35
16361;36
16362;0
16363;0
16364;0
16365;0
16366;1
16367;0
16368;1
16369;0
16370;2
16371;1
16372;0
16373;1
16374;0
16375;1
16376;0
16377;10
16378;0
16379;1
16380;11
16381;47
16382;0
16383;46
16384;1
16385;0
16386;0
16387;0
16388;1
16389;0
16390;1
16391;0
16392;1
16393;0
16394;1
16395;31
16396;29
16397;0
16398;1
16399;30
16400;0
16401;1
16402;0
16403;0
16404;1
16405;0
16406;0
16407;1
16408;0
16409;0
16410;1
16411;0
16412;0
16413;0
16414;1
16415;0
16416;0
16417;1
16418;0
16419;0
16420;1
16421;2
16422;1
16423;0
16424;0
16425;0
16426;0
16427;1
16428;0
16429;1
16430;0
16431;1
16432;1
16433;0
16434;1
16435;0
16436;0
16437;0
16438;1
16439;0
16440;1
16441;0
16442;0
16443;1
16444;0
16445;1
16446;1
16447;0
16448;0
16449;1
16450;0
16451;0
16452;0
16453;1
16454;21
16455;1
16456;0
16457;0
16458;0
16459;1
16460;0
16461;1
16462;0
16463;0
16464;0
16465;1
16466;1
16467;0
16468;0
16469;0
16470;1
16471;0
16472;0
16473;1
16474;0
16475;1
16476;0
16477;1
16478;0
16479;0
16480;1
16481;0
16482;0
16483;1
16484;0
16485;0
16486;0
16487;1
16488;0
16489;1
16490;0
16491;1
16492;1
16493;0
16494;35
16495;0
16496;0
16497;1
16498;0
16499;0
16500;1
16501;5
16502;4
16503;3
16504;0
16505;1
16506;2
16507;0
16508;0
16509;0
16510;0
16511;1
16512;0
16513;1
16514;0
16515;1
16516;0
16517;1
16518;0
16519;0
16520;0
16521;0
16522;0
16523;0
16524;0
16525;0
16526;1
16527;1
16528;0
16529;0
16530;0
16531;0
16532;1
16533;2
16534;0
16535;0
16536;0
16537;1
16538;1
16539;0
16540;0
16541;2
16542;0
16543;1
16544;0
16545;0
16546;1
16547;0
16548;1
16549;35
16550;35
16551;36
16552;37
16553;0
16554;0
16555;1
16556;42
16557;43
16558;0
16559;1
16560;36
16561;35
16562;0
16563;1
16564;0
16565;1
16566;0
16567;1
16568;2
16569;0
16570;0
16571;1
16572;0
16573;0
16574;1
16575;0
16576;1
16577;0
16578;1
16579;0
16580;1
16581;0
16582;1
16583;0
16584;1
16585;0
16586;0
16587;1
16588;16
16589;0
16590;18
16591;19
16592;10
16593;17
16594;0
16595;39
16596;0
16597;1
16598;0
16599;0
16600;1
16601;2
16602;0
16603;2
16604;1
16605;0
16606;1
16607;0
16608;35
16609;0
16610;1
16611;0
16612;0
16613;1
16614;0
16615;1
16616;35
16617;1
16618;0
16619;0
16620;1
16621;0
16622;1
16623;0
16624;1
16625;0
16626;0
16627;2
16628;0
16629;2
16630;0
16631;1
16632;0
16633;1
16634;0
16635;1
16636;0
16637;44
16638;0
16639;1
16640;0
16641;0
16642;0
16643;1
16644;0
16645;1
16646;2
16647;0
16648;0
16649;0
16650;0
16651;1
16652;0
16653;2
16654;1
16655;0
16656;1
16657;0
16658;0
16659;1
16660;0
16661;1
16662;0
16663;1
16664;0
16665;0
16666;1
16667;1
16668;0
16669;1
16670;2
16671;0
16672;0
16673;1
16674;0
16675;1
16676;0
16677;2
16678;0
16679;2
16680;1
16681;0
16682;0
16683;0
16684;1
16685;0
16686;0
16687;1
16688;0
16689;1
16690;1
16691;0
16692;0
16693;0
16694;1
16695;0
16696;0
16697;0
16698;1
16699;0
16700;0
16701;1
16702;2
16703;0
16704;1
16705;0
16706;0
16707;1
16708;0
16709;0
16710;1
16711;0
16712;0
16713;0
16714;0
16715;1
16716;0
16717;0
16718;1
16719;1
16720;0
16721;0
16722;1
16723;0
16724;1
16725;0
16726;1
16727;0
16728;1
16729;1
16730;0
16731;37
16732;1
16733;0
16734;0
16735;1
16736;0
16737;0
16738;0
16739;1
16740;1
16741;0
16742;0
16743;0
16744;0
16745;1
16746;0
16747;0
16748;0
16749;1
16750;0
16751;1
16752;0
16753;1
16754;0
16755;1
16756;0
16757;0
16758;0
16759;1
16760;0
16761;1
16762;0
16763;36
16764;35
16765;75
16766;0
16767;1
16768;0
16769;0
16770;5
16771;1
16772;6
16773;0
16774;1
16775;0
16776;0
16777;1
16778;0
16779;1
16780;0
16781;1
16782;1
16783;0
16784;0
16785;0
16786;1
16787;0
16788;1
16789;0
16790;0
16791;0
16792;0
16793;1
16794;0
16795;1
16796;0
16797;2
16798;1
16799;1
16800;0
16801;0
16802;0
16803;0
16804;0
16805;0
16806;1
16807;0
16808;1
16809;2
16810;0
16811;0
16812;0
16813;0
16814;1
16815;0
16816;0
16817;0
16818;0
16819;0
16820;1
16821;0
16822;0
16823;0
16824;1
16825;0
16826;1
16827;0
16828;1
16829;0
16830;1
16831;0
16832;1
16833;0
16834;1
16835;0
16836;0
16837;2
16838;1
16839;0
16840;24
16841;23
16842;0
16843;0
16844;1
16845;1
16846;0
16847;0
16848;0
16849;0
16850;0
16851;0
16852;0
16853;1
16854;0
16855;41
16856;42
16857;0
16858;0
16859;0
16860;1
16861;0
16862;0
16863;1
16864;0
16865;0
16866;1
16867;2
16868;0
16869;1
16870;0
16871;44
16872;64
16873;1
16874;0
16875;0
16876;1
16877;1
16878;0
16879;0
16880;0
16881;0
16882;0
16883;1
16884;0
16885;35
16886;1
16887;0
16888;0
16889;0
16890;2
16891;0
16892;1
16893;0
16894;1
16895;0
16896;0
16897;0
16898;1
16899;0
16900;1
16901;1
16902;0
16903;36
16904;35
16905;0
16906;0
16907;1
16908;2
16909;0
16910;1
16911;0
16912;47
16913;48
16914;1
16915;16
16916;1
16917;0
16918;18
16919;19
16920;10
16921;17
16922;0
16923;1
16924;0
16925;0
16926;1
16927;0
16928;1
16929;1
16930;0
16931;0
16932;1
16933;0
16934;1
16935;0
16936;1
16937;0
16938;0
16939;1
16940;35
16941;0
16942;36
16943;0
16944;1
16945;0
16946;1
16947;0
16948;2
16949;1
16950;0
16951;1
16952;0
16953;52
16954;2
16955;53
16956;1
16957;0
16958;0
16959;1
16960;0
16961;0
16962;1
16963;0
16964;1
16965;0
16966;0
16967;2
16968;1
16969;0
16970;1
16971;1
16972;0
16973;39
16974;0
16975;0
16976;1
16977;39
16978;1
16979;0
16980;0
16981;1
16982;2
16983;0
16984;63
16985;2
16986;1
16987;62
16988;0
16989;1
16990;0
16991;0
16992;0
16993;2
16994;83
16995;1
16996;0
16997;1
16998;2
16999;0
17000;0
17001;3
17002;2
17003;1
17004;0
17005;11
17006;12
17007;10
17008;11
17009;0
17010;1
17011;0
17012;1
17013;0
17014;1
17015;0
17016;0
17017;1
17018;2
17019;0
17020;0
17021;1
17022;0
17023;1
17024;2
17025;0
17026;0
17027;1
17028;0
17029;1
17030;0
17031;0
17032;1
17033;1
17034;0
17035;2
17036;44
17037;0
17038;0
17039;1
17040;2
17041;0
17042;1
17043;0
17044;1
17045;0
17046;1
17047;0
17048;45
17049;1
17050;46
17051;0
17052;1
17053;0
17054;1
17055;0
17056;0
17057;1
17058;0
17059;1
17060;1
17061;0
17062;0
17063;1
17064;0
17065;1
17066;2
17067;1
17068;0
17069;1
17070;0
17071;0
17072;1
17073;1
17074;0
17075;0
17076;1
17077;0
17078;1
17079;1
17080;0
17081;0
17082;0
17083;1
17084;0
17085;1
17086;0
17087;1
17088;0
17089;1
17090;1
17091;0
17092;0
17093;1
17094;0
17095;0
17096;1
17097;0
17098;1
17099;0
17100;1
17101;0
17102;39
17103;57
17104;1
17105;15
17106;0
17107;1
17108;1
17109;0
17110;0
17111;0
17112;0
17113;1
17114;0
17115;1
17116;1
17117;0
17118;0
17119;0
17120;0
17121;0
17122;1
17123;0
17124;1
17125;1
17126;0
17127;1
17128;0
17129;0
17130;1
17131;0
17132;0
17133;1
17134;0
17135;1
17136;0
17137;0
17138;1
17139;0
17140;0
17141;1
17142;0
17143;1
17144;0
17145;2
17146;0
17147;1
17148;0
17149;1
17150;0
17151;1
17152;0
17153;0
17154;1
17155;0
17156;41
17157;1
17158;0
17159;0
17160;0
17161;54
17162;1
17163;0
17164;0
17165;2
17166;1
17167;0
17168;1
17169;0
17170;1
17171;0
17172;2
17173;39
17174;45
17175;1
17176;0
17177;0
17178;1
17179;1
17180;42
17181;0
17182;39
17183;40
17184;0
17185;1
17186;35
17187;36
17188;0
17189;1
17190;0
17191;1
17192;0
17193;0
17194;0
17195;0
17196;1
17197;0
17198;1
17199;0
17200;1
17201;0
17202;1
17203;1
17204;0
17205;35
17206;0
17207;1
17208;0
17209;0
17210;61
17211;69
17212;35
17213;68
17214;67
17215;1
17216;0
17217;0
17218;1
17219;0
17220;0
17221;1
17222;0
17223;1
17224;0
17225;0
17226;1
17227;0
17228;1
17229;0
17230;1
17231;2
17232;0
17233;1
17234;0
17235;1
17236;1
17237;0
17238;0
17239;1
17240;0
17241;0
17242;1
17243;1
17244;0
17245;0
17246;0
17247;1
17248;44
17249;0
17250;1
17251;45
17252;2
17253;0
17254;42
17255;46
17256;1
17257;0
17258;43
17259;0
17260;1
17261;0
17262;1
17263;1
17264;0
17265;1
17266;0
17267;0
17268;1
17269;0
17270;2
17271;1
17272;0
17273;1
17274;0
17275;1
17276;1
17277;0
17278;0
17279;1
17280;0
17281;1
17282;1
17283;0
17284;0
17285;2
17286;1
17287;1
17288;0
17289;0
17290;1
17291;0
17292;0
17293;1
17294;1
17295;0
17296;0
17297;0
17298;1
17299;0
17300;2
17301;0
17302;0
17303;1
17304;0
17305;1
17306;0
17307;40
17308;1
17309;0
17310;1
17311;1
17312;0
17313;0
17314;0
17315;0
17316;1
17317;0
17318;1
17319;0
17320;1
17321;0
17322;0
17323;0
17324;0
17325;0
17326;1
17327;1
17328;0
17329;0
17330;1
17331;0
17332;19
17333;0
17334;21
17335;22
17336;1
17337;20
17338;36
17339;0
17340;0
17341;1
17342;0
17343;1
17344;1
17345;0
17346;1
17347;0
17348;5
17349;11
17350;4
17351;0
17352;1
17353;44
17354;0
17355;1
17356;0
17357;1
17358;0
17359;0
17360;1
17361;0
17362;1
17363;0
17364;48
17365;0
17366;1
17367;0
17368;0
17369;25
17370;0
17371;1
17372;0
17373;0
17374;0
17375;1
17376;0
17377;0
17378;1
17379;0
17380;0
17381;1
17382;0
17383;1
17384;0
17385;0
17386;1
17387;0
17388;2
17389;0
17390;1
17391;0
17392;0
17393;0
17394;1
17395;2
17396;0
17397;1
17398;0
17399;1
17400;0
17401;2
17402;1
17403;0
17404;1
17405;0
17406;1
17407;0
17408;0
17409;2
17410;1
17411;0
17412;0
17413;0
17414;1
17415;0
17416;1
17417;0
17418;0
17419;1
17420;0
17421;0
17422;1
17423;0
17424;0
17425;0
17426;1
17427;1
17428;0
17429;0
17430;0
17431;39
17432;84
17433;0
17434;40
17435;0
17436;1
17437;0
17438;1
17439;0
17440;1
17441;0
17442;1
17443;0
17444;0
17445;0
17446;1
17447;35
17448;36
17449;0
17450;1
17451;0
17452;1
17453;0
17454;0
17455;1
17456;1
17457;0
17458;0
17459;1
17460;0
17461;1
17462;0
17463;0
17464;1
17465;0
17466;1
17467;0
17468;1
17469;0
17470;1
17471;2
17472;0
17473;2
17474;1
17475;0
17476;51
17477;1
17478;0
17479;0
17480;1
17481;0
17482;1
17483;0
17484;2
17485;1
17486;1
17487;0
17488;0
17489;1
17490;0
17491;0
17492;1
17493;0
17494;0
17495;1
17496;0
17497;0
17498;1
17499;0
17500;1
17501;0
17502;0
17503;1
17504;0
17505;1
17506;0
17507;0
17508;0
17509;1
17510;1
17511;0
17512;0
17513;1
17514;35
17515;37
17516;0
17517;0
17518;76
17519;75
17520;0
17521;1
17522;0
17523;1
17524;0
17525;1
17526;0
17527;1
17528;0
17529;0
17530;1
17531;0
17532;0
17533;0
17534;1
17535;0
17536;2
17537;1
17538;0
17539;0
17540;1
17541;1
17542;0
17543;0
17544;2
17545;0
17546;1
17547;0
17548;1
17549;0
17550;1
17551;0
17552;0
17553;1
17554;0
17555;1
17556;0
17557;1
17558;0
17559;1
17560;1
17561;0
17562;0
17563;1
17564;0
17565;0
17566;1
17567;1
17568;0
17569;0
17570;1
17571;16
17572;0
17573;18
17574;19
17575;1
17576;10
17577;17
17578;0
17579;1
17580;0
17581;1
17582;0
17583;44
17584;0
17585;0
17586;84
17587;1
17588;0
17589;0
17590;1
17591;0
17592;1
17593;1
17594;2
17595;0
17596;0
17597;0
17598;0
17599;1
17600;0
17601;0
17602;35
17603;0
17604;37
17605;36
17606;1
17607;0
17608;1
17609;0
17610;0
17611;1
17612;0
17613;1
17614;1
17615;0
17616;0
17617;1
17618;0
17619;1
17620;0
17621;1
17622;0
17623;0
17624;0
17625;1
17626;0
17627;0
17628;1
17629;1
17630;0
17631;24
17632;1
17633;0
17634;1
17635;0
17636;0
17637;1
17638;0
17639;36
17640;0
17641;1
17642;35
17643;36
17644;0
17645;43
17646;0
17647;0
17648;1
17649;41
17650;43
17651;0
17652;1
17653;1
17654;0
17655;0
17656;0
17657;1
17658;0
17659;1
17660;0
17661;0
17662;0
17663;0
17664;1
17665;0
17666;0
17667;0
17668;0
17669;1
17670;0
17671;1
17672;0
17673;1
17674;2
17675;0
17676;1
17677;0
17678;1
17679;60
17680;1
17681;0
17682;58
17683;0
17684;0
17685;1
17686;0
17687;0
17688;0
17689;1
17690;0
17691;1
17692;0
17693;36
17694;35
17695;0
17696;0
17697;0
17698;35
17699;36
17700;0
17701;1
17702;0
17703;0
17704;1
17705;0
17706;0
17707;1
17708;0
17709;0
17710;1
17711;0
17712;0
17713;10
17714;21
17715;8
17716;12
17717;11
17718;9
17719;0
17720;1
17721;0
17722;0
17723;1
17724;0
17725;0
17726;0
17727;1
17728;0
17729;1
17730;0
17731;0
17732;0
17733;1
17734;0
17735;1
17736;0
17737;0
17738;1
17739;0
17740;2
17741;1
17742;0
17743;1
17744;0
17745;1
17746;0
17747;0
17748;1
17749;1
17750;0
17751;0
17752;0
17753;0
17754;1
17755;48
17756;0
17757;1
17758;35
17759;0
17760;1
17761;0
17762;0
17763;0
17764;0
17765;0
17766;1
17767;1
17768;0
17769;0
17770;1
17771;2
17772;0
17773;1
17774;0
17775;1
17776;0
17777;0
17778;1
17779;47
17780;71
17781;48
17782;70
17783;74
17784;50
17785;0
17786;1
17787;0
17788;1
17789;0
17790;1
17791;0
17792;1
17793;0
17794;1
17795;0
17796;0
17797;2
17798;1
17799;0
17800;1
17801;1
17802;0
17803;2
17804;0
17805;0
17806;1
17807;0
17808;1
17809;0
17810;0
17811;2
17812;0
17813;0
17814;0
17815;0
17816;35
17817;0
17818;0
17819;35
17820;0
17821;0
17822;1
17823;0
17824;1
17825;0
17826;0
17827;26
17828;35
17829;36
17830;0
17831;1
17832;0
17833;2
17834;1
17835;1
17836;0
17837;0
17838;0
17839;1
17840;2
17841;1
17842;0
17843;0
17844;0
17845;1
17846;2
17847;0
17848;2
17849;0
17850;1
17851;1
17852;0
17853;0
17854;1
17855;2
17856;0
17857;1
17858;1
17859;0
17860;0
17861;0
17862;1
17863;39
17864;38
17865;0
17866;0
17867;1
17868;0
17869;1
17870;2
17871;0
17872;1
17873;1
17874;0
17875;1
17876;0
17877;0
17878;35
17879;1
17880;0
17881;0
17882;1
17883;0
17884;1
17885;0
17886;0
17887;1
17888;0
17889;1
17890;0
17891;1
17892;36
17893;35
17894;0
17895;1
17896;0
17897;1
17898;0
17899;1
17900;0
17901;1
17902;0
17903;0
17904;1
17905;0
17906;1
17907;0
17908;0
17909;0
17910;1
17911;2
17912;0
17913;1
17914;1
17915;0
17916;0
17917;0
17918;0
17919;1
17920;68
17921;0
17922;52
17923;69
17924;1
17925;0
17926;0
17927;1
17928;2
17929;1
17930;0
17931;0
17932;1
17933;0
17934;0
17935;0
17936;1
17937;0
17938;1
17939;0
17940;0
17941;1
17942;1
17943;0
17944;0
17945;1
17946;0
17947;1
17948;0
17949;2
17950;0
17951;0
17952;1
17953;3
17954;12
17955;4
17956;0
17957;0
17958;1
17959;1
17960;0
17961;0
17962;1
17963;0
17964;1
17965;0
17966;1
17967;0
17968;0
17969;2
17970;1
17971;0
17972;0
17973;0
17974;1
17975;0
17976;0
17977;2
17978;1
17979;0
17980;1
17981;0
17982;1
17983;0
17984;0
17985;1
17986;1
17987;0
17988;0
17989;0
17990;45
17991;0
17992;1
17993;48
17994;47
17995;0
17996;1
17997;0
17998;1
17999;0
18000;0
18001;1
18002;0
18003;1
18004;0
18005;0
18006;2
18007;50
18008;51
18009;1
18010;0
18011;0
18012;2
18013;1
18014;1
18015;0
18016;0
18017;1
18018;0
18019;1
18020;0
18021;47
18022;5
18023;49
18024;48
18025;0
18026;1
18027;0
18028;1
18029;0
18030;2
18031;3
18032;1
18033;0
18034;0
18035;1
18036;0
18037;0
18038;0
18039;9
18040;1
18041;10
18042;0
18043;1
18044;1
18045;0
18046;1
18047;0
18048;0
18049;1
18050;0
18051;1
18052;6
18053;14
18054;0
18055;0
18056;1
18057;0
18058;0
18059;0
18060;0
18061;0
18062;0
18063;0
18064;1
18065;0
18066;1
18067;0
18068;0
18069;1
18070;0
18071;35
18072;36
18073;1
18074;0
18075;2
18076;0
18077;0
18078;1
18079;0
18080;1
18081;0
18082;0
18083;0
18084;0
18085;1
18086;0
18087;1
18088;0
18089;1
18090;0
18091;0
18092;40
18093;42
18094;41
18095;0
18096;0
18097;1
18098;0
18099;1
18100;0
18101;0
18102;1
18103;0
18104;1
18105;0
18106;2
18107;1
18108;0
18109;1
18110;1
18111;0
18112;41
18113;0
18114;79
18115;80
18116;35
18117;81
18118;1
18119;0
18120;0
18121;0
18122;0
18123;0
18124;0
18125;1
18126;1
18127;0
18128;0
18129;40
18130;0
18131;1
18132;0
18133;0
18134;0
18135;0
18136;1
18137;0
18138;1
18139;0
18140;0
18141;0
18142;1
18143;0
18144;0
18145;1
18146;0
18147;0
18148;1
18149;0
18150;1
18151;0
18152;1
18153;0
18154;2
18155;0
18156;0
18157;1
18158;0
18159;0
18160;0
18161;0
18162;0
18163;1
18164;0
18165;0
18166;1
18167;0
18168;1
18169;0
18170;1
18171;0
18172;1
18173;0
18174;53
18175;1
18176;54
18177;0
18178;1
18179;0
18180;1
18181;0
18182;1
18183;0
18184;1
18185;0
18186;1
18187;35
18188;0
18189;1
18190;10
18191;9
18192;0
18193;0
18194;1
18195;2
18196;0
18197;1
18198;0
18199;0
18200;1
18201;37
18202;21
18203;17
18204;36
18205;1
18206;0
18207;0
18208;1
18209;0
18210;0
18211;1
18212;1
18213;0
18214;0
18215;0
18216;0
18217;0
18218;1
18219;0
18220;0
18221;0
18222;1
18223;1
18224;0
18225;0
18226;0
18227;1
18228;0
18229;1
18230;2
18231;0
18232;0
18233;2
18234;1
18235;0
18236;1
18237;0
18238;0
18239;1
18240;0
18241;40
18242;0
18243;0
18244;1
18245;2
18246;27
18247;29
18248;28
18249;35
18250;63
18251;62
18252;36
18253;66
18254;64
18255;0
18256;1
18257;0
18258;1
18259;1
18260;0
18261;0
18262;1
18263;0
18264;1
18265;2
18266;0
18267;0
18268;1
18269;0
18270;0
18271;0
18272;0
18273;0
18274;35
18275;36
18276;0
18277;1
18278;0
18279;2
18280;1
18281;0
18282;0
18283;1
18284;0
18285;1
18286;0
18287;2
18288;1
18289;0
18290;0
18291;1
18292;0
18293;1
18294;0
18295;0
18296;2
18297;0
18298;0
18299;1
18300;43
18301;44
18302;1
18303;0
18304;1
18305;0
18306;0
18307;1
18308;0
18309;1
18310;0
18311;1
18312;0
18313;0
18314;0
18315;0
18316;1
18317;0
18318;0
18319;0
18320;1
18321;1
18322;0
18323;0
18324;1
18325;0
18326;1
18327;61
18328;63
18329;0
18330;1
18331;0
18332;1
18333;1
18334;0
18335;0
18336;1
18337;0
18338;1
18339;0
18340;1
18341;0
18342;1
18343;0
18344;0
18345;1
18346;0
18347;1
18348;0
18349;0
18350;1
18351;1
18352;0
18353;0
18354;0
18355;1
18356;44
18357;0
18358;0
18359;1
18360;0
18361;0
18362;1
18363;0
18364;0
18365;1
18366;0
18367;0
18368;2
18369;1
18370;1
18371;0
18372;2
18373;0
18374;1
18375;0
18376;0
18377;1
18378;1
18379;0
18380;0
18381;0
18382;0
18383;0
18384;1
18385;2
18386;1
18387;0
18388;0
18389;1
18390;1
18391;0
18392;0
18393;0
18394;1
18395;1
18396;0
18397;1
18398;0
18399;1
18400;0
18401;1
18402;1
18403;0
18404;1
18405;0
18406;1
18407;0
18408;0
18409;1
18410;0
18411;57
18412;58
18413;0
18414;41
18415;0
18416;0
18417;0
18418;0
18419;0
18420;0
18421;1
18422;0
18423;1
18424;1
18425;0
18426;35
18427;0
18428;1
18429;0
18430;0
18431;1
18432;2
18433;35
18434;0
18435;0
18436;1
18437;0
18438;1
18439;0
18440;2
18441;0
18442;1
18443;2
18444;0
18445;1
18446;9
18447;0
18448;1
18449;1
18450;0
18451;0
18452;1
18453;0
18454;0
18455;0
18456;1
18457;0
18458;0
18459;1
18460;0
18461;1
18462;0
18463;1
18464;0
18465;0
18466;1
18467;47
18468;0
18469;49
18470;48
18471;0
18472;0
18473;0
18474;1
18475;35
18476;1
18477;0
18478;0
18479;1
18480;1
18481;0
18482;0
18483;2
18484;1
18485;0
18486;2
18487;1
18488;0
18489;1
18490;0
18491;0
18492;0
18493;1
18494;0
18495;0
18496;1
18497;39
18498;0
18499;0
18500;2
18501;1
18502;0
18503;0
18504;1
18505;0
18506;1
18507;0
18508;1
18509;0
18510;0
18511;1
18512;2
18513;0
18514;1
18515;0
18516;0
18517;1
18518;1
18519;0
18520;0
18521;1
18522;0
18523;1
18524;0
18525;0
18526;0
18527;0
18528;0
18529;0
18530;0
18531;1
18532;0
18533;0
18534;1
18535;1
18536;0
18537;0
18538;0
18539;1
18540;0
18541;2
18542;1
18543;0
18544;1
18545;0
18546;0
18547;1
18548;0
18549;0
18550;1
18551;0
18552;70
18553;1
18554;74
18555;73
18556;0
18557;0
18558;1
18559;0
18560;0
18561;0
18562;0
18563;0
18564;0
18565;1
18566;0
18567;0
18568;1
18569;0
18570;0
18571;1
18572;35
18573;36
18574;37
18575;1
18576;0
18577;0
18578;1
18579;0
18580;0
18581;0
18582;2
18583;1
18584;0
18585;1
18586;1
18587;0
18588;0
18589;0
18590;0
18591;0
18592;2
18593;1
18594;0
18595;1
18596;0
18597;0
18598;1
18599;0
18600;1
18601;0
18602;2
18603;0
18604;1
18605;0
18606;1
18607;0
18608;2
18609;1
18610;0
18611;0
18612;1
18613;1
18614;0
18615;0
18616;1
18617;0
18618;1
18619;0
18620;1
18621;0
18622;1
18623;1
18624;0
18625;0
18626;0
18627;54
18628;1
18629;2
18630;50
18631;0
18632;0
18633;1
18634;0
18635;0
18636;1
18637;0
18638;2
18639;35
18640;36
18641;0
18642;1
18643;1
18644;0
18645;0
18646;1
18647;0
18648;0
18649;1
18650;2
18651;1
18652;4
18653;0
18654;1
18655;0
18656;0
18657;0
18658;1
18659;2
18660;0
18661;0
18662;0
18663;1
18664;1
18665;0
18666;0
18667;1
18668;0
18669;1
18670;0
18671;0
18672;1
18673;0
18674;0
18675;1
18676;0
18677;35
18678;0
18679;20
18680;11
18681;1
18682;21
18683;35
18684;36
18685;0
18686;0
18687;1
18688;1
18689;0
18690;0
18691;0
18692;1
18693;0
18694;1
18695;0
18696;1
18697;0
18698;1
18699;0
18700;0
18701;2
18702;1
18703;0
18704;1
18705;0
18706;1
18707;0
18708;44
18709;0
18710;1
18711;43
18712;0
18713;42
18714;0
18715;1
18716;0
18717;1
18718;0
18719;1
18720;1
18721;0
18722;0
18723;0
18724;1
18725;18
18726;19
18727;1
18728;0
18729;47
18730;0
18731;48
18732;0
18733;1
18734;0
18735;0
18736;48
18737;1
18738;47
18739;0
18740;0
18741;1
18742;0
18743;1
18744;0
18745;1
18746;0
18747;1
18748;0
18749;1
18750;1
18751;0
18752;0
18753;0
18754;0
18755;1
18756;0
18757;0
18758;0
18759;0
18760;1
18761;0
18762;1
18763;0
18764;1
18765;0
18766;1
18767;0
18768;0
18769;1
18770;41
18771;0
18772;0
18773;1
18774;0
18775;25
18776;1
18777;2
18778;0
18779;1
18780;0
18781;0
18782;1
18783;0
18784;0
18785;0
18786;0
18787;0
18788;1
18789;0
18790;0
18791;1
18792;1
18793;0
18794;0
18795;27
18796;26
18797;25
18798;1
18799;0
18800;1
18801;1
18802;0
18803;0
18804;0
18805;1
18806;0
18807;1
18808;0
18809;1
18810;1
18811;0
18812;1
18813;0
18814;0
18815;0
18816;1
18817;0
18818;28
18819;29
18820;1
18821;0
18822;0
18823;0
18824;0
18825;1
18826;0
18827;0
18828;1
18829;0
18830;2
18831;1
18832;1
18833;0
18834;0
18835;1
18836;0
18837;1
18838;1
18839;0
18840;0
18841;0
18842;1
18843;0
18844;27
18845;0
18846;19
18847;0
18848;1
18849;1
18850;0
18851;0
18852;1
18853;0
18854;0
18855;0
18856;1
18857;0
18858;1
18859;0
18860;0
18861;1
18862;0
18863;0
18864;0
18865;1
18866;0
18867;1
18868;0
18869;42
18870;41
18871;1
18872;0
18873;0
18874;1
18875;0
18876;1
18877;0
18878;0
18879;0
18880;1
18881;0
18882;1
18883;0
18884;0
18885;0
18886;1
18887;0
18888;0
18889;41
18890;0
18891;43
18892;0
18893;1
18894;0
18895;0
18896;0
18897;1
18898;0
18899;0
18900;0
18901;1
18902;0
18903;0
18904;1
18905;1
18906;0
18907;0
18908;1
18909;0
18910;1
18911;0
18912;36
18913;35
18914;0
18915;1
18916;0
18917;1
18918;0
18919;1
18920;0
18921;1
18922;0
18923;1
18924;0
18925;0
18926;1
18927;35
18928;36
18929;0
18930;0
18931;1
18932;0
18933;1
18934;0
18935;39
18936;1
18937;0
18938;0
18939;1
18940;0
18941;1
18942;0
18943;0
18944;3
18945;4
18946;1
18947;0
18948;0
18949;0
18950;1
18951;0
18952;35
18953;36
18954;35
18955;0
18956;71
18957;1
18958;0
18959;1
18960;0
18961;1
18962;0
18963;0
18964;1
18965;0
18966;0
18967;0
18968;35
18969;0
18970;0
18971;2
18972;0
18973;1
18974;0
18975;0
18976;1
18977;0
18978;1
18979;0
18980;2
18981;1
18982;0
18983;1
18984;0
18985;1
18986;1
18987;0
18988;0
18989;1
18990;0
18991;0
18992;40
18993;42
18994;1
18995;0
18996;0
18997;1
18998;0
18999;1
19000;0
19001;1
19002;0
19003;1
19004;0
19005;0
19006;1
19007;0
19008;1
19009;0
19010;16
19011;18
19012;19
19013;1
19014;10
19015;17
19016;0
19017;14
19018;0
19019;1
19020;0
19021;0
19022;1
19023;0
19024;0
19025;0
19026;1
19027;0
19028;1
19029;1
19030;0
19031;0
19032;1
19033;0
19034;0
19035;10
19036;11
19037;9
19038;0
19039;1
19040;0
19041;0
19042;1
19043;0
19044;0
19045;2
19046;0
19047;2
19048;1
19049;0
19050;1
19051;1
19052;0
19053;0
19054;1
19055;0
19056;1
19057;0
19058;0
19059;1
19060;0
19061;0
19062;1
19063;0
19064;1
19065;0
19066;0
19067;1
19068;36
19069;35
19070;0
19071;1
19072;36
19073;35
19074;0
19075;1
19076;1
19077;0
19078;0
19079;2
19080;1
19081;0
19082;0
19083;1
19084;0
19085;1
19086;1
19087;0
19088;1
19089;39
19090;0
19091;0
19092;0
19093;1
19094;1
19095;0
19096;1
19097;0
19098;0
19099;0
19100;1
19101;0
19102;1
19103;40
19104;0
19105;1
19106;0
19107;0
19108;0
19109;0
19110;0
19111;1
19112;0
19113;35
19114;0
19115;0
19116;1
19117;1
19118;0
19119;0
19120;0
19121;0
19122;35
19123;36
19124;0
19125;0
19126;1
19127;0
19128;0
19129;1
19130;0
19131;1
19132;0
19133;1
19134;0
19135;0
19136;1
19137;0
19138;0
19139;1
19140;0
19141;0
19142;1
19143;0
19144;1
19145;0
19146;1
19147;35
19148;36
19149;27
19150;36
19151;37
19152;1
19153;0
19154;0
19155;0
19156;1
19157;0
19158;0
19159;0
19160;32
19161;0
19162;33
19163;0
19164;1
19165;0
19166;1
19167;1
19168;0
19169;0
19170;1
19171;0
19172;0
19173;1
19174;13
19175;14
19176;15
19177;0
19178;0
19179;1
19180;0
19181;0
19182;0
19183;0
19184;45
19185;2
19186;0
19187;1
19188;5
19189;0
19190;0
19191;1
19192;0
19193;0
19194;0
19195;1
19196;0
19197;1
19198;1
19199;0
19200;0
19201;1
19202;0
19203;0
19204;2
19205;1
19206;0
19207;0
19208;1
19209;0
19210;0
19211;1
19212;0
19213;1
19214;0
19215;0
19216;1
19217;0
19218;0
19219;1
19220;0
19221;17
19222;0
19223;0
19224;1
19225;0
19226;1
19227;0
19228;0
19229;0
19230;1
19231;2
19232;16
19233;35
19234;36
19235;35
19236;0
19237;2
19238;0
19239;0
19240;1
19241;0
19242;1
19243;0
19244;1
19245;0
19246;1
19247;1
19248;0
19249;0
19250;0
19251;0
19252;0
19253;0
19254;1
19255;0
19256;0
19257;0
19258;1
19259;0
19260;1
19261;1
19262;0
19263;0
19264;0
19265;1
19266;0
19267;0
19268;1
19269;0
19270;0
19271;1
19272;0
19273;0
19274;0
19275;1
19276;33
19277;0
19278;0
19279;1
19280;2
19281;0
19282;0
19283;0
19284;0
19285;1
19286;0
19287;1
19288;0
19289;0
19290;1
19291;0
19292;1
19293;0
19294;0
19295;1
19296;0
19297;1
19298;0
19299;45
19300;1
19301;0
19302;1
19303;42
19304;41
19305;0
19306;1
19307;0
19308;1
19309;0
19310;0
19311;1
19312;0
19313;1
19314;0
19315;0
19316;0
19317;1
19318;0
19319;0
19320;1
19321;0
19322;0
19323;1
19324;0
19325;1
19326;49
19327;42
19328;0
19329;0
19330;0
19331;1
19332;0
19333;1
19334;0
19335;0
19336;1
19337;0
19338;1
19339;0
19340;0
19341;14
19342;0
19343;0
19344;1
19345;1
19346;0
19347;0
19348;1
19349;1
19350;0
19351;0
19352;1
19353;0
19354;2
19355;1
19356;1
19357;0
19358;0
19359;1
19360;0
19361;0
19362;0
19363;0
19364;1
19365;0
19366;0
19367;1
19368;2
19369;0
19370;1
19371;0
19372;1
19373;0
19374;0
19375;0
19376;0
19377;1
19378;0
19379;1
19380;0
19381;1
19382;2
19383;0
19384;1
19385;0
19386;0
19387;1
19388;0
19389;1
19390;47
19391;49
19392;48
19393;0
19394;0
19395;1
19396;1
19397;0
19398;0
19399;1
19400;0
19401;0
19402;2
19403;1
19404;0
19405;0
19406;35
19407;0
19408;0
19409;0
19410;1
19411;0
19412;1
19413;0
19414;1
19415;2
19416;0
19417;1
19418;0
19419;1
19420;2
19421;0
19422;0
19423;1
19424;2
19425;0
19426;1
19427;1
19428;0
19429;0
19430;1
19431;0
19432;2
19433;1
19434;0
19435;0
19436;2
19437;53
19438;1
19439;48
19440;0
19441;1
19442;0
19443;0
19444;5
19445;1
19446;6
19447;0
19448;0
19449;0
19450;1
19451;0
19452;1
19453;1
19454;0
19455;44
19456;0
19457;35
19458;0
19459;1
19460;0
19461;1
19462;0
19463;1
19464;0
19465;1
19466;0
19467;1
19468;0
19469;0
19470;1
19471;0
19472;0
19473;1
19474;0
19475;1
19476;0
19477;0
19478;0
19479;1
19480;0
19481;1
19482;0
19483;59
19484;0
19485;0
19486;1
19487;0
19488;0
19489;1
19490;1
19491;0
19492;1
19493;0
19494;1
19495;0
19496;0
19497;0
19498;0
19499;43
19500;41
19501;42
19502;1
19503;0
19504;1
19505;0
19506;59
19507;0
19508;2
19509;0
19510;0
19511;2
19512;1
19513;1
19514;0
19515;0
19516;35
19517;1
19518;36
19519;0
19520;1
19521;0
19522;1
19523;0
19524;0
19525;0
19526;35
19527;0
19528;1
19529;0
19530;2
19531;1
19532;0
19533;1
19534;0
19535;1
19536;0
19537;1
19538;0
19539;0
19540;0
19541;1
19542;0
19543;1
19544;1
19545;0
19546;0
19547;1
19548;0
19549;2
19550;1
19551;39
19552;2
19553;0
19554;1
19555;0
19556;0
19557;0
19558;0
19559;2
19560;0
19561;0
19562;0
19563;1
19564;0
19565;1
19566;0
19567;0
19568;1
19569;0
19570;1
19571;1
19572;0
19573;40
19574;1
19575;0
19576;1
19577;0
19578;1
19579;0
19580;0
19581;0
19582;1
19583;35
19584;0
19585;0
19586;0
19587;1
19588;0
19589;1
19590;1
19591;0
19592;0
19593;1
19594;0
19595;0
19596;1
19597;0
19598;0
19599;0
19600;0
19601;17
19602;0
19603;1
19604;0
19605;1
19606;0
19607;0
19608;0
19609;1
19610;0
19611;0
19612;19
19613;20
19614;1
19615;11
19616;18
19617;10
19618;0
19619;1
19620;0
19621;0
19622;1
19623;0
19624;0
19625;1
19626;0
19627;0
19628;1
19629;0
19630;1
19631;1
19632;0
19633;0
19634;0
19635;1
19636;0
19637;1
19638;0
19639;2
19640;1
19641;0
19642;1
19643;2
19644;0
19645;0
19646;1
19647;0
19648;0
19649;0
19650;0
19651;0
19652;1
19653;0
19654;0
19655;1
19656;0
19657;0
19658;1
19659;1
19660;0
19661;0
19662;1
19663;0
19664;0
19665;0
19666;0
19667;0
19668;0
19669;1
19670;0
19671;1
19672;0
19673;1
19674;0
19675;1
19676;0
19677;36
19678;35
19679;0
19680;1
19681;0
19682;25
19683;0
19684;28
19685;26
19686;0
19687;1
19688;0
19689;1
19690;0
19691;1
19692;0
19693;35
19694;52
19695;53
19696;44
19697;51
19698;0
19699;1
19700;0
19701;0
19702;0
19703;1
19704;0
19705;1
19706;0
19707;0
19708;0
19709;1
19710;0
19711;1
19712;0
19713;0
19714;1
19715;0
19716;1
19717;0
19718;1
19719;0
19720;0
19721;0
19722;1
19723;0
19724;0
19725;0
19726;1
19727;0
19728;0
19729;1
19730;0
19731;0
19732;1
19733;0
19734;1
19735;0
19736;40
19737;0
19738;0
19739;0
19740;1
19741;0
19742;0
19743;1
19744;0
19745;1
19746;0
19747;0
19748;0
19749;0
19750;1
19751;0
19752;1
19753;0
19754;1
19755;0
19756;1
19757;0
19758;0
19759;1
19760;0
19761;1
19762;35
19763;0
19764;0
19765;1
19766;0
19767;1
19768;0
19769;0
19770;0
19771;0
19772;1
19773;0
19774;1
19775;0
19776;1
19777;0
19778;0
19779;1
19780;0
19781;1
19782;0
19783;0
19784;0
19785;0
19786;2
19787;1
19788;0
19789;0
19790;0
19791;1
19792;0
19793;35
19794;1
19795;36
19796;0
19797;1
19798;0
19799;0
19800;1
19801;0
19802;1
19803;0
19804;0
19805;1
19806;0
19807;1
19808;0
19809;1
19810;1
19811;0
19812;2
19813;0
19814;1
19815;35
19816;36
19817;0
19818;1
19819;0
19820;0
19821;1
19822;0
19823;2
19824;1
19825;0
19826;0
19827;1
19828;1
19829;0
19830;0
19831;0
19832;48
19833;47
19834;0
19835;49
19836;0
19837;1
19838;0
19839;0
19840;0
19841;0
19842;1
19843;0
19844;1
19845;1
19846;0
19847;0
19848;0
19849;1
19850;0
19851;0
19852;1
19853;0
19854;0
19855;1
19856;0
19857;1
19858;0
19859;1
19860;0
19861;0
19862;1
19863;0
19864;1
19865;12
19866;42
19867;13
19868;5
19869;0
19870;1
19871;0
19872;0
19873;0
19874;0
19875;1
19876;0
19877;1
19878;0
19879;0
19880;1
19881;0
19882;1
19883;42
19884;41
19885;0
19886;1
19887;0
19888;1
19889;0
19890;1
19891;0
19892;0
19893;35
19894;36
19895;0
19896;1
19897;0
19898;1
19899;0
19900;1
19901;0
19902;1
19903;2
19904;0
19905;0
19906;1
19907;0
19908;0
19909;1
19910;0
19911;1
19912;0
19913;56
19914;40
19915;39
19916;0
19917;0
19918;1
19919;0
19920;1
19921;0
19922;1
19923;0
19924;36
19925;35
19926;0
19927;1
19928;0
19929;1
19930;40
19931;2
19932;0
19933;0
19934;0
19935;1
19936;0
19937;35
19938;36
19939;2
19940;0
19941;1
19942;40
19943;1
19944;0
19945;0
19946;1
19947;0
19948;0
19949;1
19950;0
19951;0
19952;1
19953;0
19954;0
19955;36
19956;0
19957;35
19958;0
19959;1
19960;0
19961;1
19962;0
19963;1
19964;0
19965;1
19966;0
19967;1
19968;0
19969;0
19970;0
19971;1
19972;2
19973;9
19974;20
19975;0
19976;19
19977;10
19978;0
19979;0
19980;1
19981;0
19982;0
19983;0
19984;1
19985;0
19986;0
19987;0
19988;0
19989;0
19990;1
19991;1
19992;0
19993;0
19994;1
19995;0
19996;2
19997;0
19998;0
19999;0
20000;0
20001;1
20002;0
20003;1
20004;0
20005;0
20006;1
20007;12
20008;39
20009;26
20010;38
20011;43
20012;42
20013;0
20014;1
20015;1
20016;0
20017;0
20018;1
20019;0
20020;1
20021;1
20022;0
20023;0
20024;1
20025;0
20026;1
20027;0
20028;1
20029;0
20030;0
20031;1
20032;0
20033;1
20034;0
20035;10
20036;0
20037;1
20038;0
20039;0
20040;1
20041;0
20042;0
20043;1
20044;0
20045;1
20046;0
20047;1
20048;1
20049;0
20050;0
20051;0
20052;1
20053;0
20054;0
20055;1
20056;0
20057;1
20058;0
20059;1
20060;0
20061;0
20062;1
20063;0
20064;0
20065;1
20066;0
20067;1
20068;0
20069;0
20070;0
20071;0
20072;1
20073;0
20074;0
20075;0
20076;0
20077;0
20078;1
20079;0
20080;1
20081;0
20082;0
20083;0
20084;0
20085;35
20086;36
20087;1
20088;0
20089;2
20090;0
20091;1
20092;1
20093;0
20094;0
20095;1
20096;0
20097;1
20098;2
20099;0
20100;0
20101;0
20102;0
20103;1
20104;0
20105;1
20106;0
20107;0
20108;1
20109;1
20110;0
20111;0
20112;1
20113;0
20114;1
20115;0
20116;1
20117;2
20118;1
20119;0
20120;0
20121;0
20122;1
20123;0
20124;0
20125;20
20126;19
20127;45
20128;26
20129;43
20130;46
20131;41
20132;0
20133;1
20134;0
20135;0
20136;1
20137;0
20138;1
20139;2
20140;1
20141;0
20142;0
20143;0
20144;1
20145;0
20146;1
20147;0
20148;2
20149;1
20150;46
20151;0
20152;1
20153;1
20154;0
20155;0
20156;1
20157;0
20158;1
20159;1
20160;2
20161;0
20162;0
20163;0
20164;35
20165;36
20166;0
20167;1
20168;0
20169;0
20170;1
20171;0
20172;0
20173;1
20174;0
20175;1
20176;0
20177;0
20178;1
20179;0
20180;1
20181;0
20182;1
20183;0
20184;0
20185;0
20186;0
20187;2
20188;1
20189;41
20190;0
20191;1
20192;0
20193;1
20194;0
20195;0
20196;1
20197;2
20198;0
20199;1
20200;0
20201;1
20202;0
20203;0
20204;0
20205;0
20206;2
20207;3
20208;0
20209;0
20210;2
20211;1
20212;0
20213;1
20214;0
20215;1
20216;0
20217;42
20218;43
20219;1
20220;0
20221;1
20222;0
20223;1
20224;0
20225;0
20226;1
20227;1
20228;0
20229;0
20230;1
20231;42
20232;2
20233;0
20234;1
20235;1
20236;0
20237;0
20238;0
20239;1
20240;0
20241;1
20242;0
20243;1
20244;0
20245;1
20246;0
20247;1
20248;0
20249;2
20250;1
20251;0
20252;0
20253;1
20254;2
20255;0
20256;0
20257;2
20258;1
20259;0
20260;1
20261;0
20262;1
20263;1
20264;0
20265;0
20266;1
20267;0
20268;24
20269;25
20270;33
20271;0
20272;0
20273;1
20274;0
20275;1
20276;0
20277;1
20278;0
20279;42
20280;1
20281;2
20282;0
20283;1
20284;0
20285;1
20286;0
20287;1
20288;20
20289;21
20290;0
20291;0
20292;1
20293;0
20294;0
20295;0
20296;48
20297;49
20298;0
20299;1
20300;0
20301;0
20302;1
20303;0
20304;1
20305;2
20306;0
20307;0
20308;1
20309;0
20310;1
20311;0
20312;0
20313;1
20314;2
20315;0
20316;1
20317;1
20318;0
20319;2
20320;1
20321;0
20322;0
20323;0
20324;1
20325;39
20326;2
20327;38
20328;0
20329;1
20330;0
20331;1
20332;0
20333;1
20334;1
20335;0
20336;0
20337;1
20338;1
20339;0
20340;0
20341;1
20342;1
20343;0
20344;1
20345;0
20346;0
20347;1
20348;0
20349;1
20350;40
20351;42
20352;44
20353;0
20354;0
20355;1
20356;0
20357;1
20358;0
20359;0
20360;39
20361;38
20362;1
20363;42
20364;40
20365;0
20366;2
20367;0
20368;1
20369;0
20370;1
20371;1
20372;0
20373;0
20374;0
20375;1
20376;0
20377;1
20378;1
20379;0
20380;1
20381;0
20382;0
20383;0
20384;0
20385;0
20386;0
20387;1
20388;0
20389;1
20390;0
20391;0
20392;1
20393;0
20394;1
20395;0
20396;1
20397;0
20398;0
20399;1
20400;0
20401;0
20402;1
20403;0
20404;1
20405;0
20406;1
20407;0
20408;21
20409;2
20410;1
20411;1
20412;0
20413;1
20414;0
20415;0
20416;0
20417;1
20418;0
20419;0
20420;1
20421;0
20422;1
20423;0
20424;1
20425;0
20426;1
20427;0
20428;2
20429;1
20430;0
20431;1
20432;0
20433;21
20434;46
20435;0
20436;1
20437;0
20438;1
20439;0
20440;2
20441;1
20442;0
20443;0
20444;0
20445;0
20446;0
20447;0
20448;0
20449;1
20450;0
20451;0
20452;1
20453;2
20454;1
20455;0
20456;0
20457;0
20458;1
20459;1
20460;0
20461;0
20462;1
20463;43
20464;42
20465;1
20466;0
20467;0
20468;1
20469;0
20470;1
20471;52
20472;0
20473;1
20474;54
20475;55
20476;0
20477;1
20478;0
20479;0
20480;1
20481;0
20482;1
20483;0
20484;1
20485;2
20486;0
20487;0
20488;1
20489;0
20490;0
20491;1
20492;0
20493;0
20494;1
20495;0
20496;1
20497;2
20498;0
20499;1
20500;0
20501;1
20502;0
20503;0
20504;0
20505;2
20506;1
20507;0
20508;1
20509;0
20510;0
20511;0
20512;47
20513;48
20514;0
20515;1
20516;1
20517;0
20518;0
20519;0
20520;0
20521;0
20522;0
20523;1
20524;0
20525;1
20526;1
20527;0
20528;2
20529;35
20530;36
20531;1
20532;0
20533;0
20534;1
20535;0
20536;0
20537;0
20538;1
20539;0
20540;1
20541;1
20542;0
20543;2
20544;1
20545;0
20546;0
20547;1
20548;0
20549;2
20550;1
20551;0
20552;0
20553;1
20554;0
20555;0
20556;1
20557;0
20558;0
20559;1
20560;0
20561;0
20562;1
20563;0
20564;1
20565;0
20566;1
20567;0
20568;1
20569;0
20570;1
20571;0
20572;1
20573;0
20574;1
20575;0
20576;1
20577;0
20578;1
20579;0
20580;2
20581;0
20582;0
20583;0
20584;1
20585;0
20586;0
20587;1
20588;0
20589;1
20590;1
20591;0
20592;0
20593;1
20594;1
20595;0
20596;0
20597;0
20598;0
20599;1
20600;4
20601;1
20602;0
20603;0
20604;1
20605;0
20606;1
20607;0
20608;0
20609;0
20610;1
20611;0
20612;0
20613;1
20614;15
20615;17
20616;0
20617;9
20618;16
20619;0
20620;1
20621;0
20622;0
20623;0
20624;1
20625;0
20626;1
20627;3
20628;0
20629;1
20630;1
20631;0
20632;1
20633;0
20634;0
20635;0
20636;1
20637;2
20638;0
20639;1
20640;35
20641;0
20642;1
20643;0
20644;1
20645;0
20646;1
20647;0
20648;0
20649;1
20650;0
20651;1
20652;1
20653;0
20654;0
20655;1
20656;0
20657;1
20658;0
20659;1
20660;0
20661;0
20662;1
20663;0
20664;1
20665;0
20666;1
20667;0
20668;1
20669;7
20670;6
20671;35
20672;9
20673;0
20674;1
20675;0
20676;0
20677;1
20678;0
20679;1
20680;18
20681;0
20682;1
20683;0
20684;1
20685;0
20686;0
20687;0
20688;1
20689;0
20690;0
20691;0
20692;0
20693;1
20694;2
20695;0
20696;1
20697;0
20698;1
20699;0
20700;0
20701;0
20702;1
20703;0
20704;2
20705;0
20706;1
20707;1
20708;0
20709;18
20710;0
20711;20
20712;21
20713;12
20714;19
20715;0
20716;38
20717;0
20718;1
20719;39
20720;0
20721;0
20722;1
20723;0
20724;1
20725;1
20726;0
20727;0
20728;1
20729;0
20730;1
20731;0
20732;0
20733;1
20734;0
20735;0
20736;1
20737;2
20738;0
20739;1
20740;0
20741;2
20742;1
20743;0
20744;1
20745;0
20746;0
20747;1
20748;1
20749;0
20750;0
20751;0
20752;2
20753;1
20754;0
20755;1
20756;0
20757;1
20758;0
20759;1
20760;0
20761;0
20762;1
20763;0
20764;1
20765;0
20766;1
20767;0
20768;0
20769;1
20770;0
20771;0
20772;23
20773;1
20774;0
20775;24
20776;0
20777;1
20778;0
20779;1
20780;0
20781;1
20782;2
20783;0
20784;1
20785;0
20786;0
20787;36
20788;35
20789;0
20790;2
20791;0
20792;1
20793;3
20794;0
20795;1
20796;0
20797;2
20798;1
20799;0
20800;0
20801;0
20802;1
20803;0
20804;0
20805;1
20806;0
20807;0
20808;0
20809;1
20810;0
20811;0
20812;1
20813;47
20814;48
20815;0
20816;0
20817;2
20818;1
20819;0
20820;1
20821;0
20822;1
20823;4
20824;0
20825;1
20826;2
20827;0
20828;2
20829;1
20830;0
20831;0
20832;0
20833;1
20834;44
20835;52
20836;0
20837;53
20838;1
20839;0
20840;1
20841;0
20842;1
20843;0
20844;1
20845;0
20846;1
20847;47
20848;0
20849;0
20850;1
20851;0
20852;13
20853;0
20854;1
20855;28
20856;26
20857;0
20858;0
20859;0
20860;0
20861;1
20862;0
20863;0
20864;1
20865;1
20866;0
20867;0
20868;1
20869;0
20870;0
20871;0
20872;1
20873;0
20874;0
20875;0
20876;0
20877;0
20878;0
20879;1
20880;0
20881;1
20882;0
20883;1
20884;0
20885;0
20886;1
20887;32
20888;1
20889;0
20890;0
20891;1
20892;0
20893;1
20894;0
20895;2
20896;1
20897;0
20898;0
20899;0
20900;0
20901;0
20902;1
20903;2
20904;0
20905;1
20906;0
20907;1
20908;0
20909;1
20910;0
20911;0
20912;1
20913;0
20914;1
20915;1
20916;0
20917;4
20918;0
20919;1
20920;1
20921;0
20922;0
20923;1
20924;0
20925;0
20926;1
20927;0
20928;1
20929;2
20930;0
20931;1
20932;0
20933;0
20934;0
20935;0
20936;0
20937;1
20938;0
20939;0
20940;0
20941;1
20942;0
20943;0
20944;93
20945;69
20946;58
20947;70
20948;56
20949;55
20950;59
20951;1
20952;0
20953;0
20954;1
20955;0
20956;0
20957;1
20958;0
20959;1
20960;1
20961;0
20962;27
20963;26
20964;28
20965;70
20966;0
20967;1
20968;1
20969;0
20970;0
20971;1
20972;2
20973;0
20974;1
20975;0
20976;0
20977;0
20978;1
20979;0
20980;0
20981;1
20982;0
20983;1
20984;0
20985;0
20986;0
20987;1
20988;1
20989;0
20990;0
20991;1
20992;0
20993;0
20994;0
20995;1
20996;0
20997;1
20998;0
20999;1
21000;0
21001;1
21002;0
21003;0
21004;1
21005;40
21006;0
21007;39
21008;1
21009;0
21010;1
21011;1
21012;0
21013;2
21014;25
21015;0
21016;18
21017;24
21018;0
21019;1
21020;0
21021;0
21022;0
21023;1
21024;0
21025;2
21026;0
21027;1
21028;0
21029;1
21030;1
21031;0
21032;0
21033;1
21034;0
21035;0
21036;0
21037;1
21038;0
21039;0
21040;1
21041;0
21042;0
21043;0
21044;35
21045;36
21046;0
21047;1
21048;1
21049;0
21050;0
21051;1
21052;0
21053;0
21054;0
21055;36
21056;35
21057;1
21058;0
21059;0
21060;0
21061;0
21062;2
21063;0
21064;1
21065;0
21066;0
21067;0
21068;1
21069;0
21070;1
21071;0
21072;2
21073;0
21074;0
21075;1
21076;0
21077;0
21078;1
21079;2
21080;36
21081;1
21082;2
21083;0
21084;49
21085;48
21086;47
21087;0
21088;0
21089;51
21090;1
21091;53
21092;54
21093;0
21094;1
21095;0
21096;1
21097;0
21098;0
21099;1
21100;0
21101;0
21102;1
21103;39
21104;38
21105;0
21106;0
21107;0
21108;1
21109;0
21110;0
21111;0
21112;1
21113;0
21114;1
21115;0
21116;1
21117;0
21118;0
21119;1
21120;0
21121;1
21122;0
21123;0
21124;1
21125;0
21126;0
21127;1
21128;0
21129;1
21130;0
21131;0
21132;1
21133;0
21134;1
21135;0
21136;1
21137;0
21138;0
21139;1
21140;0
21141;1
21142;2
21143;0
21144;1
21145;1
21146;0
21147;0
21148;1
21149;0
21150;1
21151;1
21152;0
21153;1
21154;0
21155;0
21156;1
21157;0
21158;0
21159;1
21160;0
21161;1
21162;0
21163;0
21164;1
21165;2
21166;0
21167;1
21168;0
21169;1
21170;0
21171;0
21172;1
21173;0
21174;0
21175;0
21176;0
21177;1
21178;0
21179;0
21180;2
21181;1
21182;0
21183;2
21184;0
21185;1
21186;1
21187;0
21188;0
21189;1
21190;0
21191;0
21192;0
21193;1
21194;0
21195;0
21196;1
21197;0
21198;1
21199;1
21200;0
21201;0
21202;1
21203;1
21204;0
21205;0
21206;1
21207;35
21208;1
21209;0
21210;0
21211;0
21212;46
21213;0
21214;1
21215;4
21216;5
21217;0
21218;1
21219;0
21220;0
21221;1
21222;0
21223;1
21224;0
21225;0
21226;0
21227;0
21228;1
21229;0
21230;1
21231;2
21232;3
21233;0
21234;1
21235;1
21236;0
21237;0
21238;1
21239;0
21240;0
21241;0
21242;1
21243;0
21244;0
21245;1
21246;0
21247;1
21248;0
21249;1
21250;35
21251;36
21252;0
21253;1
21254;0
21255;1
21256;0
21257;0
21258;0
21259;1
21260;0
21261;0
21262;1
21263;1
21264;0
21265;0
21266;0
21267;1
21268;0
21269;2
21270;0
21271;1
21272;1
21273;0
21274;0
21275;0
21276;1
21277;0
21278;2
21279;1
21280;45
21281;43
21282;0
21283;42
21284;0
21285;0
21286;1
21287;0
21288;0
21289;1
21290;35
21291;36
21292;0
21293;2
21294;1
21295;0
21296;0
21297;0
21298;1
21299;0
21300;0
21301;0
21302;0
21303;1
21304;42
21305;41
21306;40
21307;0
21308;1
21309;0
21310;1
21311;35
21312;36
21313;0
21314;1
21315;0
21316;1
21317;0
21318;0
21319;1
21320;4
21321;0
21322;1
21323;36
21324;26
21325;35
21326;0
21327;0
21328;1
21329;0
21330;0
21331;1
21332;0
21333;1
21334;2
21335;0
21336;0
21337;1
21338;0
21339;1
21340;0
21341;0
21342;1
21343;0
21344;1
21345;39
21346;40
21347;70
21348;49
21349;0
21350;0
21351;1
21352;0
21353;1
21354;0
21355;1
21356;0
21357;0
21358;1
21359;0
21360;1
21361;0
21362;1
21363;0
21364;1
21365;0
21366;2
21367;0
21368;40
21369;0
21370;1
21371;41
21372;0
21373;0
21374;0
21375;0
21376;1
21377;0
21378;1
21379;0
21380;0
21381;0
21382;2
21383;1
21384;0
21385;0
21386;1
21387;1
21388;0
21389;0
21390;1
21391;0
21392;1
21393;0
21394;1
21395;0
21396;1
21397;0
21398;1
21399;0
21400;1
21401;0
21402;0
21403;1
21404;0
21405;1
21406;0
21407;1
21408;0
21409;1
21410;0
21411;1
21412;0
21413;0
21414;0
21415;0
21416;0
21417;2
21418;0
21419;1
21420;0
21421;1
21422;0
21423;50
21424;0
21425;51
21426;0
21427;1
21428;0
21429;0
21430;1
21431;0
21432;0
21433;1
21434;0
21435;0
21436;1
21437;0
21438;1
21439;0
21440;0
21441;1
21442;0
21443;1
21444;0
21445;0
21446;1
21447;0
21448;0
21449;2
21450;16
21451;0
21452;31
21453;29
21454;0
21455;1
21456;0
21457;0
21458;0
21459;0
21460;1
21461;0
21462;1
21463;0
21464;1
21465;0
21466;1
21467;1
21468;0
21469;0
21470;0
21471;1
21472;0
21473;1
21474;0
21475;1
21476;0
21477;1
21478;0
21479;0
21480;0
21481;1
21482;0
21483;1
21484;0
21485;0
21486;0
21487;1
21488;0
21489;1
21490;0
21491;1
21492;2
21493;0
21494;0
21495;1
21496;0
21497;0
21498;0
21499;1
21500;0
21501;1
21502;14
21503;22
21504;24
21505;0
21506;0
21507;0
21508;1
21509;0
21510;1
21511;0
21512;1
21513;2
21514;0
21515;1
21516;0
21517;1
21518;0
21519;0
21520;1
21521;2
21522;0
21523;1
21524;0
21525;1
21526;43
21527;0
21528;1
21529;44
21530;0
21531;1
21532;0
21533;0
21534;1
21535;0
21536;1
21537;0
21538;1
21539;0
21540;1
21541;0
21542;0
21543;1
21544;0
21545;0
21546;0
21547;0
21548;1
21549;0
21550;1
21551;0
21552;1
21553;0
21554;1
21555;0
21556;1
21557;1
21558;0
21559;0
21560;0
21561;1
21562;0
21563;0
21564;0
21565;0
21566;45
21567;1
21568;0
21569;0
21570;1
21571;2
21572;1
21573;0
21574;0
21575;0
21576;1
21577;0
21578;0
21579;0
21580;0
21581;1
21582;1
21583;0
21584;2
21585;40
21586;0
21587;0
21588;2
21589;1
21590;0
21591;0
21592;0
21593;1
21594;2
21595;0
21596;1
21597;0
21598;1
21599;0
21600;1
21601;1
21602;0
21603;0
21604;1
21605;0
21606;1
21607;0
21608;0
21609;0
21610;1
21611;0
21612;1
21613;0
21614;0
21615;0
21616;0
21617;1
21618;0
21619;1
21620;0
21621;28
21622;27
21623;0
21624;0
21625;0
21626;1
21627;0
21628;0
21629;1
21630;1
21631;0
21632;0
21633;1
21634;0
21635;3
21636;1
21637;4
21638;0
21639;1
21640;0
21641;1
21642;0
21643;1
21644;0
21645;0
21646;0
21647;1
21648;2
21649;1
21650;0
21651;0
21652;0
21653;1
21654;0
21655;0
21656;0
21657;1
21658;0
21659;0
21660;0
21661;1
21662;1
21663;0
21664;0
21665;0
21666;0
21667;1
21668;0
21669;0
21670;1
21671;1
21672;0
21673;0
21674;35
21675;36
21676;1
21677;0
21678;1
21679;0
21680;1
21681;0
21682;0
21683;0
21684;35
21685;36
21686;6
21687;0
21688;1
21689;0
21690;0
21691;0
21692;1
21693;0
21694;1
21695;4
21696;11
21697;0
21698;0
21699;1
21700;0
21701;0
21702;0
21703;0
21704;1
21705;1
21706;0
21707;1
21708;0
21709;0
21710;1
21711;35
21712;0
21713;0
21714;1
21715;0
21716;1
21717;0
21718;0
21719;0
21720;1
21721;0
21722;35
21723;36
21724;0
21725;1
21726;0
21727;0
21728;0
21729;1
21730;2
21731;0
21732;0
21733;0
21734;1
21735;0
21736;35
21737;36
21738;0
21739;0
21740;0
21741;1
21742;2
21743;0
21744;0
21745;1
21746;0
21747;35
21748;36
21749;0
21750;35
21751;36
21752;0
21753;1
21754;0
21755;1
21756;0
21757;0
21758;1
21759;0
21760;1
21761;0
21762;1
21763;0
21764;0
21765;0
21766;1
21767;0
21768;2
21769;1
21770;0
21771;1
21772;0
21773;1
21774;0
21775;0
21776;42
21777;41
21778;0
21779;1
21780;0
21781;1
21782;0
21783;1
21784;1
21785;0
21786;0
21787;1
21788;40
21789;35
21790;36
21791;0
21792;2
21793;1
21794;0
21795;1
21796;35
21797;36
21798;23
21799;22
21800;37
21801;1
21802;0
21803;0
21804;1
21805;0
21806;1
21807;0
21808;0
21809;39
21810;38
21811;0
21812;0
21813;0
21814;1
21815;0
21816;0
21817;0
21818;0
21819;0
21820;0
21821;0
21822;35
21823;0
21824;1
21825;0
21826;1
21827;0
21828;0
21829;1
21830;0
21831;1
21832;0
21833;2
21834;0
21835;0
21836;0
21837;2
21838;0
21839;0
21840;1
21841;0
21842;0
21843;1
21844;0
21845;2
21846;1
21847;0
21848;1
21849;0
21850;1
21851;0
21852;1
21853;48
21854;49
21855;0
21856;1
21857;0
21858;0
21859;1
21860;2
21861;0
21862;1
21863;0
21864;2
21865;1
21866;0
21867;1
21868;2
21869;0
21870;1
21871;0
21872;1
21873;2
21874;0
21875;1
21876;0
21877;1
21878;1
21879;0
21880;0
21881;2
21882;1
21883;0
21884;1
21885;0
21886;1
21887;0
21888;0
21889;19
21890;18
21891;0
21892;0
21893;0
21894;1
21895;0
21896;2
21897;1
21898;0
21899;23
21900;24
21901;25
21902;0
21903;1
21904;0
21905;0
21906;0
21907;0
21908;0
21909;53
21910;1
21911;0
21912;34
21913;35
21914;0
21915;1
21916;0
21917;0
21918;1
21919;0
21920;0
21921;0
21922;1
21923;0
21924;40
21925;0
21926;1
21927;1
21928;0
21929;0
21930;1
21931;0
21932;1
21933;0
21934;0
21935;1
21936;0
21937;0
21938;0
21939;1
21940;0
21941;1
21942;0
21943;0
21944;21
21945;1
21946;20
21947;22
21948;0
21949;1
21950;0
21951;2
21952;1
21953;0
21954;1
21955;0
21956;44
21957;12
21958;13
21959;0
21960;0
21961;1
21962;0
21963;1
21964;0
21965;1
21966;0
21967;1
21968;0
21969;2
21970;0
21971;1
21972;0
21973;44
21974;43
21975;45
21976;42
21977;46
21978;35
21979;36
21980;0
21981;0
21982;1
21983;0
21984;1
21985;0
21986;0
21987;1
21988;0
21989;0
21990;1
21991;0
21992;1
21993;0
21994;1
21995;1
21996;0
21997;1
21998;0
21999;0
22000;1
22001;0
22002;0
22003;2
22004;1
22005;0
22006;0
22007;1
22008;0
22009;0
22010;0
22011;0
22012;0
22013;1
22014;1
22015;0
22016;0
22017;1
22018;0
22019;2
22020;0
22021;1
22022;0
22023;0
22024;1
22025;0
22026;1
22027;0
22028;0
22029;0
22030;1
22031;1
22032;0
22033;2
22034;0
22035;1
22036;40
22037;0
22038;41
22039;1
22040;0
22041;1
22042;0
22043;0
22044;1
22045;0
22046;1
22047;0
22048;1
22049;0
22050;0
22051;1
22052;0
22053;1
22054;36
22055;35
22056;0
22057;0
22058;1
22059;0
22060;0
22061;1
22062;0
22063;0
22064;1
22065;0
22066;0
22067;0
22068;1
22069;0
22070;0
22071;1
22072;0
22073;4
22074;0
22075;1
22076;0
22077;3
22078;1
22079;4
22080;0
22081;0
22082;1
22083;0
22084;0
22085;35
22086;36
22087;1
22088;0
22089;0
22090;1
22091;0
22092;1
22093;0
22094;0
22095;1
22096;2
22097;1
22098;0
22099;0
22100;0
22101;1
22102;57
22103;58
22104;0
22105;1
22106;2
22107;0
22108;49
22109;1
22110;48
22111;0
22112;1
22113;0
22114;1
22115;0
22116;1
22117;0
22118;1
22119;0
22120;58
22121;59
22122;0
22123;0
22124;1
22125;0
22126;0
22127;0
22128;2
22129;1
22130;0
22131;18
22132;10
22133;0
22134;20
22135;11
22136;19
22137;1
22138;0
22139;0
22140;1
22141;1
22142;0
22143;0
22144;0
22145;1
22146;0
22147;1
22148;0
22149;44
22150;59
22151;0
22152;2
22153;0
22154;0
22155;1
22156;0
22157;59
22158;1
22159;61
22160;60
22161;0
22162;1
22163;0
22164;1
22165;42
22166;0
22167;0
22168;1
22169;0
22170;1
22171;0
22172;0
22173;1
22174;1
22175;0
22176;0
22177;0
22178;1
22179;0
22180;0
22181;0
22182;1
22183;0
22184;0
22185;1
22186;0
22187;1
22188;0
22189;1
22190;0
22191;1
22192;0
22193;1
22194;0
22195;0
22196;1
22197;0
22198;1
22199;0
22200;1
22201;1
22202;0
22203;55
22204;41
22205;0
22206;56
22207;0
22208;0
22209;0
22210;2
22211;1
22212;0
22213;0
22214;1
22215;0
22216;0
22217;1
22218;0
22219;1
22220;0
22221;0
22222;1
22223;0
22224;0
22225;1
22226;0
22227;0
22228;1
22229;0
22230;0
22231;1
22232;0
22233;0
22234;1
22235;0
22236;1
22237;0
22238;0
22239;1
22240;0
22241;1
22242;0
22243;1
22244;0
22245;40
22246;1
22247;0
22248;0
22249;17
22250;18
22251;9
22252;16
22253;0
22254;0
22255;1
22256;0
22257;1
22258;2
22259;0
22260;0
22261;0
22262;0
22263;1
22264;0
22265;0
22266;1
22267;0
22268;1
22269;0
22270;0
22271;1
22272;0
22273;0
22274;1
22275;0
22276;1
22277;0
22278;1
22279;1
22280;0
22281;2
22282;0
22283;0
22284;1
22285;46
22286;48
22287;35
22288;47
22289;0
22290;1
22291;35
22292;10
22293;37
22294;0
22295;1
22296;0
22297;2
22298;1
22299;0
22300;0
22301;1
22302;0
22303;1
22304;0
22305;0
22306;35
22307;0
22308;0
22309;0
22310;1
22311;0
22312;1
22313;2
22314;0
22315;0
22316;1
22317;0
22318;0
22319;1
22320;0
22321;40
22322;1
22323;0
22324;1
22325;0
22326;0
22327;1
22328;0
22329;1
22330;0
22331;1
22332;0
22333;0
22334;1
22335;0
22336;0
22337;0
22338;1
22339;28
22340;27
22341;29
22342;0
22343;0
22344;0
22345;0
22346;0
22347;1
22348;2
22349;1
22350;0
22351;0
22352;1
22353;0
22354;1
22355;0
22356;3
22357;0
22358;0
22359;1
22360;0
22361;0
22362;48
22363;0
22364;47
22365;1
22366;0
22367;0
22368;2
22369;0
22370;1
22371;0
22372;0
22373;1
22374;0
22375;0
22376;1
22377;0
22378;0
22379;0
22380;1
22381;2
22382;0
22383;1
22384;0
22385;1
22386;2
22387;0
22388;1
22389;0
22390;2
22391;1
22392;0
22393;0
22394;1
22395;0
22396;1
22397;0
22398;6
22399;0
22400;9
22401;8
22402;0
22403;0
22404;1
22405;0
22406;0
22407;0
22408;0
22409;1
22410;60
22411;35
22412;62
22413;47
22414;0
22415;1
22416;48
22417;1
22418;0
22419;0
22420;1
22421;0
22422;1
22423;0
22424;0
22425;0
22426;44
22427;0
22428;1
22429;0
22430;0
22431;1
22432;0
22433;1
22434;1
22435;2
22436;0
22437;0
22438;0
22439;1
22440;0
22441;1
22442;2
22443;0
22444;1
22445;0
22446;1
22447;0
22448;0
22449;1
22450;2
22451;0
22452;1
22453;0
22454;1
22455;0
22456;1
22457;0
22458;1
22459;0
22460;1
22461;0
22462;1
22463;0
22464;0
22465;1
22466;0
22467;2
22468;1
22469;0
22470;1
22471;0
22472;1
22473;0
22474;1
22475;0
22476;0
22477;1
22478;23
22479;0
22480;0
22481;0
22482;1
22483;0
22484;1
22485;1
22486;0
22487;0
22488;0
22489;1
22490;0
22491;0
22492;0
22493;1
22494;0
22495;1
22496;0
22497;2
22498;1
22499;0
22500;0
22501;0
22502;1
22503;35
22504;0
22505;0
22506;1
22507;0
22508;1
22509;0
22510;1
22511;0
22512;1
22513;1
22514;0
22515;0
22516;1
22517;0
22518;0
22519;0
22520;0
22521;1
22522;0
22523;0
22524;1
22525;0
22526;1
22527;0
22528;0
22529;1
22530;0
22531;2
22532;1
22533;0
22534;1
22535;0
22536;0
22537;0
22538;0
22539;0
22540;0
22541;1
22542;0
22543;0
22544;1
22545;0
22546;0
22547;2
22548;1
22549;1
22550;0
22551;0
22552;1
22553;0
22554;0
22555;2
22556;1
22557;0
22558;1
22559;0
22560;1
22561;0
22562;1
22563;0
22564;1
22565;2
22566;1
22567;0
22568;1
22569;0
22570;0
22571;2
22572;0
22573;1
22574;2
22575;0
22576;1
22577;0
22578;2
22579;1
22580;0
22581;0
22582;0
22583;35
22584;36
22585;1
22586;0
22587;1
22588;0
22589;0
22590;1
22591;1
22592;0
22593;0
22594;1
22595;0
22596;1
22597;0
22598;1
22599;0
22600;1
22601;0
22602;1
22603;0
22604;1
22605;0
22606;0
22607;1
22608;0
22609;49
22610;27
22611;25
22612;48
22613;0
22614;0
22615;0
22616;1
22617;0
22618;0
22619;0
22620;1
22621;0
22622;0
22623;1
22624;1
22625;0
22626;0
22627;1
22628;35
22629;36
22630;0
22631;1
22632;0
22633;0
22634;1
22635;0
22636;1
22637;0
22638;1
22639;0
22640;0
22641;0
22642;0
22643;1
22644;36
22645;35
22646;0
22647;1
22648;0
22649;50
22650;54
22651;3
22652;2
22653;6
22654;5
22655;1
22656;1
22657;0
22658;0
22659;0
22660;0
22661;1
22662;1
22663;0
22664;0
22665;0
22666;1
22667;0
22668;1
22669;0
22670;0
22671;1
22672;0
22673;0
22674;1
22675;0
22676;0
22677;1
22678;0
22679;1
22680;0
22681;1
22682;0
22683;1
22684;0
22685;1
22686;0
22687;0
22688;0
22689;1
22690;0
22691;0
22692;2
22693;1
22694;0
22695;1
22696;0
22697;1
22698;0
22699;1
22700;0
22701;1
22702;0
22703;0
22704;2
22705;1
22706;0
22707;1
22708;0
22709;1
22710;0
22711;1
22712;0
22713;0
22714;1
22715;0
22716;0
22717;0
22718;1
22719;0
22720;0
22721;1
22722;0
22723;36
22724;35
22725;0
22726;2
22727;40
22728;1
22729;42
22730;0
22731;0
22732;2
22733;1
22734;0
22735;1
22736;1
22737;0
22738;0
22739;1
22740;0
22741;0
22742;1
22743;0
22744;1
22745;0
22746;0
22747;0
22748;0
22749;0
22750;1
22751;0
22752;1
22753;0
22754;0
22755;1
22756;0
22757;0
22758;1
22759;0
22760;1
22761;0
22762;0
22763;1
22764;0
22765;1
22766;0
22767;1
22768;0
22769;41
22770;0
22771;1
22772;56
22773;1
22774;0
22775;0
22776;1
22777;0
22778;0
22779;1
22780;0
22781;0
22782;1
22783;1
22784;0
22785;0
22786;1
22787;0
22788;1
22789;0
22790;1
22791;0
22792;1
22793;1
22794;0
22795;0
22796;1
22797;0
22798;1
22799;1
22800;0
22801;0
22802;1
22803;0
22804;0
22805;0
22806;0
22807;1
22808;0
22809;1
22810;1
22811;0
22812;2
22813;0
22814;1
22815;0
22816;1
22817;0
22818;1
22819;1
22820;0
22821;2
22822;0
22823;35
22824;0
22825;0
22826;1
22827;0
22828;0
22829;1
22830;0
22831;0
22832;0
22833;1
22834;0
22835;0
22836;1
22837;0
22838;0
22839;1
22840;1
22841;0
22842;1
22843;0
22844;0
22845;1
22846;0
22847;0
22848;0
22849;0
22850;1
22851;0
22852;1
22853;0
22854;0
22855;1
22856;0
22857;1
22858;0
22859;1
22860;0
22861;0
22862;1
22863;7
22864;8
22865;0
22866;1
22867;35
22868;1
22869;0
22870;0
22871;0
22872;1
22873;0
22874;0
22875;0
22876;0
22877;0
22878;1
22879;35
22880;0
22881;1
22882;2
22883;0
22884;1
22885;0
22886;35
22887;0
22888;1
22889;0
22890;1
22891;0
22892;0
22893;1
22894;0
22895;0
22896;1
22897;4
22898;0
22899;1
22900;0
22901;1
22902;0
22903;0
22904;0
22905;1
22906;0
22907;1
22908;0
22909;1
22910;0
22911;0
22912;0
22913;1
22914;0
22915;1
22916;0
22917;1
22918;0
22919;1
22920;35
22921;36
22922;0
22923;1
22924;1
22925;0
22926;0
22927;1
22928;0
22929;1
22930;2
22931;0
22932;1
22933;0
22934;0
22935;1
22936;0
22937;0
22938;0
22939;0
22940;1
22941;1
22942;0
22943;0
22944;1
22945;2
22946;0
22947;0
22948;35
22949;36
22950;0
22951;0
22952;0
22953;1
22954;0
22955;1
22956;0
22957;0
22958;0
22959;1
22960;0
22961;0
22962;1
22963;0
22964;0
22965;0
22966;0
22967;1
22968;0
22969;0
22970;2
22971;1
22972;0
22973;2
22974;1
22975;0
22976;1
22977;0
22978;1
22979;0
22980;0
22981;2
22982;1
22983;0
22984;0
22985;1
22986;0
22987;0
22988;0
22989;0
22990;1
22991;0
22992;0
22993;1
22994;0
22995;1
22996;0
22997;0
22998;1
22999;0
23000;0
23001;1
23002;0
23003;1
23004;2
23005;0
23006;1
23007;2
23008;0
23009;1
23010;36
23011;35
23012;0
23013;0
23014;0
23015;0
23016;1
23017;0
23018;0
23019;1
23020;0
23021;21
23022;1
23023;0
23024;0
23025;1
23026;0
23027;1
23028;0
23029;1
23030;0
23031;1
23032;0
23033;0
23034;1
23035;0
23036;2
23037;1
23038;1
23039;0
23040;0
23041;39
23042;1
23043;0
23044;1
23045;0
23046;1
23047;35
23048;36
23049;1
23050;0
23051;0
23052;2
23053;1
23054;35
23055;0
23056;35
23057;0
23058;1
23059;0
23060;2
23061;1
23062;0
23063;1
23064;0
23065;1
23066;0
23067;1
23068;0
23069;0
23070;0
23071;0
23072;1
23073;0
23074;41
23075;1
23076;40
23077;0
23078;1
23079;0
23080;1
23081;0
23082;1
23083;0
23084;0
23085;1
23086;1
23087;0
23088;0
23089;1
23090;0
23091;59
23092;60
23093;58
23094;2
23095;1
23096;0
23097;1
23098;0
23099;1
23100;0
23101;1
23102;1
23103;0
23104;0
23105;1
23106;0
23107;0
23108;1
23109;0
23110;0
23111;1
23112;0
23113;2
23114;1
23115;0
23116;1
23117;2
23118;0
23119;1
23120;0
23121;1
23122;0
23123;1
23124;0
23125;0
23126;0
23127;0
23128;1
23129;0
23130;0
23131;0
23132;1
23133;1
23134;0
23135;70
23136;57
23137;58
23138;76
23139;1
23140;0
23141;0
23142;0
23143;1
23144;0
23145;1
23146;0
23147;1
23148;0
23149;1
23150;0
23151;2
23152;0
23153;0
23154;1
23155;2
23156;0
23157;1
23158;0
23159;0
23160;0
23161;0
23162;1
23163;0
23164;3
23165;1
23166;4
23167;0
23168;0
23169;0
23170;0
23171;1
23172;0
23173;1
23174;1
23175;0
23176;1
23177;0
23178;0
23179;0
23180;1
23181;0
23182;1
23183;0
23184;0
23185;0
23186;1
23187;0
23188;0
23189;1
23190;0
23191;48
23192;67
23193;2
23194;0
23195;1
23196;0
23197;0
23198;1
23199;0
23200;1
23201;46
23202;0
23203;0
23204;0
23205;35
23206;0
23207;2
23208;1
23209;0
23210;0
23211;0
23212;1
23213;0
23214;0
23215;1
23216;0
23217;1
23218;0
23219;1
23220;0
23221;1
23222;0
23223;1
23224;0
23225;70
23226;72
23227;73
23228;74
23229;0
23230;0
23231;1
23232;0
23233;1
23234;0
23235;0
23236;1
23237;0
23238;1
23239;1
23240;0
23241;0
23242;1
23243;42
23244;44
23245;35
23246;37
23247;0
23248;0
23249;1
23250;0
23251;6
23252;17
23253;14
23254;7
23255;8
23256;0
23257;1
23258;0
23259;2
23260;1
23261;0
23262;1
23263;0
23264;0
23265;1
23266;0
23267;0
23268;1
23269;0
23270;0
23271;0
23272;0
23273;1
23274;0
23275;1
23276;0
23277;2
23278;1
23279;1
23280;0
23281;0
23282;0
23283;0
23284;1
23285;0
23286;0
23287;1
23288;0
23289;1
23290;0
23291;1
23292;0
23293;2
23294;1
23295;0
23296;1
23297;1
23298;0
23299;1
23300;0
23301;0
23302;0
23303;0
23304;0
23305;0
23306;0
23307;0
23308;0
23309;0
23310;1
23311;0
23312;1
23313;0
23314;0
23315;2
23316;0
23317;0
23318;1
23319;1
23320;0
23321;35
23322;36
23323;0
23324;1
23325;1
23326;0
23327;35
23328;36
23329;39
23330;0
23331;1
23332;0
23333;2
23334;1
23335;0
23336;1
23337;0
23338;1
23339;0
23340;1
23341;0
23342;35
23343;1
23344;36
23345;0
23346;1
23347;0
23348;1
23349;0
23350;1
23351;0
23352;36
23353;35
23354;0
23355;0
23356;0
23357;1
23358;35
23359;0
23360;1
23361;0
23362;1
23363;51
23364;39
23365;38
23366;60
23367;52
23368;0
23369;0
23370;36
23371;35
23372;1
23373;0
23374;0
23375;1
23376;0
23377;1
23378;0
23379;1
23380;0
23381;1
23382;1
23383;0
23384;0
23385;41
23386;1
23387;1
23388;0
23389;2
23390;1
23391;0
23392;0
23393;1
23394;1
23395;0
23396;1
23397;0
23398;0
23399;0
23400;35
23401;36
23402;0
23403;1
23404;0
23405;1
23406;0
23407;0
23408;1
23409;0
23410;0
23411;1
23412;0
23413;1
23414;1
23415;0
23416;0
23417;1
23418;0
23419;0
23420;1
23421;0
23422;1
23423;0
23424;0
23425;0
23426;0
23427;0
23428;0
23429;38
23430;0
23431;40
23432;1
23433;39
23434;0
23435;0
23436;1
23437;0
23438;0
23439;0
23440;40
23441;0
23442;1
23443;0
23444;2
23445;1
23446;0
23447;1
23448;0
23449;0
23450;1
23451;3
23452;0
23453;1
23454;0
23455;35
23456;36
23457;0
23458;1
23459;0
23460;1
23461;0
23462;35
23463;60
23464;36
23465;0
23466;36
23467;35
23468;1
23469;0
23470;0
23471;0
23472;1
23473;0
23474;0
23475;2
23476;1
23477;0
23478;1
23479;0
23480;1
23481;0
23482;0
23483;1
23484;1
23485;0
23486;0
23487;1
23488;0
23489;0
23490;0
23491;0
23492;1
23493;0
23494;1
23495;0
23496;1
23497;2
23498;0
23499;0
23500;1
23501;0
23502;0
23503;37
23504;35
23505;36
23506;35
23507;35
23508;0
23509;1
23510;0
23511;2
23512;1
23513;1
23514;0
23515;0
23516;1
23517;0
23518;1
23519;0
23520;1
23521;0
23522;1
23523;0
23524;0
23525;1
23526;0
23527;1
23528;2
23529;0
23530;1
23531;2
23532;0
23533;35
23534;36
23535;0
23536;2
23537;0
23538;1
23539;0
23540;1
23541;0
23542;1
23543;0
23544;0
23545;0
23546;0
23547;1
23548;0
23549;1
23550;35
23551;36
23552;0
23553;1
23554;0
23555;0
23556;2
23557;1
23558;0
23559;2
23560;1
23561;0
23562;0
23563;1
23564;54
23565;55
23566;2
23567;35
23568;0
23569;2
23570;1
23571;0
23572;0
23573;1
23574;0
23575;0
23576;0
23577;1
23578;0
23579;1
23580;0
23581;1
23582;0
23583;0
23584;1
23585;0
23586;1
23587;0
23588;0
23589;1
23590;0
23591;0
23592;1
23593;1
23594;0
23595;0
23596;1
23597;0
23598;0
23599;0
23600;1
23601;0
23602;1
23603;0
23604;1
23605;1
23606;0
23607;0
23608;1
23609;23
23610;25
23611;35
23612;0
23613;1
23614;0
23615;0
23616;1
23617;0
23618;1
23619;0
23620;0
23621;1
23622;1
23623;0
23624;0
23625;0
23626;1
23627;4
23628;0
23629;1
23630;0
23631;1
23632;0
23633;1
23634;1
23635;0
23636;1
23637;0
23638;0
23639;1
23640;0
23641;1
23642;0
23643;84
23644;0
23645;0
23646;0
23647;1
23648;0
23649;1
23650;0
23651;1
23652;0
23653;0
23654;1
23655;2
23656;46
23657;66
23658;0
23659;1
23660;67
23661;0
23662;0
23663;1
23664;0
23665;1
23666;0
23667;0
23668;1
23669;0
23670;1
23671;0
23672;2
23673;0
23674;1
23675;0
23676;2
23677;0
23678;1
23679;0
23680;1
23681;0
23682;0
23683;1
23684;1
23685;0
23686;0
23687;1
23688;0
23689;1
23690;0
23691;1
23692;0
23693;1
23694;0
23695;1
23696;28
23697;1
23698;0
23699;1
23700;0
23701;1
23702;0
23703;0
23704;0
23705;1
23706;0
23707;1
23708;0
23709;1
23710;10
23711;0
23712;1
23713;0
23714;1
23715;0
23716;0
23717;2
23718;1
23719;0
23720;1
23721;0
23722;0
23723;0
23724;1
23725;0
23726;0
23727;1
23728;1
23729;0
23730;0
23731;0
23732;1
23733;1
23734;0
23735;0
23736;0
23737;1
23738;1
23739;0
23740;45
23741;1
23742;0
23743;46
23744;0
23745;1
23746;0
23747;0
23748;0
23749;1
23750;0
23751;1
23752;0
23753;0
23754;0
23755;0
23756;1
23757;0
23758;1
23759;1
23760;0
23761;0
23762;50
23763;1
23764;0
23765;1
23766;0
23767;0
23768;0
23769;1
23770;0
23771;0
23772;1
23773;1
23774;0
23775;0
23776;0
23777;0
23778;1
23779;40
23780;41
23781;0
23782;0
23783;1
23784;1
23785;0
23786;0
23787;0
23788;1
23789;0
23790;1
23791;0
23792;0
23793;1
23794;0
23795;0
23796;1
23797;0
23798;1
23799;0
23800;1
23801;0
23802;0
23803;0
23804;0
23805;0
23806;1
23807;0
23808;1
23809;2
23810;0
23811;1
23812;0
23813;1
23814;2
23815;0
23816;0
23817;1
23818;35
23819;0
23820;0
23821;1
23822;0
23823;1
23824;0
23825;0
23826;1
23827;0
23828;0
23829;0
23830;1
23831;1
23832;0
23833;0
23834;0
23835;0
23836;35
23837;0
23838;1
23839;2
23840;0
23841;1
23842;0
23843;1
23844;2
23845;1
23846;49
23847;0
23848;48
23849;0
23850;1
23851;0
23852;0
23853;1
23854;0
23855;0
23856;23
23857;24
23858;0
23859;1
23860;0
23861;1
23862;1
23863;0
23864;0
23865;1
23866;0
23867;1
23868;1
23869;0
23870;1
23871;0
23872;0
23873;1
23874;2
23875;1
23876;0
23877;0
23878;0
23879;1
23880;0
23881;1
23882;0
23883;1
23884;0
23885;1
23886;0
23887;1
23888;35
23889;0
23890;1
23891;0
23892;1
23893;0
23894;1
23895;0
23896;1
23897;36
23898;35
23899;0
23900;1
23901;35
23902;0
23903;0
23904;0
23905;0
23906;1
23907;35
23908;36
23909;0
23910;1
23911;0
23912;1
23913;0
23914;0
23915;22
23916;1
23917;0
23918;0
23919;0
23920;2
23921;1
23922;0
23923;1
23924;0
23925;1
23926;0
23927;0
23928;0
23929;1
23930;0
23931;1
23932;0
23933;0
23934;0
23935;1
23936;0
23937;1
23938;0
23939;1
23940;0
23941;1
23942;0
23943;1
23944;0
23945;2
23946;1
23947;0
23948;0
23949;1
23950;0
23951;1
23952;2
23953;39
23954;0
23955;0
23956;2
23957;1
23958;0
23959;0
23960;1
23961;0
23962;0
23963;21
23964;22
23965;1
23966;0
23967;1
23968;1
23969;0
23970;0
23971;0
23972;1
23973;0
23974;0
23975;1
23976;0
23977;2
23978;8
23979;0
23980;1
23981;1
23982;0
23983;0
23984;0
23985;0
23986;0
23987;1
23988;35
23989;36
23990;0
23991;1
23992;1
23993;0
23994;0
23995;0
23996;1
23997;0
23998;1
23999;35
24000;47
24001;0
24002;0
24003;0
24004;48
24005;1
24006;0
24007;1
24008;2
24009;0
24010;0
24011;13
24012;1
24013;0
24014;1
24015;0
24016;1
24017;0
24018;0
24019;1
24020;0
24021;1
24022;0
24023;0
24024;1
24025;0
24026;0
24027;1
24028;1
24029;0
24030;2
24031;0
24032;0
24033;1
24034;0
24035;0
24036;1
24037;0
24038;0
24039;0
24040;1
24041;0
24042;1
24043;0
24044;1
24045;0
24046;0
24047;1
24048;1
24049;0
24050;0
24051;1
24052;0
24053;1
24054;0
24055;0
24056;0
24057;0
24058;1
24059;0
24060;2
24061;0
24062;1
24063;2
24064;0
24065;0
24066;35
24067;0
24068;1
24069;0
24070;1
24071;0
24072;1
24073;0
24074;0
24075;1
24076;0
24077;1
24078;0
24079;0
24080;1
24081;0
24082;1
24083;2
24084;1
24085;0
24086;0
24087;1
24088;0
24089;0
24090;1
24091;2
24092;0
24093;1
24094;0
24095;1
24096;1
24097;0
24098;2
24099;0
24100;0
24101;0
24102;1
24103;0
24104;0
24105;1
24106;0
24107;1
24108;0
24109;35
24110;37
24111;36
24112;0
24113;0
24114;0
24115;0
24116;1
24117;1
24118;0
24119;0
24120;1
24121;0
24122;1
24123;35
24124;1
24125;0
24126;0
24127;1
24128;35
24129;0
24130;2
24131;1
24132;35
24133;36
24134;0
24135;1
24136;0
24137;0
24138;1
24139;0
24140;0
24141;1
24142;0
24143;1
24144;0
24145;2
24146;1
24147;0
24148;0
24149;0
24150;0
24151;1
24152;1
24153;0
24154;1
24155;0
24156;0
24157;0
24158;0
24159;1
24160;1
24161;0
24162;0
24163;1
24164;0
24165;0
24166;40
24167;0
24168;38
24169;1
24170;0
24171;0
24172;1
24173;0
24174;0
24175;1
24176;0
24177;0
24178;0
24179;1
24180;0
24181;1
24182;46
24183;41
24184;0
24185;47
24186;1
24187;0
24188;0
24189;1
24190;1
24191;0
24192;0
24193;0
24194;1
24195;0
24196;1
24197;0
24198;52
24199;1
24200;0
24201;0
24202;0
24203;39
24204;1
24205;0
24206;0
24207;1
24208;2
24209;0
24210;1
24211;0
24212;81
24213;82
24214;40
24215;83
24216;35
24217;0
24218;0
24219;1
24220;1
24221;0
24222;2
24223;0
24224;1
24225;0
24226;0
24227;0
24228;0
24229;0
24230;1
24231;0
24232;1
24233;1
24234;0
24235;0
24236;0
24237;1
24238;1
24239;0
24240;1
24241;0
24242;0
24243;1
24244;0
24245;0
24246;0
24247;0
24248;1
24249;0
24250;0
24251;1
24252;1
24253;0
24254;0
24255;0
24256;1
24257;1
24258;0
24259;0
24260;1
24261;0
24262;1
24263;0
24264;1
24265;0
24266;0
24267;1
24268;28
24269;30
24270;2
24271;0
24272;0
24273;1
24274;0
24275;0
24276;0
24277;0
24278;1
24279;0
24280;0
24281;1
24282;35
24283;1
24284;0
24285;0
24286;1
24287;2
24288;0
24289;2
24290;1
24291;1
24292;0
24293;4
24294;0
24295;1
24296;0
24297;35
24298;36
24299;0
24300;1
24301;57
24302;56
24303;0
24304;1
24305;0
24306;1
24307;0
24308;0
24309;20
24310;1
24311;11
24312;19
24313;21
24314;0
24315;0
24316;1
24317;20
24318;21
24319;22
24320;0
24321;0
24322;1
24323;0
24324;0
24325;1
24326;0
24327;42
24328;0
24329;1
24330;0
24331;61
24332;60
24333;0
24334;0
24335;1
24336;0
24337;1
24338;0
24339;0
24340;0
24341;1
24342;0
24343;0
24344;0
24345;0
24346;1
24347;1
24348;0
24349;0
24350;1
24351;0
24352;1
24353;2
24354;0
24355;1
24356;0
24357;0
24358;2
24359;1
24360;1
24361;0
24362;0
24363;1
24364;0
24365;2
24366;1
24367;0
24368;1
24369;0
24370;74
24371;76
24372;36
24373;35
24374;75
24375;47
24376;48
24377;0
24378;0
24379;1
24380;0
24381;0
24382;1
24383;0
24384;0
24385;1
24386;0
24387;1
24388;0
24389;0
24390;1
24391;0
24392;0
24393;1
24394;0
24395;1
24396;0
24397;0
24398;1
24399;0
24400;0
24401;1
24402;0
24403;1
24404;0
24405;1
24406;0
24407;1
24408;0
24409;2
24410;1
24411;0
24412;2
24413;0
24414;1
24415;0
24416;0
24417;0
24418;1
24419;0
24420;1
24421;0
24422;0
24423;1
24424;0
24425;1
24426;2
24427;1
24428;0
24429;0
24430;0
24431;1
24432;0
24433;1
24434;2
24435;0
24436;1
24437;0
24438;0
24439;1
24440;0
24441;0
24442;0
24443;1
24444;0
24445;0
24446;0
24447;1
24448;0
24449;0
24450;70
24451;0
24452;1
24453;73
24454;71
24455;0
24456;1
24457;1
24458;0
24459;0
24460;0
24461;0
24462;0
24463;0
24464;0
24465;1
24466;0
24467;0
24468;2
24469;1
24470;0
24471;0
24472;1
24473;1
24474;0
24475;0
24476;0
24477;1
24478;1
24479;0
24480;0
24481;0
24482;0
24483;1
24484;0
24485;1
24486;0
24487;1
24488;0
24489;1
24490;0
24491;1
24492;0
24493;1
24494;0
24495;1
24496;0
24497;1
24498;0
24499;1
24500;0
24501;1
24502;0
24503;35
24504;13
24505;37
24506;12
24507;0
24508;0
24509;0
24510;1
24511;47
24512;0
24513;1
24514;0
24515;1
24516;0
24517;1
24518;0
24519;0
24520;0
24521;1
24522;0
24523;0
24524;1
24525;0
24526;0
24527;1
24528;2
24529;0
24530;0
24531;1
24532;0
24533;0
24534;1
24535;0
24536;1
24537;0
24538;0
24539;1
24540;0
24541;1
24542;0
24543;1
24544;2
24545;0
24546;1
24547;0
24548;0
24549;1
24550;0
24551;1
24552;0
24553;0
24554;0
24555;2
24556;3
24557;1
24558;0
24559;0
24560;1
24561;0
24562;0
24563;1
24564;0
24565;2
24566;1
24567;0
24568;0
24569;1
24570;1
24571;2
24572;0
24573;0
24574;1
24575;0
24576;0
24577;1
24578;0
24579;1
24580;0
24581;0
24582;0
24583;0
24584;1
24585;0
24586;1
24587;0
24588;1
24589;0
24590;1
24591;0
24592;36
24593;35
24594;0
24595;1
24596;0
24597;1
24598;0
24599;1
24600;0
24601;0
24602;2
24603;1
24604;0
24605;0
24606;1
24607;0
24608;1
24609;0
24610;0
24611;0
24612;0
24613;1
24614;0
24615;1
24616;0
24617;1
24618;0
24619;0
24620;1
24621;0
24622;0
24623;0
24624;1
24625;1
24626;0
24627;49
24628;47
24629;1
24630;0
24631;48
24632;0
24633;0
24634;0
24635;1
24636;0
24637;1
24638;0
24639;1
24640;0
24641;0
24642;1
24643;56
24644;57
24645;0
24646;0
24647;1
24648;0
24649;0
24650;1
24651;0
24652;0
24653;0
24654;0
24655;1
24656;0
24657;0
24658;0
24659;2
24660;1
24661;1
24662;0
24663;35
24664;37
24665;38
24666;36
24667;0
24668;0
24669;0
24670;0
24671;1
24672;0
24673;0
24674;1
24675;0
24676;1
24677;1
24678;0
24679;0
24680;0
24681;1
24682;0
24683;1
24684;1
24685;0
24686;1
24687;0
24688;36
24689;29
24690;31
24691;30
24692;35
24693;0
24694;31
24695;1
24696;0
24697;1
24698;0
24699;0
24700;0
24701;1
24702;0
24703;0
24704;1
24705;46
24706;0
24707;48
24708;47
24709;0
24710;1
24711;2
24712;21
24713;3
24714;0
24715;1
24716;0
24717;0
24718;0
24719;1
24720;0
24721;0
24722;0
24723;1
24724;0
24725;1
24726;0
24727;0
24728;1
24729;0
24730;1
24731;1
24732;0
24733;1
24734;0
24735;35
24736;36
24737;0
24738;1
24739;19
24740;10
24741;18
24742;0
24743;1
24744;0
24745;1
24746;0
24747;1
24748;0
24749;1
24750;0
24751;1
24752;0
24753;0
24754;1
24755;0
24756;1
24757;0
24758;1
24759;0
24760;0
24761;1
24762;0
24763;13
24764;23
24765;1
24766;0
24767;22
24768;24
24769;0
24770;60
24771;0
24772;1
24773;44
24774;0
24775;1
24776;0
24777;0
24778;1
24779;0
24780;0
24781;0
24782;0
24783;0
24784;1
24785;49
24786;1
24787;0
24788;47
24789;1
24790;0
24791;0
24792;2
24793;1
24794;0
24795;1
24796;1
24797;0
24798;0
24799;1
24800;14
24801;15
24802;0
24803;1
24804;0
24805;0
24806;1
24807;0
24808;1
24809;1
24810;0
24811;0
24812;1
24813;0
24814;1
24815;0
24816;0
24817;1
24818;0
24819;0
24820;1
24821;2
24822;0
24823;1
24824;0
24825;2
24826;3
24827;0
24828;1
24829;0
24830;1
24831;0
24832;0
24833;1
24834;0
24835;0
24836;1
24837;0
24838;1
24839;0
24840;0
24841;1
24842;0
24843;1
24844;0
24845;0
24846;1
24847;0
24848;1
24849;1
24850;0
24851;0
24852;2
24853;1
24854;0
24855;1
24856;0
24857;1
24858;0
24859;2
24860;0
24861;0
24862;1
24863;0
24864;1
24865;1
24866;0
24867;0
24868;1
24869;0
24870;0
24871;1
24872;0
24873;1
24874;0
24875;0
24876;1
24877;0
24878;0
24879;1
24880;0
24881;12
24882;44
24883;0
24884;1
24885;0
24886;1
24887;0
24888;1
24889;0
24890;1
24891;0
24892;1
24893;0
24894;0
24895;1
24896;0
24897;1
24898;0
24899;2
24900;0
24901;0
24902;1
24903;1
24904;0
24905;0
24906;0
24907;1
24908;0
24909;0
24910;1
24911;0
24912;1
24913;1
24914;0
24915;1
24916;0
24917;0
24918;1
24919;2
24920;1
24921;0
24922;0
24923;1
24924;0
24925;0
24926;2
24927;1
24928;0
24929;1
24930;0
24931;1
24932;0
24933;0
24934;0
24935;1
24936;0
24937;1
24938;0
24939;1
24940;0
24941;0
24942;1
24943;0
24944;1
24945;0
24946;45
24947;59
24948;1
24949;60
24950;0
24951;0
24952;1
24953;0
24954;0
24955;0
24956;0
24957;1
24958;0
24959;35
24960;0
24961;0
24962;1
24963;0
24964;1
24965;0
24966;6
24967;0
24968;1
24969;0
24970;1
24971;0
24972;1
24973;2
24974;0
24975;1
24976;0
24977;0
24978;1
24979;1
24980;0
24981;0
24982;1
24983;0
24984;1
24985;0
24986;0
24987;0
24988;36
24989;35
24990;0
24991;0
24992;1
24993;0
24994;0
24995;1
24996;45
24997;0
24998;0
24999;0
25000;1
25001;42
25002;0
25003;1
25004;0
25005;0
25006;2
25007;1
25008;0
25009;0
25010;1
25011;35
25012;36
25013;0
25014;1
25015;0
25016;1
25017;0
25018;1
25019;0
25020;1
25021;0
25022;1
25023;2
25024;0
25025;1
25026;1
25027;0
25028;0
25029;1
25030;0
25031;0
25032;1
25033;0
25034;1
25035;2
25036;0
25037;1
25038;0
25039;0
25040;0
25041;1
25042;0
25043;1
25044;0
25045;1
25046;0
25047;0
25048;0
25049;0
25050;1
25051;0
25052;1
25053;0
25054;1
25055;0
25056;0
25057;0
25058;1
25059;0
25060;1
25061;0
25062;35
25063;1
25064;0
25065;0
25066;1
25067;0
25068;0
25069;1
25070;41
25071;0
25072;40
25073;1
25074;0
25075;0
25076;1
25077;2
25078;0
25079;1
25080;2
25081;0
25082;0
25083;1
25084;0
25085;1
25086;0
25087;1
25088;0
25089;1
25090;0
25091;1
25092;0
25093;0
25094;0
25095;76
25096;78
25097;75
25098;1
25099;0
25100;1
25101;0
25102;1
25103;0
25104;0
25105;38
25106;1
25107;0
25108;1
25109;2
25110;0
25111;0
25112;2
25113;1
25114;0
25115;1
25116;35
25117;36
25118;0
25119;1
25120;0
25121;0
25122;1
25123;0
25124;0
25125;1
25126;0
25127;1
25128;0
25129;1
25130;0
25131;1
25132;0
25133;1
25134;0
25135;1
25136;0
25137;2
25138;35
25139;36
25140;0
25141;0
25142;0
25143;0
25144;0
25145;1
25146;0
25147;0
25148;0
25149;1
25150;0
25151;0
25152;1
25153;1
25154;0
25155;0
25156;1
25157;0
25158;1
25159;0
25160;1
25161;0
25162;2
25163;1
25164;39
25165;0
25166;0
25167;1
25168;0
25169;1
25170;0
25171;1
25172;0
25173;0
25174;1
25175;0
25176;0
25177;1
25178;40
25179;1
25180;0
25181;41
25182;0
25183;0
25184;1
25185;0
25186;1
25187;0
25188;1
25189;0
25190;0
25191;0
25192;0
25193;1
25194;0
25195;1
25196;0
25197;1
25198;0
25199;1
25200;0
25201;35
25202;36
25203;1
25204;0
25205;0
25206;1
25207;0
25208;1
25209;48
25210;49
25211;41
25212;0
25213;0
25214;1
25215;1
25216;0
25217;0
25218;1
25219;1
25220;0
25221;0
25222;1
25223;2
25224;0
25225;1
25226;0
25227;1
25228;1
25229;0
25230;2
25231;0
25232;1
25233;4
25234;0
25235;2
25236;60
25237;61
25238;4
25239;0
25240;0
25241;5
25242;1
25243;6
25244;0
25245;1
25246;0
25247;1
25248;0
25249;0
25250;0
25251;1
25252;0
25253;1
25254;10
25255;1
25256;0
25257;11
25258;0
25259;0
25260;1
25261;0
25262;1
25263;0
25264;1
25265;0
25266;0
25267;0
25268;0
25269;0
25270;1
25271;1
25272;0
25273;1
25274;0
25275;0
25276;1
25277;0
25278;1
25279;0
25280;0
25281;0
25282;0
25283;0
25284;1
25285;0
25286;1
25287;0
25288;1
25289;0
25290;1
25291;0
25292;1
25293;0
25294;2
25295;1
25296;0
25297;0
25298;0
25299;0
25300;2
25301;1
25302;35
25303;36
25304;0
25305;0
25306;0
25307;2
25308;0
25309;0
25310;1
25311;0
25312;0
25313;1
25314;0
25315;0
25316;1
25317;1
25318;0
25319;2
25320;0
25321;1
25322;0
25323;17
25324;0
25325;0
25326;0
25327;36
25328;35
25329;0
25330;0
25331;1
25332;0
25333;0
25334;1
25335;0
25336;2
25337;1
25338;0
25339;0
25340;1
25341;0
25342;0
25343;0
25344;1
25345;2
25346;0
25347;3
25348;1
25349;0
25350;0
25351;1
25352;0
25353;0
25354;1
25355;0
25356;0
25357;1
25358;0
25359;1
25360;0
25361;1
25362;0
25363;1
25364;2
25365;35
25366;0
25367;1
25368;35
25369;0
25370;0
25371;0
25372;0
25373;1
25374;0
25375;0
25376;0
25377;1
25378;2
25379;0
25380;0
25381;1
25382;0
25383;0
25384;1
25385;0
25386;0
25387;1
25388;0
25389;0
25390;1
25391;0
25392;1
25393;0
25394;0
25395;1
25396;0
25397;0
25398;0
25399;35
25400;36
25401;0
25402;1
25403;0
25404;0
25405;2
25406;1
25407;0
25408;0
25409;1
25410;0
25411;0
25412;0
25413;1
25414;0
25415;0
25416;1
25417;35
25418;36
25419;1
25420;0
25421;0
25422;1
25423;0
25424;0
25425;0
25426;0
25427;1
25428;2
25429;0
25430;1
25431;1
25432;2
25433;1
25434;0
25435;0
25436;1
25437;1
25438;0
25439;0
25440;0
25441;1
25442;0
25443;1
25444;0
25445;0
25446;0
25447;0
25448;1
25449;0
25450;1
25451;0
25452;0
25453;1
25454;0
25455;0
25456;0
25457;1
25458;2
25459;0
25460;0
25461;0
25462;1
25463;0
25464;1
25465;0
25466;0
25467;2
25468;0
25469;1
25470;0
25471;0
25472;1
25473;0
25474;1
25475;0
25476;0
25477;0
25478;0
25479;0
25480;1
25481;0
25482;1
25483;0
25484;0
25485;1
25486;4
25487;0
25488;2
25489;1
25490;0
25491;1
25492;36
25493;35
25494;0
25495;1
25496;0
25497;1
25498;0
25499;1
25500;0
25501;0
25502;1
25503;0
25504;0
25505;1
25506;0
25507;1
25508;0
25509;0
25510;0
25511;1
25512;0
25513;0
25514;1
25515;1
25516;0
25517;0
25518;1
25519;0
25520;1
25521;0
25522;36
25523;35
25524;0
25525;0
25526;42
25527;41
25528;0
25529;0
25530;0
25531;0
25532;0
25533;1
25534;0
25535;47
25536;48
25537;0
25538;1
25539;1
25540;0
25541;2
25542;0
25543;1
25544;0
25545;1
25546;0
25547;0
25548;1
25549;0
25550;1
25551;0
25552;1
25553;0
25554;0
25555;1
25556;0
25557;1
25558;1
25559;0
25560;0
25561;0
25562;1
25563;0
25564;1
25565;0
25566;1
25567;2
25568;0
25569;0
25570;2
25571;1
25572;1
25573;4
25574;0
25575;0
25576;0
25577;1
25578;35
25579;36
25580;35
25581;0
25582;0
25583;1
25584;0
25585;1
25586;0
25587;1
25588;1
25589;0
25590;0
25591;0
25592;1
25593;0
25594;0
25595;1
25596;35
25597;9
25598;10
25599;37
25600;38
25601;0
25602;1
25603;0
25604;0
25605;0
25606;0
25607;1
25608;0
25609;2
25610;1
25611;0
25612;1
25613;0
25614;2
25615;40
25616;1
25617;0
25618;1
25619;0
25620;1
25621;0
25622;1
25623;0
25624;1
25625;0
25626;0
25627;0
25628;1
25629;0
25630;42
25631;41
25632;1
25633;2
25634;0
25635;1
25636;2
25637;0
25638;1
25639;0
25640;1
25641;0
25642;0
25643;1
25644;0
25645;1
25646;0
25647;2
25648;1
25649;36
25650;35
25651;41
25652;0
25653;44
25654;42
25655;2
25656;1
25657;1
25658;0
25659;0
25660;0
25661;1
25662;0
25663;1
25664;1
25665;0
25666;1
25667;2
25668;0
25669;1
25670;0
25671;0
25672;0
25673;1
25674;2
25675;11
25676;22
25677;12
25678;0
25679;23
25680;1
25681;0
25682;0
25683;40
25684;1
25685;0
25686;0
25687;0
25688;1
25689;21
25690;1
25691;0
25692;0
25693;2
25694;1
25695;0
25696;1
25697;0
25698;1
25699;1
25700;0
25701;0
25702;1
25703;0
25704;1
25705;0
25706;0
25707;1
25708;18
25709;19
25710;10
25711;17
25712;0
25713;1
25714;0
25715;1
25716;36
25717;35
25718;0
25719;1
25720;0
25721;1
25722;2
25723;0
25724;1
25725;0
25726;1
25727;0
25728;9
25729;7
25730;8
25731;19
25732;20
25733;0
25734;2
25735;1
25736;0
25737;0
25738;35
25739;0
25740;1
25741;0
25742;0
25743;1
25744;0
25745;0
25746;1
25747;0
25748;35
25749;74
25750;35
25751;0
25752;1
25753;35
25754;24
25755;36
25756;0
25757;1
25758;0
25759;1
25760;0
25761;1
25762;0
25763;1
25764;76
25765;0
25766;1
25767;0
25768;1
25769;0
25770;1
25771;0
25772;41
25773;0
25774;49
25775;47
25776;0
25777;48
25778;0
25779;1
25780;0
25781;0
25782;1
25783;0
25784;0
25785;81
25786;80
25787;1
25788;0
25789;82
25790;0
25791;2
25792;1
25793;0
25794;1
25795;0
25796;0
25797;1
25798;0
25799;1
25800;1
25801;31
25802;0
25803;0
25804;0
25805;0
25806;1
25807;0
25808;1
25809;0
25810;1
25811;0
25812;0
25813;0
25814;0
25815;0
25816;1
25817;3
25818;1
25819;0
25820;2
25821;47
25822;0
25823;49
25824;0
25825;0
25826;0
25827;0
25828;0
25829;1
25830;1
25831;0
25832;35
25833;0
25834;1
25835;0
25836;0
25837;0
25838;1
25839;0
25840;0
25841;1
25842;0
25843;0
25844;0
25845;1
25846;0
25847;1
25848;0
25849;2
25850;1
25851;0
25852;1
25853;0
25854;47
25855;0
25856;1
25857;2
25858;0
25859;0
25860;1
25861;0
25862;1
25863;0
25864;1
25865;0
25866;1
25867;0
25868;0
25869;0
25870;0
25871;0
25872;1
25873;1
25874;0
25875;0
25876;2
25877;1
25878;36
25879;35
25880;36
25881;35
25882;0
25883;82
25884;35
25885;83
25886;0
25887;0
25888;2
25889;1
25890;0
25891;0
25892;35
25893;0
25894;0
25895;36
25896;35
25897;0
25898;0
25899;1
25900;64
25901;65
25902;0
25903;1
25904;0
25905;1
25906;0
25907;1
25908;1
25909;0
25910;0
25911;1
25912;47
25913;0
25914;48
25915;1
25916;2
25917;0
25918;1
25919;0
25920;0
25921;0
25922;1
25923;0
25924;0
25925;1
25926;0
25927;0
25928;0
25929;1
25930;40
25931;0
25932;0
25933;1
25934;0
25935;1
25936;35
25937;0
25938;1
25939;0
25940;0
25941;0
25942;1
25943;0
25944;1
25945;0
25946;0
25947;2
25948;1
25949;0
25950;0
25951;1
25952;0
25953;0
25954;1
25955;0
25956;1
25957;0
25958;0
25959;1
25960;0
25961;0
25962;1
25963;0
25964;0
25965;1
25966;0
25967;1
25968;2
25969;0
25970;1
25971;0
25972;0
25973;1
25974;1
25975;0
25976;0
25977;2
25978;1
25979;0
25980;1
25981;0
25982;0
25983;0
25984;1
25985;36
25986;35
25987;0
25988;1
25989;0
25990;1
25991;47
25992;0
25993;48
25994;1
25995;0
25996;0
25997;1
25998;0
25999;0
26000;1
26001;0
26002;1
26003;0
26004;0
26005;1
26006;0
26007;0
26008;1
26009;35
26010;36
26011;0
26012;1
26013;4
26014;0
26015;1
26016;0
26017;1
26018;0
26019;1
26020;0
26021;0
26022;1
26023;0
26024;0
26025;0
26026;1
26027;1
26028;0
26029;0
26030;0
26031;1
26032;0
26033;1
26034;0
26035;0
26036;1
26037;0
26038;0
26039;1
26040;0
26041;44
26042;1
26043;0
26044;1
26045;2
26046;0
26047;1
26048;0
26049;0
26050;0
26051;1
26052;0
26053;2
26054;0
26055;0
26056;46
26057;1
26058;0
26059;0
26060;1
26061;0
26062;0
26063;2
26064;0
26065;18
26066;0
26067;10
26068;1
26069;0
26070;1
26071;0
26072;0
26073;1
26074;15
26075;0
26076;1
26077;0
26078;1
26079;36
26080;35
26081;2
26082;0
26083;3
26084;0
26085;35
26086;36
26087;0
26088;35
26089;36
26090;0
26091;1
26092;0
26093;1
26094;0
26095;1
26096;0
26097;0
26098;2
26099;1
26100;36
26101;35
26102;0
26103;1
26104;0
26105;0
26106;1
26107;0
26108;2
26109;1
26110;0
26111;1
26112;1
26113;0
26114;0
26115;1
26116;0
26117;1
26118;0
26119;1
26120;0
26121;1
26122;2
26123;0
26124;0
26125;1
26126;0
26127;0
26128;35
26129;35
26130;36
26131;0
26132;1
26133;0
26134;0
26135;1
26136;0
26137;1
26138;0
26139;0
26140;1
26141;0
26142;35
26143;36
26144;19
26145;0
26146;21
26147;22
26148;1
26149;20
26150;0
26151;23
26152;0
26153;1
26154;2
26155;1
26156;0
26157;0
26158;1
26159;0
26160;1
26161;0
26162;0
26163;1
26164;0
26165;0
26166;1
26167;0
26168;1
26169;0
26170;0
26171;0
26172;1
26173;0
26174;1
26175;0
26176;0
26177;1
26178;0
26179;1
26180;0
26181;1
26182;0
26183;0
26184;0
26185;1
26186;0
26187;0
26188;1
26189;0
26190;1
26191;0
26192;1
26193;0
26194;0
26195;1
26196;0
26197;1
26198;0
26199;1
26200;0
26201;0
26202;0
26203;2
26204;1
26205;0
26206;1
26207;0
26208;1
26209;0
26210;0
26211;1
26212;1
26213;0
26214;1
26215;0
26216;0
26217;35
26218;0
26219;0
26220;0
26221;1
26222;0
26223;0
26224;1
26225;0
26226;0
26227;0
26228;1
26229;0
26230;0
26231;1
26232;0
26233;0
26234;0
26235;2
26236;0
26237;48
26238;49
26239;0
26240;47
26241;0
26242;1
26243;2
26244;0
26245;1
26246;0
26247;1
26248;0
26249;0
26250;1
26251;1
26252;0
26253;0
26254;0
26255;1
26256;0
26257;1
26258;0
26259;15
26260;0
26261;17
26262;18
26263;9
26264;16
26265;0
26266;1
26267;0
26268;1
26269;0
26270;1
26271;0
26272;1
26273;0
26274;0
26275;0
26276;4
26277;0
26278;3
26279;1
26280;0
26281;1
26282;0
26283;1
26284;0
26285;1
26286;0
26287;0
26288;2
26289;1
26290;0
26291;1
26292;18
26293;19
26294;20
26295;0
26296;0
26297;1
26298;0
26299;0
26300;1
26301;0
26302;0
26303;0
26304;0
26305;0
26306;1
26307;2
26308;0
26309;0
26310;1
26311;1
26312;0
26313;0
26314;1
26315;2
26316;1
26317;0
26318;0
26319;1
26320;0
26321;1
26322;0
26323;1
26324;1
26325;0
26326;1
26327;0
26328;0
26329;0
26330;1
26331;0
26332;1
26333;0
26334;0
26335;1
26336;0
26337;1
26338;0
26339;1
26340;0
26341;1
26342;1
26343;0
26344;1
26345;0
26346;0
26347;2
26348;1
26349;2
26350;0
26351;1
26352;0
26353;1
26354;1
26355;0
26356;1
26357;0
26358;0
26359;1
26360;0
26361;47
26362;1
26363;0
26364;1
26365;0
26366;0
26367;0
26368;0
26369;0
26370;40
26371;45
26372;64
26373;65
26374;2
26375;66
26376;1
26377;0
26378;39
26379;0
26380;1
26381;0
26382;0
26383;1
26384;0
26385;1
26386;0
26387;1
26388;2
26389;1
26390;0
26391;0
26392;39
26393;0
26394;0
26395;0
26396;1
26397;0
26398;0
26399;1
26400;0
26401;1
26402;1
26403;0
26404;0
26405;1
26406;0
26407;1
26408;0
26409;0
26410;1
26411;0
26412;1
26413;35
26414;0
26415;1
26416;19
26417;35
26418;36
26419;0
26420;1
26421;0
26422;1
26423;0
26424;0
26425;0
26426;1
26427;0
26428;2
26429;0
26430;0
26431;1
26432;0
26433;1
26434;35
26435;36
26436;25
26437;26
26438;0
26439;1
26440;2
26441;1
26442;0
26443;0
26444;0
26445;40
26446;0
26447;41
26448;0
26449;1
26450;0
26451;0
26452;1
26453;0
26454;1
26455;0
26456;1
26457;0
26458;0
26459;0
26460;1
26461;1
26462;0
26463;0
26464;1
26465;0
26466;1
26467;2
26468;0
26469;2
26470;0
26471;1
26472;35
26473;0
26474;1
26475;0
26476;1
26477;2
26478;1
26479;0
26480;0
26481;1
26482;0
26483;1
26484;0
26485;0
26486;0
26487;1
26488;0
26489;1
26490;20
26491;18
26492;21
26493;35
26494;36
26495;0
26496;1
26497;0
26498;1
26499;0
26500;1
26501;0
26502;0
26503;1
26504;0
26505;35
26506;36
26507;0
26508;1
26509;0
26510;1
26511;0
26512;1
26513;0
26514;0
26515;1
26516;1
26517;0
26518;0
26519;0
26520;2
26521;0
26522;1
26523;0
26524;2
26525;1
26526;0
26527;0
26528;1
26529;0
26530;1
26531;0
26532;1
26533;2
26534;40
26535;0
26536;1
26537;0
26538;0
26539;1
26540;0
26541;0
26542;0
26543;1
26544;0
26545;36
26546;2
26547;1
26548;0
26549;1
26550;2
26551;0
26552;1
26553;0
26554;0
26555;1
26556;0
26557;1
26558;0
26559;0
26560;0
26561;1
26562;0
26563;0
26564;1
26565;0
26566;1
26567;2
26568;0
26569;0
26570;0
26571;1
26572;0
26573;1
26574;0
26575;0
26576;1
26577;0
26578;1
26579;0
26580;1
26581;0
26582;0
26583;0
26584;1
26585;1
26586;0
26587;0
26588;0
26589;0
26590;2
26591;1
26592;1
26593;0
26594;0
26595;0
26596;1
26597;1
26598;0
26599;1
26600;0
26601;0
26602;0
26603;1
26604;0
26605;35
26606;0
26607;0
26608;1
26609;0
26610;0
26611;1
26612;0
26613;0
26614;1
26615;35
26616;40
26617;1
26618;0
26619;0
26620;1
26621;1
26622;0
26623;0
26624;0
26625;1
26626;1
26627;0
26628;56
26629;40
26630;57
26631;39
26632;21
26633;0
26634;1
26635;0
26636;0
26637;1
26638;0
26639;0
26640;1
26641;0
26642;1
26643;0
26644;1
26645;1
26646;0
26647;0
26648;1
26649;0
26650;1
26651;0
26652;1
26653;0
26654;35
26655;0
26656;0
26657;0
26658;1
26659;0
26660;0
26661;1
26662;1
26663;0
26664;0
26665;0
26666;1
26667;0
26668;1
26669;22
26670;35
26671;36
26672;21
26673;37
26674;0
26675;0
26676;0
26677;0
26678;0
26679;1
26680;2
26681;0
26682;1
26683;0
26684;1
26685;1
26686;0
26687;0
26688;1
26689;0
26690;25
26691;0
26692;26
26693;1
26694;1
26695;0
26696;1
26697;0
26698;4
26699;30
26700;29
26701;0
26702;1
26703;0
26704;0
26705;1
26706;0
26707;2
26708;1
26709;0
26710;1
26711;0
26712;1
26713;0
26714;1
26715;48
26716;0
26717;1
26718;0
26719;0
26720;1
26721;0
26722;1
26723;0
26724;1
26725;11
26726;0
26727;1
26728;0
26729;2
26730;0
26731;1
26732;0
26733;1
26734;0
26735;1
26736;0
26737;1
26738;35
26739;1
26740;0
26741;0
26742;0
26743;1
26744;0
26745;1
26746;0
26747;1
26748;0
26749;1
26750;0
26751;0
26752;1
26753;0
26754;0
26755;0
26756;1
26757;0
26758;0
26759;1
26760;0
26761;1
26762;0
26763;1
26764;1
26765;0
26766;0
26767;2
26768;4
26769;1
26770;37
26771;38
26772;70
26773;0
26774;0
26775;1
26776;0
26777;1
26778;0
26779;0
26780;49
26781;0
26782;0
26783;0
26784;1
26785;1
26786;0
26787;0
26788;0
26789;1
26790;0
26791;1
26792;15
26793;0
26794;17
26795;18
26796;9
26797;16
26798;0
26799;1
26800;0
26801;0
26802;1
26803;0
26804;0
26805;1
26806;0
26807;0
26808;1
26809;0
26810;0
26811;1
26812;1
26813;0
26814;0
26815;1
26816;0
26817;1
26818;0
26819;0
26820;1
26821;0
26822;1
26823;0
26824;1
26825;0
26826;0
26827;1
26828;2
26829;0
26830;1
26831;0
26832;1
26833;0
26834;1
26835;0
26836;1
26837;0
26838;0
26839;0
26840;0
26841;1
26842;0
26843;1
26844;0
26845;0
26846;1
26847;30
26848;0
26849;31
26850;0
26851;1
26852;1
26853;0
26854;0
26855;1
26856;0
26857;1
26858;0
26859;1
26860;0
26861;0
26862;2
26863;0
26864;2
26865;1
26866;0
26867;1
26868;0
26869;1
26870;0
26871;35
26872;36
26873;37
26874;0
26875;1
26876;0
26877;0
26878;0
26879;44
26880;0
26881;1
26882;45
26883;0
26884;0
26885;0
26886;1
26887;0
26888;1
26889;0
26890;1
26891;0
26892;0
26893;0
26894;52
26895;40
26896;0
26897;0
26898;0
26899;1
26900;0
26901;1
26902;0
26903;1
26904;0
26905;0
26906;41
26907;0
26908;2
26909;0
26910;1
26911;0
26912;1
26913;0
26914;1
26915;1
26916;0
26917;0
26918;0
26919;1
26920;0
26921;1
26922;0
26923;1
26924;0
26925;1
26926;0
26927;1
26928;0
26929;0
26930;70
26931;71
26932;0
26933;2
26934;1
26935;0
26936;0
26937;1
26938;0
26939;0
26940;0
26941;0
26942;2
26943;1
26944;0
26945;0
26946;0
26947;1
26948;34
26949;0
26950;0
26951;1
26952;0
26953;1
26954;1
26955;0
26956;0
26957;0
26958;1
26959;0
26960;0
26961;1
26962;0
26963;0
26964;0
26965;1
26966;2
26967;0
26968;1
26969;0
26970;0
26971;1
26972;0
26973;1
26974;59
26975;2
26976;60
26977;0
26978;0
26979;0
26980;1
26981;0
26982;0
26983;1
26984;0
26985;0
26986;1
26987;2
26988;0
26989;1
26990;0
26991;0
26992;2
26993;1
26994;1
26995;0
26996;0
26997;1
26998;0
26999;1
27000;0
27001;1
27002;42
27003;43
27004;0
27005;0
27006;0
27007;1
27008;0
27009;0
27010;1
27011;0
27012;0
27013;0
27014;1
27015;2
27016;0
27017;1
27018;0
27019;1
27020;0
27021;1
27022;0
27023;51
27024;10
27025;1
27026;0
27027;1
27028;0
27029;35
27030;35
27031;0
27032;0
27033;1
27034;0
27035;1
27036;0
27037;0
27038;0
27039;1
27040;0
27041;0
27042;2
27043;1
27044;0
27045;2
27046;1
27047;0
27048;1
27049;0
27050;1
27051;0
27052;1
27053;0
27054;1
27055;0
27056;0
27057;1
27058;0
27059;0
27060;0
27061;1
27062;1
27063;0
27064;0
27065;1
27066;0
27067;1
27068;40
27069;0
27070;0
27071;0
27072;0
27073;1
27074;0
27075;0
27076;0
27077;1
27078;0
27079;0
27080;0
27081;1
27082;1
27083;0
27084;0
27085;1
27086;0
27087;46
27088;1
27089;2
27090;0
27091;2
27092;1
27093;0
27094;39
27095;0
27096;1
27097;0
27098;0
27099;1
27100;0
27101;1
27102;0
27103;1
27104;0
27105;0
27106;35
27107;0
27108;1
27109;0
27110;1
27111;0
27112;26
27113;0
27114;29
27115;0
27116;0
27117;1
27118;0
27119;0
27120;0
27121;0
27122;1
27123;0
27124;1
27125;0
27126;1
27127;0
27128;0
27129;0
27130;0
27131;0
27132;1
27133;0
27134;0
27135;1
27136;0
27137;0
27138;1
27139;0
27140;1
27141;0
27142;0
27143;1
27144;0
27145;0
27146;0
27147;0
27148;0
27149;1
27150;0
27151;0
27152;1
27153;0
27154;0
27155;1
27156;0
27157;1
27158;0
27159;0
27160;1
27161;0
27162;0
27163;1
27164;0
27165;0
27166;0
27167;1
27168;0
27169;1
27170;2
27171;0
27172;1
27173;0
27174;0
27175;0
27176;1
27177;1
27178;0
27179;0
27180;1
27181;0
27182;1
27183;0
27184;0
27185;1
27186;1
27187;0
27188;1
27189;0
27190;0
27191;0
27192;1
27193;0
27194;0
27195;0
27196;1
27197;0
27198;0
27199;1
27200;1
27201;61
27202;0
27203;1
27204;0
27205;0
27206;1
27207;0
27208;1
27209;0
27210;1
27211;0
27212;1
27213;0
27214;0
27215;0
27216;1
27217;0
27218;0
27219;1
27220;0
27221;1
27222;0
27223;1
27224;0
27225;0
27226;1
27227;0
27228;0
27229;1
27230;0
27231;1
27232;0
27233;35
27234;36
27235;0
27236;1
27237;0
27238;0
27239;62
27240;1
27241;60
27242;0
27243;0
27244;1
27245;0
27246;0
27247;0
27248;1
27249;0
27250;1
27251;36
27252;35
27253;0
27254;1
27255;0
27256;1
27257;0
27258;1
27259;0
27260;1
27261;0
27262;0
27263;0
27264;0
27265;1
27266;1
27267;0
27268;0
27269;1
27270;0
27271;0
27272;1
27273;0
27274;0
27275;1
27276;0
27277;1
27278;0
27279;1
27280;2
27281;0
27282;0
27283;0
27284;1
27285;3
27286;5
27287;4
27288;1
27289;0
27290;0
27291;1
27292;0
27293;1
27294;0
27295;1
27296;35
27297;0
27298;1
27299;0
27300;0
27301;1
27302;0
27303;0
27304;0
27305;1
27306;35
27307;0
27308;0
27309;1
27310;0
27311;1
27312;0
27313;1
27314;0
27315;1
27316;0
27317;0
27318;1
27319;0
27320;0
27321;1
27322;35
27323;39
27324;36
27325;0
27326;1
27327;0
27328;2
27329;1
27330;0
27331;0
27332;1
27333;0
27334;1
27335;0
27336;1
27337;0
27338;1
27339;0
27340;0
27341;47
27342;48
27343;0
27344;0
27345;47
27346;48
27347;0
27348;0
27349;0
27350;8
27351;0
27352;34
27353;0
27354;0
27355;1
27356;0
27357;1
27358;0
27359;2
27360;1
27361;0
27362;1
27363;0
27364;0
27365;1
27366;0
27367;4
27368;0
27369;0
27370;0
27371;0
27372;1
27373;1
27374;0
27375;0
27376;1
27377;35
27378;36
27379;0
27380;1
27381;0
27382;1
27383;1
27384;0
27385;0
27386;0
27387;1
27388;0
27389;1
27390;1
27391;0
27392;2
27393;0
27394;1
27395;2
27396;0
27397;0
27398;0
27399;1
27400;0
27401;0
27402;22
27403;23
27404;21
27405;0
27406;1
27407;1
27408;0
27409;1
27410;0
27411;0
27412;1
27413;0
27414;1
27415;0
27416;1
27417;0
27418;0
27419;1
27420;0
27421;0
27422;1
27423;0
27424;1
27425;0
27426;1
27427;1
27428;0
27429;0
27430;0
27431;0
27432;2
27433;1
27434;0
27435;0
27436;0
27437;1
27438;1
27439;0
27440;0
27441;36
27442;35
27443;0
27444;1
27445;0
27446;1
27447;0
27448;0
27449;2
27450;1
27451;0
27452;1
27453;0
27454;0
27455;1
27456;1
27457;0
27458;0
27459;2
27460;0
27461;1
27462;0
27463;1
27464;2
27465;0
27466;1
27467;1
27468;0
27469;2
27470;0
27471;2
27472;1
27473;0
27474;0
27475;0
27476;1
27477;0
27478;0
27479;2
27480;1
27481;24
27482;27
27483;25
27484;26
27485;0
27486;0
27487;0
27488;1
27489;0
27490;1
27491;0
27492;1
27493;35
27494;0
27495;0
27496;1
27497;0
27498;1
27499;0
27500;1
27501;0
27502;0
27503;0
27504;0
27505;0
27506;1
27507;0
27508;0
27509;0
27510;1
27511;2
27512;1
27513;0
27514;0
27515;0
27516;1
27517;0
27518;0
27519;1
27520;0
27521;0
27522;0
27523;1
27524;35
27525;1
27526;0
27527;0
27528;0
27529;0
27530;0
27531;0
27532;0
27533;1
27534;0
27535;0
27536;1
27537;0
27538;1
27539;0
27540;0
27541;1
27542;0
27543;1
27544;1
27545;0
27546;0
27547;0
27548;1
27549;0
27550;0
27551;1
27552;0
27553;0
27554;1
27555;0
27556;35
27557;1
27558;0
27559;0
27560;1
27561;0
27562;0
27563;0
27564;0
27565;1
27566;0
27567;0
27568;1
27569;0
27570;1
27571;0
27572;1
27573;0
27574;0
27575;1
27576;2
27577;0
27578;1
27579;0
27580;0
27581;0
27582;38
27583;42
27584;1
27585;0
27586;0
27587;0
27588;0
27589;1
27590;0
27591;1
27592;1
27593;0
27594;1
27595;0
27596;1
27597;0
27598;0
27599;0
27600;1
27601;0
27602;1
27603;0
27604;1
27605;0
27606;2
27607;0
27608;1
27609;0
27610;0
27611;0
27612;0
27613;1
27614;0
27615;1
27616;2
27617;0
27618;2
27619;1
27620;0
27621;1
27622;1
27623;0
27624;2
27625;0
27626;1
27627;0
27628;1
27629;1
27630;0
27631;2
27632;0
27633;1
27634;0
27635;0
27636;0
27637;0
27638;0
27639;0
27640;1
27641;2
27642;1
27643;0
27644;6
27645;0
27646;1
27647;0
27648;0
27649;0
27650;1
27651;0
27652;1
27653;0
27654;0
27655;1
27656;36
27657;35
27658;0
27659;0
27660;1
27661;1
27662;0
27663;0
27664;0
27665;0
27666;1
27667;0
27668;1
27669;1
27670;0
27671;1
27672;0
27673;0
27674;1
27675;0
27676;0
27677;1
27678;0
27679;0
27680;1
27681;0
27682;1
27683;0
27684;0
27685;1
27686;0
27687;0
27688;1
27689;0
27690;0
27691;1
27692;0
27693;1
27694;1
27695;0
27696;1
27697;0
27698;0
27699;1
27700;0
27701;0
27702;0
27703;0
27704;1
27705;1
27706;0
27707;0
27708;1
27709;2
27710;1
27711;0
27712;0
27713;1
27714;0
27715;0
27716;0
27717;1
27718;0
27719;1
27720;0
27721;0
27722;1
27723;0
27724;1
27725;2
27726;0
27727;1
27728;0
27729;1
27730;0
27731;1
27732;0
27733;1
27734;0
27735;1
27736;0
27737;0
27738;0
27739;1
27740;0
27741;1
27742;0
27743;1
27744;0
27745;1
27746;0
27747;1
27748;1
27749;0
27750;0
27751;1
27752;0
27753;1
27754;1
27755;0
27756;0
27757;2
27758;1
27759;44
27760;0
27761;46
27762;0
27763;2
27764;1
27765;1
27766;0
27767;0
27768;1
27769;0
27770;0
27771;1
27772;0
27773;0
27774;1
27775;0
27776;1
27777;0
27778;0
27779;1
27780;0
27781;1
27782;1
27783;0
27784;0
27785;1
27786;0
27787;1
27788;0
27789;1
27790;42
27791;40
27792;41
27793;0
27794;1
27795;0
27796;0
27797;1
27798;41
27799;1
27800;0
27801;0
27802;1
27803;0
27804;1
27805;0
27806;0
27807;40
27808;0
27809;1
27810;41
27811;0
27812;0
27813;0
27814;1
27815;35
27816;82
27817;85
27818;36
27819;84
27820;1
27821;0
27822;0
27823;1
27824;1
27825;0
27826;0
27827;0
27828;0
27829;1
27830;0
27831;1
27832;0
27833;1
27834;0
27835;1
27836;0
27837;0
27838;1
27839;0
27840;0
27841;1
27842;0
27843;1
27844;0
27845;0
27846;0
27847;1
27848;0
27849;1
27850;1
27851;0
27852;0
27853;1
27854;0
27855;0
27856;1
27857;0
27858;1
27859;1
27860;2
27861;1
27862;0
27863;0
27864;0
27865;1
27866;0
27867;0
27868;1
27869;0
27870;0
27871;0
27872;0
27873;0
27874;1
27875;0
27876;0
27877;1
27878;0
27879;0
27880;47
27881;0
27882;1
27883;0
27884;0
27885;0
27886;0
27887;2
27888;0
27889;1
27890;0
27891;0
27892;2
27893;0
27894;1
27895;1
27896;0
27897;0
27898;1
27899;0
27900;1
27901;35
27902;36
27903;0
27904;1
27905;1
27906;0
27907;0
27908;2
27909;1
27910;0
27911;0
27912;1
27913;1
27914;0
27915;2
27916;1
27917;0
27918;0
27919;1
27920;0
27921;4
27922;1
27923;2
27924;0
27925;1
27926;0
27927;2
27928;0
27929;1
27930;0
27931;1
27932;0
27933;1
27934;0
27935;0
27936;11
27937;1
27938;0
27939;0
27940;35
27941;69
27942;66
27943;68
27944;0
27945;1
27946;0
27947;1
27948;0
27949;1
27950;0
27951;0
27952;1
27953;1
27954;0
27955;0
27956;1
27957;0
27958;1
27959;0
27960;1
27961;0
27962;0
27963;35
27964;36
27965;0
27966;0
27967;0
27968;1
27969;0
27970;1
27971;1
27972;0
27973;0
27974;0
27975;1
27976;0
27977;1
27978;0
27979;0
27980;0
27981;0
27982;1
27983;0
27984;0
27985;0
27986;40
27987;1
27988;41
27989;0
27990;1
27991;0
27992;1
27993;0
27994;1
27995;0
27996;1
27997;0
27998;1
27999;2
28000;1
28001;0
28002;35
28003;0
28004;0
28005;0
28006;1
28007;43
28008;41
28009;0
28010;1
28011;0
28012;1
28013;0
28014;1
28015;0
28016;1
28017;2
28018;0
28019;1
28020;0
28021;0
28022;1
28023;0
28024;1
28025;0
28026;1
28027;0
28028;0
28029;0
28030;1
28031;0
28032;1
28033;0
28034;1
28035;2
28036;0
28037;2
28038;1
28039;14
28040;0
28041;1
28042;0
28043;1
28044;0
28045;1
28046;0
28047;1
28048;0
28049;0
28050;1
28051;0
28052;0
28053;1
28054;0
28055;0
28056;0
28057;1
28058;0
28059;0
28060;1
28061;9
28062;24
28063;0
28064;0
28065;0
28066;1
28067;0
28068;1
28069;0
28070;0
28071;1
28072;0
28073;1
28074;0
28075;0
28076;10
28077;1
28078;0
28079;11
28080;0
28081;36
28082;35
28083;0
28084;0
28085;39
28086;0
28087;0
28088;1
28089;0
28090;1
28091;0
28092;1
28093;0
28094;1
28095;0
28096;1
28097;0
28098;1
28099;2
28100;0
28101;0
28102;1
28103;0
28104;1
28105;0
28106;45
28107;46
28108;2
28109;0
28110;1
28111;0
28112;0
28113;49
28114;48
28115;0
28116;0
28117;0
28118;1
28119;0
28120;1
28121;0
28122;2
28123;1
28124;0
28125;1
28126;2
28127;35
28128;66
28129;65
28130;0
28131;0
28132;1
28133;0
28134;1
28135;35
28136;0
28137;2
28138;3
28139;1
28140;0
28141;1
28142;0
28143;1
28144;0
28145;13
28146;35
28147;1
28148;0
28149;0
28150;1
28151;0
28152;1
28153;0
28154;0
28155;0
28156;0
28157;0
28158;0
28159;0
28160;1
28161;0
28162;31
28163;0
28164;1
28165;0
28166;0
28167;0
28168;1
28169;0
28170;1
28171;36
28172;20
28173;1
28174;0
28175;0
28176;1
28177;23
28178;0
28179;25
28180;24
28181;0
28182;0
28183;1
28184;0
28185;1
28186;0
28187;35
28188;36
28189;41
28190;35
28191;1
28192;0
28193;0
28194;0
28195;1
28196;0
28197;0
28198;1
28199;1
28200;0
28201;0
28202;0
28203;0
28204;1
28205;0
28206;1
28207;0
28208;1
28209;2
28210;1
28211;0
28212;0
28213;1
28214;1
28215;0
28216;0
28217;0
28218;1
28219;0
28220;1
28221;0
28222;0
28223;0
28224;1
28225;0
28226;3
28227;0
28228;1
28229;2
28230;0
28231;1
28232;0
28233;1
28234;0
28235;0
28236;1
28237;0
28238;1
28239;0
28240;0
28241;0
28242;1
28243;21
28244;22
28245;0
28246;30
28247;29
28248;28
28249;0
28250;47
28251;0
28252;1
28253;49
28254;0
28255;1
28256;0
28257;1
28258;0
28259;0
28260;1
28261;0
28262;2
28263;1
28264;0
28265;1
28266;0
28267;1
28268;0
28269;0
28270;1
28271;1
28272;0
28273;0
28274;0
28275;0
28276;1
28277;0
28278;1
28279;0
28280;0
28281;1
28282;1
28283;0
28284;0
28285;1
28286;0
28287;1
28288;0
28289;1
28290;0
28291;0
28292;0
28293;0
28294;1
28295;0
28296;0
28297;0
28298;1
28299;47
28300;1
28301;0
28302;49
28303;48
28304;1
28305;0
28306;0
28307;0
28308;0
28309;1
28310;0
28311;1
28312;0
28313;0
28314;1
28315;0
28316;1
28317;1
28318;0
28319;0
28320;1
28321;0
28322;1
28323;0
28324;1
28325;0
28326;39
28327;0
28328;0
28329;0
28330;0
28331;0
28332;1
28333;0
28334;1
28335;0
28336;1
28337;0
28338;0
28339;1
28340;0
28341;1
28342;2
28343;0
28344;0
28345;0
28346;0
28347;1
28348;0
28349;35
28350;0
28351;1
28352;40
28353;42
28354;0
28355;41
28356;0
28357;1
28358;0
28359;0
28360;1
28361;0
28362;0
28363;1
28364;0
28365;1
28366;0
28367;0
28368;0
28369;0
28370;1
28371;0
28372;0
28373;27
28374;26
28375;0
28376;1
28377;0
28378;36
28379;35
28380;0
28381;1
28382;0
28383;36
28384;35
28385;0
28386;1
28387;0
28388;1
28389;1
28390;0
28391;0
28392;1
28393;0
28394;1
28395;0
28396;0
28397;0
28398;1
28399;0
28400;1
28401;1
28402;0
28403;0
28404;1
28405;0
28406;0
28407;0
28408;0
28409;1
28410;52
28411;0
28412;53
28413;0
28414;1
28415;0
28416;1
28417;0
28418;1
28419;0
28420;0
28421;1
28422;0
28423;0
28424;1
28425;2
28426;0
28427;0
28428;1
28429;0
28430;0
28431;58
28432;1
28433;59
28434;0
28435;0
28436;1
28437;0
28438;27
28439;0
28440;0
28441;2
28442;1
28443;35
28444;36
28445;1
28446;0
28447;0
28448;1
28449;0
28450;0
28451;0
28452;1
28453;1
28454;0
28455;0
28456;1
28457;0
28458;1
28459;0
28460;1
28461;1
28462;0
28463;0
28464;0
28465;1
28466;0
28467;0
28468;1
28469;0
28470;0
28471;0
28472;0
28473;1
28474;0
28475;0
28476;1
28477;0
28478;0
28479;2
28480;1
28481;0
28482;1
28483;0
28484;1
28485;0
28486;0
28487;0
28488;0
28489;1
28490;0
28491;1
28492;0
28493;0
28494;1
28495;0
28496;0
28497;1
28498;0
28499;0
28500;0
28501;1
28502;0
28503;1
28504;0
28505;1
28506;0
28507;0
28508;1
28509;0
28510;0
28511;1
28512;0
28513;0
28514;0
28515;1
28516;2
28517;0
28518;1
28519;0
28520;1
28521;1
28522;0
28523;2
28524;0
28525;1
28526;1
28527;0
28528;0
28529;1
28530;0
28531;0
28532;35
28533;0
28534;1
28535;2
28536;0
28537;0
28538;0
28539;2
28540;0
28541;1
28542;0
28543;1
28544;0
28545;0
28546;1
28547;0
28548;1
28549;1
28550;0
28551;1
28552;0
28553;0
28554;1
28555;0
28556;1
28557;0
28558;1
28559;0
28560;1
28561;0
28562;1
28563;0
28564;36
28565;78
28566;35
28567;0
28568;0
28569;2
28570;0
28571;1
28572;0
28573;1
28574;0
28575;4
28576;1
28577;0
28578;35
28579;36
28580;0
28581;1
28582;0
28583;0
28584;1
28585;1
28586;0
28587;0
28588;40
28589;0
28590;1
28591;0
28592;0
28593;0
28594;25
28595;0
28596;1
28597;0
28598;1
28599;0
28600;0
28601;35
28602;36
28603;0
28604;0
28605;1
28606;1
28607;0
28608;0
28609;0
28610;24
28611;1
28612;23
28613;0
28614;0
28615;0
28616;1
28617;39
28618;0
28619;1
28620;1
28621;0
28622;0
28623;36
28624;35
28625;1
28626;0
28627;0
28628;1
28629;0
28630;1
28631;1
28632;0
28633;0
28634;0
28635;1
28636;0
28637;1
28638;0
28639;1
28640;0
28641;1
28642;0
28643;1
28644;1
28645;0
28646;0
28647;1
28648;0
28649;1
28650;0
28651;1
28652;0
28653;0
28654;0
28655;0
28656;1
28657;0
28658;1
28659;1
28660;0
28661;0
28662;35
28663;0
28664;1
28665;0
28666;1
28667;0
28668;35
28669;36
28670;0
28671;0
28672;1
28673;0
28674;1
28675;2
28676;0
28677;0
28678;2
28679;1
28680;0
28681;1
28682;0
28683;0
28684;1
28685;0
28686;1
28687;1
28688;0
28689;36
28690;35
28691;1
28692;0
28693;0
28694;0
28695;0
28696;60
28697;0
28698;46
28699;0
28700;1
28701;0
28702;1
28703;0
28704;9
28705;0
28706;10
28707;0
28708;0
28709;1
28710;0
28711;1
28712;0
28713;1
28714;0
28715;1
28716;0
28717;0
28718;0
28719;1
28720;0
28721;0
28722;0
28723;1
28724;0
28725;0
28726;1
28727;1
28728;0
28729;0
28730;0
28731;0
28732;0
28733;0
28734;1
28735;0
28736;1
28737;21
28738;19
28739;0
28740;20
28741;0
28742;42
28743;1
28744;41
28745;0
28746;0
28747;0
28748;1
28749;36
28750;35
28751;1
28752;0
28753;0
28754;0
28755;1
28756;0
28757;1
28758;0
28759;1
28760;0
28761;0
28762;1
28763;0
28764;1
28765;0
28766;1
28767;0
28768;0
28769;47
28770;0
28771;0
28772;1
28773;1
28774;0
28775;0
28776;1
28777;0
28778;0
28779;0
28780;2
28781;1
28782;35
28783;36
28784;0
28785;0
28786;1
28787;1
28788;0
28789;37
28790;9
28791;10
28792;39
28793;1
28794;0
28795;0
28796;1
28797;1
28798;0
28799;35
28800;38
28801;37
28802;36
28803;0
28804;0
28805;0
28806;1
28807;0
28808;1
28809;0
28810;0
28811;0
28812;0
28813;1
28814;0
28815;1
28816;0
28817;0
28818;0
28819;0
28820;1
28821;0
28822;2
28823;1
28824;0
28825;1
28826;0
28827;1
28828;1
28829;0
28830;0
28831;1
28832;0
28833;1
28834;0
28835;44
28836;2
28837;0
28838;1
28839;0
28840;1
28841;0
28842;0
28843;1
28844;0
28845;1
28846;1
28847;0
28848;0
28849;1
28850;0
28851;1
28852;1
28853;0
28854;1
28855;0
28856;0
28857;41
28858;37
28859;60
28860;61
28861;0
28862;0
28863;1
28864;58
28865;59
28866;41
28867;51
28868;0
28869;0
28870;1
28871;2
28872;0
28873;1
28874;1
28875;0
28876;0
28877;1
28878;0
28879;1
28880;0
28881;1
28882;0
28883;0
28884;1
28885;11
28886;35
28887;36
28888;37
28889;0
28890;0
28891;1
28892;35
28893;37
28894;0
28895;0
28896;0
28897;1
28898;0
28899;0
28900;1
28901;0
28902;1
28903;0
28904;0
28905;0
28906;1
28907;0
28908;1
28909;10
28910;36
28911;38
28912;11
28913;0
28914;0
28915;0
28916;1
28917;0
28918;2
28919;0
28920;1
28921;0
28922;1
28923;0
28924;0
28925;35
28926;47
28927;0
28928;1
28929;0
28930;35
28931;1
28932;0
28933;0
28934;0
28935;1
28936;0
28937;0
28938;0
28939;1
28940;0
28941;59
28942;58
28943;0
28944;1
28945;0
28946;1
28947;0
28948;1
28949;0
28950;16
28951;19
28952;10
28953;17
28954;1
28955;0
28956;13
28957;14
28958;36
28959;0
28960;48
28961;50
28962;1
28963;49
28964;0
28965;1
28966;0
28967;1
28968;1
28969;0
28970;0
28971;1
28972;24
28973;0
28974;26
28975;1
28976;1
28977;0
28978;0
28979;1
28980;0
28981;0
28982;0
28983;1
28984;0
28985;0
28986;1
28987;0
28988;2
28989;1
28990;0
28991;0
28992;1
28993;0
28994;0
28995;1
28996;0
28997;1
28998;0
28999;1
29000;0
29001;0
29002;1
29003;6
29004;0
29005;1
29006;0
29007;0
29008;1
29009;0
29010;0
29011;1
29012;0
29013;1
29014;17
29015;0
29016;19
29017;20
29018;41
29019;11
29020;18
29021;1
29022;0
29023;0
29024;1
29025;2
29026;0
29027;1
29028;0
29029;1
29030;0
29031;70
29032;41
29033;0
29034;42
29035;0
29036;0
29037;2
29038;0
29039;1
29040;0
29041;0
29042;0
29043;0
29044;0
29045;1
29046;0
29047;0
29048;1
29049;0
29050;1
29051;0
29052;1
29053;1
29054;0
29055;2
29056;0
29057;0
29058;1
29059;0
29060;0
29061;0
29062;1
29063;0
29064;1
29065;0
29066;0
29067;1
29068;0
29069;58
29070;1
29071;59
29072;0
29073;0
29074;0
29075;1
29076;0
29077;0
29078;1
29079;1
29080;0
29081;1
29082;0
29083;0
29084;0
29085;0
29086;0
29087;1
29088;0
29089;0
29090;0
29091;1
29092;0
29093;0
29094;1
29095;0
29096;2
29097;1
29098;0
29099;35
29100;0
29101;1
29102;0
29103;1
29104;0
29105;0
29106;1
29107;16
29108;19
29109;18
29110;37
29111;36
29112;2
29113;3
29114;0
29115;1
29116;0
29117;1
29118;0
29119;1
29120;0
29121;0
29122;2
29123;1
29124;0
29125;0
29126;0
29127;0
29128;0
29129;1
29130;0
29131;0
29132;1
29133;0
29134;1
29135;1
29136;0
29137;0
29138;1
29139;0
29140;0
29141;1
29142;0
29143;0
29144;1
29145;0
29146;0
29147;1
29148;2
29149;1
29150;0
29151;1
29152;0
29153;0
29154;1
29155;0
29156;0
29157;1
29158;31
29159;35
29160;36
29161;0
29162;0
29163;0
29164;0
29165;35
29166;38
29167;36
29168;0
29169;1
29170;0
29171;0
29172;1
29173;2
29174;1
29175;0
29176;0
29177;1
29178;0
29179;1
29180;0
29181;0
29182;1
29183;2
29184;0
29185;1
29186;0
29187;0
29188;1
29189;0
29190;0
29191;1
29192;35
29193;0
29194;1
29195;35
29196;36
29197;35
29198;36
29199;0
29200;0
29201;0
29202;1
29203;0
29204;0
29205;22
29206;1
29207;24
29208;23
29209;0
29210;0
29211;0
29212;0
29213;1
29214;0
29215;1
29216;0
29217;0
29218;0
29219;55
29220;0
29221;0
29222;0
29223;0
29224;1
29225;2
29226;1
29227;0
29228;36
29229;35
29230;1
29231;0
29232;0
29233;1
29234;0
29235;1
29236;0
29237;0
29238;1
29239;0
29240;0
29241;1
29242;0
29243;0
29244;0
29245;1
29246;0
29247;1
29248;0
29249;1
29250;0
29251;1
29252;0
29253;2
29254;11
29255;12
29256;38
29257;39
29258;40
29259;41
29260;0
29261;1
29262;0
29263;1
29264;0
29265;1
29266;0
29267;0
29268;1
29269;14
29270;37
29271;15
29272;16
29273;36
29274;0
29275;2
29276;1
29277;0
29278;0
29279;44
29280;0
29281;46
29282;1
29283;45
29284;0
29285;1
29286;0
29287;0
29288;1
29289;0
29290;1
29291;0
29292;0
29293;1
29294;0
29295;1
29296;0
29297;1
29298;0
29299;0
29300;40
29301;0
29302;1
29303;1
29304;0
29305;0
29306;1
29307;35
29308;1
29309;0
29310;0
29311;1
29312;0
29313;0
29314;0
29315;0
29316;0
29317;1
29318;0
29319;1
29320;0
29321;2
29322;0
29323;47
29324;0
29325;49
29326;0
29327;0
29328;35
29329;0
29330;1
29331;0
29332;1
29333;0
29334;1
29335;0
29336;1
29337;0
29338;1
29339;0
29340;0
29341;1
29342;0
29343;1
29344;34
29345;30
29346;0
29347;0
29348;0
29349;0
29350;1
29351;0
29352;0
29353;1
29354;0
29355;0
29356;2
29357;0
29358;1
29359;0
29360;1
29361;0
29362;0
29363;1
29364;35
29365;0
29366;1
29367;0
29368;0
29369;1
29370;0
29371;1
29372;0
29373;0
29374;1
29375;0
29376;0
29377;1
29378;0
29379;2
29380;1
29381;35
29382;48
29383;0
29384;47
29385;1
29386;49
29387;1
29388;0
29389;0
29390;1
29391;0
29392;0
29393;19
29394;0
29395;0
29396;1
29397;0
29398;1
29399;0
29400;0
29401;0
29402;0
29403;1
29404;0
29405;1
29406;0
29407;0
29408;1
29409;0
29410;0
29411;1
29412;0
29413;1
29414;0
29415;1
29416;2
29417;0
29418;0
29419;0
29420;1
29421;10
29422;0
29423;1
29424;0
29425;1
29426;0
29427;0
29428;1
29429;1
29430;0
29431;0
29432;1
29433;0
29434;0
29435;1
29436;0
29437;1
29438;0
29439;0
29440;1
29441;0
29442;0
29443;0
29444;1
29445;0
29446;21
29447;20
29448;13
29449;30
29450;0
29451;2
29452;0
29453;1
29454;2
29455;1
29456;0
29457;35
29458;36
29459;0
29460;1
29461;0
29462;0
29463;1
29464;0
29465;0
29466;0
29467;0
29468;0
29469;1
29470;48
29471;47
29472;0
29473;1
29474;0
29475;1
29476;0
29477;0
29478;1
29479;0
29480;0
29481;44
29482;64
29483;1
29484;48
29485;0
29486;0
29487;1
29488;0
29489;0
29490;1
29491;1
29492;0
29493;0
29494;1
29495;0
29496;0
29497;1
29498;0
29499;1
29500;0
29501;1
29502;0
29503;0
29504;0
29505;1
29506;35
29507;0
29508;0
29509;0
29510;1
29511;0
29512;0
29513;1
29514;0
29515;1
29516;0
29517;1
29518;0
29519;1
29520;0
29521;1
29522;0
29523;0
29524;1
29525;0
29526;1
29527;0
29528;1
29529;0
29530;0
29531;1
29532;47
29533;0
29534;41
29535;1
29536;0
29537;1
29538;0
29539;2
29540;1
29541;1
29542;0
29543;49
29544;47
29545;0
29546;48
29547;1
29548;0
29549;0
29550;1
29551;1
29552;0
29553;0
29554;1
29555;0
29556;0
29557;0
29558;1
29559;36
29560;35
29561;0
29562;1
29563;2
29564;1
29565;0
29566;0
29567;2
29568;1
29569;0
29570;0
29571;1
29572;0
29573;1
29574;0
29575;0
29576;1
29577;0
29578;0
29579;1
29580;1
29581;0
29582;0
29583;1
29584;0
29585;1
29586;0
29587;1
29588;0
29589;1
29590;0
29591;1
29592;0
29593;0
29594;0
29595;1
29596;1
29597;0
29598;0
29599;1
29600;0
29601;0
29602;1
29603;1
29604;0
29605;1
29606;0
29607;0
29608;58
29609;1
29610;59
29611;0
29612;1
29613;0
29614;1
29615;0
29616;0
29617;1
29618;1
29619;0
29620;0
29621;1
29622;0
29623;1
29624;2
29625;0
29626;2
29627;0
29628;1
29629;0
29630;1
29631;0
29632;1
29633;2
29634;0
29635;1
29636;0
29637;1
29638;0
29639;0
29640;1
29641;0
29642;0
29643;1
29644;1
29645;0
29646;0
29647;24
29648;23
29649;22
29650;41
29651;0
29652;0
29653;0
29654;1
29655;0
29656;1
29657;0
29658;0
29659;1
29660;0
29661;0
29662;1
29663;0
29664;0
29665;0
29666;0
29667;1
29668;0
29669;0
29670;0
29671;1
29672;0
29673;1
29674;0
29675;0
29676;37
29677;35
29678;1
29679;0
29680;0
29681;1
29682;0
29683;0
29684;1
29685;0
29686;1
29687;1
29688;0
29689;0
29690;1
29691;0
29692;1
29693;0
29694;1
29695;0
29696;0
29697;1
29698;0
29699;1
29700;0
29701;0
29702;0
29703;0
29704;0
29705;2
29706;1
29707;44
29708;0
29709;41
29710;42
29711;80
29712;47
29713;49
29714;48
29715;0
29716;1
29717;0
29718;1
29719;0
29720;0
29721;0
29722;2
29723;36
29724;35
29725;0
29726;0
29727;0
29728;0
29729;1
29730;0
29731;1
29732;41
29733;42
29734;7
29735;0
29736;1
29737;0
29738;1
29739;1
29740;0
29741;0
29742;1
29743;1
29744;0
29745;0
29746;1
29747;0
29748;0
29749;0
29750;1
29751;0
29752;0
29753;1
29754;0
29755;1
29756;0
29757;0
29758;2
29759;1
29760;0
29761;0
29762;1
29763;0
29764;2
29765;0
29766;1
29767;0
29768;1
29769;1
29770;0
29771;0
29772;1
29773;0
29774;2
29775;1
29776;0
29777;1
29778;58
29779;0
29780;1
29781;0
29782;1
29783;0
29784;0
29785;1
29786;0
29787;62
29788;1
29789;0
29790;1
29791;2
29792;1
29793;0
29794;0
29795;0
29796;1
29797;0
29798;22
29799;23
29800;29
29801;0
29802;1
29803;0
29804;1
29805;1
29806;0
29807;2
29808;0
29809;1
29810;0
29811;1
29812;0
29813;1
29814;0
29815;0
29816;1
29817;0
29818;0
29819;1
29820;0
29821;0
29822;0
29823;0
29824;1
29825;1
29826;0
29827;0
29828;57
29829;2
29830;1
29831;0
29832;0
29833;1
29834;0
29835;2
29836;0
29837;0
29838;0
29839;1
29840;1
29841;0
29842;0
29843;1
29844;0
29845;2
29846;0
29847;0
29848;1
29849;0
29850;1
29851;35
29852;36
29853;0
29854;0
29855;1
29856;0
29857;0
29858;1
29859;0
29860;2
29861;0
29862;1
29863;0
29864;0
29865;0
29866;0
29867;0
29868;1
29869;0
29870;1
29871;0
29872;0
29873;0
29874;0
29875;1
29876;1
29877;0
29878;0
29879;1
29880;0
29881;1
29882;1
29883;0
29884;0
29885;1
29886;2
29887;0
29888;1
29889;0
29890;0
29891;1
29892;0
29893;1
29894;0
29895;1
29896;0
29897;1
29898;1
29899;0
29900;1
29901;0
29902;0
29903;39
29904;40
29905;35
29906;0
29907;1
29908;0
29909;0
29910;0
29911;0
29912;1
29913;0
29914;0
29915;1
29916;0
29917;1
29918;0
29919;0
29920;1
29921;0
29922;0
29923;1
29924;1
29925;0
29926;0
29927;1
29928;0
29929;1
29930;0
29931;0
29932;0
29933;1
29934;35
29935;0
29936;1
29937;0
29938;0
29939;0
29940;1
29941;0
29942;12
29943;13
29944;35
29945;57
29946;1
29947;2
29948;56
29949;0
29950;0
29951;2
29952;0
29953;0
29954;0
29955;1
29956;3
29957;2
29958;0
29959;0
29960;0
29961;1
29962;0
29963;0
29964;1
29965;1
29966;0
29967;0
29968;1
29969;0
29970;1
29971;0
29972;1
29973;35
29974;36
29975;0
29976;1
29977;0
29978;42
29979;1
29980;1
29981;0
29982;0
29983;0
29984;1
29985;27
29986;0
29987;0
29988;0
29989;1
29990;0
29991;1
29992;0
29993;1
29994;0
29995;0
29996;0
29997;1
29998;0
29999;5
30000;4
30001;6
30002;3
30003;0
30004;0
30005;2
30006;0
30007;0
30008;1
30009;0
30010;0
30011;1
30012;1
30013;0
30014;0
30015;0
30016;1
30017;36
30018;35
30019;0
30020;1
30021;0
30022;0
30023;1
30024;0
30025;0
30026;1
30027;0
30028;0
30029;0
30030;1
30031;4
30032;0
30033;35
30034;0
30035;36
30036;37
30037;22
30038;0
30039;0
30040;1
30041;0
30042;0
30043;1
30044;0
30045;2
30046;1
30047;0
30048;0
30049;1
30050;0
30051;35
30052;1
30053;0
30054;35
30055;0
30056;0
30057;0
30058;0
30059;0
30060;0
30061;1
30062;0
30063;0
30064;1
30065;0
30066;0
30067;0
30068;1
30069;0
30070;0
30071;0
30072;1
30073;0
30074;0
30075;0
30076;0
30077;35
30078;0
30079;36
30080;1
30081;0
30082;1
30083;0
30084;35
30085;36
30086;0
30087;1
30088;0
30089;1
30090;0
30091;1
30092;0
30093;0
30094;0
30095;1
30096;0
30097;1
30098;0
30099;0
30100;0
30101;0
30102;1
30103;0
30104;1
30105;0
30106;0
30107;0
30108;1
30109;0
30110;1
30111;0
30112;1
30113;35
30114;36
30115;0
30116;40
30117;42
30118;41
30119;0
30120;1
30121;0
30122;0
30123;1
30124;0
30125;0
30126;0
30127;1
30128;2
30129;0
30130;0
30131;1
30132;0
30133;1
30134;0
30135;0
30136;1
30137;2
30138;1
30139;0
30140;0
30141;1
30142;0
30143;0
30144;0
30145;1
30146;0
30147;23
30148;14
30149;22
30150;24
30151;0
30152;1
30153;0
30154;0
30155;1
30156;0
30157;35
30158;36
30159;2
30160;1
30161;0
30162;0
30163;1
30164;0
30165;0
30166;1
30167;0
30168;0
30169;0
30170;0
30171;0
30172;0
30173;1
30174;0
30175;1
30176;0
30177;1
30178;0
30179;0
30180;1
30181;0
30182;0
30183;0
30184;39
30185;47
30186;0
30187;2
30188;0
30189;1
30190;0
30191;1
30192;2
30193;0
30194;1
30195;0
30196;41
30197;1
30198;2
30199;42
30200;0
30201;1
30202;2
30203;0
30204;0
30205;0
30206;1
30207;0
30208;0
30209;0
30210;1
30211;0
30212;35
30213;36
30214;0
30215;1
30216;0
30217;1
30218;0
30219;0
30220;1
30221;35
30222;36
30223;0
30224;1
30225;2
30226;0
30227;0
30228;1
30229;0
30230;1
30231;1
30232;0
30233;0
30234;1
30235;0
30236;1
30237;0
30238;0
30239;1
30240;1
30241;0
30242;0
30243;1
30244;0
30245;0
30246;1
30247;0
30248;1
30249;0
30250;0
30251;0
30252;1
30253;2
30254;0
30255;1
30256;2
30257;1
30258;0
30259;0
30260;1
30261;0
30262;1
30263;1
30264;0
30265;47
30266;48
30267;0
30268;49
30269;0
30270;1
30271;1
30272;0
30273;0
30274;1
30275;0
30276;1
30277;2
30278;0
30279;1
30280;1
30281;0
30282;0
30283;1
30284;0
30285;0
30286;43
30287;1
30288;0
30289;1
30290;0
30291;1
30292;35
30293;1
30294;0
30295;0
30296;0
30297;0
30298;1
30299;10
30300;36
30301;30
30302;37
30303;11
30304;16
30305;32
30306;19
30307;20
30308;0
30309;1
30310;0
30311;1
30312;0
30313;0
30314;1
30315;2
30316;0
30317;1
30318;1
30319;0
30320;0
30321;1
30322;1
30323;0
30324;0
30325;0
30326;1
30327;0
30328;0
30329;1
30330;0
30331;1
30332;0
30333;0
30334;5
30335;18
30336;7
30337;4
30338;0
30339;0
30340;1
30341;0
30342;0
30343;0
30344;1
30345;0
30346;0
30347;1
30348;0
30349;1
30350;0
30351;1
30352;0
30353;0
30354;1
30355;0
30356;1
30357;0
30358;1
30359;0
30360;1
30361;0
30362;1
30363;1
30364;0
30365;1
30366;0
30367;0
30368;1
30369;2
30370;0
30371;0
30372;1
30373;0
30374;1
30375;2
30376;0
30377;1
30378;0
30379;0
30380;1
30381;0
30382;42
30383;1
30384;2
30385;0
30386;0
30387;1
30388;2
30389;36
30390;35
30391;27
30392;29
30393;28
30394;0
30395;1
30396;0
30397;36
30398;19
30399;20
30400;0
30401;1
30402;0
30403;0
30404;0
30405;1
30406;0
30407;1
30408;0
30409;1
30410;0
30411;1
30412;0
30413;0
30414;1
30415;0
30416;0
30417;35
30418;0
30419;1
30420;0
30421;1
30422;0
30423;1
30424;0
30425;0
30426;1
30427;0
30428;1
30429;0
30430;0
30431;1
30432;0
30433;2
30434;1
30435;35
30436;0
30437;1
30438;0
30439;1
30440;0
30441;1
30442;0
30443;1
30444;2
30445;1
30446;0
30447;0
30448;0
30449;1
30450;0
30451;0
30452;40
30453;0
30454;1
30455;0
30456;1
30457;0
30458;0
30459;2
30460;1
30461;16
30462;0
30463;1
30464;19
30465;10
30466;17
30467;12
30468;0
30469;22
30470;13
30471;0
30472;35
30473;0
30474;0
30475;1
30476;0
30477;1
30478;0
30479;1
30480;0
30481;1
30482;0
30483;1
30484;0
30485;0
30486;47
30487;0
30488;1
30489;48
30490;49
30491;1
30492;0
30493;0
30494;1
30495;0
30496;0
30497;0
30498;1
30499;0
30500;0
30501;0
30502;1
30503;23
30504;31
30505;0
30506;0
30507;1
30508;0
30509;1
30510;1
30511;0
30512;0
30513;0
30514;1
30515;0
30516;1
30517;0
30518;0
30519;1
30520;0
30521;0
30522;0
30523;1
30524;0
30525;1
30526;0
30527;0
30528;1
30529;0
30530;1
30531;0
30532;0
30533;0
30534;0
30535;0
30536;1
30537;0
30538;0
30539;1
30540;0
30541;0
30542;0
30543;1
30544;0
30545;0
30546;1
30547;0
30548;1
30549;0
30550;0
30551;0
30552;0
30553;1
30554;0
30555;1
30556;0
30557;0
30558;1
30559;36
30560;35
30561;0
30562;1
30563;0
30564;1
30565;0
30566;0
30567;1
30568;1
30569;0
30570;0
30571;0
30572;1
30573;0
30574;0
30575;1
30576;0
30577;0
30578;28
30579;1
30580;1
30581;0
30582;4
30583;0
30584;0
30585;0
30586;0
30587;1
30588;0
30589;1
30590;0
30591;0
30592;41
30593;1
30594;2
30595;0
30596;1
30597;0
30598;1
30599;0
30600;0
30601;0
30602;1
30603;1
30604;0
30605;0
30606;1
30607;0
30608;0
30609;1
30610;0
30611;0
30612;0
30613;1
30614;0
30615;1
30616;0
30617;1
30618;0
30619;0
30620;1
30621;1
30622;0
30623;1
30624;0
30625;0
30626;1
30627;0
30628;1
30629;0
30630;0
30631;0
30632;1
30633;0
30634;0
30635;50
30636;1
30637;2
30638;48
30639;0
30640;50
30641;47
30642;0
30643;1
30644;2
30645;0
30646;1
30647;0
30648;1
30649;0
30650;1
30651;0
30652;1
30653;1
30654;0
30655;0
30656;0
30657;1
30658;8
30659;9
30660;1
30661;0
30662;1
30663;0
30664;0
30665;5
30666;2
30667;6
30668;35
30669;36
30670;37
30671;0
30672;1
30673;0
30674;1
30675;0
30676;0
30677;0
30678;0
30679;1
30680;0
30681;0
30682;1
30683;0
30684;0
30685;47
30686;46
30687;48
30688;0
30689;1
30690;0
30691;0
30692;2
30693;1
30694;1
30695;0
30696;35
30697;36
30698;0
30699;1
30700;47
30701;0
30702;1
30703;49
30704;48
30705;4
30706;71
30707;1
30708;0
30709;0
30710;1
30711;0
30712;0
30713;1
30714;0
30715;9
30716;0
30717;0
30718;0
30719;1
30720;0
30721;1
30722;0
30723;0
30724;0
30725;44
30726;1
30727;45
30728;0
30729;0
30730;1
30731;0
30732;1
30733;0
30734;1
30735;0
30736;1
30737;0
30738;0
30739;0
30740;1
30741;0
30742;0
30743;2
30744;1
30745;35
30746;36
30747;41
30748;0
30749;40
30750;0
30751;0
30752;1
30753;0
30754;1
30755;4
30756;0
30757;0
30758;1
30759;0
30760;1
30761;0
30762;2
30763;1
30764;0
30765;1
30766;0
30767;0
30768;1
30769;0
30770;1
30771;0
30772;0
30773;0
30774;2
30775;0
30776;1
30777;2
30778;0
30779;0
30780;1
30781;0
30782;0
30783;0
30784;1
30785;0
30786;0
30787;1
30788;35
30789;0
30790;0
30791;0
30792;0
30793;1
30794;0
30795;1
30796;0
30797;1
30798;1
30799;0
30800;52
30801;0
30802;1
30803;0
30804;1
30805;0
30806;0
30807;1
30808;0
30809;1
30810;0
30811;1
30812;40
30813;41
30814;0
30815;0
30816;0
30817;1
30818;0
30819;0
30820;0
30821;0
30822;1
30823;0
30824;1
30825;0
30826;0
30827;1
30828;0
30829;1
30830;0
30831;2
30832;0
30833;1
30834;0
30835;0
30836;0
30837;0
30838;1
30839;1
30840;0
30841;1
30842;0
30843;0
30844;0
30845;1
30846;1
30847;0
30848;1
30849;0
30850;0
30851;1
30852;0
30853;0
30854;1
30855;0
30856;1
30857;0
30858;1
30859;0
30860;1
30861;0
30862;1
30863;1
30864;0
30865;0
30866;1
30867;0
30868;1
30869;0
30870;1
30871;0
30872;1
30873;0
30874;1
30875;0
30876;1
30877;0
30878;1
30879;2
30880;0
30881;1
30882;0
30883;1
30884;0
30885;1
30886;0
30887;1
30888;0
30889;1
30890;0
30891;1
30892;2
30893;0
30894;1
30895;0
30896;1
30897;0
30898;2
30899;1
30900;0
30901;0
30902;42
30903;0
30904;0
30905;1
30906;0
30907;1
30908;0
30909;2
30910;1
30911;0
30912;0
30913;0
30914;0
30915;0
30916;1
30917;0
30918;1
30919;0
30920;1
30921;0
30922;1
30923;0
30924;1
30925;0
30926;0
30927;0
30928;0
30929;1
30930;1
30931;0
30932;2
30933;0
30934;1
30935;0
30936;0
30937;0
30938;1
30939;1
30940;0
30941;0
30942;0
30943;0
30944;0
30945;1
30946;0
30947;1
30948;0
30949;21
30950;1
30951;0
30952;1
30953;0
30954;0
30955;1
30956;0
30957;0
30958;0
30959;1
30960;36
30961;40
30962;0
30963;37
30964;0
30965;1
30966;0
30967;1
30968;0
30969;39
30970;49
30971;0
30972;47
30973;0
30974;0
30975;1
30976;0
30977;1
30978;0
30979;0
30980;0
30981;0
30982;1
30983;0
30984;6
30985;11
30986;5
30987;0
30988;1
30989;0
30990;0
30991;1
30992;0
30993;0
30994;1
30995;0
30996;1
30997;0
30998;1
30999;0
31000;0
31001;0
31002;1
31003;0
31004;1
31005;0
31006;1
31007;0
31008;0
31009;2
31010;0
31011;1
31012;0
31013;39
31014;47
31015;48
31016;0
31017;1
31018;0
31019;1
31020;0
31021;35
31022;36
31023;42
31024;41
31025;0
31026;43
31027;35
31028;37
31029;36
31030;0
31031;0
31032;1
31033;0
31034;2
31035;0
31036;12
31037;13
31038;0
31039;1
31040;0
31041;1
31042;0
31043;0
31044;47
31045;2
31046;48
31047;1
31048;16
31049;18
31050;0
31051;1
31052;10
31053;17
31054;1
31055;0
31056;35
31057;36
31058;0
31059;1
31060;0
31061;1
31062;0
31063;1
31064;0
31065;1
31066;0
31067;1
31068;0
31069;0
31070;1
31071;0
31072;1
31073;0
31074;1
31075;1
31076;0
31077;0
31078;1
31079;0
31080;1
31081;2
31082;0
31083;2
31084;1
31085;0
31086;1
31087;0
31088;39
31089;1
31090;41
31091;40
31092;0
31093;44
31094;0
31095;1
31096;1
31097;0
31098;0
31099;1
31100;0
31101;1
31102;0
31103;1
31104;0
31105;1
31106;1
31107;0
31108;0
31109;0
31110;1
31111;0
31112;0
31113;0
31114;1
31115;0
31116;0
31117;0
31118;1
31119;0
31120;1
31121;0
31122;1
31123;2
31124;0
31125;0
31126;1
31127;0
31128;0
31129;1
31130;0
31131;1
31132;0
31133;1
31134;0
31135;1
31136;0
31137;1
31138;0
31139;0
31140;2
31141;36
31142;35
31143;0
31144;0
31145;1
31146;0
31147;0
31148;1
31149;0
31150;1
31151;0
31152;1
31153;0
31154;1
31155;0
31156;0
31157;1
31158;0
31159;1
31160;56
31161;35
31162;58
31163;57
31164;40
31165;0
31166;41
31167;1
31168;0
31169;1
31170;0
31171;1
31172;20
31173;11
31174;2
31175;21
31176;0
31177;1
31178;0
31179;1
31180;0
31181;2
31182;0
31183;1
31184;0
31185;0
31186;0
31187;1
31188;0
31189;0
31190;1
31191;1
31192;0
31193;41
31194;42
31195;0
31196;1
31197;1
31198;0
31199;0
31200;1
31201;0
31202;1
31203;0
31204;1
31205;0
31206;1
31207;0
31208;2
31209;1
31210;0
31211;1
31212;0
31213;1
31214;0
31215;1
31216;0
31217;1
31218;0
31219;1
31220;1
31221;0
31222;0
31223;0
31224;0
31225;0
31226;1
31227;0
31228;1
31229;0
31230;0
31231;1
31232;1
31233;0
31234;29
31235;30
31236;32
31237;1
31238;0
31239;0
31240;1
31241;2
31242;0
31243;1
31244;0
31245;1
31246;1
31247;0
31248;0
31249;1
31250;0
31251;0
31252;1
31253;44
31254;45
31255;0
31256;1
31257;0
31258;0
31259;0
31260;1
31261;0
31262;1
31263;1
31264;0
31265;0
31266;0
31267;2
31268;0
31269;0
31270;0
31271;0
31272;0
31273;0
31274;1
31275;1
31276;0
31277;1
31278;0
31279;0
31280;1
31281;0
31282;1
31283;0
31284;1
31285;2
31286;0
31287;1
31288;1
31289;0
31290;0
31291;0
31292;2
31293;1
31294;0
31295;0
31296;0
31297;1
31298;0
31299;1
31300;0
31301;0
31302;0
31303;0
31304;1
31305;0
31306;1
31307;0
31308;1
31309;0
31310;1
31311;0
31312;0
31313;1
31314;2
31315;0
31316;1
31317;0
31318;1
31319;0
31320;0
31321;1
31322;1
31323;0
31324;1
31325;0
31326;0
31327;0
31328;0
31329;40
31330;41
31331;1
31332;0
31333;1
31334;0
31335;1
31336;1
31337;0
31338;0
31339;1
31340;0
31341;0
31342;1
31343;0
31344;0
31345;1
31346;0
31347;0
31348;0
31349;1
31350;0
31351;1
31352;0
31353;41
31354;2
31355;0
31356;1
31357;0
31358;0
31359;1
31360;0
31361;0
31362;1
31363;0
31364;0
31365;1
31366;0
31367;0
31368;0
31369;1
31370;1
31371;0
31372;0
31373;1
31374;0
31375;0
31376;0
31377;0
31378;1
31379;0
31380;0
31381;1
31382;0
31383;1
31384;0
31385;1
31386;0
31387;0
31388;1
31389;0
31390;0
31391;0
31392;1
31393;0
31394;1
31395;0
31396;0
31397;0
31398;1
31399;1
31400;0
31401;0
31402;1
31403;0
31404;0
31405;1
31406;0
31407;1
31408;0
31409;1
31410;0
31411;2
31412;1
31413;0
31414;1
31415;0
31416;1
31417;0
31418;0
31419;1
31420;0
31421;1
31422;0
31423;1
31424;0
31425;1
31426;0
31427;1
31428;0
31429;0
31430;1
31431;0
31432;1
31433;0
31434;0
31435;0
31436;1
31437;0
31438;0
31439;2
31440;0
31441;0
31442;1
31443;0
31444;0
31445;1
31446;1
31447;0
31448;0
31449;0
31450;1
31451;0
31452;1
31453;9
31454;20
31455;0
31456;10
31457;0
31458;1
31459;0
31460;0
31461;2
31462;1
31463;0
31464;1
31465;0
31466;1
31467;0
31468;0
31469;0
31470;0
31471;0
31472;1
31473;0
31474;1
31475;0
31476;0
31477;0
31478;1
31479;0
31480;0
31481;1
31482;0
31483;1
31484;0
31485;1
31486;0
31487;1
31488;0
31489;1
31490;0
31491;0
31492;0
31493;0
31494;1
31495;1
31496;0
31497;1
31498;0
31499;0
31500;1
31501;0
31502;1
31503;45
31504;0
31505;0
31506;1
31507;0
31508;1
31509;0
31510;0
31511;1
31512;0
31513;1
31514;0
31515;1
31516;49
31517;0
31518;48
31519;1
31520;0
31521;0
31522;1
31523;0
31524;0
31525;1
31526;0
31527;0
31528;1
31529;0
31530;0
31531;0
31532;1
31533;0
31534;1
31535;35
31536;16
31537;35
31538;0
31539;0
31540;1
31541;0
31542;36
31543;35
31544;0
31545;1
31546;0
31547;1
31548;0
31549;1
31550;2
31551;0
31552;0
31553;1
31554;0
31555;1
31556;0
31557;0
31558;1
31559;0
31560;0
31561;1
31562;35
31563;36
31564;0
31565;38
31566;1
31567;0
31568;0
31569;1
31570;0
31571;2
31572;0
31573;1
31574;0
31575;0
31576;1
31577;0
31578;1
31579;35
31580;1
31581;0
31582;1
31583;0
31584;0
31585;1
31586;0
31587;2
31588;0
31589;1
31590;0
31591;1
31592;0
31593;0
31594;0
31595;1
31596;0
31597;0
31598;1
31599;0
31600;1
31601;0
31602;1
31603;0
31604;1
31605;0
31606;0
31607;1
31608;1
31609;0
31610;0
31611;0
31612;1
31613;0
31614;0
31615;1
31616;0
31617;0
31618;0
31619;0
31620;1
31621;0
31622;1
31623;0
31624;1
31625;0
31626;5
31627;3
31628;35
31629;36
31630;0
31631;1
31632;1
31633;0
31634;0
31635;1
31636;0
31637;0
31638;36
31639;78
31640;35
31641;79
31642;0
31643;0
31644;1
31645;0
31646;1
31647;0
31648;1
31649;0
31650;0
31651;1
31652;0
31653;1
31654;36
31655;35
31656;37
31657;38
31658;0
31659;1
31660;35
31661;37
31662;0
31663;0
31664;1
31665;0
31666;1
31667;0
31668;1
31669;1
31670;0
31671;0
31672;1
31673;0
31674;1
31675;4
31676;0
31677;1
31678;1
31679;0
31680;1
31681;0
31682;2
31683;0
31684;1
31685;4
31686;11
31687;10
31688;0
31689;0
31690;0
31691;1
31692;42
31693;1
31694;0
31695;1
31696;0
31697;47
31698;0
31699;1
31700;0
31701;1
31702;0
31703;1
31704;0
31705;1
31706;1
31707;0
31708;0
31709;0
31710;1
31711;0
31712;1
31713;0
31714;1
31715;0
31716;0
31717;1
31718;0
31719;1
31720;0
31721;0
31722;0
31723;1
31724;0
31725;1
31726;0
31727;1
31728;0
31729;1
31730;2
31731;0
31732;0
31733;0
31734;1
31735;35
31736;36
31737;0
31738;1
31739;0
31740;0
31741;0
31742;1
31743;0
31744;1
31745;1
31746;0
31747;0
31748;1
31749;0
31750;2
31751;1
31752;0
31753;41
31754;0
31755;42
31756;0
31757;1
31758;0
31759;0
31760;1
31761;0
31762;1
31763;1
31764;0
31765;0
31766;1
31767;0
31768;1
31769;0
31770;0
31771;0
31772;1
31773;1
31774;0
31775;0
31776;0
31777;1
31778;0
31779;1
31780;0
31781;0
31782;2
31783;0
31784;0
31785;0
31786;0
31787;1
31788;0
31789;1
31790;35
31791;36
31792;0
31793;1
31794;0
31795;0
31796;1
31797;0
31798;0
31799;1
31800;2
31801;0
31802;1
31803;0
31804;0
31805;1
31806;0
31807;1
31808;0
31809;1
31810;0
31811;2
31812;0
31813;1
31814;0
31815;1
31816;0
31817;1
31818;0
31819;1
31820;0
31821;0
31822;1
31823;0
31824;2
31825;1
31826;1
31827;0
31828;0
31829;1
31830;43
31831;22
31832;42
31833;36
31834;35
31835;1
31836;0
31837;0
31838;0
31839;1
31840;0
31841;0
31842;1
31843;0
31844;1
31845;0
31846;35
31847;0
31848;1
31849;0
31850;0
31851;1
31852;0
31853;1
31854;0
31855;1
31856;0
31857;0
31858;0
31859;1
31860;0
31861;0
31862;1
31863;1
31864;0
31865;0
31866;1
31867;0
31868;0
31869;0
31870;1
31871;2
31872;1
31873;0
31874;0
31875;0
31876;0
31877;1
31878;0
31879;1
31880;0
31881;0
31882;35
31883;36
31884;0
31885;1
31886;0
31887;0
31888;0
31889;35
31890;0
31891;0
31892;1
31893;0
31894;1
31895;1
31896;0
31897;0
31898;1
31899;1
31900;0
31901;0
31902;1
31903;0
31904;1
31905;0
31906;0
31907;1
31908;0
31909;1
31910;0
31911;0
31912;0
31913;2
31914;1
31915;0
31916;35
31917;36
31918;0
31919;1
31920;0
31921;1
31922;0
31923;1
31924;0
31925;1
31926;1
31927;0
31928;0
31929;41
31930;1
31931;39
31932;40
31933;0
31934;0
31935;0
31936;1
31937;0
31938;1
31939;0
31940;0
31941;4
31942;0
31943;0
31944;43
31945;2
31946;0
31947;1
31948;0
31949;0
31950;0
31951;0
31952;1
31953;0
31954;1
31955;0
31956;0
31957;0
31958;1
31959;0
31960;0
31961;0
31962;24
31963;23
31964;0
31965;0
31966;0
31967;0
31968;1
31969;0
31970;0
31971;35
31972;0
31973;0
31974;0
31975;1
31976;0
31977;0
31978;1
31979;0
31980;1
31981;2
31982;0
31983;1
31984;0
31985;1
31986;1
31987;0
31988;0
31989;1
31990;2
31991;0
31992;1
31993;42
31994;0
31995;1
31996;0
31997;1
31998;0
31999;0
32000;1
32001;36
32002;0
32003;39
32004;37
32005;0
32006;0
32007;1
32008;0
32009;1
32010;0
32011;0
32012;1
32013;0
32014;1
32015;35
32016;36
32017;0
32018;1
32019;0
32020;1
32021;0
32022;1
32023;1
32024;0
32025;0
32026;0
32027;1
32028;0
32029;2
32030;1
32031;0
32032;41
32033;1
32034;2
32035;1
32036;0
32037;0
32038;1
32039;1
32040;9
32041;6
32042;0
32043;0
32044;1
32045;0
32046;0
32047;0
32048;0
32049;0
32050;44
32051;53
32052;0
32053;0
32054;1
32055;0
32056;1
32057;1
32058;0
32059;28
32060;36
32061;29
32062;1
32063;0
32064;0
32065;1
32066;0
32067;1
32068;0
32069;0
32070;1
32071;0
32072;41
32073;42
32074;1
32075;0
32076;1
32077;1
32078;0
32079;0
32080;1
32081;1
32082;0
32083;35
32084;36
32085;0
32086;1
32087;35
32088;37
32089;48
32090;36
32091;0
32092;1
32093;0
32094;1
32095;35
32096;36
32097;35
32098;36
32099;0
32100;0
32101;0
32102;1
32103;0
32104;1
32105;0
32106;0
32107;1
32108;0
32109;0
32110;1
32111;2
32112;0
32113;10
32114;0
32115;1
32116;11
32117;0
32118;1
32119;5
32120;0
32121;0
32122;0
32123;0
32124;2
32125;0
32126;0
32127;1
32128;1
32129;0
32130;1
32131;0
32132;0
32133;1
32134;0
32135;0
32136;2
32137;1
32138;0
32139;1
32140;1
32141;0
32142;0
32143;0
32144;0
32145;1
32146;0
32147;1
32148;0
32149;0
32150;1
32151;0
32152;1
32153;1
32154;0
32155;0
32156;1
32157;0
32158;0
32159;1
32160;0
32161;0
32162;1
32163;0
32164;35
32165;36
32166;0
32167;40
32168;0
32169;1
32170;0
32171;0
32172;2
32173;0
32174;1
32175;1
32176;0
32177;0
32178;1
32179;0
32180;0
32181;0
32182;1
32183;0
32184;1
32185;35
32186;1
32187;0
32188;0
32189;0
32190;0
32191;1
32192;0
32193;41
32194;1
32195;2
32196;40
32197;0
32198;1
32199;0
32200;0
32201;0
32202;0
32203;0
32204;1
32205;0
32206;1
32207;0
32208;2
32209;1
32210;0
32211;1
32212;0
32213;0
32214;1
32215;0
32216;1
32217;0
32218;1
32219;1
32220;0
32221;40
32222;0
32223;1
32224;0
32225;0
32226;0
32227;1
32228;0
32229;36
32230;35
32231;0
32232;0
32233;1
32234;0
32235;1
32236;0
32237;0
32238;18
32239;35
32240;0
32241;1
32242;0
32243;1
32244;0
32245;1
32246;0
32247;1
32248;0
32249;1
32250;0
32251;1
32252;0
32253;0
32254;0
32255;47
32256;1
32257;0
32258;1
32259;0
32260;1
32261;0
32262;1
32263;0
32264;2
32265;0
32266;1
32267;0
32268;1
32269;0
32270;1
32271;2
32272;1
32273;0
32274;1
32275;0
32276;0
32277;1
32278;0
32279;0
32280;1
32281;0
32282;1
32283;0
32284;57
32285;0
32286;58
32287;1
32288;0
32289;0
32290;1
32291;0
32292;6
32293;9
32294;0
32295;1
32296;2
32297;0
32298;1
32299;0
32300;0
32301;0
32302;0
32303;1
32304;0
32305;0
32306;35
32307;0
32308;1
32309;0
32310;1
32311;0
32312;0
32313;1
32314;0
32315;0
32316;1
32317;0
32318;1
32319;1
32320;6
32321;7
32322;8
32323;0
32324;0
32325;1
32326;0
32327;1
32328;0
32329;0
32330;1
32331;44
32332;43
32333;0
32334;1
32335;33
32336;0
32337;34
32338;0
32339;0
32340;0
32341;0
32342;0
32343;0
32344;0
32345;1
32346;0
32347;1
32348;0
32349;1
32350;0
32351;1
32352;1
32353;0
32354;0
32355;1
32356;4
32357;0
32358;1
32359;0
32360;39
32361;40
32362;0
32363;1
32364;0
32365;1
32366;35
32367;0
32368;0
32369;1
32370;0
32371;0
32372;1
32373;0
32374;0
32375;0
32376;0
32377;2
32378;1
32379;0
32380;0
32381;36
32382;35
32383;39
32384;0
32385;1
32386;0
32387;1
32388;0
32389;0
32390;1
32391;0
32392;1
32393;2
32394;0
32395;1
32396;0
32397;1
32398;0
32399;1
32400;0
32401;1
32402;0
32403;1
32404;0
32405;2
32406;1
32407;0
32408;1
32409;0
32410;1
32411;0
32412;1
32413;4
32414;0
32415;1
32416;0
32417;1
32418;1
32419;0
32420;0
32421;1
32422;4
32423;0
32424;0
32425;0
32426;0
32427;2
32428;1
32429;0
32430;1
32431;1
32432;0
32433;2
32434;1
32435;0
32436;0
32437;1
32438;0
32439;1
32440;0
32441;1
32442;0
32443;0
32444;1
32445;0
32446;1
32447;0
32448;18
32449;0
32450;1
32451;0
32452;2
32453;0
32454;1
32455;2
32456;1
32457;0
32458;0
32459;0
32460;0
32461;1
32462;0
32463;1
32464;0
32465;0
32466;1
32467;0
32468;1
32469;0
32470;0
32471;0
32472;0
32473;2
32474;1
32475;0
32476;0
32477;0
32478;0
32479;1
32480;0
32481;1
32482;0
32483;0
32484;2
32485;1
32486;0
32487;1
32488;0
32489;1
32490;0
32491;0
32492;0
32493;1
32494;0
32495;1
32496;0
32497;0
32498;0
32499;0
32500;1
32501;2
32502;0
32503;0
32504;1
32505;2
32506;0
32507;1
32508;0
32509;1
32510;1
32511;0
32512;2
32513;0
32514;1
32515;0
32516;0
32517;35
32518;36
32519;2
32520;0
32521;1
32522;35
32523;0
32524;0
32525;1
32526;0
32527;1
32528;0
32529;1
32530;0
32531;1
32532;2
32533;0
32534;0
32535;0
32536;1
32537;0
32538;0
32539;1
32540;0
32541;0
32542;0
32543;0
32544;1
32545;0
32546;0
32547;1
32548;0
32549;0
32550;1
32551;2
32552;0
32553;1
32554;0
32555;0
32556;1
32557;0
32558;1
32559;0
32560;1
32561;1
32562;0
32563;0
32564;0
32565;0
32566;0
32567;35
32568;36
32569;0
32570;2
32571;0
32572;44
32573;0
32574;0
32575;0
32576;1
32577;0
32578;1
32579;0
32580;1
32581;0
32582;1
32583;0
32584;1
32585;0
32586;1
32587;0
32588;0
32589;2
32590;1
32591;1
32592;0
32593;0
32594;1
32595;0
32596;0
32597;1
32598;1
32599;0
32600;0
32601;0
32602;1
32603;0
32604;1
32605;1
32606;0
32607;1
32608;0
32609;0
32610;1
32611;40
32612;0
32613;41
32614;0
32615;1
32616;35
32617;36
32618;37
32619;0
32620;0
32621;1
32622;0
32623;0
32624;1
32625;0
32626;1
32627;59
32628;0
32629;57
32630;0
32631;1
32632;0
32633;0
32634;1
32635;1
32636;0
32637;0
32638;1
32639;42
32640;0
32641;1
32642;0
32643;2
32644;1
32645;0
32646;40
32647;41
32648;1
32649;0
32650;0
32651;0
32652;0
32653;0
32654;1
32655;31
32656;0
32657;33
32658;1
32659;0
32660;1
32661;0
32662;0
32663;0
32664;1
32665;0
32666;0
32667;1
32668;1
32669;0
32670;2
32671;0
32672;0
32673;1
32674;0
32675;0
32676;1
32677;0
32678;1
32679;0
32680;0
32681;0
32682;0
32683;0
32684;2
32685;1
32686;0
32687;1
32688;0
32689;0
32690;0
32691;1
32692;0
32693;1
32694;43
32695;44
32696;2
32697;41
32698;3
32699;0
32700;0
32701;1
32702;0
32703;29
32704;30
32705;1
32706;0
32707;41
32708;0
32709;1
32710;0
32711;2
32712;1
32713;0
32714;0
32715;1
32716;0
32717;1
32718;0
32719;0
32720;0
32721;2
32722;1
32723;0
32724;0
32725;55
32726;58
32727;0
32728;56
32729;0
32730;0
32731;1
32732;0
32733;0
32734;0
32735;60
32736;61
32737;0
32738;62
32739;0
32740;0
32741;1
32742;0
32743;1
32744;2
32745;0
32746;1
32747;3
32748;0
32749;0
32750;1
32751;0
32752;0
32753;1
32754;0
32755;0
32756;0
32757;1
32758;1
32759;0
32760;0
32761;0
32762;1
32763;0
32764;1
32765;0
32766;0
32767;1
32768;0
32769;2
32770;1
32771;0
32772;0
32773;1
32774;1
32775;0
32776;0
32777;1
32778;24
32779;35
32780;23
32781;2
32782;0
32783;1
32784;0
32785;34
32786;0
32787;1
32788;2
32789;0
32790;1
32791;1
32792;4
32793;0
32794;0
32795;0
32796;1
32797;0
32798;2
32799;0
32800;0
32801;1
32802;1
32803;0
32804;0
32805;1
32806;0
32807;0
32808;2
32809;1
32810;0
32811;1
32812;0
32813;0
32814;0
32815;0
32816;47
32817;1
32818;0
32819;49
32820;50
32821;48
32822;0
32823;1
32824;0
32825;0
32826;1
32827;0
32828;1
32829;0
32830;1
32831;1
32832;0
32833;0
32834;1
32835;0
32836;0
32837;35
32838;36
32839;0
32840;36
32841;35
32842;1
32843;0
32844;0
32845;0
32846;1
32847;0
32848;0
32849;1
32850;35
32851;0
32852;0
32853;1
32854;0
32855;1
32856;0
32857;1
32858;0
32859;1
32860;0
32861;0
32862;0
32863;0
32864;1
32865;0
32866;0
32867;1
32868;0
32869;0
32870;0
32871;0
32872;0
32873;0
32874;1
32875;0
32876;1
32877;0
32878;1
32879;0
32880;1
32881;0
32882;1
32883;0
32884;0
32885;1
32886;0
32887;0
32888;0
32889;1
32890;36
32891;35
32892;2
32893;0
32894;2
32895;0
32896;1
32897;0
32898;0
32899;1
32900;0
32901;1
32902;35
32903;36
32904;0
32905;0
32906;1
32907;0
32908;1
32909;0
32910;0
32911;1
32912;36
32913;1
32914;0
32915;40
32916;2
32917;0
32918;0
32919;0
32920;0
32921;1
32922;0
32923;1
32924;0
32925;0
32926;1
32927;0
32928;1
32929;2
32930;0
32931;0
32932;0
32933;0
32934;0
32935;1
32936;0
32937;1
32938;4
32939;0
32940;3
32941;1
32942;0
32943;1
32944;0
32945;1
32946;1
32947;0
32948;0
32949;1
32950;0
32951;0
32952;1
32953;0
32954;2
32955;0
32956;0
32957;77
32958;1
32959;0
32960;0
32961;0
32962;2
32963;1
32964;0
32965;0
32966;1
32967;35
32968;36
32969;0
32970;0
32971;1
32972;46
32973;62
32974;44
32975;63
32976;64
32977;41
32978;0
32979;0
32980;0
32981;2
32982;1
32983;1
32984;0
32985;0
32986;1
32987;0
32988;2
32989;1
32990;0
32991;0
32992;0
32993;1
32994;1
32995;0
32996;0
32997;0
32998;0
32999;0
33000;1
33001;0
33002;2
33003;3
33004;0
33005;21
33006;24
33007;20
33008;38
33009;0
33010;1
33011;2
33012;0
33013;0
33014;1
33015;0
33016;0
33017;1
33018;0
33019;1
33020;0
33021;40
33022;1
33023;2
33024;1
33025;0
33026;1
33027;0
33028;44
33029;35
33030;36
33031;45
33032;53
33033;55
33034;0
33035;1
33036;0
33037;0
33038;0
33039;0
33040;1
33041;0
33042;2
33043;0
33044;1
33045;1
33046;0
33047;0
33048;0
33049;0
33050;1
33051;0
33052;1
33053;1
33054;0
33055;0
33056;1
33057;0
33058;74
33059;1
33060;0
33061;0
33062;1
33063;0
33064;1
33065;0
33066;0
33067;10
33068;0
33069;0
33070;1
33071;0
33072;0
33073;1
33074;0
33075;1
33076;0
33077;0
33078;1
33079;0
33080;0
33081;1
33082;0
33083;0
33084;1
33085;0
33086;0
33087;1
33088;40
33089;41
33090;0
33091;0
33092;0
33093;1
33094;0
33095;23
33096;0
33097;0
33098;1
33099;1
33100;28
33101;0
33102;1
33103;0
33104;0
33105;1
33106;0
33107;0
33108;0
33109;1
33110;1
33111;0
33112;1
33113;0
33114;0
33115;0
33116;0
33117;2
33118;2
33119;0
33120;1
33121;16
33122;35
33123;72
33124;17
33125;0
33126;75
33127;39
33128;38
33129;0
33130;35
33131;1
33132;0
33133;0
33134;1
33135;1
33136;0
33137;0
33138;0
33139;1
33140;0
33141;2
33142;1
33143;0
33144;1
33145;1
33146;0
33147;1
33148;0
33149;35
33150;36
33151;0
33152;1
33153;0
33154;0
33155;0
33156;35
33157;0
33158;1
33159;0
33160;0
33161;0
33162;0
33163;1
33164;0
33165;1
33166;0
33167;1
33168;0
33169;0
33170;0
33171;0
33172;1
33173;0
33174;0
33175;1
33176;0
33177;0
33178;0
33179;1
33180;0
33181;1
33182;0
33183;0
33184;1
33185;0
33186;0
33187;0
33188;39
33189;1
33190;38
33191;0
33192;0
33193;0
33194;2
33195;1
33196;0
33197;0
33198;0
33199;1
33200;0
33201;0
33202;1
33203;0
33204;0
33205;2
33206;1
33207;0
33208;1
33209;1
33210;0
33211;0
33212;0
33213;82
33214;1
33215;0
33216;1
33217;1
33218;0
33219;1
33220;0
33221;0
33222;1
33223;0
33224;31
33225;1
33226;1
33227;0
33228;0
33229;1
33230;2
33231;0
33232;1
33233;0
33234;1
33235;0
33236;47
33237;48
33238;0
33239;0
33240;1
33241;1
33242;0
33243;0
33244;0
33245;1
33246;2
33247;0
33248;1
33249;0
33250;2
33251;1
33252;0
33253;1
33254;0
33255;1
33256;0
33257;1
33258;0
33259;0
33260;1
33261;0
33262;2
33263;1
33264;1
33265;0
33266;0
33267;1
33268;0
33269;0
33270;1
33271;2
33272;0
33273;0
33274;1
33275;0
33276;1
33277;0
33278;1
33279;0
33280;0
33281;2
33282;1
33283;0
33284;0
33285;1
33286;0
33287;2
33288;1
33289;0
33290;1
33291;0
33292;0
33293;1
33294;0
33295;0
33296;0
33297;1
33298;0
33299;1
33300;1
33301;0
33302;0
33303;1
33304;0
33305;1
33306;1
33307;0
33308;0
33309;1
33310;0
33311;0
33312;1
33313;0
33314;0
33315;0
33316;1
33317;0
33318;1
33319;2
33320;0
33321;2
33322;1
33323;1
33324;0
33325;1
33326;0
33327;0
33328;1
33329;0
33330;0
33331;1
33332;1
33333;0
33334;0
33335;1
33336;0
33337;0
33338;1
33339;0
33340;1
33341;0
33342;0
33343;0
33344;1
33345;0
33346;0
33347;0
33348;0
33349;0
33350;1
33351;1
33352;0
33353;1
33354;0
33355;0
33356;1
33357;0
33358;27
33359;0
33360;1
33361;35
33362;36
33363;0
33364;0
33365;1
33366;0
33367;40
33368;1
33369;0
33370;0
33371;1
33372;10
33373;11
33374;1
33375;0
33376;0
33377;1
33378;0
33379;0
33380;0
33381;1
33382;0
33383;1
33384;0
33385;0
33386;1
33387;1
33388;0
33389;0
33390;1
33391;0
33392;1
33393;0
33394;0
33395;1
33396;0
33397;1
33398;0
33399;0
33400;5
33401;6
33402;1
33403;2
33404;0
33405;0
33406;1
33407;0
33408;0
33409;1
33410;0
33411;1
33412;0
33413;2
33414;1
33415;0
33416;0
33417;28
33418;1
33419;29
33420;35
33421;36
33422;37
33423;0
33424;1
33425;0
33426;0
33427;0
33428;2
33429;1
33430;1
33431;0
33432;0
33433;1
33434;0
33435;1
33436;0
33437;1
33438;0
33439;0
33440;0
33441;1
33442;0
33443;1
33444;0
33445;1
33446;0
33447;0
33448;1
33449;49
33450;0
33451;47
33452;0
33453;1
33454;0
33455;1
33456;0
33457;0
33458;0
33459;1
33460;0
33461;1
33462;0
33463;35
33464;1
33465;0
33466;0
33467;0
33468;1
33469;0
33470;0
33471;0
33472;0
33473;0
33474;1
33475;0
33476;0
33477;1
33478;0
33479;0
33480;1
33481;0
33482;0
33483;0
33484;0
33485;0
33486;0
33487;1
33488;38
33489;39
33490;0
33491;1
33492;35
33493;0
33494;0
33495;1
33496;1
33497;0
33498;1
33499;0
33500;0
33501;48
33502;1
33503;0
33504;1
33505;9
33506;0
33507;0
33508;2
33509;1
33510;0
33511;1
33512;2
33513;0
33514;1
33515;0
33516;1
33517;0
33518;0
33519;0
33520;1
33521;0
33522;1
33523;0
33524;36
33525;1
33526;0
33527;0
33528;0
33529;0
33530;1
33531;1
33532;0
33533;0
33534;0
33535;1
33536;0
33537;0
33538;0
33539;0
33540;1
33541;0
33542;0
33543;1
33544;0
33545;0
33546;1
33547;1
33548;0
33549;0
33550;0
33551;1
33552;0
33553;1
33554;0
33555;35
33556;36
33557;0
33558;1
33559;0
33560;1
33561;0
33562;0
33563;0
33564;1
33565;0
33566;1
33567;1
33568;0
33569;0
33570;1
33571;0
33572;1
33573;0
33574;0
33575;1
33576;0
33577;0
33578;0
33579;1
33580;0
33581;1
33582;0
33583;0
33584;1
33585;0
33586;1
33587;0
33588;1
33589;0
33590;0
33591;1
33592;0
33593;0
33594;0
33595;0
33596;1
33597;1
33598;0
33599;0
33600;0
33601;1
33602;0
33603;1
33604;1
33605;0
33606;36
33607;35
33608;0
33609;1
33610;0
33611;0
33612;2
33613;0
33614;41
33615;0
33616;1
33617;36
33618;35
33619;1
33620;0
33621;0
33622;1
33623;0
33624;1
33625;0
33626;0
33627;0
33628;1
33629;0
33630;1
33631;0
33632;1
33633;0
33634;0
33635;1
33636;0
33637;1
33638;10
33639;0
33640;0
33641;1
33642;0
33643;1
33644;0
33645;1
33646;0
33647;1
33648;0
33649;24
33650;1
33651;0
33652;1
33653;0
33654;0
33655;1
33656;0
33657;1
33658;2
33659;1
33660;0
33661;0
33662;1
33663;0
33664;0
33665;1
33666;11
33667;21
33668;0
33669;12
33670;20
33671;22
33672;0
33673;0
33674;1
33675;0
33676;1
33677;55
33678;0
33679;3
33680;1
33681;2
33682;0
33683;1
33684;0
33685;0
33686;0
33687;1
33688;0
33689;35
33690;36
33691;0
33692;1
33693;2
33694;0
33695;0
33696;1
33697;0
33698;0
33699;1
33700;0
33701;0
33702;0
33703;1
33704;0
33705;0
33706;1
33707;41
33708;42
33709;0
33710;1
33711;35
33712;36
33713;0
33714;0
33715;7
33716;8
33717;0
33718;2
33719;1
33720;0
33721;0
33722;1
33723;41
33724;40
33725;0
33726;0
33727;0
33728;1
33729;0
33730;1
33731;0
33732;0
33733;1
33734;0
33735;0
33736;1
33737;0
33738;1
33739;0
33740;0
33741;1
33742;0
33743;2
33744;0
33745;1
33746;0
33747;0
33748;1
33749;0
33750;1
33751;0
33752;1
33753;0
33754;1
33755;0
33756;1
33757;0
33758;0
33759;1
33760;1
33761;0
33762;52
33763;41
33764;0
33765;42
33766;39
33767;0
33768;1
33769;0
33770;1
33771;0
33772;1
33773;0
33774;0
33775;0
33776;0
33777;13
33778;0
33779;0
33780;0
33781;1
33782;0
33783;1
33784;0
33785;0
33786;1
33787;1
33788;0
33789;35
33790;36
33791;0
33792;0
33793;0
33794;1
33795;0
33796;0
33797;1
33798;0
33799;1
33800;1
33801;0
33802;0
33803;1
33804;1
33805;0
33806;0
33807;1
33808;0
33809;41
33810;1
33811;43
33812;42
33813;0
33814;44
33815;43
33816;0
33817;1
33818;1
33819;0
33820;58
33821;0
33822;1
33823;2
33824;9
33825;10
33826;38
33827;37
33828;35
33829;36
33830;0
33831;1
33832;0
33833;1
33834;0
33835;0
33836;1
33837;0
33838;0
33839;1
33840;1
33841;0
33842;0
33843;1
33844;0
33845;0
33846;1
33847;1
33848;35
33849;0
33850;0
33851;0
33852;0
33853;0
33854;1
33855;0
33856;1
33857;0
33858;1
33859;0
33860;0
33861;1
33862;0
33863;36
33864;35
33865;0
33866;0
33867;35
33868;36
33869;44
33870;0
33871;1
33872;0
33873;0
33874;1
33875;0
33876;35
33877;0
33878;0
33879;0
33880;0
33881;0
33882;1
33883;0
33884;1
33885;0
33886;1
33887;0
33888;40
33889;41
33890;56
33891;55
33892;0
33893;57
33894;0
33895;1
33896;50
33897;0
33898;1
33899;0
33900;0
33901;0
33902;0
33903;1
33904;0
33905;1
33906;0
33907;0
33908;1
33909;0
33910;0
33911;1
33912;0
33913;1
33914;0
33915;1
33916;0
33917;1
33918;0
33919;1
33920;0
33921;1
33922;1
33923;0
33924;2
33925;0
33926;0
33927;1
33928;2
33929;35
33930;0
33931;0
33932;3
33933;0
33934;0
33935;1
33936;0
33937;1
33938;0
33939;1
33940;0
33941;1
33942;0
33943;1
33944;2
33945;0
33946;0
33947;1
33948;0
33949;0
33950;1
33951;2
33952;0
33953;0
33954;1
33955;0
33956;1
33957;0
33958;1
33959;0
33960;0
33961;0
33962;1
33963;0
33964;1
33965;0
33966;0
33967;1
33968;0
33969;0
33970;1
33971;0
33972;1
33973;0
33974;0
33975;1
33976;0
33977;1
33978;2
33979;0
33980;1
33981;0
33982;0
33983;1
33984;40
33985;86
33986;87
33987;0
33988;42
33989;1
33990;0
33991;0
33992;0
33993;0
33994;3
33995;2
33996;1
33997;0
33998;0
33999;1
34000;0
34001;0
34002;1
34003;0
34004;1
34005;0
34006;0
34007;1
34008;0
34009;1
34010;0
34011;38
34012;37
34013;0
34014;0
34015;1
34016;0
34017;1
34018;0
34019;0
34020;43
34021;44
34022;0
34023;1
34024;0
34025;1
34026;1
34027;0
34028;2
34029;0
34030;48
34031;49
34032;0
34033;0
34034;1
34035;2
34036;0
34037;1
34038;0
34039;0
34040;0
34041;1
34042;0
34043;0
34044;0
34045;0
34046;1
34047;0
34048;0
34049;1
34050;0
34051;1
34052;0
34053;1
34054;0
34055;0
34056;40
34057;1
34058;0
34059;1
34060;0
34061;0
34062;2
34063;0
34064;39
34065;1
34066;1
34067;0
34068;0
34069;1
34070;0
34071;0
34072;1
34073;0
34074;1
34075;1
34076;0
34077;0
34078;1
34079;35
34080;36
34081;1
34082;0
34083;3
34084;2
34085;0
34086;0
34087;1
34088;57
34089;0
34090;1
34091;1
34092;0
34093;0
34094;1
34095;0
34096;1
34097;2
34098;1
34099;1
34100;0
34101;0
34102;0
34103;1
34104;0
34105;2
34106;0
34107;1
34108;2
34109;0
34110;0
34111;0
34112;1
34113;2
34114;1
34115;0
34116;0
34117;0
34118;1
34119;0
34120;0
34121;1
34122;2
34123;0
34124;1
34125;0
34126;1
34127;0
34128;0
34129;1
34130;0
34131;0
34132;1
34133;0
34134;1
34135;0
34136;1
34137;0
34138;1
34139;2
34140;0
34141;1
34142;0
34143;0
34144;1
34145;0
34146;1
34147;0
34148;0
34149;1
34150;1
34151;0
34152;0
34153;0
34154;1
34155;0
34156;2
34157;1
34158;0
34159;1
34160;35
34161;36
34162;0
34163;0
34164;1
34165;31
34166;1
34167;0
34168;0
34169;0
34170;0
34171;1
34172;0
34173;1
34174;36
34175;35
34176;1
34177;0
34178;0
34179;0
34180;1
34181;0
34182;0
34183;1
34184;0
34185;1
34186;0
34187;1
34188;0
34189;0
34190;0
34191;1
34192;2
34193;0
34194;1
34195;2
34196;0
34197;0
34198;1
34199;0
34200;1
34201;0
34202;0
34203;0
34204;0
34205;0
34206;1
34207;1
34208;0
34209;0
34210;0
34211;1
34212;0
34213;0
34214;1
34215;0
34216;1
34217;0
34218;0
34219;0
34220;0
34221;0
34222;1
34223;0
34224;1
34225;0
34226;1
34227;0
34228;0
34229;1
34230;0
34231;0
34232;24
34233;1
34234;0
34235;1
34236;2
34237;0
34238;1
34239;0
34240;0
34241;1
34242;0
34243;1
34244;0
34245;0
34246;1
34247;1
34248;0
34249;0
34250;0
34251;1
34252;0
34253;0
34254;35
34255;36
34256;1
34257;0
34258;0
34259;0
34260;1
34261;0
34262;1
34263;1
34264;0
34265;0
34266;1
34267;0
34268;1
34269;2
34270;0
34271;1
34272;1
34273;0
34274;0
34275;1
34276;1
34277;0
34278;0
34279;1
34280;0
34281;0
34282;0
34283;0
34284;1
34285;1
34286;0
34287;0
34288;1
34289;62
34290;63
34291;0
34292;36
34293;35
34294;0
34295;1
34296;0
34297;1
34298;0
34299;0
34300;1
34301;0
34302;1
34303;0
34304;0
34305;0
34306;1
34307;0
34308;1
34309;0
34310;1
34311;40
34312;0
34313;59
34314;58
34315;0
34316;0
34317;1
34318;1
34319;0
34320;0
34321;70
34322;72
34323;7
34324;6
34325;71
34326;0
34327;1
34328;0
34329;1
34330;0
34331;0
34332;2
34333;1
34334;0
34335;0
34336;1
34337;0
34338;1
34339;0
34340;1
34341;0
34342;1
34343;0
34344;0
34345;0
34346;1
34347;0
34348;0
34349;1
34350;10
34351;1
34352;0
34353;11
34354;1
34355;0
34356;0
34357;0
34358;1
34359;0
34360;2
34361;1
34362;0
34363;0
34364;0
34365;2
34366;35
34367;0
34368;0
34369;0
34370;1
34371;0
34372;0
34373;1
34374;0
34375;42
34376;41
34377;1
34378;0
34379;0
34380;1
34381;0
34382;0
34383;0
34384;1
34385;0
34386;1
34387;0
34388;1
34389;0
34390;1
34391;0
34392;50
34393;39
34394;49
34395;0
34396;0
34397;1
34398;0
34399;1
34400;1
34401;0
34402;0
34403;2
34404;0
34405;0
34406;1
34407;0
34408;0
34409;1
34410;0
34411;1
34412;0
34413;1
34414;48
34415;0
34416;1
34417;0
34418;0
34419;0
34420;0
34421;0
34422;1
34423;0
34424;1
34425;0
34426;2
34427;1
34428;1
34429;0
34430;0
34431;1
34432;0
34433;1
34434;0
34435;1
34436;24
34437;25
34438;0
34439;0
34440;1
34441;0
34442;0
34443;0
34444;0
34445;1
34446;0
34447;0
34448;1
34449;0
34450;1
34451;1
34452;0
34453;0
34454;1
34455;0
34456;1
34457;0
34458;1
34459;0
34460;0
34461;0
34462;0
34463;1
34464;0
34465;1
34466;14
34467;0
34468;1
34469;0
34470;0
34471;1
34472;0
34473;0
34474;1
34475;0
34476;1
34477;1
34478;0
34479;47
34480;0
34481;48
34482;0
34483;1
34484;1
34485;0
34486;0
34487;0
34488;0
34489;0
34490;0
34491;35
34492;0
34493;0
34494;0
34495;1
34496;0
34497;0
34498;1
34499;0
34500;1
34501;0
34502;1
34503;0
34504;0
34505;0
34506;0
34507;1
34508;0
34509;0
34510;0
34511;1
34512;0
34513;0
34514;0
34515;1
34516;0
34517;1
34518;0
34519;2
34520;1
34521;1
34522;0
34523;0
34524;1
34525;0
34526;0
34527;0
34528;0
34529;0
34530;1
34531;0
34532;1
34533;1
34534;0
34535;1
34536;0
34537;0
34538;0
34539;0
34540;0
34541;2
34542;1
34543;0
34544;0
34545;1
34546;0
34547;1
34548;0
34549;1
34550;0
34551;39
34552;41
34553;0
34554;0
34555;1
34556;0
34557;1
34558;0
34559;1
34560;35
34561;36
34562;0
34563;0
34564;1
34565;45
34566;0
34567;44
34568;0
34569;1
34570;0
34571;0
34572;1
34573;0
34574;1
34575;0
34576;0
34577;2
34578;0
34579;1
34580;0
34581;0
34582;1
34583;0
34584;0
34585;1
34586;0
34587;1
34588;0
34589;1
34590;0
34591;1
34592;35
34593;1
34594;0
34595;0
34596;1
34597;0
34598;1
34599;0
34600;1
34601;0
34602;0
34603;1
34604;0
34605;0
34606;1
34607;54
34608;1
34609;0
34610;53
34611;0
34612;1
34613;0
34614;1
34615;2
34616;0
34617;1
34618;0
34619;1
34620;0
34621;0
34622;1
34623;35
34624;36
34625;0
34626;1
34627;0
34628;0
34629;40
34630;0
34631;41
34632;2
34633;1
34634;0
34635;1
34636;0
34637;0
34638;1
34639;0
34640;1
34641;0
34642;0
34643;1
34644;1
34645;0
34646;0
34647;1
34648;25
34649;0
34650;1
34651;0
34652;1
34653;0
34654;1
34655;1
34656;0
34657;0
34658;0
34659;0
34660;35
34661;0
34662;1
34663;0
34664;1
34665;2
34666;35
34667;36
34668;0
34669;1
34670;0
34671;0
34672;0
34673;1
34674;0
34675;2
34676;1
34677;0
34678;0
34679;0
34680;0
34681;1
34682;1
34683;0
34684;0
34685;1
34686;0
34687;0
34688;1
34689;0
34690;1
34691;1
34692;0
34693;0
34694;0
34695;1
34696;0
34697;1
34698;35
34699;37
34700;36
34701;0
34702;0
34703;1
34704;2
34705;0
34706;0
34707;0
34708;1
34709;0
34710;1
34711;1
34712;0
34713;1
34714;0
34715;0
34716;0
34717;1
34718;1
34719;0
34720;0
34721;1
34722;38
34723;39
34724;1
34725;0
34726;0
34727;2
34728;1
34729;0
34730;0
34731;1
34732;0
34733;1
34734;0
34735;0
34736;1
34737;0
34738;1
34739;0
34740;1
34741;0
34742;1
34743;0
34744;1
34745;0
34746;1
34747;0
34748;1
34749;1
34750;0
34751;0
34752;1
34753;0
34754;0
34755;1
34756;0
34757;39
34758;41
34759;38
34760;42
34761;19
34762;18
34763;0
34764;1
34765;0
34766;0
34767;1
34768;0
34769;0
34770;1
34771;0
34772;2
34773;1
34774;0
34775;0
34776;1
34777;0
34778;0
34779;1
34780;0
34781;2
34782;0
34783;47
34784;0
34785;50
34786;48
34787;0
34788;1
34789;2
34790;0
34791;0
34792;1
34793;0
34794;0
34795;1
34796;2
34797;0
34798;1
34799;0
34800;0
34801;1
34802;0
34803;1
34804;0
34805;35
34806;0
34807;1
34808;0
34809;1
34810;0
34811;0
34812;2
34813;0
34814;1
34815;36
34816;35
34817;1
34818;0
34819;0
34820;1
34821;0
34822;1
34823;2
34824;0
34825;1
34826;1
34827;0
34828;0
34829;1
34830;0
34831;0
34832;1
34833;0
34834;1
34835;0
34836;1
34837;0
34838;1
34839;35
34840;36
34841;0
34842;1
34843;0
34844;1
34845;35
34846;36
34847;1
34848;0
34849;0
34850;0
34851;0
34852;0
34853;2
34854;1
34855;0
34856;1
34857;0
34858;0
34859;1
34860;57
34861;0
34862;56
34863;54
34864;1
34865;0
34866;0
34867;0
34868;0
34869;1
34870;0
34871;1
34872;2
34873;0
34874;1
34875;0
34876;1
34877;0
34878;1
34879;0
34880;0
34881;1
34882;0
34883;1
34884;1
34885;0
34886;0
34887;1
34888;0
34889;1
34890;0
34891;1
34892;0
34893;1
34894;0
34895;0
34896;1
34897;0
34898;1
34899;35
34900;36
34901;0
34902;1
34903;0
34904;1
34905;1
34906;0
34907;0
34908;2
34909;0
34910;1
34911;1
34912;6
34913;7
34914;0
34915;0
34916;0
34917;1
34918;0
34919;1
34920;0
34921;0
34922;0
34923;0
34924;35
34925;1
34926;0
34927;0
34928;49
34929;48
34930;0
34931;47
34932;0
34933;47
34934;0
34935;2
34936;0
34937;1
34938;1
34939;0
34940;1
34941;0
34942;35
34943;36
34944;0
34945;1
34946;0
34947;0
34948;1
34949;0
34950;66
34951;64
34952;1
34953;65
34954;0
34955;1
34956;0
34957;1
34958;0
34959;1
34960;0
34961;47
34962;1
34963;0
34964;1
34965;0
34966;0
34967;0
34968;1
34969;0
34970;1
34971;0
34972;1
34973;0
34974;1
34975;0
34976;35
34977;0
34978;1
34979;1
34980;0
34981;35
34982;1
34983;0
34984;0
34985;1
34986;0
34987;2
34988;1
34989;0
34990;0
34991;1
34992;2
34993;0
34994;35
34995;0
34996;0
34997;0
34998;2
34999;1
35000;1
35001;0
35002;0
35003;0
35004;1
35005;2
35006;0
35007;1
35008;1
35009;0
35010;1
35011;0
35012;0
35013;0
35014;1
35015;2
35016;0
35017;0
35018;0
35019;1
35020;0
35021;1
35022;0
35023;0
35024;1
35025;0
35026;1
35027;0
35028;1
35029;0
35030;1
35031;0
35032;0
35033;2
35034;1
35035;1
35036;0
35037;0
35038;1
35039;0
35040;0
35041;2
35042;0
35043;0
35044;0
35045;2
35046;1
35047;0
35048;1
35049;34
35050;0
35051;1
35052;0
35053;1
35054;0
35055;13
35056;0
35057;1
35058;35
35059;36
35060;0
35061;2
35062;3
35063;0
35064;1
35065;0
35066;0
35067;0
35068;0
35069;1
35070;1
35071;0
35072;0
35073;0
35074;1
35075;0
35076;1
35077;2
35078;0
35079;2
35080;1
35081;0
35082;1
35083;0
35084;1
35085;0
35086;1
35087;3
35088;38
35089;39
35090;37
35091;4
35092;0
35093;0
35094;40
35095;0
35096;1
35097;0
35098;0
35099;0
35100;1
35101;0
35102;1
35103;1
35104;0
35105;0
35106;1
35107;1
35108;0
35109;0
35110;0
35111;1
35112;2
35113;1
35114;0
35115;0
35116;1
35117;1
35118;0
35119;0
35120;1
35121;0
35122;0
35123;1
35124;36
35125;35
35126;38
35127;39
35128;55
35129;54
35130;35
35131;56
35132;1
35133;0
35134;0
35135;0
35136;0
35137;1
35138;0
35139;2
35140;1
35141;48
35142;0
35143;0
35144;50
35145;0
35146;0
35147;1
35148;1
35149;0
35150;77
35151;79
35152;71
35153;0
35154;0
35155;1
35156;0
35157;1
35158;0
35159;1
35160;0
35161;1
35162;1
35163;0
35164;0
35165;0
35166;1
35167;0
35168;1
35169;20
35170;11
35171;0
35172;1
35173;0
35174;1
35175;0
35176;0
35177;1
35178;35
35179;0
35180;1
35181;0
35182;1
35183;0
35184;0
35185;0
35186;0
35187;1
35188;0
35189;1
35190;0
35191;0
35192;1
35193;0
35194;2
35195;1
35196;0
35197;35
35198;36
35199;0
35200;0
35201;1
35202;1
35203;0
35204;0
35205;1
35206;0
35207;0
35208;0
35209;1
35210;0
35211;1
35212;0
35213;0
35214;0
35215;0
35216;1
35217;0
35218;0
35219;0
35220;0
35221;1
35222;2
35223;0
35224;0
35225;1
35226;35
35227;36
35228;0
35229;1
35230;35
35231;14
35232;15
35233;35
35234;36
35235;0
35236;0
35237;0
35238;0
35239;1
35240;0
35241;0
35242;0
35243;1
35244;0
35245;0
35246;0
35247;0
35248;1
35249;0
35250;0
35251;1
35252;35
35253;36
35254;0
35255;0
35256;1
35257;70
35258;41
35259;0
35260;0
35261;0
35262;0
35263;5
35264;1
35265;0
35266;2
35267;1
35268;0
35269;0
35270;0
35271;1
35272;37
35273;0
35274;1
35275;0
35276;1
35277;0
35278;1
35279;0
35280;1
35281;0
35282;0
35283;1
35284;0
35285;0
35286;35
35287;0
35288;1
35289;0
35290;0
35291;1
35292;1
35293;0
35294;0
35295;1
35296;0
35297;1
35298;0
35299;1
35300;0
35301;39
35302;2
35303;1
35304;0
35305;0
35306;1
35307;0
35308;1
35309;0
35310;1
35311;15
35312;0
35313;17
35314;18
35315;9
35316;16
35317;0
35318;0
35319;1
35320;0
35321;0
35322;1
35323;0
35324;0
35325;0
35326;0
35327;0
35328;0
35329;1
35330;2
35331;0
35332;1
35333;0
35334;9
35335;10
35336;0
35337;0
35338;0
35339;1
35340;0
35341;0
35342;1
35343;0
35344;1
35345;1
35346;0
35347;1
35348;0
35349;1
35350;0
35351;75
35352;0
35353;76
35354;35
35355;0
35356;0
35357;2
35358;1
35359;1
35360;0
35361;0
35362;0
35363;41
35364;42
35365;2
35366;1
35367;0
35368;0
35369;1
35370;0
35371;1
35372;0
35373;0
35374;2
35375;0
35376;1
35377;20
35378;0
35379;1
35380;23
35381;21
35382;21
35383;22
35384;0
35385;0
35386;0
35387;0
35388;1
35389;0
35390;1
35391;0
35392;0
35393;1
35394;0
35395;1
35396;0
35397;0
35398;0
35399;1
35400;0
35401;0
35402;0
35403;0
35404;0
35405;1
35406;0
35407;1
35408;0
35409;1
35410;0
35411;0
35412;0
35413;1
35414;2
35415;0
35416;0
35417;5
35418;0
35419;4
35420;1
35421;0
35422;1
35423;0
35424;1
35425;48
35426;0
35427;49
35428;47
35429;0
35430;0
35431;1
35432;1
35433;0
35434;0
35435;21
35436;23
35437;22
35438;0
35439;0
35440;0
35441;0
35442;0
35443;1
35444;0
35445;0
35446;53
35447;1
35448;0
35449;1
35450;36
35451;35
35452;0
35453;0
35454;0
35455;1
35456;1
35457;0
35458;0
35459;1
35460;1
35461;0
35462;0
35463;1
35464;0
35465;1
35466;0
35467;1
35468;0
35469;1
35470;0
35471;1
35472;0
35473;0
35474;0
35475;2
35476;1
35477;1
35478;0
35479;2
35480;0
35481;1
35482;0
35483;0
35484;1
35485;0
35486;0
35487;2
35488;0
35489;0
35490;19
35491;37
35492;21
35493;20
35494;1
35495;0
35496;1
35497;0
35498;0
35499;0
35500;1
35501;0
35502;0
35503;1
35504;0
35505;1
35506;0
35507;1
35508;0
35509;0
35510;0
35511;1
35512;0
35513;1
35514;0
35515;1
35516;0
35517;1
35518;35
35519;36
35520;0
35521;1
35522;41
35523;0
35524;1
35525;0
35526;1
35527;1
35528;0
35529;0
35530;1
35531;0
35532;1
35533;0
35534;1
35535;19
35536;0
35537;20
35538;0
35539;0
35540;0
35541;1
35542;0
35543;1
35544;0
35545;1
35546;0
35547;0
35548;1
35549;1
35550;0
35551;0
35552;1
35553;2
35554;4
35555;0
35556;3
35557;0
35558;47
35559;0
35560;0
35561;1
35562;1
35563;39
35564;0
35565;1
35566;0
35567;0
35568;1
35569;0
35570;1
35571;0
35572;35
35573;36
35574;1
35575;0
35576;0
35577;2
35578;1
35579;0
35580;1
35581;0
35582;1
35583;0
35584;0
35585;1
35586;0
35587;1
35588;0
35589;0
35590;1
35591;0
35592;1
35593;0
35594;1
35595;0
35596;0
35597;0
35598;1
35599;0
35600;1
35601;0
35602;1
35603;0
35604;1
35605;0
35606;1
35607;0
35608;1
35609;35
35610;0
35611;1
35612;0
35613;49
35614;48
35615;0
35616;1
35617;0
35618;1
35619;0
35620;0
35621;0
35622;1
35623;0
35624;1
35625;1
35626;0
35627;0
35628;0
35629;1
35630;0
35631;0
35632;0
35633;0
35634;1
35635;0
35636;0
35637;0
35638;1
35639;0
35640;1
35641;0
35642;0
35643;1
35644;35
35645;35
35646;36
35647;0
35648;0
35649;1
35650;0
35651;1
35652;0
35653;1
35654;0
35655;0
35656;1
35657;0
35658;1
35659;0
35660;0
35661;0
35662;0
35663;33
35664;1
35665;40
35666;41
35667;0
35668;0
35669;1
35670;10
35671;1
35672;0
35673;11
35674;13
35675;0
35676;0
35677;1
35678;0
35679;1
35680;0
35681;1
35682;0
35683;1
35684;1
35685;0
35686;0
35687;1
35688;1
35689;0
35690;0
35691;1
35692;0
35693;0
35694;1
35695;0
35696;0
35697;0
35698;0
35699;1
35700;0
35701;1
35702;0
35703;1
35704;0
35705;0
35706;1
35707;40
35708;53
35709;0
35710;39
35711;0
35712;7
35713;23
35714;0
35715;0
35716;0
35717;1
35718;1
35719;0
35720;0
35721;0
35722;3
35723;2
35724;1
35725;0
35726;0
35727;0
35728;0
35729;1
35730;0
35731;0
35732;1
35733;0
35734;0
35735;1
35736;35
35737;1
35738;0
35739;0
35740;1
35741;0
35742;1
35743;0
35744;0
35745;1
35746;0
35747;1
35748;0
35749;1
35750;1
35751;0
35752;0
35753;1
35754;0
35755;1
35756;35
35757;36
35758;1
35759;0
35760;0
35761;1
35762;0
35763;0
35764;1
35765;1
35766;0
35767;0
35768;1
35769;2
35770;0
35771;1
35772;0
35773;0
35774;1
35775;1
35776;0
35777;35
35778;0
35779;0
35780;1
35781;0
35782;2
35783;0
35784;1
35785;0
35786;35
35787;36
35788;0
35789;26
35790;27
35791;1
35792;0
35793;0
35794;1
35795;2
35796;0
35797;1
35798;0
35799;1
35800;0
35801;0
35802;1
35803;0
35804;0
35805;1
35806;2
35807;35
35808;0
35809;35
35810;36
35811;37
35812;42
35813;0
35814;41
35815;0
35816;2
35817;1
35818;0
35819;1
35820;2
35821;0
35822;1
35823;0
35824;0
35825;1
35826;0
35827;0
35828;0
35829;0
35830;0
35831;0
35832;0
35833;1
35834;0
35835;1
35836;0
35837;0
35838;1
35839;0
35840;40
35841;41
35842;0
35843;1
35844;0
35845;1
35846;0
35847;1
35848;0
35849;0
35850;1
35851;0
35852;0
35853;0
35854;1
35855;0
35856;1
35857;0
35858;1
35859;0
35860;1
35861;0
35862;0
35863;35
35864;36
35865;0
35866;1
35867;0
35868;2
35869;1
35870;35
35871;37
35872;1
35873;0
35874;1
35875;0
35876;0
35877;0
35878;1
35879;0
35880;42
35881;1
35882;0
35883;1
35884;0
35885;1
35886;0
35887;6
35888;0
35889;54
35890;1
35891;55
35892;0
35893;1
35894;0
35895;0
35896;1
35897;0
35898;1
35899;0
35900;0
35901;1
35902;0
35903;1
35904;0
35905;1
35906;35
35907;0
35908;0
35909;1
35910;0
35911;0
35912;0
35913;1
35914;0
35915;1
35916;0
35917;1
35918;0
35919;1
35920;0
35921;1
35922;1
35923;0
35924;0
35925;0
35926;0
35927;0
35928;1
35929;0
35930;1
35931;0
35932;1
35933;0
35934;1
35935;1
35936;0
35937;0
35938;0
35939;1
35940;0
35941;1
35942;0
35943;0
35944;1
35945;0
35946;1
35947;0
35948;0
35949;6
35950;7
35951;10
35952;8
35953;1
35954;0
35955;0
35956;1
35957;0
35958;0
35959;0
35960;1
35961;1
35962;0
35963;3
35964;2
35965;1
35966;0
35967;0
35968;1
35969;0
35970;0
35971;1
35972;0
35973;0
35974;0
35975;1
35976;0
35977;0
35978;0
35979;16
35980;17
35981;0
35982;1
35983;0
35984;1
35985;0
35986;0
35987;1
35988;0
35989;1
35990;0
35991;0
35992;1
35993;0
35994;1
35995;6
35996;7
35997;0
35998;1
35999;0
36000;0
36001;0
36002;1
36003;0
36004;1
36005;0
36006;1
36007;0
36008;1
36009;0
36010;1
36011;0
36012;1
36013;35
36014;36
36015;37
36016;0
36017;1
36018;0
36019;1
36020;0
36021;1
36022;0
36023;1
36024;0
36025;1
36026;2
36027;0
36028;0
36029;1
36030;0
36031;0
36032;0
36033;1
36034;44
36035;43
36036;0
36037;43
36038;42
36039;0
36040;0
36041;0
36042;0
36043;41
36044;47
36045;46
36046;1
36047;0
36048;0
36049;1
36050;0
36051;0
36052;1
36053;0
36054;0
36055;1
36056;0
36057;1
36058;0
36059;0
36060;3
36061;1
36062;4
36063;0
36064;2
36065;12
36066;1
36067;0
36068;0
36069;0
36070;1
36071;0
36072;40
36073;0
36074;1
36075;41
36076;41
36077;0
36078;1
36079;0
36080;0
36081;0
36082;2
36083;1
36084;0
36085;2
36086;1
36087;0
36088;0
36089;35
36090;36
36091;0
36092;0
36093;1
36094;2
36095;0
36096;1
36097;1
36098;0
36099;1
36100;0
36101;0
36102;39
36103;1
36104;0
36105;1
36106;0
36107;2
36108;1
36109;0
36110;1
36111;0
36112;1
36113;2
36114;1
36115;0
36116;0
36117;1
36118;0
36119;1
36120;0
36121;0
36122;1
36123;0
36124;1
36125;0
36126;0
36127;1
36128;0
36129;0
36130;0
36131;0
36132;35
36133;0
36134;1
36135;0
36136;1
36137;0
36138;0
36139;1
36140;2
36141;0
36142;1
36143;0
36144;0
36145;1
36146;0
36147;1
36148;0
36149;0
36150;0
36151;0
36152;1
36153;0
36154;62
36155;35
36156;61
36157;0
36158;1
36159;0
36160;1
36161;0
36162;1
36163;0
36164;0
36165;0
36166;1
36167;0
36168;1
36169;1
36170;0
36171;0
36172;0
36173;1
36174;0
36175;1
36176;1
36177;0
36178;0
36179;0
36180;0
36181;1
36182;0
36183;1
36184;0
36185;0
36186;1
36187;0
36188;1
36189;0
36190;0
36191;0
36192;1
36193;0
36194;1
36195;23
36196;24
36197;0
36198;1
36199;0
36200;0
36201;1
36202;0
36203;0
36204;1
36205;0
36206;2
36207;0
36208;1
36209;0
36210;0
36211;1
36212;0
36213;1
36214;0
36215;1
36216;0
36217;1
36218;0
36219;1
36220;0
36221;2
36222;0
36223;1
36224;0
36225;1
36226;0
36227;0
36228;0
36229;0
36230;1
36231;0
36232;1
36233;0
36234;1
36235;0
36236;1
36237;0
36238;0
36239;0
36240;1
36241;0
36242;1
36243;35
36244;0
36245;1
36246;4
36247;1
36248;0
36249;2
36250;0
36251;1
36252;1
36253;0
36254;0
36255;0
36256;1
36257;0
36258;0
36259;1
36260;0
36261;0
36262;1
36263;0
36264;1
36265;0
36266;1
36267;35
36268;36
36269;0
36270;1
36271;0
36272;1
36273;1
36274;0
36275;0
36276;0
36277;1
36278;0
36279;52
36280;44
36281;0
36282;0
36283;1
36284;0
36285;0
36286;48
36287;47
36288;0
36289;0
36290;0
36291;27
36292;0
36293;0
36294;0
36295;1
36296;0
36297;1
36298;0
36299;1
36300;0
36301;1
36302;0
36303;0
36304;0
36305;1
36306;0
36307;1
36308;0
36309;1
36310;0
36311;2
36312;1
36313;1
36314;0
36315;0
36316;1
36317;0
36318;1
36319;0
36320;1
36321;0
36322;0
36323;1
36324;0
36325;1
36326;60
36327;1
36328;61
36329;0
36330;0
36331;1
36332;0
36333;1
36334;0
36335;2
36336;0
36337;1
36338;0
36339;1
36340;0
36341;40
36342;0
36343;1
36344;0
36345;0
36346;0
36347;1
36348;0
36349;0
36350;1
36351;17
36352;16
36353;36
36354;0
36355;1
36356;1
36357;0
36358;1
36359;0
36360;1
36361;0
36362;0
36363;0
36364;35
36365;36
36366;0
36367;1
36368;1
36369;0
36370;0
36371;1
36372;2
36373;0
36374;1
36375;0
36376;0
36377;0
36378;0
36379;0
36380;1
36381;0
36382;0
36383;1
36384;0
36385;1
36386;0
36387;0
36388;1
36389;0
36390;49
36391;1
36392;50
36393;0
36394;1
36395;0
36396;1
36397;0
36398;1
36399;0
36400;40
36401;4
36402;0
36403;1
36404;37
36405;35
36406;94
36407;36
36408;90
36409;0
36410;0
36411;0
36412;0
36413;0
36414;1
36415;1
36416;0
36417;0
36418;0
36419;0
36420;1
36421;0
36422;1
36423;0
36424;1
36425;1
36426;4
36427;0
36428;3
36429;35
36430;0
36431;0
36432;1
36433;0
36434;0
36435;1
36436;0
36437;1
36438;0
36439;2
36440;1
36441;0
36442;1
36443;0
36444;1
36445;35
36446;0
36447;1
36448;0
36449;2
36450;1
36451;0
36452;1
36453;1
36454;0
36455;0
36456;0
36457;1
36458;0
36459;1
36460;0
36461;0
36462;41
36463;40
36464;35
36465;35
36466;36
36467;1
36468;0
36469;0
36470;1
36471;0
36472;0
36473;1
36474;35
36475;41
36476;0
36477;42
36478;27
36479;28
36480;0
36481;1
36482;0
36483;1
36484;1
36485;0
36486;2
36487;0
36488;0
36489;0
36490;0
36491;1
36492;0
36493;1
36494;3
36495;5
36496;6
36497;0
36498;1
36499;1
36500;0
36501;0
36502;1
36503;0
36504;0
36505;1
36506;0
36507;1
36508;56
36509;0
36510;0
36511;1
36512;0
36513;0
36514;1
36515;0
36516;1
36517;0
36518;1
36519;0
36520;1
36521;0
36522;1
36523;2
36524;0
36525;35
36526;36
36527;0
36528;2
36529;1
36530;0
36531;1
36532;0
36533;1
36534;0
36535;1
36536;0
36537;1
36538;0
36539;0
36540;0
36541;1
36542;0
36543;1
36544;0
36545;0
36546;2
36547;0
36548;0
36549;1
36550;2
36551;1
36552;0
36553;0
36554;0
36555;1
36556;0
36557;1
36558;0
36559;1
36560;0
36561;1
36562;0
36563;1
36564;0
36565;1
36566;0
36567;0
36568;0
36569;1
36570;0
36571;1
36572;4
36573;0
36574;1
36575;0
36576;0
36577;0
36578;1
36579;0
36580;0
36581;1
36582;0
36583;2
36584;0
36585;35
36586;24
36587;37
36588;0
36589;1
36590;0
36591;0
36592;0
36593;1
36594;0
36595;0
36596;1
36597;0
36598;0
36599;1
36600;35
36601;0
36602;2
36603;0
36604;1
36605;0
36606;1
36607;2
36608;0
36609;0
36610;1
36611;0
36612;0
36613;0
36614;0
36615;0
36616;1
36617;0
36618;0
36619;0
36620;1
36621;0
36622;1
36623;0
36624;1
36625;0
36626;0
36627;1
36628;0
36629;44
36630;0
36631;0
36632;1
36633;1
36634;0
36635;0
36636;1
36637;0
36638;1
36639;0
36640;0
36641;1
36642;0
36643;1
36644;0
36645;1
36646;0
36647;1
36648;0
36649;1
36650;0
36651;0
36652;0
36653;0
36654;0
36655;1
36656;0
36657;0
36658;1
36659;2
36660;0
36661;1
36662;0
36663;0
36664;1
36665;38
36666;39
36667;1
36668;0
36669;0
36670;0
36671;0
36672;1
36673;0
36674;0
36675;3
36676;2
36677;1
36678;0
36679;0
36680;0
36681;0
36682;1
36683;0
36684;1
36685;0
36686;1
36687;0
36688;1
36689;0
36690;0
36691;0
36692;1
36693;1
36694;0
36695;0
36696;1
36697;0
36698;1
36699;0
36700;2
36701;1
36702;0
36703;1
36704;1
36705;0
36706;2
36707;0
36708;1
36709;0
36710;0
36711;1
36712;0
36713;1
36714;0
36715;1
36716;0
36717;1
36718;0
36719;1
36720;59
36721;61
36722;0
36723;60
36724;0
36725;0
36726;1
36727;0
36728;0
36729;0
36730;1
36731;0
36732;0
36733;0
36734;1
36735;1
36736;0
36737;0
36738;0
36739;1
36740;0
36741;35
36742;37
36743;0
36744;0
36745;1
36746;1
36747;0
36748;1
36749;0
36750;2
36751;0
36752;1
36753;0
36754;0
36755;1
36756;0
36757;1
36758;0
36759;1
36760;0
36761;0
36762;1
36763;0
36764;0
36765;1
36766;0
36767;0
36768;1
36769;2
36770;0
36771;1
36772;0
36773;1
36774;0
36775;1
36776;27
36777;30
36778;31
36779;35
36780;36
36781;0
36782;1
36783;0
36784;1
36785;2
36786;0
36787;1
36788;0
36789;1
36790;0
36791;1
36792;0
36793;1
36794;0
36795;1
36796;0
36797;0
36798;1
36799;0
36800;1
36801;0
36802;1
36803;0
36804;1
36805;1
36806;0
36807;0
36808;0
36809;0
36810;2
36811;1
36812;1
36813;0
36814;0
36815;2
36816;1
36817;0
36818;1
36819;0
36820;0
36821;1
36822;0
36823;1
36824;2
36825;0
36826;40
36827;0
36828;0
36829;1
36830;1
36831;0
36832;0
36833;1
36834;0
36835;0
36836;0
36837;1
36838;1
36839;0
36840;1
36841;0
36842;0
36843;0
36844;1
36845;0
36846;2
36847;1
36848;1
36849;0
36850;0
36851;0
36852;1
36853;0
36854;1
36855;41
36856;39
36857;0
36858;40
36859;0
36860;1
36861;0
36862;0
36863;1
36864;0
36865;0
36866;0
36867;1
36868;2
36869;1
36870;0
36871;35
36872;1
36873;0
36874;0
36875;1
36876;0
36877;1
36878;0
36879;1
36880;0
36881;1
36882;0
36883;1
36884;0
36885;1
36886;0
36887;0
36888;1
36889;2
36890;0
36891;0
36892;1
36893;36
36894;35
36895;0
36896;1
36897;1
36898;0
36899;0
36900;1
36901;0
36902;0
36903;1
36904;0
36905;35
36906;36
36907;35
36908;36
36909;0
36910;1
36911;0
36912;35
36913;0
36914;1
36915;0
36916;0
36917;1
36918;0
36919;0
36920;0
36921;0
36922;1
36923;0
36924;36
36925;2
36926;42
36927;1
36928;0
36929;0
36930;0
36931;1
36932;0
36933;0
36934;1
36935;0
36936;1
36937;0
36938;1
36939;0
36940;1
36941;0
36942;1
36943;0
36944;54
36945;55
36946;0
36947;4
36948;0
36949;0
36950;0
36951;36
36952;35
36953;0
36954;1
36955;1
36956;0
36957;0
36958;2
36959;1
36960;0
36961;1
36962;0
36963;1
36964;0
36965;1
36966;0
36967;1
36968;0
36969;1
36970;17
36971;34
36972;0
36973;1
36974;0
36975;1
36976;0
36977;0
36978;1
36979;0
36980;0
36981;1
36982;43
36983;0
36984;2
36985;1
36986;1
36987;0
36988;0
36989;1
36990;21
36991;1
36992;0
36993;0
36994;1
36995;0
36996;0
36997;1
36998;0
36999;1
37000;1
37001;0
37002;0
37003;1
37004;0
37005;0
37006;0
37007;1
37008;0
37009;1
37010;1
37011;0
37012;0
37013;0
37014;1
37015;0
37016;1
37017;0
37018;0
37019;1
37020;35
37021;0
37022;1
37023;0
37024;0
37025;1
37026;0
37027;0
37028;1
37029;0
37030;1
37031;0
37032;0
37033;0
37034;0
37035;1
37036;0
37037;0
37038;1
37039;35
37040;0
37041;1
37042;0
37043;0
37044;1
37045;0
37046;2
37047;0
37048;1
37049;0
37050;1
37051;2
37052;0
37053;0
37054;0
37055;1
37056;0
37057;1
37058;0
37059;1
37060;0
37061;1
37062;0
37063;0
37064;1
37065;1
37066;0
37067;0
37068;0
37069;1
37070;0
37071;1
37072;1
37073;0
37074;0
37075;0
37076;1
37077;2
37078;0
37079;1
37080;0
37081;1
37082;58
37083;0
37084;59
37085;1
37086;0
37087;0
37088;1
37089;0
37090;44
37091;64
37092;0
37093;1
37094;0
37095;0
37096;0
37097;0
37098;1
37099;0
37100;11
37101;0
37102;1
37103;0
37104;0
37105;1
37106;1
37107;0
37108;21
37109;1
37110;0
37111;0
37112;1
37113;0
37114;0
37115;37
37116;35
37117;36
37118;1
37119;0
37120;0
37121;1
37122;1
37123;0
37124;1
37125;0
37126;0
37127;0
37128;0
37129;0
37130;46
37131;47
37132;48
37133;0
37134;0
37135;0
37136;0
37137;1
37138;1
37139;0
37140;0
37141;1
37142;0
37143;1
37144;0
37145;1
37146;0
37147;0
37148;1
37149;0
37150;0
37151;1
37152;0
37153;27
37154;25
37155;0
37156;1
37157;0
37158;0
37159;21
37160;20
37161;11
37162;0
37163;1
37164;0
37165;17
37166;0
37167;1
37168;36
37169;35
37170;0
37171;1
37172;0
37173;0
37174;0
37175;0
37176;0
37177;1
37178;1
37179;0
37180;35
37181;36
37182;37
37183;0
37184;0
37185;0
37186;1
37187;1
37188;0
37189;0
37190;0
37191;1
37192;0
37193;1
37194;0
37195;1
37196;0
37197;0
37198;0
37199;0
37200;1
37201;0
37202;1
37203;1
37204;0
37205;0
37206;1
37207;0
37208;1
37209;0
37210;2
37211;0
37212;3
37213;1
37214;4
37215;0
37216;1
37217;0
37218;1
37219;0
37220;1
37221;0
37222;0
37223;0
37224;10
37225;0
37226;0
37227;1
37228;0
37229;0
37230;0
37231;0
37232;1
37233;40
37234;48
37235;0
37236;1
37237;49
37238;0
37239;1
37240;2
37241;0
37242;1
37243;0
37244;1
37245;0
37246;1
37247;0
37248;0
37249;2
37250;1
37251;0
37252;1
37253;1
37254;0
37255;0
37256;0
37257;0
37258;1
37259;0
37260;2
37261;1
37262;0
37263;0
37264;0
37265;0
37266;0
37267;0
37268;0
37269;0
37270;0
37271;1
37272;35
37273;36
37274;0
37275;1
37276;0
37277;0
37278;1
37279;0
37280;1
37281;0
37282;1
37283;0
37284;0
37285;1
37286;35
37287;0
37288;0
37289;28
37290;27
37291;1
37292;41
37293;40
37294;39
37295;0
37296;0
37297;1
37298;0
37299;1
37300;1
37301;0
37302;0
37303;2
37304;1
37305;0
37306;1
37307;0
37308;40
37309;41
37310;39
37311;0
37312;1
37313;0
37314;0
37315;1
37316;0
37317;0
37318;0
37319;1
37320;0
37321;39
37322;41
37323;40
37324;42
37325;0
37326;0
37327;48
37328;1
37329;0
37330;0
37331;1
37332;1
37333;0
37334;0
37335;1
37336;0
37337;1
37338;0
37339;1
37340;0
37341;1
37342;0
37343;1
37344;0
37345;1
37346;0
37347;1
37348;0
37349;1
37350;0
37351;1
37352;0
37353;0
37354;1
37355;2
37356;0
37357;1
37358;0
37359;0
37360;1
37361;0
37362;0
37363;1
37364;0
37365;0
37366;1
37367;1
37368;0
37369;1
37370;0
37371;0
37372;66
37373;67
37374;1
37375;1
37376;0
37377;0
37378;0
37379;0
37380;0
37381;1
37382;0
37383;1
37384;0
37385;0
37386;1
37387;0
37388;1
37389;0
37390;0
37391;0
37392;1
37393;0
37394;1
37395;0
37396;2
37397;1
37398;0
37399;0
37400;0
37401;1
37402;0
37403;0
37404;1
37405;0
37406;0
37407;1
37408;40
37409;42
37410;0
37411;0
37412;1
37413;0
37414;0
37415;1
37416;0
37417;1
37418;1
37419;0
37420;1
37421;0
37422;0
37423;1
37424;0
37425;1
37426;0
37427;1
37428;1
37429;0
37430;0
37431;1
37432;0
37433;0
37434;0
37435;1
37436;0
37437;0
37438;1
37439;0
37440;0
37441;1
37442;0
37443;1
37444;2
37445;2
37446;0
37447;1
37448;0
37449;1
37450;0
37451;1
37452;0
37453;1
37454;0
37455;0
37456;0
37457;1
37458;45
37459;0
37460;1
37461;0
37462;0
37463;1
37464;0
37465;1
37466;0
37467;0
37468;1
37469;0
37470;0
37471;25
37472;0
37473;0
37474;1
37475;0
37476;0
37477;1
37478;0
37479;0
37480;0
37481;0
37482;1
37483;0
37484;1
37485;0
37486;1
37487;39
37488;0
37489;0
37490;0
37491;1
37492;0
37493;39
37494;0
37495;43
37496;1
37497;0
37498;1
37499;0
37500;0
37501;2
37502;1
37503;0
37504;0
37505;1
37506;1
37507;0
37508;0
37509;1
37510;0
37511;1
37512;0
37513;1
37514;39
37515;2
37516;0
37517;1
37518;0
37519;1
37520;0
37521;1
37522;0
37523;1
37524;46
37525;0
37526;1
37527;47
37528;0
37529;1
37530;0
37531;1
37532;0
37533;1
37534;0
37535;0
37536;1
37537;0
37538;1
37539;35
37540;37
37541;0
37542;1
37543;0
37544;0
37545;2
37546;1
37547;0
37548;1
37549;0
37550;1
37551;0
37552;1
37553;0
37554;0
37555;1
37556;2
37557;0
37558;1
37559;0
37560;1
37561;0
37562;28
37563;0
37564;1
37565;39
37566;0
37567;1
37568;1
37569;0
37570;0
37571;1
37572;0
37573;1
37574;0
37575;0
37576;1
37577;1
37578;0
37579;0
37580;0
37581;1
37582;0
37583;1
37584;1
37585;0
37586;0
37587;1
37588;0
37589;1
37590;0
37591;1
37592;2
37593;0
37594;0
37595;0
37596;0
37597;1
37598;1
37599;0
37600;0
37601;1
37602;0
37603;0
37604;1
37605;0
37606;1
37607;0
37608;1
37609;0
37610;0
37611;1
37612;1
37613;0
37614;2
37615;0
37616;40
37617;41
37618;1
37619;0
37620;1
37621;0
37622;0
37623;1
37624;0
37625;0
37626;1
37627;1
37628;0
37629;0
37630;1
37631;0
37632;2
37633;0
37634;0
37635;0
37636;0
37637;0
37638;1
37639;1
37640;0
37641;41
37642;43
37643;0
37644;40
37645;1
37646;0
37647;47
37648;0
37649;1
37650;48
37651;49
37652;0
37653;0
37654;1
37655;0
37656;5
37657;0
37658;0
37659;1
37660;0
37661;2
37662;0
37663;1
37664;0
37665;0
37666;1
37667;1
37668;0
37669;0
37670;0
37671;1
37672;0
37673;1
37674;0
37675;0
37676;1
37677;1
37678;65
37679;0
37680;0
37681;1
37682;0
37683;0
37684;1
37685;0
37686;0
37687;1
37688;35
37689;0
37690;2
37691;1
37692;0
37693;1
37694;0
37695;1
37696;0
37697;0
37698;0
37699;1
37700;0
37701;0
37702;1
37703;0
37704;1
37705;0
37706;2
37707;1
37708;0
37709;0
37710;0
37711;0
37712;1
37713;0
37714;1
37715;0
37716;1
37717;1
37718;0
37719;38
37720;37
37721;1
37722;0
37723;0
37724;1
37725;0
37726;0
37727;0
37728;2
37729;3
37730;34
37731;1
37732;0
37733;0
37734;0
37735;1
37736;2
37737;0
37738;1
37739;2
37740;0
37741;0
37742;0
37743;1
37744;2
37745;0
37746;0
37747;1
37748;40
37749;0
37750;1
37751;41
37752;56
37753;47
37754;0
37755;0
37756;0
37757;1
37758;0
37759;0
37760;0
37761;2
37762;1
37763;35
37764;0
37765;0
37766;1
37767;0
37768;1
37769;0
37770;1
37771;0
37772;0
37773;0
37774;1
37775;35
37776;36
37777;0
37778;0
37779;1
37780;2
37781;0
37782;0
37783;0
37784;0
37785;0
37786;1
37787;1
37788;0
37789;0
37790;0
37791;1
37792;0
37793;1
37794;2
37795;0
37796;0
37797;0
37798;1
37799;0
37800;1
37801;0
37802;0
37803;1
37804;0
37805;1
37806;0
37807;2
37808;0
37809;1
37810;7
37811;0
37812;1
37813;0
37814;0
37815;2
37816;0
37817;1
37818;45
37819;0
37820;61
37821;0
37822;1
37823;48
37824;47
37825;0
37826;50
37827;51
37828;0
37829;1
37830;36
37831;35
37832;0
37833;0
37834;1
37835;0
37836;0
37837;1
37838;0
37839;0
37840;1
37841;0
37842;0
37843;1
37844;2
37845;0
37846;1
37847;0
37848;1
37849;0
37850;0
37851;1
37852;0
37853;0
37854;1
37855;0
37856;1
37857;0
37858;1
37859;0
37860;1
37861;0
37862;1
37863;0
37864;0
37865;1
37866;0
37867;1
37868;0
37869;1
37870;2
37871;0
37872;1
37873;1
37874;0
37875;0
37876;0
37877;0
37878;0
37879;1
37880;40
37881;1
37882;0
37883;0
37884;1
37885;2
37886;0
37887;1
37888;1
37889;0
37890;2
37891;0
37892;1
37893;1
37894;0
37895;0
37896;0
37897;0
37898;1
37899;0
37900;1
37901;35
37902;36
37903;37
37904;1
37905;0
37906;1
37907;0
37908;0
37909;1
37910;1
37911;0
37912;2
37913;0
37914;1
37915;41
37916;0
37917;0
37918;1
37919;0
37920;1
37921;0
37922;0
37923;1
37924;0
37925;1
37926;0
37927;1
37928;0
37929;1
37930;0
37931;0
37932;0
37933;0
37934;1
37935;1
37936;0
37937;0
37938;0
37939;1
37940;0
37941;0
37942;0
37943;1
37944;0
37945;1
37946;0
37947;1
37948;0
37949;1
37950;0
37951;1
37952;0
37953;1
37954;0
37955;1
37956;0
37957;0
37958;1
37959;2
37960;1
37961;0
37962;47
37963;49
37964;0
37965;48
37966;1
37967;0
37968;1
37969;2
37970;35
37971;37
37972;0
37973;0
37974;0
37975;1
37976;0
37977;0
37978;1
37979;0
37980;1
37981;0
37982;1
37983;0
37984;35
37985;0
37986;1
37987;0
37988;2
37989;1
37990;0
37991;0
37992;44
37993;1
37994;2
37995;0
37996;1
37997;35
37998;0
37999;0
38000;0
38001;0
38002;1
38003;0
38004;0
38005;1
38006;0
38007;1
38008;1
38009;0
38010;36
38011;35
38012;0
38013;0
38014;35
38015;0
38016;1
38017;0
38018;19
38019;0
38020;21
38021;22
38022;13
38023;20
38024;0
38025;1
38026;0
38027;0
38028;1
38029;0
38030;1
38031;0
38032;2
38033;1
38034;0
38035;2
38036;1
38037;0
38038;1
38039;0
38040;0
38041;52
38042;47
38043;0
38044;0
38045;1
38046;0
38047;0
38048;0
38049;1
38050;0
38051;0
38052;0
38053;0
38054;1
38055;0
38056;0
38057;0
38058;0
38059;1
38060;0
38061;1
38062;0
38063;0
38064;0
38065;1
38066;0
38067;41
38068;40
38069;0
38070;1
38071;0
38072;0
38073;0
38074;1
38075;0
38076;1
38077;2
38078;0
38079;0
38080;1
38081;1
38082;0
38083;0
38084;0
38085;0
38086;0
38087;0
38088;1
38089;2
38090;1
38091;0
38092;0
38093;1
38094;0
38095;0
38096;1
38097;20
38098;0
38099;1
38100;0
38101;0
38102;1
38103;0
38104;0
38105;0
38106;1
38107;0
38108;1
38109;0
38110;1
38111;2
38112;0
38113;1
38114;0
38115;0
38116;0
38117;0
38118;1
38119;2
38120;0
38121;58
38122;60
38123;59
38124;0
38125;1
38126;0
38127;38
38128;1
38129;0
38130;1
38131;1
38132;0
38133;0
38134;0
38135;0
38136;0
38137;1
38138;4
38139;9
38140;1
38141;0
38142;0
38143;1
38144;0
38145;35
38146;1
38147;0
38148;1
38149;0
38150;1
38151;0
38152;0
38153;1
38154;0
38155;50
38156;49
38157;1
38158;39
38159;1
38160;41
38161;0
38162;40
38163;0
38164;1
38165;1
38166;0
38167;41
38168;40
38169;0
38170;39
38171;0
38172;0
38173;1
38174;0
38175;0
38176;1
38177;0
38178;1
38179;0
38180;1
38181;0
38182;1
38183;0
38184;0
38185;40
38186;38
38187;42
38188;1
38189;0
38190;1
38191;0
38192;1
38193;0
38194;0
38195;1
38196;1
38197;0
38198;0
38199;1
38200;0
38201;1
38202;0
38203;0
38204;1
38205;0
38206;0
38207;1
38208;0
38209;1
38210;0
38211;0
38212;0
38213;1
38214;0
38215;1
38216;1
38217;0
38218;0
38219;1
38220;39
38221;49
38222;2
38223;48
38224;0
38225;0
38226;1
38227;0
38228;35
38229;36
38230;0
38231;1
38232;35
38233;36
38234;0
38235;1
38236;0
38237;0
38238;1
38239;0
38240;1
38241;0
38242;35
38243;0
38244;1
38245;1
38246;0
38247;0
38248;1
38249;0
38250;1
38251;1
38252;0
38253;0
38254;1
38255;36
38256;35
38257;0
38258;1
38259;0
38260;0
38261;1
38262;0
38263;2
38264;1
38265;0
38266;1
38267;0
38268;0
38269;1
38270;35
38271;0
38272;1
38273;0
38274;0
38275;1
38276;14
38277;1
38278;0
38279;0
38280;1
38281;0
38282;0
38283;1
38284;0
38285;0
38286;0
38287;0
38288;2
38289;1
38290;0
38291;0
38292;0
38293;1
38294;0
38295;1
38296;0
38297;0
38298;0
38299;1
38300;0
38301;0
38302;1
38303;0
38304;1
38305;35
38306;37
38307;36
38308;0
38309;1
38310;0
38311;1
38312;0
38313;0
38314;1
38315;1
38316;0
38317;0
38318;1
38319;2
38320;0
38321;0
38322;1
38323;1
38324;0
38325;0
38326;35
38327;36
38328;0
38329;0
38330;1
38331;0
38332;36
38333;35
38334;0
38335;29
38336;1
38337;0
38338;0
38339;0
38340;1
38341;0
38342;1
38343;0
38344;2
38345;0
38346;0
38347;7
38348;6
38349;1
38350;0
38351;1
38352;0
38353;0
38354;1
38355;0
38356;0
38357;1
38358;0
38359;1
38360;0
38361;0
38362;1
38363;36
38364;35
38365;0
38366;0
38367;0
38368;1
38369;2
38370;0
38371;1
38372;0
38373;1
38374;0
38375;0
38376;1
38377;55
38378;35
38379;36
38380;37
38381;0
38382;2
38383;1
38384;0
38385;1
38386;1
38387;0
38388;37
38389;38
38390;40
38391;0
38392;1
38393;2
38394;0
38395;1
38396;0
38397;0
38398;0
38399;1
38400;47
38401;0
38402;0
38403;1
38404;0
38405;1
38406;1
38407;0
38408;0
38409;0
38410;0
38411;1
38412;0
38413;0
38414;1
38415;0
38416;1
38417;2
38418;0
38419;1
38420;0
38421;0
38422;1
38423;39
38424;0
38425;1
38426;0
38427;0
38428;1
38429;0
38430;1
38431;0
38432;1
38433;0
38434;1
38435;0
38436;0
38437;1
38438;0
38439;1
38440;0
38441;1
38442;1
38443;0
38444;0
38445;2
38446;1
38447;0
38448;1
38449;0
38450;1
38451;0
38452;0
38453;1
38454;0
38455;1
38456;0
38457;1
38458;2
38459;0
38460;1
38461;0
38462;1
38463;0
38464;1
38465;0
38466;0
38467;0
38468;1
38469;0
38470;1
38471;0
38472;1
38473;40
38474;41
38475;0
38476;0
38477;1
38478;0
38479;1
38480;2
38481;0
38482;1
38483;1
38484;0
38485;0
38486;1
38487;0
38488;0
38489;1
38490;52
38491;47
38492;41
38493;48
38494;0
38495;0
38496;1
38497;0
38498;0
38499;1
38500;0
38501;0
38502;0
38503;1
38504;0
38505;1
38506;0
38507;0
38508;0
38509;0
38510;1
38511;1
38512;0
38513;0
38514;1
38515;2
38516;3
38517;0
38518;1
38519;0
38520;1
38521;0
38522;0
38523;1
38524;35
38525;0
38526;1
38527;0
38528;1
38529;0
38530;0
38531;1
38532;0
38533;0
38534;38
38535;1
38536;40
38537;0
38538;1
38539;0
38540;1
38541;0
38542;1
38543;23
38544;22
38545;0
38546;0
38547;2
38548;1
38549;0
38550;1
38551;0
38552;0
38553;0
38554;1
38555;0
38556;1
38557;0
38558;41
38559;39
38560;40
38561;0
38562;1
38563;0
38564;1
38565;1
38566;0
38567;0
38568;1
38569;2
38570;0
38571;1
38572;1
38573;0
38574;0
38575;1
38576;1
38577;0
38578;0
38579;1
38580;0
38581;1
38582;0
38583;0
38584;1
38585;36
38586;35
38587;0
38588;2
38589;1
38590;36
38591;35
38592;0
38593;40
38594;1
38595;41
38596;0
38597;24
38598;1
38599;40
38600;0
38601;1
38602;1
38603;0
38604;0
38605;1
38606;0
38607;0
38608;1
38609;4
38610;0
38611;1
38612;2
38613;1
38614;0
38615;1
38616;0
38617;0
38618;0
38619;1
38620;0
38621;1
38622;0
38623;1
38624;0
38625;1
38626;0
38627;0
38628;1
38629;51
38630;0
38631;53
38632;52
38633;0
38634;1
38635;0
38636;1
38637;0
38638;1
38639;16
38640;17
38641;0
38642;1
38643;1
38644;0
38645;0
38646;1
38647;0
38648;1
38649;0
38650;1
38651;0
38652;1
38653;0
38654;2
38655;0
38656;1
38657;0
38658;1
38659;35
38660;36
38661;0
38662;1
38663;0
38664;0
38665;1
38666;0
38667;2
38668;1
38669;0
38670;1
38671;0
38672;0
38673;1
38674;0
38675;2
38676;1
38677;0
38678;0
38679;0
38680;0
38681;1
38682;0
38683;0
38684;0
38685;0
38686;1
38687;0
38688;1
38689;0
38690;0
38691;1
38692;1
38693;0
38694;0
38695;1
38696;4
38697;0
38698;1
38699;0
38700;1
38701;0
38702;0
38703;1
38704;0
38705;0
38706;1
38707;3
38708;2
38709;0
38710;0
38711;1
38712;0
38713;0
38714;1
38715;0
38716;0
38717;1
38718;0
38719;1
38720;0
38721;2
38722;0
38723;1
38724;0
38725;0
38726;0
38727;0
38728;0
38729;0
38730;40
38731;1
38732;39
38733;0
38734;0
38735;0
38736;0
38737;1
38738;0
38739;1
38740;0
38741;0
38742;1
38743;0
38744;0
38745;1
38746;0
38747;0
38748;0
38749;1
38750;0
38751;0
38752;1
38753;0
38754;0
38755;1
38756;1
38757;0
38758;0
38759;0
38760;1
38761;0
38762;2
38763;1
38764;0
38765;1
38766;0
38767;1
38768;0
38769;1
38770;0
38771;1
38772;0
38773;40
38774;41
38775;0
38776;0
38777;1
38778;6
38779;8
38780;9
38781;0
38782;0
38783;0
38784;1
38785;0
38786;1
38787;0
38788;2
38789;1
38790;1
38791;0
38792;1
38793;0
38794;0
38795;1
38796;0
38797;0
38798;35
38799;0
38800;0
38801;38
38802;0
38803;41
38804;39
38805;0
38806;1
38807;1
38808;0
38809;0
38810;1
38811;0
38812;0
38813;0
38814;1
38815;0
38816;1
38817;0
38818;1
38819;0
38820;0
38821;0
38822;0
38823;1
38824;4
38825;6
38826;3
38827;0
38828;1
38829;6
38830;8
38831;0
38832;0
38833;0
38834;1
38835;0
38836;0
38837;0
38838;11
38839;1
38840;49
38841;0
38842;47
38843;0
38844;2
38845;1
38846;0
38847;0
38848;0
38849;0
38850;0
38851;1
38852;0
38853;1
38854;0
38855;1
38856;0
38857;40
38858;0
38859;1
38860;42
38861;1
38862;0
38863;0
38864;1
38865;0
38866;0
38867;0
38868;0
38869;1
38870;49
38871;48
38872;0
38873;1
38874;0
38875;1
38876;0
38877;0
38878;0
38879;0
38880;1
38881;0
38882;1
38883;0
38884;1
38885;0
38886;0
38887;1
38888;0
38889;1
38890;0
38891;1
38892;0
38893;35
38894;15
38895;1
38896;0
38897;1
38898;0
38899;0
38900;1
38901;0
38902;1
38903;1
38904;0
38905;0
38906;41
38907;0
38908;0
38909;1
38910;1
38911;0
38912;0
38913;0
38914;1
38915;0
38916;1
38917;0
38918;0
38919;0
38920;0
38921;35
38922;36
38923;0
38924;1
38925;0
38926;1
38927;0
38928;70
38929;71
38930;0
38931;1
38932;0
38933;1
38934;0
38935;0
38936;0
38937;1
38938;0
38939;1
38940;0
38941;0
38942;1
38943;0
38944;0
38945;1
38946;0
38947;1
38948;2
38949;0
38950;1
38951;1
38952;0
38953;19
38954;10
38955;18
38956;0
38957;1
38958;64
38959;1
38960;0
38961;0
38962;1
38963;40
38964;0
38965;1
38966;0
38967;0
38968;1
38969;1
38970;0
38971;1
38972;0
38973;0
38974;0
38975;0
38976;1
38977;0
38978;1
38979;2
38980;0
38981;1
38982;0
38983;1
38984;2
38985;1
38986;0
38987;24
38988;5
38989;0
38990;6
38991;8
38992;10
38993;20
38994;0
38995;19
38996;21
38997;0
38998;0
38999;21
39000;0
39001;1
39002;1
39003;0
39004;58
39005;44
39006;1
39007;0
39008;0
39009;1
39010;1
39011;0
39012;0
39013;41
39014;1
39015;0
39016;0
39017;1
39018;0
39019;61
39020;0
39021;1
39022;0
39023;1
39024;0
39025;0
39026;1
39027;0
39028;1
39029;0
39030;1
39031;0
39032;1
39033;0
39034;1
39035;0
39036;1
39037;0
39038;0
39039;1
39040;0
39041;1
39042;0
39043;0
39044;1
39045;0
39046;9
39047;35
39048;10
39049;36
39050;41
39051;1
39052;0
39053;1
39054;0
39055;0
39056;0
39057;1
39058;0
39059;10
39060;1
39061;0
39062;11
39063;15
39064;17
39065;18
39066;0
39067;16
39068;50
39069;52
39070;35
39071;44
39072;51
39073;0
39074;1
39075;1
39076;0
39077;0
39078;0
39079;0
39080;7
39081;1
39082;8
39083;0
39084;1
39085;1
39086;0
39087;0
39088;1
39089;0
39090;0
39091;0
39092;0
39093;1
39094;0
39095;1
39096;0
39097;1
39098;0
39099;0
39100;0
39101;1
39102;0
39103;1
39104;0
39105;0
39106;1
39107;0
39108;1
39109;0
39110;1
39111;0
39112;0
39113;1
39114;1
39115;0
39116;0
39117;1
39118;0
39119;1
39120;0
39121;1
39122;2
39123;1
39124;0
39125;0
39126;1
39127;1
39128;0
39129;0
39130;0
39131;0
39132;0
39133;1
39134;0
39135;1
39136;0
39137;1
39138;1
39139;0
39140;0
39141;1
39142;0
39143;1
39144;0
39145;0
39146;1
39147;2
39148;1
39149;0
39150;1
39151;0
39152;1
39153;0
39154;0
39155;0
39156;0
39157;1
39158;0
39159;0
39160;0
39161;2
39162;1
39163;0
39164;1
39165;0
39166;0
39167;0
39168;1
39169;0
39170;1
39171;1
39172;0
39173;0
39174;1
39175;0
39176;1
39177;0
39178;1
39179;1
39180;0
39181;0
39182;1
39183;0
39184;0
39185;0
39186;1
39187;0
39188;1
39189;0
39190;0
39191;1
39192;0
39193;1
39194;0
39195;1
39196;0
39197;41
39198;0
39199;42
39200;2
39201;44
39202;1
39203;0
39204;1
39205;0
39206;0
39207;1
39208;0
39209;1
39210;7
39211;6
39212;0
39213;1
39214;0
39215;44
39216;1
39217;0
39218;0
39219;1
39220;44
39221;0
39222;0
39223;22
39224;24
39225;1
39226;0
39227;0
39228;1
39229;0
39230;1
39231;0
39232;1
39233;0
39234;1
39235;0
39236;1
39237;1
39238;0
39239;0
39240;35
39241;0
39242;0
39243;0
39244;1
39245;0
39246;1
39247;0
39248;0
39249;0
39250;1
39251;0
39252;1
39253;0
39254;63
39255;36
39256;35
39257;64
39258;0
39259;0
39260;1
39261;0
39262;0
39263;0
39264;1
39265;1
39266;0
39267;1
39268;0
39269;0
39270;1
39271;0
39272;1
39273;1
39274;0
39275;0
39276;1
39277;0
39278;1
39279;0
39280;1
39281;0
39282;1
39283;2
39284;0
39285;0
39286;1
39287;0
39288;1
39289;0
39290;1
39291;1
39292;0
39293;0
39294;0
39295;1
39296;0
39297;0
39298;1
39299;0
39300;0
39301;0
39302;1
39303;0
39304;0
39305;0
39306;0
39307;1
39308;48
39309;0
39310;1
39311;0
39312;1
39313;0
39314;1
39315;2
39316;1
39317;0
39318;0
39319;1
39320;0
39321;0
39322;1
39323;0
39324;2
39325;1
39326;0
39327;1
39328;0
39329;1
39330;0
39331;1
39332;45
39333;56
39334;0
39335;1
39336;35
39337;0
39338;1
39339;0
39340;1
39341;0
39342;0
39343;0
39344;0
39345;1
39346;2
39347;0
39348;0
39349;1
39350;18
39351;19
39352;10
39353;17
39354;0
39355;0
39356;0
39357;1
39358;1
39359;0
39360;0
39361;2
39362;1
39363;0
39364;0
39365;1
39366;0
39367;0
39368;1
39369;0
39370;35
39371;0
39372;0
39373;1
39374;0
39375;0
39376;0
39377;0
39378;1
39379;1
39380;0
39381;0
39382;0
39383;1
39384;0
39385;1
39386;0
39387;1
39388;1
39389;0
39390;0
39391;1
39392;0
39393;1
39394;0
39395;0
39396;0
39397;1
39398;0
39399;0
39400;0
39401;1
39402;0
39403;1
39404;0
39405;47
39406;2
39407;35
39408;37
39409;36
39410;0
39411;1
39412;1
39413;0
39414;0
39415;0
39416;0
39417;0
39418;1
39419;0
39420;1
39421;1
39422;0
39423;1
39424;0
39425;0
39426;1
39427;40
39428;0
39429;1
39430;0
39431;1
39432;0
39433;0
39434;0
39435;0
39436;1
39437;35
39438;0
39439;0
39440;1
39441;0
39442;1
39443;0
39444;0
39445;0
39446;1
39447;0
39448;35
39449;0
39450;1
39451;0
39452;0
39453;0
39454;1
39455;0
39456;1
39457;0
39458;40
39459;0
39460;1
39461;0
39462;0
39463;1
39464;0
39465;0
39466;48
39467;0
39468;1
39469;0
39470;0
39471;0
39472;1
39473;0
39474;0
39475;0
39476;0
39477;0
39478;1
39479;0
39480;0
39481;1
39482;0
39483;0
39484;1
39485;0
39486;1
39487;0
39488;1
39489;0
39490;1
39491;0
39492;0
39493;1
39494;0
39495;0
39496;1
39497;0
39498;1
39499;0
39500;1
39501;0
39502;1
39503;0
39504;1
39505;2
39506;0
39507;1
39508;0
39509;1
39510;2
39511;0
39512;0
39513;1
39514;0
39515;1
39516;0
39517;1
39518;35
39519;36
39520;0
39521;0
39522;1
39523;0
39524;0
39525;0
39526;0
39527;0
39528;1
39529;0
39530;1
39531;0
39532;0
39533;0
39534;1
39535;0
39536;1
39537;2
39538;0
39539;1
39540;0
39541;0
39542;1
39543;36
39544;35
39545;0
39546;1
39547;0
39548;0
39549;1
39550;0
39551;0
39552;0
39553;0
39554;40
39555;1
39556;39
39557;0
39558;1
39559;0
39560;0
39561;1
39562;0
39563;1
39564;0
39565;0
39566;1
39567;0
39568;30
39569;2
39570;0
39571;0
39572;0
39573;1
39574;0
39575;31
39576;33
39577;34
39578;36
39579;32
39580;0
39581;1
39582;0
39583;1
39584;0
39585;0
39586;0
39587;0
39588;2
39589;1
39590;0
39591;0
39592;35
39593;36
39594;37
39595;0
39596;1
39597;0
39598;41
39599;1
39600;0
39601;0
39602;1
39603;0
39604;1
39605;0
39606;2
39607;1
39608;0
39609;1
39610;35
39611;36
39612;1
39613;0
39614;0
39615;0
39616;2
39617;0
39618;1
39619;0
39620;0
39621;1
39622;0
39623;0
39624;1
39625;0
39626;0
39627;0
39628;0
39629;2
39630;1
39631;0
39632;0
39633;1
39634;0
39635;1
39636;1
39637;0
39638;0
39639;0
39640;1
39641;1
39642;0
39643;41
39644;0
39645;43
39646;1
39647;1
39648;0
39649;1
39650;0
39651;2
39652;1
39653;0
39654;0
39655;1
39656;0
39657;1
39658;0
39659;1
39660;0
39661;1
39662;0
39663;35
39664;36
39665;0
39666;0
39667;1
39668;2
39669;0
39670;0
39671;44
39672;0
39673;45
39674;10
39675;11
39676;0
39677;1
39678;2
39679;0
39680;1
39681;1
39682;0
39683;0
39684;0
39685;0
39686;1
39687;1
39688;0
39689;0
39690;1
39691;0
39692;1
39693;0
39694;1
39695;0
39696;1
39697;0
39698;0
39699;2
39700;1
39701;0
39702;0
39703;0
39704;1
39705;35
39706;0
39707;1
39708;1
39709;0
39710;0
39711;1
39712;0
39713;1
39714;0
39715;0
39716;0
39717;1
39718;19
39719;20
39720;2
39721;36
39722;35
39723;1
39724;0
39725;0
39726;1
39727;0
39728;0
39729;1
39730;35
39731;37
39732;36
39733;0
39734;1
39735;0
39736;0
39737;0
39738;1
39739;0
39740;1
39741;0
39742;1
39743;0
39744;0
39745;1
39746;0
39747;1
39748;0
39749;0
39750;1
39751;0
39752;1
39753;0
39754;1
39755;2
39756;0
39757;2
39758;40
39759;0
39760;1
39761;41
39762;0
39763;1
39764;35
39765;36
39766;0
39767;1
39768;1
39769;0
39770;35
39771;36
39772;37
39773;59
39774;58
39775;0
39776;0
39777;35
39778;1
39779;77
39780;0
39781;0
39782;1
39783;1
39784;0
39785;0
39786;2
39787;1
39788;0
39789;1
39790;0
39791;35
39792;36
39793;1
39794;0
39795;0
39796;1
39797;2
39798;0
39799;1
39800;0
39801;49
39802;48
39803;1
39804;0
39805;0
39806;0
39807;0
39808;0
39809;0
39810;1
39811;0
39812;1
39813;0
39814;1
39815;0
39816;1
39817;0
39818;1
39819;0
39820;2
39821;1
39822;0
39823;1
39824;0
39825;0
39826;0
39827;0
39828;1
39829;1
39830;0
39831;0
39832;1
39833;0
39834;1
39835;0
39836;0
39837;0
39838;1
39839;0
39840;1
39841;0
39842;0
39843;0
39844;1
39845;0
39846;6
39847;1
39848;8
39849;7
39850;0
39851;1
39852;0
39853;0
39854;0
39855;0
39856;2
39857;1
39858;2
39859;0
39860;1
39861;0
39862;1
39863;0
39864;1
39865;0
39866;0
39867;1
39868;0
39869;0
39870;0
39871;2
39872;1
39873;0
39874;1
39875;0
39876;35
39877;12
39878;36
39879;11
39880;0
39881;0
39882;1
39883;0
39884;1
39885;0
39886;1
39887;0
39888;1
39889;2
39890;0
39891;2
39892;0
39893;0
39894;1
39895;0
39896;0
39897;1
39898;0
39899;1
39900;0
39901;1
39902;0
39903;1
39904;0
39905;1
39906;0
39907;1
39908;0
39909;1
39910;1
39911;0
39912;1
39913;0
39914;35
39915;41
39916;42
39917;0
39918;1
39919;11
39920;0
39921;10
39922;1
39923;0
39924;0
39925;2
39926;1
39927;0
39928;0
39929;0
39930;0
39931;1
39932;0
39933;0
39934;1
39935;0
39936;0
39937;0
39938;1
39939;0
39940;0
39941;1
39942;0
39943;0
39944;1
39945;0
39946;0
39947;3
39948;2
39949;0
39950;1
39951;2
39952;0
39953;1
39954;0
39955;0
39956;0
39957;1
39958;54
39959;2
39960;0
39961;1
39962;0
39963;2
39964;1
39965;0
39966;0
39967;0
39968;1
39969;1
39970;0
39971;0
39972;40
39973;41
39974;0
39975;0
39976;0
39977;1
39978;0
39979;1
39980;0
39981;1
39982;0
39983;1
39984;0
39985;1
39986;47
39987;1
39988;0
39989;0
39990;1
39991;60
39992;47
39993;0
39994;48
39995;49
39996;1
39997;0
39998;0
39999;1
40000;0
40001;0
40002;1
40003;1
40004;0
40005;0
40006;1
40007;16
40008;1
40009;19
40010;0
40011;10
40012;17
40013;0
40014;0
40015;0
40016;1
40017;0
40018;1
40019;0
40020;0
40021;1
40022;2
40023;0
40024;0
40025;2
40026;0
40027;2
40028;1
40029;0
40030;0
40031;1
40032;0
40033;1
40034;0
40035;35
40036;0
40037;0
40038;1
40039;0
40040;0
40041;0
40042;1
40043;0
40044;1
40045;0
40046;0
40047;0
40048;1
40049;1
40050;0
40051;2
40052;0
40053;0
40054;0
40055;1
40056;0
40057;0
40058;1
40059;0
40060;0
40061;1
40062;0
40063;0
40064;2
40065;0
40066;1
40067;0
40068;1
40069;2
40070;0
40071;1
40072;1
40073;0
40074;0
40075;0
40076;1
40077;0
40078;35
40079;36
40080;0
40081;1
40082;2
40083;0
40084;1
40085;0
40086;0
40087;53
40088;0
40089;1
40090;0
40091;0
40092;2
40093;0
40094;0
40095;0
40096;2
40097;1
40098;0
40099;1
40100;0
40101;1
40102;0
40103;1
40104;0
40105;1
40106;0
40107;1
40108;0
40109;1
40110;0
40111;1
40112;0
40113;0
40114;1
40115;0
40116;0
40117;0
40118;1
40119;0
40120;27
40121;12
40122;28
40123;19
40124;0
40125;2
40126;1
40127;0
40128;1
40129;0
40130;1
40131;35
40132;0
40133;0
40134;1
40135;2
40136;0
40137;0
40138;1
40139;1
40140;0
40141;0
40142;0
40143;0
40144;1
40145;0
40146;1
40147;0
40148;0
40149;1
40150;0
40151;1
40152;40
40153;0
40154;1
40155;0
40156;35
40157;0
40158;36
40159;0
40160;36
40161;35
40162;0
40163;1
40164;0
40165;0
40166;32
40167;0
40168;31
40169;1
40170;0
40171;0
40172;1
40173;0
40174;1
40175;0
40176;1
40177;0
40178;0
40179;1
40180;0
40181;1
40182;0
40183;0
40184;0
40185;0
40186;1
40187;35
40188;36
40189;0
40190;1
40191;0
40192;0
40193;0
40194;1
40195;0
40196;2
40197;1
40198;0
40199;1
40200;0
40201;1
40202;0
40203;0
40204;0
40205;1
40206;0
40207;1
40208;0
40209;1
40210;0
40211;1
40212;2
40213;1
40214;0
40215;0
40216;1
40217;1
40218;0
40219;1
40220;0
40221;0
40222;1
40223;0
40224;0
40225;0
40226;1
40227;0
40228;0
40229;1
40230;1
40231;0
40232;0
40233;1
40234;0
40235;0
40236;0
40237;1
40238;0
40239;2
40240;0
40241;1
40242;1
40243;0
40244;0
40245;1
40246;1
40247;0
40248;0
40249;1
40250;0
40251;1
40252;0
40253;0
40254;0
40255;0
40256;0
40257;0
40258;1
40259;0
40260;0
40261;1
40262;1
40263;40
40264;0
40265;41
40266;0
40267;36
40268;1
40269;40
40270;0
40271;0
40272;0
40273;0
40274;1
40275;0
40276;1
40277;0
40278;1
40279;0
40280;0
40281;1
40282;0
40283;1
40284;2
40285;0
40286;0
40287;0
40288;1
40289;0
40290;1
40291;0
40292;1
40293;0
40294;1
40295;0
40296;0
40297;0
40298;0
40299;0
40300;0
40301;0
40302;1
40303;0
40304;1
40305;0
40306;1
40307;0
40308;0
40309;1
40310;0
40311;1
40312;0
40313;0
40314;1
40315;1
40316;0
40317;0
40318;1
40319;0
40320;1
40321;0
40322;0
40323;1
40324;2
40325;0
40326;0
40327;0
40328;1
40329;0
40330;0
40331;0
40332;0
40333;0
40334;0
40335;1
40336;0
40337;0
40338;1
40339;1
40340;0
40341;0
40342;0
40343;1
40344;1
40345;0
40346;35
40347;0
40348;0
40349;0
40350;1
40351;0
40352;1
40353;0
40354;0
40355;1
40356;67
40357;0
40358;35
40359;0
40360;1
40361;0
40362;1
40363;0
40364;1
40365;0
40366;2
40367;1
40368;1
40369;0
40370;0
40371;1
40372;0
40373;1
40374;1
40375;0
40376;1
40377;0
40378;50
40379;0
40380;1
40381;0
40382;0
40383;0
40384;1
40385;0
40386;1
40387;0
40388;0
40389;0
40390;0
40391;70
40392;71
40393;0
40394;1
40395;0
40396;1
40397;1
40398;0
40399;1
40400;0
40401;0
40402;0
40403;0
40404;0
40405;1
40406;0
40407;0
40408;1
40409;1
40410;0
40411;0
40412;0
40413;0
40414;1
40415;0
40416;0
40417;1
40418;0
40419;0
40420;1
40421;0
40422;0
40423;1
40424;0
40425;1
40426;0
40427;0
40428;0
40429;1
40430;0
40431;1
40432;0
40433;0
40434;35
40435;36
40436;0
40437;1
40438;0
40439;1
40440;0
40441;1
40442;0
40443;1
40444;1
40445;0
40446;1
40447;0
40448;0
40449;2
40450;1
40451;1
40452;0
40453;0
40454;1
40455;2
40456;0
40457;0
40458;1
40459;35
40460;36
40461;0
40462;1
40463;0
40464;1
40465;0
40466;0
40467;1
40468;0
40469;1
40470;1
40471;0
40472;2
40473;0
40474;42
40475;0
40476;2
40477;1
40478;0
40479;1
40480;2
40481;0
40482;1
40483;0
40484;0
40485;1
40486;0
40487;1
40488;0
40489;0
40490;35
40491;36
40492;0
40493;1
40494;0
40495;1
40496;4
40497;0
40498;1
40499;0
40500;1
40501;0
40502;37
40503;38
40504;0
40505;1
40506;0
40507;1
40508;0
40509;1
40510;0
40511;1
40512;0
40513;1
40514;0
40515;35
40516;1
40517;0
40518;0
40519;1
40520;0
40521;0
40522;1
40523;0
40524;0
40525;0
40526;1
40527;0
40528;1
40529;50
40530;0
40531;0
40532;0
40533;1
40534;0
40535;0
40536;0
40537;0
40538;0
40539;1
40540;0
40541;0
40542;1
40543;36
40544;35
40545;0
40546;0
40547;0
40548;1
40549;2
40550;1
40551;0
40552;2
40553;1
40554;0
40555;0
40556;35
40557;36
40558;0
40559;1
40560;0
40561;1
40562;0
40563;1
40564;0
40565;1
40566;0
40567;1
40568;0
40569;0
40570;0
40571;0
40572;1
40573;2
40574;0
40575;0
40576;0
40577;1
40578;0
40579;0
40580;23
40581;1
40582;0
40583;0
40584;1
40585;0
40586;0
40587;0
40588;0
40589;0
40590;1
40591;1
40592;0
40593;0
40594;0
40595;1
40596;2
40597;0
40598;0
40599;12
40600;1
40601;0
40602;0
40603;0
40604;0
40605;45
40606;0
40607;41
40608;0
40609;0
40610;1
40611;0
40612;0
40613;1
40614;0
40615;1
40616;1
40617;0
40618;40
40619;1
40620;0
40621;39
40622;2
40623;0
40624;1
40625;0
40626;0
40627;41
40628;43
40629;42
40630;1
40631;0
40632;0
40633;1
40634;1
40635;0
40636;0
40637;1
40638;0
40639;1
40640;0
40641;45
40642;2
40643;1
40644;0
40645;0
40646;1
40647;0
40648;0
40649;1
40650;0
40651;0
40652;0
40653;0
40654;1
40655;0
40656;1
40657;0
40658;1
40659;0
40660;1
40661;0
40662;1
40663;0
40664;1
40665;0
40666;1
40667;2
40668;0
40669;0
40670;1
40671;39
40672;0
40673;40
40674;1
40675;0
40676;1
40677;0
40678;0
40679;0
40680;0
40681;1
40682;0
40683;1
40684;0
40685;1
40686;1
40687;0
40688;1
40689;0
40690;2
40691;0
40692;0
40693;1
40694;0
40695;1
40696;0
40697;1
40698;1
40699;0
40700;2
40701;0
40702;1
40703;0
40704;2
40705;1
40706;0
40707;49
40708;52
40709;50
40710;51
40711;3
40712;4
40713;5
40714;1
40715;0
40716;0
40717;1
40718;0
40719;1
40720;0
40721;1
40722;0
40723;65
40724;44
40725;1
40726;64
40727;0
40728;1
40729;0
40730;0
40731;52
40732;0
40733;1
40734;0
40735;1
40736;0
40737;1
40738;0
40739;1
40740;1
40741;0
40742;0
40743;0
40744;1
40745;0
40746;1
40747;0
40748;1
40749;0
40750;0
40751;0
40752;0
40753;1
40754;1
40755;0
40756;0
40757;2
40758;3
40759;1
40760;0
40761;0
40762;48
40763;0
40764;0
40765;2
40766;1
40767;0
40768;35
40769;36
40770;1
40771;0
40772;0
40773;1
40774;0
40775;0
40776;1
40777;0
40778;0
40779;0
40780;1
40781;1
40782;0
40783;0
40784;0
40785;0
40786;1
40787;0
40788;0
40789;11
40790;1
40791;0
40792;0
40793;0
40794;1
40795;0
40796;1
40797;0
40798;1
40799;0
40800;1
40801;0
40802;0
40803;0
40804;0
40805;0
40806;1
40807;0
40808;0
40809;1
40810;0
40811;0
40812;1
40813;0
40814;0
40815;1
40816;0
40817;0
40818;1
40819;0
40820;1
40821;0
40822;0
40823;1
40824;0
40825;0
40826;0
40827;1
40828;0
40829;1
40830;0
40831;0
40832;0
40833;0
40834;0
40835;1
40836;0
40837;1
40838;0
40839;1
40840;0
40841;2
40842;1
40843;11
40844;0
40845;0
40846;59
40847;1
40848;2
40849;0
40850;0
40851;1
40852;39
40853;1
40854;0
40855;35
40856;36
40857;37
40858;0
40859;0
40860;1
40861;40
40862;0
40863;41
40864;0
40865;0
40866;0
40867;1
40868;0
40869;1
40870;0
40871;1
40872;1
40873;0
40874;0
40875;1
40876;2
40877;0
40878;0
40879;0
40880;0
40881;1
40882;0
40883;1
40884;1
40885;0
40886;0
40887;1
40888;0
40889;1
40890;0
40891;0
40892;0
40893;1
40894;2
40895;36
40896;35
40897;0
40898;1
40899;0
40900;0
40901;1
40902;0
40903;0
40904;1
40905;0
40906;1
40907;0
40908;0
40909;0
40910;0
40911;0
40912;35
40913;36
40914;0
40915;1
40916;0
40917;1
40918;0
40919;1
40920;0
40921;1
40922;0
40923;0
40924;1
40925;0
40926;1
40927;0
40928;1
40929;0
40930;1
40931;2
40932;3
40933;1
40934;0
40935;0
40936;0
40937;1
40938;0
40939;1
40940;0
40941;1
40942;24
40943;36
40944;35
40945;0
40946;0
40947;2
40948;1
40949;0
40950;0
40951;1
40952;2
40953;36
40954;35
40955;1
40956;0
40957;0
40958;1
40959;0
40960;1
40961;0
40962;0
40963;1
40964;0
40965;1
40966;0
40967;0
40968;1
40969;4
40970;0
40971;1
40972;0
40973;1
40974;0
40975;0
40976;1
40977;0
40978;1
40979;0
40980;1
40981;1
40982;0
40983;0
40984;1
40985;0
40986;1
40987;0
40988;0
40989;1
40990;3
40991;5
40992;4
40993;56
40994;0
40995;0
40996;82
40997;0
40998;1
40999;0
41000;0
41001;1
41002;0
41003;0
41004;1
41005;0
41006;2
41007;0
41008;0
41009;0
41010;1
41011;0
41012;0
41013;1
41014;1
41015;0
41016;0
41017;1
41018;0
41019;0
41020;2
41021;35
41022;36
41023;51
41024;50
41025;35
41026;0
41027;0
41028;1
41029;0
41030;1
41031;0
41032;0
41033;2
41034;0
41035;1
41036;0
41037;0
41038;0
41039;1
41040;2
41041;0
41042;0
41043;1
41044;0
41045;1
41046;0
41047;1
41048;0
41049;1
41050;0
41051;0
41052;1
41053;0
41054;0
41055;40
41056;41
41057;0
41058;0
41059;1
41060;0
41061;1
41062;1
41063;0
41064;0
41065;0
41066;47
41067;1
41068;48
41069;0
41070;1
41071;1
41072;0
41073;0
41074;1
41075;40
41076;0
41077;2
41078;41
41079;0
41080;0
41081;1
41082;0
41083;0
41084;0
41085;1
41086;0
41087;1
41088;0
41089;1
41090;0
41091;0
41092;0
41093;1
41094;0
41095;1
41096;0
41097;1
41098;0
41099;0
41100;1
41101;0
41102;1
41103;1
41104;0
41105;0
41106;6
41107;8
41108;35
41109;7
41110;0
41111;1
41112;0
41113;1
41114;0
41115;0
41116;1
41117;0
41118;1
41119;0
41120;12
41121;36
41122;1
41123;0
41124;1
41125;0
41126;0
41127;1
41128;0
41129;0
41130;47
41131;0
41132;0
41133;1
41134;45
41135;0
41136;1
41137;0
41138;0
41139;0
41140;1
41141;0
41142;1
41143;0
41144;44
41145;0
41146;0
41147;0
41148;2
41149;1
41150;0
41151;0
41152;1
41153;0
41154;0
41155;1
41156;2
41157;0
41158;0
41159;0
41160;1
41161;0
41162;1
41163;2
41164;0
41165;1
41166;0
41167;0
41168;0
41169;0
41170;1
41171;0
41172;1
41173;0
41174;0
41175;1
41176;21
41177;0
41178;24
41179;15
41180;22
41181;14
41182;0
41183;1
41184;0
41185;0
41186;0
41187;1
41188;0
41189;1
41190;1
41191;0
41192;35
41193;0
41194;1
41195;2
41196;0
41197;1
41198;0
41199;1
41200;0
41201;1
41202;0
41203;1
41204;2
41205;0
41206;1
41207;0
41208;0
41209;0
41210;1
41211;0
41212;0
41213;0
41214;1
41215;0
41216;1
41217;0
41218;0
41219;1
41220;1
41221;0
41222;0
41223;1
41224;22
41225;35
41226;0
41227;1
41228;0
41229;1
41230;0
41231;0
41232;1
41233;2
41234;0
41235;40
41236;0
41237;1
41238;0
41239;24
41240;0
41241;0
41242;0
41243;0
41244;2
41245;3
41246;0
41247;0
41248;1
41249;0
41250;1
41251;35
41252;36
41253;0
41254;0
41255;0
41256;1
41257;0
41258;1
41259;0
41260;1
41261;20
41262;0
41263;1
41264;0
41265;0
41266;1
41267;0
41268;1
41269;0
41270;0
41271;0
41272;0
41273;1
41274;0
41275;1
41276;1
41277;0
41278;0
41279;1
41280;6
41281;0
41282;0
41283;1
41284;3
41285;0
41286;1
41287;0
41288;1
41289;0
41290;1
41291;39
41292;41
41293;0
41294;0
41295;1
41296;1
41297;0
41298;1
41299;0
41300;0
41301;1
41302;0
41303;1
41304;2
41305;1
41306;0
41307;0
41308;2
41309;1
41310;0
41311;0
41312;2
41313;1
41314;0
41315;0
41316;0
41317;1
41318;0
41319;1
41320;0
41321;0
41322;1
41323;0
41324;1
41325;0
41326;1
41327;0
41328;0
41329;1
41330;0
41331;1
41332;0
41333;2
41334;0
41335;1
41336;2
41337;0
41338;2
41339;1
41340;0
41341;0
41342;1
41343;0
41344;1
41345;0
41346;1
41347;0
41348;1
41349;0
41350;0
41351;1
41352;0
41353;0
41354;0
41355;0
41356;0
41357;1
41358;0
41359;1
41360;0
41361;0
41362;0
41363;1
41364;0
41365;0
41366;1
41367;0
41368;0
41369;2
41370;1
41371;0
41372;1
41373;0
41374;0
41375;1
41376;0
41377;1
41378;0
41379;1
41380;0
41381;2
41382;1
41383;1
41384;0
41385;0
41386;1
41387;0
41388;0
41389;0
41390;1
41391;0
41392;0
41393;1
41394;0
41395;1
41396;0
41397;1
41398;1
41399;0
41400;0
41401;1
41402;0
41403;1
41404;0
41405;1
41406;0
41407;1
41408;0
41409;0
41410;1
41411;0
41412;0
41413;1
41414;36
41415;35
41416;0
41417;1
41418;1
41419;0
41420;0
41421;1
41422;35
41423;36
41424;0
41425;0
41426;0
41427;1
41428;0
41429;1
41430;0
41431;1
41432;0
41433;0
41434;1
41435;0
41436;0
41437;1
41438;0
41439;0
41440;1
41441;0
41442;0
41443;0
41444;0
41445;2
41446;1
41447;0
41448;1
41449;0
41450;0
41451;1
41452;1
41453;0
41454;0
41455;0
41456;1
41457;1
41458;0
41459;0
41460;1
41461;0
41462;0
41463;1
41464;0
41465;0
41466;1
41467;0
41468;0
41469;0
41470;0
41471;0
41472;0
41473;1
41474;1
41475;0
41476;0
41477;0
41478;0
41479;1
41480;0
41481;0
41482;0
41483;1
41484;0
41485;1
41486;0
41487;0
41488;0
41489;1
41490;1
41491;0
41492;0
41493;1
41494;1
41495;0
41496;0
41497;0
41498;0
41499;0
41500;1
41501;0
41502;1
41503;51
41504;52
41505;53
41506;1
41507;0
41508;1
41509;0
41510;0
41511;2
41512;1
41513;1
41514;0
41515;1
41516;0
41517;56
41518;0
41519;1
41520;0
41521;0
41522;2
41523;1
41524;0
41525;0
41526;0
41527;0
41528;1
41529;0
41530;0
41531;1
41532;1
41533;0
41534;0
41535;1
41536;35
41537;36
41538;0
41539;1
41540;0
41541;1
41542;3
41543;7
41544;6
41545;4
41546;0
41547;35
41548;0
41549;0
41550;1
41551;0
41552;0
41553;1
41554;0
41555;1
41556;0
41557;35
41558;0
41559;1
41560;0
41561;2
41562;0
41563;2
41564;40
41565;0
41566;1
41567;0
41568;0
41569;0
41570;1
41571;1
41572;0
41573;0
41574;0
41575;0
41576;2
41577;1
41578;0
41579;0
41580;1
41581;0
41582;1
41583;2
41584;0
41585;1
41586;1
41587;0
41588;0
41589;1
41590;1
41591;0
41592;0
41593;1
41594;0
41595;0
41596;43
41597;42
41598;0
41599;1
41600;0
41601;0
41602;2
41603;1
41604;0
41605;2
41606;1
41607;0
41608;36
41609;35
41610;0
41611;1
41612;0
41613;0
41614;1
41615;0
41616;1
41617;0
41618;0
41619;1
41620;1
41621;0
41622;0
41623;1
41624;0
41625;1
41626;0
41627;0
41628;1
41629;1
41630;0
41631;35
41632;1
41633;0
41634;0
41635;1
41636;1
41637;0
41638;0
41639;1
41640;0
41641;0
41642;1
41643;0
41644;0
41645;1
41646;0
41647;1
41648;2
41649;0
41650;0
41651;0
41652;1
41653;0
41654;1
41655;1
41656;0
41657;0
41658;0
41659;1
41660;1
41661;0
41662;0
41663;1
41664;2
41665;0
41666;2
41667;1
41668;0
41669;35
41670;0
41671;1
41672;0
41673;2
41674;1
41675;35
41676;47
41677;1
41678;46
41679;0
41680;44
41681;0
41682;0
41683;1
41684;0
41685;1
41686;11
41687;35
41688;36
41689;10
41690;38
41691;0
41692;0
41693;1
41694;0
41695;1
41696;0
41697;2
41698;1
41699;0
41700;1
41701;0
41702;1
41703;0
41704;1
41705;0
41706;0
41707;0
41708;1
41709;1
41710;0
41711;2
41712;1
41713;0
41714;0
41715;35
41716;1
41717;0
41718;0
41719;2
41720;1
41721;0
41722;1
41723;0
41724;0
41725;2
41726;1
41727;0
41728;0
41729;1
41730;2
41731;0
41732;1
41733;1
41734;0
41735;0
41736;0
41737;1
41738;2
41739;0
41740;1
41741;1
41742;40
41743;0
41744;0
41745;0
41746;1
41747;0
41748;1
41749;0
41750;0
41751;1
41752;0
41753;0
41754;1
41755;0
41756;1
41757;0
41758;35
41759;0
41760;1
41761;0
41762;2
41763;1
41764;1
41765;0
41766;0
41767;1
41768;1
41769;0
41770;0
41771;1
41772;1
41773;0
41774;0
41775;1
41776;0
41777;2
41778;1
41779;0
41780;1
41781;0
41782;0
41783;0
41784;1
41785;0
41786;0
41787;1
41788;0
41789;57
41790;59
41791;0
41792;0
41793;1
41794;0
41795;0
41796;1
41797;0
41798;10
41799;1
41800;0
41801;1
41802;0
41803;0
41804;0
41805;0
41806;1
41807;0
41808;1
41809;1
41810;0
41811;1
41812;0
41813;0
41814;1
41815;0
41816;0
41817;1
41818;0
41819;1
41820;0
41821;1
41822;0
41823;0
41824;1
41825;0
41826;0
41827;0
41828;0
41829;1
41830;1
41831;0
41832;0
41833;1
41834;0
41835;1
41836;0
41837;0
41838;0
41839;2
41840;1
41841;0
41842;1
41843;0
41844;0
41845;1
41846;37
41847;23
41848;38
41849;24
41850;36
41851;0
41852;1
41853;2
41854;0
41855;0
41856;1
41857;0
41858;0
41859;1
41860;0
41861;0
41862;1
41863;19
41864;0
41865;1
41866;20
41867;0
41868;0
41869;0
41870;1
41871;37
41872;35
41873;36
41874;0
41875;1
41876;0
41877;1
41878;0
41879;2
41880;1
41881;0
41882;2
41883;1
41884;0
41885;1
41886;0
41887;0
41888;0
41889;1
41890;0
41891;2
41892;48
41893;1
41894;0
41895;0
41896;8
41897;15
41898;36
41899;17
41900;16
41901;0
41902;0
41903;0
41904;0
41905;1
41906;35
41907;5
41908;36
41909;0
41910;1
41911;0
41912;0
41913;1
41914;0
41915;0
41916;35
41917;36
41918;1
41919;0
41920;0
41921;1
41922;0
41923;0
41924;0
41925;1
41926;0
41927;0
41928;1
41929;1
41930;0
41931;0
41932;1
41933;0
41934;1
41935;0
41936;0
41937;0
41938;1
41939;0
41940;1
41941;1
41942;41
41943;40
41944;42
41945;0
41946;0
41947;40
41948;1
41949;41
41950;0
41951;45
41952;2
41953;44
41954;0
41955;1
41956;0
41957;0
41958;1
41959;0
41960;0
41961;1
41962;0
41963;1
41964;0
41965;0
41966;1
41967;0
41968;1
41969;0
41970;1
41971;1
41972;0
41973;0
41974;1
41975;0
41976;0
41977;41
41978;42
41979;0
41980;2
41981;0
41982;1
41983;0
41984;0
41985;3
41986;1
41987;4
41988;0
41989;1
41990;0
41991;0
41992;1
41993;0
41994;0
41995;0
41996;0
41997;0
41998;1
41999;0
42000;2
42001;1
42002;0
42003;0
42004;1
42005;0
42006;0
42007;1
42008;1
42009;0
42010;0
42011;0
42012;1
42013;0
42014;0
42015;1
42016;0
42017;1
42018;0
42019;1
42020;0
42021;1
42022;0
42023;1
42024;4
42025;0
42026;1
42027;0
42028;0
42029;1
42030;0
42031;1
42032;0
42033;48
42034;39
42035;0
42036;47
42037;1
42038;0
42039;2
42040;1
42041;0
42042;0
42043;0
42044;1
42045;0
42046;1
42047;0
42048;1
42049;0
42050;1
42051;0
42052;0
42053;0
42054;1
42055;0
42056;0
42057;1
42058;0
42059;0
42060;1
42061;20
42062;0
42063;21
42064;0
42065;1
42066;0
42067;1
42068;0
42069;2
42070;0
42071;0
42072;0
42073;1
42074;2
42075;1
42076;0
42077;1
42078;0
42079;0
42080;1
42081;35
42082;36
42083;0
42084;1
42085;0
42086;1
42087;0
42088;1
42089;0
42090;2
42091;1
42092;0
42093;1
42094;2
42095;0
42096;0
42097;0
42098;0
42099;0
42100;1
42101;0
42102;1
42103;48
42104;47
42105;0
42106;0
42107;0
42108;1
42109;35
42110;36
42111;39
42112;0
42113;47
42114;48
42115;1
42116;0
42117;0
42118;1
42119;0
42120;0
42121;1
42122;21
42123;5
42124;3
42125;6
42126;4
42127;0
42128;0
42129;0
42130;1
42131;0
42132;0
42133;1
42134;53
42135;5
42136;6
42137;37
42138;35
42139;15
42140;36
42141;39
42142;0
42143;0
42144;1
42145;0
42146;0
42147;0
42148;0
42149;0
42150;0
42151;1
42152;0
42153;0
42154;35
42155;36
42156;0
42157;1
42158;0
42159;0
42160;1
42161;0
42162;0
42163;1
42164;0
42165;1
42166;0
42167;2
42168;1
42169;0
42170;1
42171;0
42172;0
42173;1
42174;0
42175;0
42176;1
42177;0
42178;0
42179;1
42180;0
42181;36
42182;35
42183;0
42184;0
42185;1
42186;0
42187;1
42188;0
42189;1
42190;0
42191;36
42192;35
42193;35
42194;0
42195;1
42196;1
42197;0
42198;0
42199;0
42200;1
42201;0
42202;0
42203;1
42204;1
42205;0
42206;0
42207;0
42208;2
42209;1
42210;0
42211;0
42212;1
42213;0
42214;1
42215;0
42216;1
42217;0
42218;0
42219;0
42220;35
42221;43
42222;41
42223;42
42224;44
42225;1
42226;0
42227;0
42228;1
42229;0
42230;0
42231;1
42232;0
42233;1
42234;0
42235;0
42236;1
42237;0
42238;1
42239;0
42240;6
42241;7
42242;0
42243;8
42244;35
42245;36
42246;1
42247;0
42248;1
42249;0
42250;0
42251;1
42252;35
42253;36
42254;0
42255;0
42256;1
42257;0
42258;1
42259;0
42260;0
42261;1
42262;1
42263;0
42264;47
42265;48
42266;0
42267;2
42268;1
42269;0
42270;2
42271;65
42272;67
42273;0
42274;0
42275;0
42276;0
42277;1
42278;0
42279;0
42280;1
42281;0
42282;1
42283;0
42284;1
42285;0
42286;1
42287;0
42288;0
42289;0
42290;0
42291;0
42292;0
42293;1
42294;0
42295;1
42296;2
42297;0
42298;0
42299;0
42300;0
42301;0
42302;1
42303;0
42304;1
42305;0
42306;1
42307;0
42308;1
42309;0
42310;0
42311;0
42312;0
42313;0
42314;0
42315;2
42316;1
42317;0
42318;0
42319;0
42320;2
42321;1
42322;0
42323;0
42324;1
42325;0
42326;0
42327;0
42328;1
42329;0
42330;0
42331;1
42332;0
42333;1
42334;19
42335;0
42336;21
42337;22
42338;13
42339;20
42340;0
42341;0
42342;1
42343;0
42344;1
42345;0
42346;1
42347;17
42348;16
42349;0
42350;1
42351;0
42352;0
42353;1
42354;0
42355;0
42356;1
42357;0
42358;0
42359;1
42360;36
42361;37
42362;0
42363;1
42364;0
42365;1
42366;2
42367;0
42368;1
42369;0
42370;0
42371;1
42372;0
42373;1
42374;0
42375;35
42376;0
42377;0
42378;1
42379;17
42380;16
42381;0
42382;0
42383;0
42384;1
42385;0
42386;0
42387;0
42388;1
42389;0
42390;1
42391;1
42392;0
42393;0
42394;0
42395;0
42396;1
42397;0
42398;0
42399;0
42400;0
42401;0
42402;0
42403;0
42404;0
42405;1
42406;0
42407;1
42408;0
42409;0
42410;0
42411;1
42412;0
42413;1
42414;0
42415;1
42416;6
42417;0
42418;0
42419;1
42420;0
42421;0
42422;1
42423;0
42424;0
42425;1
42426;21
42427;0
42428;0
42429;0
42430;2
42431;0
42432;35
42433;2
42434;1
42435;0
42436;0
42437;0
42438;0
42439;1
42440;0
42441;0
42442;0
42443;1
42444;0
42445;1
42446;2
42447;0
42448;1
42449;0
42450;0
42451;1
42452;0
42453;0
42454;1
42455;0
42456;1
42457;0
42458;1
42459;35
42460;36
42461;0
42462;0
42463;0
42464;1
42465;0
42466;1
42467;0
42468;1
42469;0
42470;0
42471;1
42472;0
42473;1
42474;0
42475;0
42476;29
42477;0
42478;30
42479;47
42480;0
42481;50
42482;48
42483;1
42484;0
42485;1
42486;0
42487;0
42488;1
42489;0
42490;1
42491;0
42492;40
42493;0
42494;42
42495;41
42496;1
42497;35
42498;39
42499;1
42500;0
42501;0
42502;0
42503;1
42504;0
42505;0
42506;0
42507;1
42508;0
42509;0
42510;0
42511;1
42512;2
42513;1
42514;0
42515;0
42516;1
42517;9
42518;20
42519;0
42520;19
42521;10
42522;1
42523;0
42524;0
42525;0
42526;0
42527;1
42528;0
42529;1
42530;0
42531;1
42532;2
42533;1
42534;0
42535;0
42536;1
42537;0
42538;1
42539;0
42540;0
42541;1
42542;0
42543;1
42544;0
42545;0
42546;1
42547;0
42548;0
42549;2
42550;1
42551;0
42552;1
42553;0
42554;1
42555;35
42556;0
42557;1
42558;0
42559;2
42560;1
42561;0
42562;1
42563;0
42564;0
42565;1
42566;1
42567;0
42568;0
42569;1
42570;0
42571;1
42572;0
42573;54
42574;53
42575;0
42576;1
42577;0
42578;0
42579;0
42580;1
42581;0
42582;0
42583;1
42584;0
42585;1
42586;15
42587;0
42588;1
42589;0
42590;0
42591;0
42592;48
42593;2
42594;49
42595;0
42596;0
42597;0
42598;0
42599;0
42600;1
42601;0
42602;0
42603;0
42604;0
42605;1
42606;0
42607;1
42608;0
42609;1
42610;0
42611;0
42612;1
42613;0
42614;1
42615;0
42616;0
42617;0
42618;2
42619;0
42620;1
42621;0
42622;1
42623;0
42624;1
42625;8
42626;9
42627;47
42628;10
42629;39
42630;1
42631;0
42632;0
42633;0
42634;1
42635;0
42636;1
42637;1
42638;0
42639;0
42640;1
42641;0
42642;0
42643;1
42644;0
42645;1
42646;0
42647;1
42648;1
42649;0
42650;0
42651;0
42652;1
42653;0
42654;1
42655;1
42656;0
42657;0
42658;1
42659;0
42660;0
42661;35
42662;0
42663;1
42664;46
42665;43
42666;47
42667;44
42668;0
42669;1
42670;0
42671;0
42672;1
42673;0
42674;1
42675;0
42676;1
42677;0
42678;0
42679;1
42680;1
42681;0
42682;0
42683;1
42684;1
42685;0
42686;0
42687;1
42688;0
42689;44
42690;1
42691;58
42692;0
42693;0
42694;0
42695;1
42696;0
42697;0
42698;1
42699;0
42700;0
42701;2
42702;1
42703;0
42704;1
42705;2
42706;0
42707;2
42708;0
42709;0
42710;1
42711;2
42712;0
42713;0
42714;1
42715;0
42716;1
42717;0
42718;0
42719;0
42720;1
42721;0
42722;1
42723;0
42724;1
42725;0
42726;0
42727;0
42728;1
42729;0
42730;0
42731;0
42732;0
42733;0
42734;0
42735;0
42736;1
42737;1
42738;0
42739;0
42740;1
42741;0
42742;0
42743;1
42744;0
42745;1
42746;0
42747;1
42748;0
42749;0
42750;0
42751;1
42752;1
42753;0
42754;0
42755;0
42756;0
42757;1
42758;0
42759;1
42760;0
42761;35
42762;37
42763;0
42764;1
42765;40
42766;41
42767;0
42768;0
42769;1
42770;2
42771;0
42772;50
42773;49
42774;0
42775;1
42776;51
42777;0
42778;1
42779;0
42780;0
42781;1
42782;0
42783;0
42784;1
42785;0
42786;1
42787;0
42788;1
42789;1
42790;0
42791;0
42792;2
42793;1
42794;35
42795;0
42796;1
42797;0
42798;0
42799;1
42800;0
42801;0
42802;1
42803;0
42804;0
42805;1
42806;0
42807;1
42808;0
42809;35
42810;0
42811;54
42812;55
42813;0
42814;0
42815;0
42816;2
42817;1
42818;0
42819;2
42820;0
42821;0
42822;1
42823;0
42824;1
42825;0
42826;2
42827;1
42828;0
42829;0
42830;1
42831;0
42832;0
42833;1
42834;0
42835;2
42836;1
42837;0
42838;0
42839;40
42840;41
42841;1
42842;0
42843;1
42844;0
42845;0
42846;1
42847;1
42848;0
42849;0
42850;1
42851;1
42852;0
42853;35
42854;36
42855;34
42856;33
42857;0
42858;0
42859;1
42860;0
42861;1
42862;0
42863;1
42864;0
42865;1
42866;11
42867;0
42868;26
42869;24
42870;0
42871;9
42872;10
42873;0
42874;35
42875;0
42876;0
42877;0
42878;2
42879;1
42880;0
42881;1
42882;0
42883;44
42884;1
42885;0
42886;1
42887;0
42888;1
42889;0
42890;56
42891;1
42892;55
42893;0
42894;0
42895;1
42896;0
42897;3
42898;1
42899;4
42900;1
42901;0
42902;0
42903;0
42904;1
42905;0
42906;1
42907;1
42908;0
42909;0
42910;0
42911;1
42912;0
42913;1
42914;0
42915;0
42916;1
42917;0
42918;0
42919;1
42920;0
42921;1
42922;0
42923;1
42924;0
42925;0
42926;0
42927;1
42928;0
42929;0
42930;2
42931;1
42932;2
42933;0
42934;0
42935;1
42936;0
42937;0
42938;1
42939;0
42940;0
42941;1
42942;0
42943;1
42944;0
42945;1
42946;0
42947;1
42948;0
42949;0
42950;0
42951;1
42952;0
42953;0
42954;1
42955;35
42956;0
42957;1
42958;0
42959;0
42960;22
42961;21
42962;0
42963;0
42964;2
42965;1
42966;0
42967;1
42968;0
42969;1
42970;0
42971;0
42972;1
42973;0
42974;1
42975;0
42976;1
42977;0
42978;2
42979;1
42980;0
42981;0
42982;1
42983;0
42984;1
42985;1
42986;0
42987;0
42988;2
42989;1
42990;0
42991;1
42992;41
42993;0
42994;44
42995;42
42996;0
42997;0
42998;1
42999;1
43000;0
43001;1
43002;0
43003;0
43004;35
43005;36
43006;0
43007;1
43008;35
43009;0
43010;1
43011;0
43012;1
43013;0
43014;0
43015;1
43016;0
43017;1
43018;0
43019;0
43020;1
43021;0
43022;0
43023;0
43024;1
43025;46
43026;3
43027;47
43028;0
43029;0
43030;10
43031;1
43032;0
43033;0
43034;0
43035;0
43036;0
43037;0
43038;1
43039;0
43040;1
43041;1
43042;0
43043;0
43044;1
43045;0
43046;0
43047;2
43048;0
43049;1
43050;1
43051;0
43052;0
43053;0
43054;1
43055;0
43056;0
43057;1
43058;0
43059;1
43060;0
43061;1
43062;0
43063;0
43064;1
43065;0
43066;1
43067;0
43068;35
43069;1
43070;0
43071;1
43072;0
43073;0
43074;0
43075;1
43076;19
43077;21
43078;0
43079;1
43080;0
43081;1
43082;0
43083;0
43084;0
43085;0
43086;2
43087;0
43088;1
43089;0
43090;0
43091;0
43092;1
43093;0
43094;2
43095;1
43096;14
43097;0
43098;1
43099;0
43100;0
43101;1
43102;0
43103;1
43104;0
43105;52
43106;44
43107;2
43108;1
43109;0
43110;1
43111;0
43112;1
43113;0
43114;0
43115;1
43116;1
43117;0
43118;1
43119;0
43120;0
43121;1
43122;1
43123;0
43124;0
43125;1
43126;0
43127;0
43128;1
43129;0
43130;1
43131;0
43132;1
43133;0
43134;1
43135;1
43136;0
43137;0
43138;1
43139;0
43140;0
43141;0
43142;1
43143;0
43144;0
43145;0
43146;1
43147;0
43148;1
43149;0
43150;0
43151;0
43152;0
43153;1
43154;0
43155;1
43156;0
43157;0
43158;1
43159;12
43160;0
43161;0
43162;1
43163;0
43164;2
43165;1
43166;0
43167;0
43168;1
43169;0
43170;0
43171;0
43172;0
43173;1
43174;1
43175;0
43176;0
43177;1
43178;0
43179;35
43180;36
43181;0
43182;1
43183;0
43184;1
43185;0
43186;0
43187;1
43188;0
43189;0
43190;1
43191;35
43192;30
43193;36
43194;31
43195;0
43196;1
43197;0
43198;0
43199;1
43200;0
43201;0
43202;0
43203;0
43204;0
43205;1
43206;0
43207;0
43208;1
43209;0
43210;0
43211;1
43212;0
43213;1
43214;0
43215;1
43216;0
43217;0
43218;0
43219;0
43220;1
43221;0
43222;0
43223;1
43224;0
43225;1
43226;0
43227;0
43228;39
43229;38
43230;0
43231;1
43232;0
43233;0
43234;0
43235;2
43236;1
43237;0
43238;0
43239;35
43240;36
43241;0
43242;0
43243;1
43244;2
43245;0
43246;1
43247;2
43248;35
43249;37
43250;36
43251;0
43252;1
43253;0
43254;1
43255;0
43256;2
43257;1
43258;0
43259;9
43260;35
43261;36
43262;1
43263;0
43264;0
43265;0
43266;39
43267;1
43268;0
43269;0
43270;0
43271;1
43272;0
43273;2
43274;35
43275;51
43276;1
43277;0
43278;1
43279;0
43280;0
43281;0
43282;1
43283;0
43284;1
43285;0
43286;1
43287;0
43288;0
43289;0
43290;46
43291;1
43292;0
43293;1
43294;0
43295;0
43296;1
43297;0
43298;2
43299;0
43300;1
43301;0
43302;0
43303;1
43304;0
43305;1
43306;0
43307;2
43308;1
43309;0
43310;1
43311;0
43312;1
43313;0
43314;0
43315;1
43316;0
43317;0
43318;0
43319;0
43320;2
43321;0
43322;0
43323;0
43324;0
43325;2
43326;1
43327;1
43328;0
43329;35
43330;36
43331;0
43332;1
43333;0
43334;1
43335;0
43336;0
43337;1
43338;0
43339;1
43340;0
43341;0
43342;1
43343;0
43344;1
43345;0
43346;0
43347;46
43348;0
43349;49
43350;2
43351;1
43352;0
43353;0
43354;1
43355;0
43356;0
43357;1
43358;0
43359;0
43360;1
43361;2
43362;0
43363;1
43364;0
43365;0
43366;1
43367;4
43368;0
43369;0
43370;0
43371;1
43372;0
43373;0
43374;1
43375;0
43376;0
43377;0
43378;0
43379;1
43380;0
43381;0
43382;0
43383;1
43384;0
43385;1
43386;0
43387;0
43388;23
43389;24
43390;25
43391;0
43392;1
43393;0
43394;1
43395;0
43396;1
43397;0
43398;1
43399;1
43400;0
43401;0
43402;1
43403;0
43404;1
43405;0
43406;0
43407;0
43408;1
43409;0
43410;0
43411;1
43412;0
43413;0
43414;0
43415;1
43416;0
43417;35
43418;36
43419;0
43420;0
43421;0
43422;0
43423;1
43424;0
43425;1
43426;0
43427;2
43428;1
43429;0
43430;0
43431;1
43432;0
43433;1
43434;1
43435;0
43436;0
43437;30
43438;21
43439;0
43440;1
43441;29
43442;0
43443;1
43444;0
43445;0
43446;1
43447;1
43448;0
43449;1
43450;0
43451;0
43452;1
43453;3
43454;4
43455;5
43456;0
43457;1
43458;2
43459;0
43460;1
43461;1
43462;0
43463;1
43464;0
43465;0
43466;1
43467;3
43468;1
43469;0
43470;4
43471;0
43472;2
43473;1
43474;0
43475;1
43476;0
43477;1
43478;1
43479;0
43480;0
43481;1
43482;0
43483;1
43484;0
43485;3
43486;1
43487;0
43488;2
43489;1
43490;0
43491;1
43492;0
43493;1
43494;0
43495;0
43496;1
43497;0
43498;1
43499;0
43500;0
43501;1
43502;2
43503;0
43504;0
43505;0
43506;1
43507;0
43508;0
43509;0
43510;1
43511;0
43512;2
43513;1
43514;1
43515;0
43516;0
43517;0
43518;58
43519;0
43520;1
43521;0
43522;1
43523;0
43524;1
43525;0
43526;1
43527;0
43528;1
43529;0
43530;0
43531;1
43532;0
43533;1
43534;2
43535;81
43536;35
43537;0
43538;1
43539;0
43540;41
43541;40
43542;0
43543;1
43544;35
43545;37
43546;36
43547;1
43548;0
43549;0
43550;1
43551;1
43552;0
43553;5
43554;35
43555;0
43556;2
43557;1
43558;0
43559;0
43560;1
43561;0
43562;0
43563;1
43564;0
43565;1
43566;0
43567;1
43568;0
43569;42
43570;41
43571;0
43572;0
43573;41
43574;42
43575;0
43576;0
43577;41
43578;0
43579;1
43580;0
43581;1
43582;49
43583;48
43584;0
43585;0
43586;0
43587;1
43588;0
43589;1
43590;0
43591;0
43592;0
43593;0
43594;1
43595;0
43596;2
43597;1
43598;1
43599;0
43600;0
43601;1
43602;0
43603;1
43604;0
43605;1
43606;1
43607;0
43608;0
43609;0
43610;1
43611;0
43612;1
43613;0
43614;0
43615;1
43616;0
43617;1
43618;0
43619;2
43620;3
43621;1
43622;0
43623;1
43624;0
43625;39
43626;1
43627;0
43628;1
43629;2
43630;0
43631;50
43632;48
43633;49
43634;0
43635;0
43636;1
43637;0
43638;0
43639;0
43640;1
43641;0
43642;1
43643;0
43644;0
43645;0
43646;1
43647;0
43648;1
43649;1
43650;0
43651;0
43652;0
43653;1
43654;0
43655;0
43656;0
43657;0
43658;40
43659;0
43660;0
43661;36
43662;35
43663;0
43664;35
43665;36
43666;0
43667;0
43668;0
43669;0
43670;1
43671;0
43672;1
43673;0
43674;0
43675;0
43676;1
43677;0
43678;0
43679;1
43680;0
43681;1
43682;0
43683;0
43684;0
43685;0
43686;0
43687;1
43688;0
43689;0
43690;1
43691;0
43692;0
43693;1
43694;0
43695;1
43696;0
43697;1
43698;0
43699;1
43700;0
43701;0
43702;0
43703;0
43704;1
43705;0
43706;1
43707;0
43708;1
43709;0
43710;0
43711;0
43712;1
43713;0
43714;0
43715;1
43716;0
43717;1
43718;0
43719;1
43720;0
43721;0
43722;1
43723;0
43724;1
43725;0
43726;1
43727;0
43728;0
43729;0
43730;1
43731;0
43732;0
43733;1
43734;0
43735;0
43736;1
43737;2
43738;0
43739;1
43740;0
43741;1
43742;0
43743;0
43744;0
43745;0
43746;1
43747;1
43748;2
43749;0
43750;1
43751;0
43752;0
43753;1
43754;0
43755;1
43756;0
43757;0
43758;1
43759;35
43760;36
43761;0
43762;1
43763;0
43764;0
43765;35
43766;36
43767;1
43768;0
43769;1
43770;0
43771;4
43772;1
43773;0
43774;0
43775;1
43776;1
43777;0
43778;0
43779;1
43780;0
43781;1
43782;37
43783;39
43784;36
43785;8
43786;38
43787;0
43788;1
43789;0
43790;1
43791;0
43792;1
43793;0
43794;1
43795;2
43796;0
43797;1
43798;0
43799;1
43800;1
43801;0
43802;0
43803;0
43804;1
43805;0
43806;1
43807;2
43808;0
43809;5
43810;1
43811;6
43812;0
43813;0
43814;1
43815;0
43816;1
43817;0
43818;1
43819;2
43820;0
43821;1
43822;1
43823;0
43824;0
43825;1
43826;48
43827;49
43828;1
43829;0
43830;0
43831;0
43832;1
43833;40
43834;41
43835;0
43836;1
43837;0
43838;0
43839;1
43840;0
43841;1
43842;1
43843;0
43844;1
43845;0
43846;0
43847;0
43848;0
43849;0
43850;1
43851;1
43852;0
43853;0
43854;1
43855;0
43856;1
43857;0
43858;1
43859;0
43860;0
43861;1
43862;47
43863;0
43864;48
43865;0
43866;1
43867;0
43868;0
43869;0
43870;1
43871;0
43872;0
43873;1
43874;0
43875;0
43876;0
43877;0
43878;2
43879;1
43880;0
43881;0
43882;0
43883;0
43884;0
43885;1
43886;60
43887;0
43888;1
43889;0
43890;1
43891;0
43892;1
43893;0
43894;1
43895;0
43896;1
43897;0
43898;1
43899;0
43900;1
43901;1
43902;0
43903;0
43904;1
43905;0
43906;1
43907;0
43908;0
43909;1
43910;0
43911;0
43912;1
43913;0
43914;1
43915;0
43916;0
43917;1
43918;32
43919;33
43920;26
43921;36
43922;0
43923;35
43924;37
43925;0
43926;1
43927;0
43928;1
43929;0
43930;0
43931;1
43932;1
43933;0
43934;0
43935;0
43936;1
43937;0
43938;0
43939;1
43940;0
43941;1
43942;0
43943;0
43944;1
43945;0
43946;0
43947;1
43948;0
43949;42
43950;0
43951;0
43952;1
43953;1
43954;0
43955;0
43956;1
43957;0
43958;1
43959;0
43960;0
43961;1
43962;1
43963;0
43964;0
43965;0
43966;1
43967;0
43968;0
43969;1
43970;0
43971;1
43972;0
43973;0
43974;1
43975;2
43976;0
43977;1
43978;2
43979;0
43980;1
43981;0
43982;1
43983;0
43984;0
43985;1
43986;0
43987;1
43988;0
43989;1
43990;2
43991;0
43992;0
43993;1
43994;0
43995;1
43996;0
43997;0
43998;1
43999;2
44000;0
44001;0
44002;0
44003;0
44004;1
44005;0
44006;0
44007;1
44008;0
44009;1
44010;0
44011;0
44012;1
44013;45
44014;0
44015;0
44016;1
44017;0
44018;0
44019;1
44020;0
44021;0
44022;0
44023;1
44024;2
44025;1
44026;0
44027;0
44028;1
44029;1
44030;0
44031;0
44032;0
44033;1
44034;1
44035;0
44036;0
44037;1
44038;0
44039;1
44040;0
44041;40
44042;0
44043;0
44044;0
44045;0
44046;0
44047;1
44048;2
44049;0
44050;4
44051;0
44052;1
44053;0
44054;0
44055;1
44056;0
44057;35
44058;17
44059;1
44060;0
44061;1
44062;0
44063;0
44064;0
44065;0
44066;0
44067;0
44068;1
44069;0
44070;0
44071;1
44072;0
44073;0
44074;0
44075;0
44076;1
44077;0
44078;0
44079;0
44080;1
44081;0
44082;47
44083;48
44084;0
44085;0
44086;1
44087;0
44088;0
44089;39
44090;0
44091;0
44092;39
44093;0
44094;1
44095;0
44096;0
44097;0
44098;0
44099;0
44100;0
44101;0
44102;0
44103;1
44104;49
44105;50
44106;0
44107;1
44108;0
44109;1
44110;0
44111;1
44112;0
44113;0
44114;1
44115;0
44116;1
44117;0
44118;1
44119;2
44120;0
44121;1
44122;0
44123;1
44124;0
44125;1
44126;1
44127;0
44128;0
44129;1
44130;0
44131;1
44132;0
44133;28
44134;1
44135;27
44136;0
44137;0
44138;0
44139;0
44140;0
44141;1
44142;0
44143;1
44144;22
44145;13
44146;0
44147;2
44148;1
44149;0
44150;0
44151;1
44152;0
44153;0
44154;1
44155;0
44156;1
44157;2
44158;0
44159;0
44160;1
44161;0
44162;0
44163;2
44164;1
44165;36
44166;35
44167;0
44168;0
44169;1
44170;0
44171;0
44172;0
44173;1
44174;0
44175;35
44176;36
44177;0
44178;1
44179;0
44180;1
44181;0
44182;1
44183;0
44184;0
44185;1
44186;0
44187;2
44188;1
44189;0
44190;2
44191;1
44192;1
44193;0
44194;0
44195;0
44196;1
44197;1
44198;0
44199;0
44200;1
44201;0
44202;1
44203;0
44204;0
44205;1
44206;0
44207;0
44208;1
44209;0
44210;1
44211;0
44212;1
44213;0
44214;39
44215;0
44216;1
44217;61
44218;0
44219;1
44220;0
44221;0
44222;0
44223;0
44224;0
44225;0
44226;1
44227;0
44228;1
44229;0
44230;0
44231;0
44232;0
44233;1
44234;0
44235;0
44236;0
44237;1
44238;0
44239;0
44240;1
44241;2
44242;0
44243;0
44244;42
44245;1
44246;41
44247;0
44248;1
44249;1
44250;0
44251;0
44252;1
44253;2
44254;0
44255;0
44256;1
44257;0
44258;0
44259;35
44260;36
44261;0
44262;0
44263;1
44264;1
44265;0
44266;1
44267;0
44268;2
44269;0
44270;1
44271;0
44272;0
44273;0
44274;1
44275;0
44276;1
44277;0
44278;1
44279;0
44280;0
44281;0
44282;1
44283;0
44284;0
44285;1
44286;1
44287;0
44288;0
44289;1
44290;1
44291;0
44292;1
44293;0
44294;0
44295;1
44296;1
44297;0
44298;0
44299;1
44300;0
44301;1
44302;0
44303;1
44304;2
44305;1
44306;0
44307;1
44308;0
44309;1
44310;0
44311;0
44312;0
44313;0
44314;1
44315;1
44316;0
44317;2
44318;0
44319;0
44320;1
44321;35
44322;0
44323;1
44324;0
44325;1
44326;0
44327;1
44328;0
44329;0
44330;0
44331;1
44332;0
44333;1
44334;0
44335;0
44336;1
44337;0
44338;35
44339;0
44340;0
44341;1
44342;0
44343;0
44344;1
44345;0
44346;0
44347;42
44348;40
44349;1
44350;0
44351;0
44352;1
44353;35
44354;1
44355;0
44356;2
44357;0
44358;1
44359;0
44360;1
44361;0
44362;0
44363;1
44364;35
44365;46
44366;36
44367;6
44368;0
44369;1
44370;0
44371;1
44372;1
44373;0
44374;0
44375;0
44376;47
44377;0
44378;1
44379;0
44380;0
44381;1
44382;53
44383;0
44384;2
44385;0
44386;0
44387;1
44388;1
44389;0
44390;0
44391;1
44392;0
44393;0
44394;0
44395;1
44396;0
44397;0
44398;0
44399;0
44400;1
44401;0
44402;1
44403;0
44404;1
44405;2
44406;0
44407;39
44408;0
44409;0
44410;1
44411;0
44412;1
44413;0
44414;0
44415;35
44416;0
44417;1
44418;1
44419;0
44420;0
44421;0
44422;0
44423;1
44424;1
44425;0
44426;0
44427;1
44428;2
44429;0
44430;0
44431;1
44432;1
44433;0
44434;0
44435;2
44436;0
44437;36
44438;1
44439;0
44440;1
44441;43
44442;54
44443;53
44444;2
44445;0
44446;0
44447;1
44448;0
44449;0
44450;1
44451;0
44452;0
44453;0
44454;1
44455;1
44456;0
44457;0
44458;0
44459;0
44460;1
44461;0
44462;0
44463;1
44464;23
44465;41
44466;42
44467;0
44468;1
44469;0
44470;0
44471;1
44472;1
44473;0
44474;0
44475;0
44476;0
44477;0
44478;0
44479;1
44480;0
44481;1
44482;0
44483;1
44484;0
44485;0
44486;0
44487;0
44488;0
44489;0
44490;0
44491;1
44492;48
44493;0
44494;0
44495;1
44496;0
44497;1
44498;2
44499;0
44500;1
44501;1
44502;0
44503;0
44504;0
44505;35
44506;36
44507;0
44508;1
44509;0
44510;1
44511;0
44512;1
44513;0
44514;1
44515;40
44516;1
44517;41
44518;0
44519;0
44520;0
44521;21
44522;1
44523;0
44524;1
44525;0
44526;2
44527;1
44528;1
44529;2
44530;0
44531;0
44532;0
44533;0
44534;1
44535;0
44536;0
44537;0
44538;1
44539;2
44540;0
44541;1
44542;0
44543;2
44544;1
44545;0
44546;0
44547;0
44548;0
44549;0
44550;1
44551;0
44552;0
44553;0
44554;0
44555;1
44556;0
44557;40
44558;0
44559;1
44560;2
44561;0
44562;44
44563;0
44564;1
44565;0
44566;1
44567;0
44568;1
44569;1
44570;0
44571;0
44572;2
44573;1
44574;1
44575;0
44576;0
44577;0
44578;1
44579;0
44580;0
44581;0
44582;1
44583;0
44584;0
44585;0
44586;0
44587;1
44588;4
44589;0
44590;0
44591;2
44592;1
44593;0
44594;0
44595;1
44596;0
44597;1
44598;1
44599;0
44600;0
44601;0
44602;2
44603;1
44604;2
44605;0
44606;1
44607;35
44608;0
44609;47
44610;1
44611;2
44612;0
44613;58
44614;59
44615;55
44616;0
44617;1
44618;0
44619;0
44620;11
44621;12
44622;4
44623;0
44624;1
44625;0
44626;0
44627;1
44628;0
44629;1
44630;0
44631;1
44632;35
44633;37
44634;36
44635;0
44636;0
44637;35
44638;0
44639;1
44640;35
44641;36
44642;72
44643;70
44644;50
44645;49
44646;73
44647;0
44648;1
44649;0
44650;0
44651;1
44652;0
44653;1
44654;1
44655;28
44656;27
44657;0
44658;1
44659;0
44660;1
44661;0
44662;1
44663;0
44664;1
44665;0
44666;0
44667;2
44668;1
44669;35
44670;1
44671;0
44672;0
44673;2
44674;1
44675;0
44676;2
44677;0
44678;1
44679;1
44680;0
44681;0
44682;0
44683;1
44684;0
44685;1
44686;0
44687;1
44688;0
44689;0
44690;0
44691;1
44692;0
44693;0
44694;1
44695;0
44696;1
44697;0
44698;1
44699;1
44700;0
44701;0
44702;1
44703;0
44704;0
44705;1
44706;0
44707;37
44708;1
44709;0
44710;1
44711;0
44712;0
44713;0
44714;2
44715;1
44716;0
44717;0
44718;0
44719;3
44720;2
44721;1
44722;0
44723;0
44724;1
44725;0
44726;1
44727;0
44728;1
44729;0
44730;0
44731;0
44732;39
44733;0
44734;1
44735;0
44736;1
44737;0
44738;1
44739;2
44740;0
44741;0
44742;1
44743;0
44744;0
44745;1
44746;0
44747;0
44748;1
44749;0
44750;0
44751;1
44752;36
44753;35
44754;0
44755;1
44756;1
44757;0
44758;0
44759;0
44760;1
44761;0
44762;1
44763;35
44764;0
44765;0
44766;1
44767;2
44768;1
44769;0
44770;0
44771;1
44772;0
44773;1
44774;0
44775;0
44776;0
44777;1
44778;0
44779;2
44780;1
44781;0
44782;1
44783;0
44784;0
44785;1
44786;0
44787;0
44788;0
44789;2
44790;0
44791;1
44792;1
44793;0
44794;0
44795;35
44796;0
44797;1
44798;0
44799;0
44800;1
44801;0
44802;0
44803;76
44804;74
44805;0
44806;1
44807;0
44808;0
44809;1
44810;1
44811;0
44812;2
44813;0
44814;1
44815;0
44816;0
44817;31
44818;33
44819;34
44820;0
44821;0
44822;1
44823;0
44824;1
44825;0
44826;0
44827;1
44828;1
44829;0
44830;0
44831;2
44832;0
44833;2
44834;1
44835;1
44836;0
44837;0
44838;1
44839;0
44840;0
44841;0
44842;1
44843;0
44844;5
44845;0
44846;0
44847;1
44848;0
44849;0
44850;0
44851;1
44852;0
44853;1
44854;0
44855;1
44856;35
44857;36
44858;0
44859;1
44860;0
44861;1
44862;0
44863;0
44864;1
44865;0
44866;1
44867;0
44868;1
44869;0
44870;1
44871;0
44872;0
44873;2
44874;1
44875;0
44876;1
44877;0
44878;0
44879;1
44880;0
44881;1
44882;2
44883;0
44884;0
44885;1
44886;0
44887;0
44888;0
44889;4
44890;0
44891;1
44892;0
44893;0
44894;1
44895;0
44896;0
44897;35
44898;37
44899;0
44900;1
44901;1
44902;0
44903;1
44904;0
44905;0
44906;0
44907;1
44908;0
44909;1
44910;25
44911;24
44912;0
44913;1
44914;0
44915;1
44916;0
44917;1
44918;0
44919;0
44920;0
44921;1
44922;36
44923;35
44924;0
44925;0
44926;1
44927;27
44928;1
44929;0
44930;0
44931;0
44932;1
44933;0
44934;0
44935;0
44936;1
44937;0
44938;1
44939;0
44940;1
44941;1
44942;0
44943;1
44944;0
44945;0
44946;1
44947;0
44948;0
44949;1
44950;0
44951;1
44952;0
44953;1
44954;0
44955;0
44956;1
44957;0
44958;0
44959;1
44960;0
44961;1
44962;2
44963;1
44964;0
44965;0
44966;18
44967;19
44968;10
44969;17
44970;1
44971;0
44972;0
44973;1
44974;0
44975;63
44976;35
44977;64
44978;0
44979;1
44980;0
44981;0
44982;1
44983;0
44984;0
44985;1
44986;2
44987;0
44988;1
44989;0
44990;0
44991;1
44992;65
44993;38
44994;41
44995;40
44996;0
44997;1
44998;1
44999;0
45000;0
45001;1
45002;0
45003;0
45004;1
45005;1
45006;0
45007;0
45008;1
45009;45
45010;0
45011;2
45012;1
45013;0
45014;1
45015;0
45016;4
45017;1
45018;1
45019;0
45020;0
45021;1
45022;0
45023;1
45024;0
45025;1
45026;1
45027;0
45028;0
45029;1
45030;0
45031;0
45032;0
45033;1
45034;0
45035;1
45036;0
45037;1
45038;0
45039;1
45040;0
45041;1
45042;0
45043;1
45044;0
45045;1
45046;0
45047;1
45048;1
45049;0
45050;0
45051;0
45052;1
45053;1
45054;0
45055;0
45056;0
45057;0
45058;0
45059;1
45060;0
45061;1
45062;0
45063;0
45064;0
45065;1
45066;1
45067;0
45068;0
45069;1
45070;0
45071;1
45072;0
45073;0
45074;0
45075;1
45076;10
45077;0
45078;1
45079;11
45080;0
45081;1
45082;0
45083;2
45084;1
45085;0
45086;0
45087;1
45088;0
45089;1
45090;0
45091;0
45092;0
45093;1
45094;0
45095;0
45096;0
45097;1
45098;0
45099;1
45100;0
45101;1
45102;0
45103;1
45104;0
45105;1
45106;0
45107;0
45108;0
45109;0
45110;0
45111;1
45112;1
45113;0
45114;0
45115;35
45116;54
45117;45
45118;53
45119;55
45120;35
45121;36
45122;0
45123;0
45124;1
45125;0
45126;1
45127;0
45128;1
45129;0
45130;1
45131;2
45132;0
45133;1
45134;0
45135;1
45136;0
45137;1
45138;0
45139;1
45140;2
45141;0
45142;1
45143;0
45144;1
45145;0
45146;0
45147;0
45148;1
45149;0
45150;0
45151;1
45152;0
45153;1
45154;0
45155;1
45156;0
45157;1
45158;0
45159;1
45160;0
45161;1
45162;0
45163;0
45164;0
45165;40
45166;1
45167;41
45168;0
45169;0
45170;0
45171;1
45172;1
45173;42
45174;44
45175;0
45176;43
45177;1
45178;0
45179;35
45180;36
45181;0
45182;0
45183;2
45184;0
45185;0
45186;0
45187;1
45188;0
45189;0
45190;1
45191;35
45192;1
45193;0
45194;0
45195;1
45196;1
45197;0
45198;1
45199;0
45200;0
45201;1
45202;1
45203;0
45204;0
45205;1
45206;0
45207;1
45208;1
45209;0
45210;0
45211;1
45212;0
45213;0
45214;0
45215;1
45216;1
45217;42
45218;0
45219;30
45220;0
45221;1
45222;0
45223;1
45224;0
45225;1
45226;0
45227;1
45228;0
45229;1
45230;0
45231;1
45232;0
45233;42
45234;0
45235;41
45236;1
45237;0
45238;0
45239;6
45240;0
45241;5
45242;1
45243;0
45244;1
45245;0
45246;0
45247;1
45248;0
45249;1
45250;52
45251;0
45252;0
45253;1
45254;0
45255;1
45256;0
45257;0
45258;2
45259;0
45260;1
45261;0
45262;1
45263;0
45264;1
45265;0
45266;2
45267;1
45268;1
45269;0
45270;0
45271;1
45272;0
45273;1
45274;0
45275;1
45276;0
45277;0
45278;1
45279;0
45280;1
45281;0
45282;0
45283;1
45284;0
45285;1
45286;0
45287;1
45288;0
45289;1
45290;1
45291;0
45292;0
45293;0
45294;0
45295;0
45296;1
45297;0
45298;1
45299;0
45300;0
45301;4
45302;3
45303;1
45304;0
45305;1
45306;0
45307;1
45308;0
45309;0
45310;1
45311;0
45312;0
45313;0
45314;44
45315;0
45316;45
45317;0
45318;1
45319;0
45320;1
45321;0
45322;1
45323;0
45324;1
45325;0
45326;0
45327;0
45328;0
45329;1
45330;2
45331;0
45332;0
45333;1
45334;0
45335;1
45336;0
45337;0
45338;2
45339;0
45340;1
45341;0
45342;2
45343;1
45344;35
45345;0
45346;1
45347;1
45348;0
45349;0
45350;1
45351;2
45352;0
45353;0
45354;0
45355;1
45356;2
45357;0
45358;41
45359;0
45360;1
45361;0
45362;35
45363;0
45364;35
45365;0
45366;1
45367;0
45368;0
45369;0
45370;0
45371;0
45372;0
45373;1
45374;0
45375;1
45376;1
45377;0
45378;0
45379;0
45380;2
45381;1
45382;0
45383;1
45384;0
45385;1
45386;0
45387;0
45388;0
45389;1
45390;0
45391;1
45392;0
45393;12
45394;0
45395;1
45396;0
45397;1
45398;0
45399;0
45400;1
45401;1
45402;0
45403;0
45404;1
45405;0
45406;0
45407;1
45408;0
45409;1
45410;0
45411;0
45412;1
45413;0
45414;1
45415;0
45416;0
45417;1
45418;0
45419;1
45420;0
45421;0
45422;1
45423;1
45424;0
45425;0
45426;0
45427;0
45428;0
45429;0
45430;1
45431;0
45432;0
45433;1
45434;0
45435;1
45436;0
45437;1
45438;0
45439;0
45440;0
45441;0
45442;1
45443;0
45444;0
45445;0
45446;0
45447;0
45448;1
45449;0
45450;0
45451;1
45452;0
45453;0
45454;0
45455;1
45456;0
45457;1
45458;0
45459;0
45460;0
45461;0
45462;1
45463;14
45464;15
45465;0
45466;1
45467;0
45468;1
45469;1
45470;0
45471;0
45472;1
45473;2
45474;35
45475;0
45476;1
45477;0
45478;1
45479;0
45480;1
45481;0
45482;1
45483;0
45484;0
45485;1
45486;2
45487;0
45488;0
45489;0
45490;1
45491;0
45492;0
45493;1
45494;35
45495;67
45496;66
45497;0
45498;1
45499;0
45500;0
45501;0
45502;0
45503;0
45504;0
45505;1
45506;0
45507;1
45508;1
45509;0
45510;0
45511;1
45512;0
45513;1
45514;1
45515;0
45516;0
45517;1
45518;2
45519;3
45520;0
45521;1
45522;0
45523;1
45524;0
45525;0
45526;0
45527;1
45528;0
45529;0
45530;35
45531;0
45532;1
45533;0
45534;0
45535;0
45536;1
45537;0
45538;2
45539;1
45540;0
45541;0
45542;1
45543;0
45544;1
45545;0
45546;0
45547;1
45548;0
45549;1
45550;0
45551;0
45552;1
45553;0
45554;1
45555;0
45556;1
45557;0
45558;0
45559;0
45560;0
45561;1
45562;0
45563;1
45564;0
45565;1
45566;1
45567;0
45568;0
45569;1
45570;0
45571;1
45572;0
45573;0
45574;0
45575;0
45576;0
45577;1
45578;0
45579;0
45580;0
45581;1
45582;0
45583;1
45584;0
45585;1
45586;2
45587;0
45588;0
45589;1
45590;0
45591;1
45592;0
45593;0
45594;1
45595;0
45596;0
45597;0
45598;1
45599;0
45600;1
45601;41
45602;0
45603;0
45604;1
45605;41
45606;0
45607;0
45608;0
45609;0
45610;1
45611;0
45612;1
45613;52
45614;0
45615;1
45616;0
45617;1
45618;1
45619;2
45620;0
45621;0
45622;0
45623;1
45624;2
45625;1
45626;0
45627;0
45628;0
45629;0
45630;61
45631;62
45632;0
45633;1
45634;1
45635;0
45636;0
45637;47
45638;1
45639;1
45640;0
45641;1
45642;0
45643;0
45644;1
45645;0
45646;0
45647;1
45648;0
45649;1
45650;2
45651;42
45652;0
45653;0
45654;1
45655;0
45656;1
45657;0
45658;1
45659;0
45660;1
45661;0
45662;0
45663;1
45664;0
45665;1
45666;0
45667;0
45668;1
45669;44
45670;1
45671;0
45672;0
45673;1
45674;0
45675;1
45676;0
45677;0
45678;1
45679;0
45680;1
45681;0
45682;1
45683;0
45684;1
45685;0
45686;2
45687;1
45688;0
45689;1
45690;0
45691;1
45692;0
45693;1
45694;1
45695;0
45696;0
45697;0
45698;1
45699;0
45700;0
45701;1
45702;0
45703;47
45704;2
45705;1
45706;46
45707;0
45708;1
45709;0
45710;1
45711;1
45712;0
45713;0
45714;1
45715;0
45716;1
45717;0
45718;7
45719;6
45720;8
45721;1
45722;0
45723;0
45724;0
45725;0
45726;1
45727;0
45728;0
45729;0
45730;0
45731;1
45732;0
45733;1
45734;0
45735;1
45736;42
45737;0
45738;1
45739;0
45740;1
45741;35
45742;37
45743;0
45744;38
45745;0
45746;1
45747;0
45748;2
45749;1
45750;0
45751;0
45752;52
45753;1
45754;45
45755;0
45756;1
45757;2
45758;0
45759;1
45760;0
45761;1
45762;0
45763;1
45764;2
45765;0
45766;0
45767;1
45768;36
45769;35
45770;1
45771;0
45772;1
45773;0
45774;0
45775;1
45776;2
45777;0
45778;0
45779;1
45780;0
45781;1
45782;0
45783;1
45784;0
45785;0
45786;0
45787;1
45788;0
45789;1
45790;0
45791;1
45792;0
45793;0
45794;1
45795;0
45796;1
45797;1
45798;0
45799;0
45800;1
45801;0
45802;0
45803;1
45804;2
45805;0
45806;1
45807;0
45808;40
45809;1
45810;41
45811;36
45812;35
45813;0
45814;1
45815;1
45816;0
45817;1
45818;0
45819;0
45820;1
45821;1
45822;0
45823;1
45824;0
45825;0
45826;1
45827;0
45828;1
45829;0
45830;1
45831;0
45832;3
45833;1
45834;1
45835;0
45836;0
45837;1
45838;0
45839;0
45840;0
45841;0
45842;1
45843;0
45844;49
45845;48
45846;0
45847;50
45848;0
45849;1
45850;0
45851;1
45852;1
45853;0
45854;0
45855;0
45856;1
45857;0
45858;1
45859;0
45860;1
45861;0
45862;0
45863;0
45864;1
45865;1
45866;0
45867;0
45868;0
45869;1
45870;0
45871;2
45872;0
45873;1
45874;0
45875;0
45876;1
45877;1
45878;0
45879;1
45880;0
45881;0
45882;1
45883;0
45884;1
45885;0
45886;0
45887;1
45888;0
45889;1
45890;0
45891;0
45892;1
45893;0
45894;1
45895;0
45896;1
45897;0
45898;16
45899;0
45900;35
45901;0
45902;1
45903;0
45904;1
45905;1
45906;6
45907;0
45908;40
45909;39
45910;0
45911;0
45912;1
45913;0
45914;0
45915;0
45916;1
45917;2
45918;0
45919;0
45920;1
45921;0
45922;0
45923;1
45924;0
45925;1
45926;0
45927;2
45928;0
45929;1
45930;36
45931;35
45932;36
45933;35
45934;1
45935;0
45936;0
45937;16
45938;18
45939;9
45940;0
45941;17
45942;0
45943;0
45944;1
45945;0
45946;0
45947;36
45948;35
45949;63
45950;0
45951;0
45952;0
45953;1
45954;0
45955;0
45956;1
45957;0
45958;0
45959;1
45960;0
45961;1
45962;0
45963;1
45964;0
45965;1
45966;0
45967;0
45968;1
45969;1
45970;0
45971;0
45972;1
45973;2
45974;35
45975;36
45976;0
45977;31
45978;2
45979;1
45980;30
45981;1
45982;0
45983;0
45984;1
45985;0
45986;1
45987;0
45988;0
45989;1
45990;0
45991;0
45992;1
45993;0
45994;0
45995;1
45996;35
45997;0
45998;1
45999;0
46000;1
46001;1
46002;0
46003;0
46004;2
46005;0
46006;0
46007;0
46008;0
46009;0
46010;1
46011;0
46012;0
46013;1
46014;2
46015;0
46016;0
46017;4
46018;0
46019;1
46020;4
46021;0
46022;1
46023;0
46024;1
46025;0
46026;1
46027;2
46028;39
46029;0
46030;0
46031;1
46032;0
46033;1
46034;0
46035;0
46036;1
46037;0
46038;1
46039;0
46040;0
46041;1
46042;0
46043;0
46044;1
46045;35
46046;36
46047;0
46048;1
46049;0
46050;1
46051;0
46052;1
46053;0
46054;2
46055;1
46056;35
46057;0
46058;2
46059;0
46060;1
46061;0
46062;0
46063;1
46064;1
46065;4
46066;0
46067;0
46068;2
46069;1
46070;0
46071;0
46072;1
46073;0
46074;0
46075;0
46076;1
46077;0
46078;2
46079;1
46080;0
46081;1
46082;0
46083;1
46084;4
46085;0
46086;0
46087;1
46088;0
46089;0
46090;1
46091;0
46092;1
46093;1
46094;0
46095;0
46096;1
46097;0
46098;4
46099;0
46100;0
46101;0
46102;1
46103;0
46104;2
46105;0
46106;35
46107;36
46108;0
46109;0
46110;1
46111;0
46112;0
46113;0
46114;0
46115;0
46116;0
46117;35
46118;36
46119;0
46120;1
46121;35
46122;36
46123;0
46124;0
46125;0
46126;0
46127;1
46128;9
46129;0
46130;10
46131;35
46132;36
46133;0
46134;1
46135;0
46136;1
46137;0
46138;1
46139;1
46140;0
46141;0
46142;54
46143;58
46144;0
46145;0
46146;0
46147;1
46148;41
46149;40
46150;0
46151;1
46152;0
46153;0
46154;0
46155;1
46156;0
46157;1
46158;1
46159;0
46160;1
46161;0
46162;0
46163;0
46164;1
46165;0
46166;1
46167;0
46168;1
46169;0
46170;42
46171;0
46172;41
46173;1
46174;0
46175;2
46176;35
46177;36
46178;0
46179;0
46180;1
46181;0
46182;1
46183;0
46184;1
46185;0
46186;1
46187;1
46188;0
46189;39
46190;53
46191;52
46192;2
46193;0
46194;0
46195;1
46196;1
46197;0
46198;0
46199;35
46200;0
46201;1
46202;0
46203;0
46204;1
46205;0
46206;0
46207;0
46208;1
46209;0
46210;47
46211;1
46212;0
46213;1
46214;0
46215;1
46216;0
46217;1
46218;0
46219;1
46220;0
46221;1
46222;0
46223;1
46224;1
46225;0
46226;0
46227;0
46228;0
46229;1
46230;0
46231;1
46232;0
46233;0
46234;0
46235;1
46236;1
46237;0
46238;66
46239;68
46240;0
46241;1
46242;0
46243;1
46244;0
46245;1
46246;0
46247;0
46248;1
46249;0
46250;1
46251;1
46252;0
46253;0
46254;1
46255;2
46256;1
46257;0
46258;0
46259;0
46260;1
46261;0
46262;1
46263;1
46264;0
46265;0
46266;1
46267;0
46268;1
46269;0
46270;1
46271;1
46272;0
46273;0
46274;0
46275;0
46276;1
46277;0
46278;0
46279;1
46280;0
46281;1
46282;0
46283;0
46284;0
46285;1
46286;0
46287;35
46288;36
46289;0
46290;0
46291;0
46292;1
46293;0
46294;1
46295;1
46296;0
46297;0
46298;0
46299;1
46300;0
46301;0
46302;36
46303;35
46304;0
46305;1
46306;35
46307;36
46308;0
46309;0
46310;1
46311;2
46312;0
46313;0
46314;1
46315;0
46316;10
46317;18
46318;4
46319;2
46320;5
46321;0
46322;1
46323;35
46324;0
46325;0
46326;0
46327;1
46328;0
46329;2
46330;1
46331;0
46332;1
46333;0
46334;0
46335;1
46336;0
46337;40
46338;41
46339;0
46340;1
46341;0
46342;1
46343;1
46344;0
46345;0
46346;0
46347;0
46348;1
46349;1
46350;0
46351;0
46352;0
46353;1
46354;0
46355;1
46356;0
46357;0
46358;1
46359;0
46360;0
46361;0
46362;0
46363;1
46364;2
46365;0
46366;1
46367;41
46368;0
46369;42
46370;2
46371;1
46372;1
46373;0
46374;0
46375;0
46376;1
46377;0
46378;0
46379;1
46380;0
46381;1
46382;0
46383;0
46384;1
46385;35
46386;36
46387;0
46388;0
46389;0
46390;1
46391;43
46392;44
46393;0
46394;1
46395;1
46396;0
46397;0
46398;1
46399;0
46400;1
46401;2
46402;0
46403;1
46404;0
46405;0
46406;2
46407;1
46408;0
46409;1
46410;0
46411;0
46412;0
46413;1
46414;0
46415;1
46416;0
46417;0
46418;1
46419;1
46420;0
46421;0
46422;1
46423;0
46424;0
46425;0
46426;2
46427;1
46428;0
46429;2
46430;6
46431;0
46432;1
46433;2
46434;44
46435;1
46436;0
46437;0
46438;1
46439;0
46440;35
46441;36
46442;0
46443;0
46444;0
46445;1
46446;0
46447;0
46448;1
46449;0
46450;1
46451;0
46452;1
46453;0
46454;1
46455;0
46456;1
46457;0
46458;0
46459;0
46460;1
46461;40
46462;0
46463;1
46464;0
46465;0
46466;0
46467;1
46468;0
46469;1
46470;0
46471;1
46472;40
46473;0
46474;1
46475;0
46476;0
46477;1
46478;1
46479;0
46480;0
46481;1
46482;0
46483;1
46484;0
46485;1
46486;35
46487;0
46488;0
46489;1
46490;2
46491;0
46492;1
46493;1
46494;0
46495;0
46496;1
46497;0
46498;2
46499;1
46500;0
46501;0
46502;0
46503;0
46504;1
46505;0
46506;1
46507;1
46508;0
46509;0
46510;1
46511;0
46512;1
46513;1
46514;0
46515;0
46516;0
46517;76
46518;1
46519;0
46520;0
46521;1
46522;1
46523;0
46524;0
46525;1
46526;0
46527;1
46528;0
46529;1
46530;0
46531;1
46532;0
46533;1
46534;0
46535;1
46536;0
46537;0
46538;0
46539;1
46540;1
46541;0
46542;0
46543;1
46544;0
46545;1
46546;0
46547;0
46548;1
46549;0
46550;0
46551;1
46552;0
46553;1
46554;0
46555;1
46556;0
46557;2
46558;1
46559;0
46560;1
46561;3
46562;0
46563;1
46564;2
46565;0
46566;0
46567;1
46568;0
46569;2
46570;0
46571;0
46572;1
46573;0
46574;1
46575;0
46576;0
46577;1
46578;0
46579;0
46580;1
46581;1
46582;0
46583;0
46584;0
46585;35
46586;36
46587;37
46588;0
46589;0
46590;1
46591;0
46592;1
46593;35
46594;37
46595;36
46596;0
46597;0
46598;1
46599;68
46600;59
46601;69
46602;53
46603;35
46604;36
46605;0
46606;0
46607;1
46608;0
46609;1
46610;0
46611;0
46612;2
46613;0
46614;0
46615;0
46616;0
46617;1
46618;0
46619;0
46620;1
46621;35
46622;0
46623;0
46624;1
46625;0
46626;1
46627;0
46628;2
46629;1
46630;0
46631;1
46632;0
46633;1
46634;1
46635;0
46636;0
46637;1
46638;1
46639;0
46640;0
46641;1
46642;0
46643;0
46644;1
46645;2
46646;0
46647;36
46648;35
46649;0
46650;0
46651;1
46652;0
46653;2
46654;0
46655;34
46656;35
46657;1
46658;0
46659;0
46660;1
46661;1
46662;0
46663;0
46664;1
46665;0
46666;1
46667;0
46668;1
46669;0
46670;0
46671;0
46672;18
46673;1
46674;1
46675;0
46676;0
46677;2
46678;1
46679;0
46680;0
46681;1
46682;0
46683;35
46684;0
46685;1
46686;1
46687;0
46688;0
46689;0
46690;0
46691;1
46692;1
46693;0
46694;3
46695;2
46696;41
46697;55
46698;0
46699;57
46700;0
46701;1
46702;0
46703;46
46704;47
46705;49
46706;38
46707;1
46708;0
46709;68
46710;50
46711;0
46712;1
46713;2
46714;0
46715;0
46716;0
46717;0
46718;1
46719;1
46720;0
46721;35
46722;0
46723;0
46724;47
46725;1
46726;48
46727;0
46728;1
46729;0
46730;1
46731;0
46732;0
46733;2
46734;1
46735;0
46736;1
46737;0
46738;0
46739;1
46740;36
46741;35
46742;0
46743;0
46744;2
46745;44
46746;1
46747;0
46748;45
46749;0
46750;0
46751;0
46752;1
46753;0
46754;0
46755;2
46756;1
46757;1
46758;0
46759;0
46760;1
46761;0
46762;1
46763;0
46764;1
46765;0
46766;1
46767;0
46768;1
46769;0
46770;35
46771;36
46772;0
46773;0
46774;0
46775;1
46776;0
46777;35
46778;36
46779;0
46780;2
46781;0
46782;1
46783;0
46784;0
46785;1
46786;0
46787;2
46788;1
46789;0
46790;0
46791;1
46792;0
46793;0
46794;1
46795;0
46796;1
46797;0
46798;0
46799;1
46800;41
46801;0
46802;0
46803;0
46804;1
46805;20
46806;0
46807;23
46808;1
46809;21
46810;0
46811;1
46812;1
46813;0
46814;0
46815;1
46816;0
46817;1
46818;1
46819;0
46820;0
46821;0
46822;0
46823;0
46824;0
46825;0
46826;1
46827;0
46828;1
46829;0
46830;1
46831;0
46832;1
46833;1
46834;0
46835;1
46836;0
46837;27
46838;26
46839;0
46840;0
46841;1
46842;1
46843;0
46844;0
46845;1
46846;43
46847;1
46848;0
46849;0
46850;47
46851;39
46852;48
46853;0
46854;1
46855;4
46856;0
46857;1
46858;1
46859;0
46860;0
46861;0
46862;0
46863;1
46864;0
46865;1
46866;0
46867;0
46868;1
46869;0
46870;1
46871;0
46872;0
46873;29
46874;0
46875;30
46876;1
46877;0
46878;1
46879;0
46880;0
46881;0
46882;0
46883;1
46884;1
46885;0
46886;2
46887;0
46888;1
46889;0
46890;0
46891;2
46892;1
46893;0
46894;1
46895;0
46896;1
46897;0
46898;0
46899;26
46900;35
46901;36
46902;0
46903;0
46904;0
46905;0
46906;1
46907;0
46908;0
46909;0
46910;1
46911;0
46912;1
46913;0
46914;1
46915;0
46916;1
46917;0
46918;1
46919;0
46920;4
46921;0
46922;1
46923;1
46924;0
46925;0
46926;1
46927;0
46928;0
46929;1
46930;0
46931;0
46932;1
46933;0
46934;1
46935;0
46936;2
46937;3
46938;1
46939;1
46940;0
46941;0
46942;0
46943;5
46944;7
46945;0
46946;0
46947;1
46948;0
46949;0
46950;1
46951;0
46952;1
46953;0
46954;1
46955;0
46956;0
46957;36
46958;35
46959;0
46960;1
46961;2
46962;1
46963;0
46964;0
46965;1
46966;0
46967;1
46968;0
46969;2
46970;1
46971;0
46972;0
46973;1
46974;0
46975;0
46976;0
46977;2
46978;1
46979;1
46980;0
46981;1
46982;0
46983;1
46984;0
46985;0
46986;1
46987;0
46988;1
46989;0
46990;1
46991;0
46992;0
46993;1
46994;0
46995;39
46996;1
46997;41
46998;0
46999;40
47000;0
47001;1
47002;2
47003;1
47004;0
47005;0
47006;0
47007;0
47008;1
47009;35
47010;0
47011;0
47012;1
47013;0
47014;0
47015;0
47016;0
47017;0
47018;0
47019;17
47020;0
47021;20
47022;18
47023;0
47024;1
47025;1
47026;0
47027;1
47028;0
47029;1
47030;0
47031;0
47032;1
47033;0
47034;1
47035;2
47036;0
47037;1
47038;0
47039;0
47040;1
47041;0
47042;0
47043;1
47044;0
47045;2
47046;1
47047;0
47048;1
47049;0
47050;1
47051;1
47052;0
47053;0
47054;1
47055;0
47056;1
47057;0
47058;1
47059;0
47060;1
47061;0
47062;0
47063;2
47064;0
47065;1
47066;0
47067;0
47068;0
47069;1
47070;0
47071;0
47072;0
47073;0
47074;0
47075;41
47076;0
47077;0
47078;1
47079;0
47080;1
47081;0
47082;1
47083;0
47084;1
47085;0
47086;0
47087;1
47088;42
47089;0
47090;0
47091;35
47092;0
47093;0
47094;1
47095;0
47096;0
47097;0
47098;1
47099;1
47100;0
47101;0
47102;1
47103;2
47104;0
47105;0
47106;0
47107;1
47108;47
47109;48
47110;0
47111;2
47112;1
47113;0
47114;1
47115;1
47116;0
47117;0
47118;2
47119;45
47120;0
47121;0
47122;1
47123;0
47124;1
47125;0
47126;77
47127;75
47128;35
47129;76
47130;0
47131;1
47132;0
47133;0
47134;1
47135;0
47136;1
47137;2
47138;0
47139;0
47140;0
47141;0
47142;1
47143;0
47144;1
47145;0
47146;1
47147;0
47148;0
47149;1
47150;1
47151;0
47152;0
47153;0
47154;1
47155;0
47156;0
47157;1
47158;1
47159;0
47160;0
47161;1
47162;0
47163;2
47164;0
47165;1
47166;0
47167;0
47168;0
47169;1
47170;0
47171;1
47172;0
47173;0
47174;1
47175;0
47176;1
47177;0
47178;0
47179;0
47180;1
47181;0
47182;0
47183;1
47184;0
47185;1
47186;2
47187;0
47188;1
47189;0
47190;0
47191;0
47192;1
47193;2
47194;0
47195;1
47196;2
47197;0
47198;0
47199;0
47200;1
47201;0
47202;1
47203;1
47204;0
47205;0
47206;1
47207;36
47208;35
47209;0
47210;1
47211;0
47212;1
47213;0
47214;1
47215;0
47216;1
47217;1
47218;0
47219;0
47220;1
47221;0
47222;0
47223;42
47224;43
47225;0
47226;1
47227;0
47228;1
47229;0
47230;2
47231;0
47232;0
47233;0
47234;1
47235;1
47236;0
47237;35
47238;0
47239;1
47240;35
47241;0
47242;1
47243;0
47244;1
47245;0
47246;1
47247;0
47248;1
47249;0
47250;1
47251;0
47252;1
47253;0
47254;0
47255;1
47256;0
47257;1
47258;0
47259;1
47260;0
47261;44
47262;43
47263;1
47264;0
47265;1
47266;0
47267;0
47268;1
47269;0
47270;0
47271;1
47272;0
47273;21
47274;22
47275;0
47276;24
47277;0
47278;0
47279;1
47280;35
47281;36
47282;0
47283;0
47284;0
47285;0
47286;0
47287;1
47288;0
47289;1
47290;0
47291;0
47292;1
47293;1
47294;0
47295;0
47296;1
47297;0
47298;1
47299;40
47300;41
47301;42
47302;0
47303;0
47304;49
47305;0
47306;0
47307;1
47308;0
47309;1
47310;0
47311;1
47312;0
47313;1
47314;0
47315;41
47316;0
47317;40
47318;0
47319;0
47320;1
47321;1
47322;0
47323;1
47324;0
47325;0
47326;2
47327;1
47328;0
47329;39
47330;0
47331;1
47332;0
47333;1
47334;40
47335;0
47336;42
47337;44
47338;0
47339;1
47340;2
47341;1
47342;0
47343;1
47344;0
47345;0
47346;0
47347;1
47348;0
47349;1
47350;17
47351;0
47352;18
47353;1
47354;28
47355;0
47356;1
47357;0
47358;0
47359;9
47360;1
47361;0
47362;1
47363;0
47364;0
47365;0
47366;0
47367;1
47368;0
47369;0
47370;1
47371;1
47372;0
47373;47
47374;0
47375;1
47376;0
47377;1
47378;2
47379;1
47380;0
47381;0
47382;1
47383;0
47384;1
47385;2
47386;1
47387;0
47388;44
47389;41
47390;45
47391;0
47392;1
47393;0
47394;0
47395;1
47396;0
47397;1
47398;0
47399;0
47400;2
47401;1
47402;0
47403;1
47404;0
47405;1
47406;0
47407;27
47408;35
47409;36
47410;0
47411;0
47412;0
47413;1
47414;0
47415;1
47416;0
47417;1
47418;1
47419;0
47420;0
47421;1
47422;0
47423;49
47424;48
47425;0
47426;0
47427;1
47428;0
47429;1
47430;0
47431;1
47432;40
47433;42
47434;0
47435;41
47436;0
47437;1
47438;0
47439;1
47440;0
47441;1
47442;1
47443;6
47444;0
47445;1
47446;0
47447;0
47448;1
47449;0
47450;42
47451;43
47452;1
47453;0
47454;0
47455;1
47456;1
47457;0
47458;1
47459;0
47460;1
47461;0
47462;0
47463;1
47464;0
47465;0
47466;1
47467;0
47468;1
47469;2
47470;1
47471;0
47472;0
47473;1
47474;0
47475;1
47476;0
47477;45
47478;1
47479;0
47480;1
47481;0
47482;0
47483;1
47484;2
47485;0
47486;1
47487;2
47488;0
47489;0
47490;1
47491;0
47492;0
47493;1
47494;2
47495;0
47496;0
47497;0
47498;0
47499;0
47500;1
47501;0
47502;0
47503;0
47504;1
47505;1
47506;0
47507;0
47508;0
47509;0
47510;0
47511;2
47512;1
47513;0
47514;1
47515;2
47516;0
47517;0
47518;0
47519;1
47520;0
47521;1
47522;0
47523;1
47524;0
47525;1
47526;35
47527;0
47528;1
47529;1
47530;0
47531;0
47532;1
47533;0
47534;1
47535;0
47536;0
47537;0
47538;1
47539;0
47540;0
47541;1
47542;0
47543;0
47544;1
47545;0
47546;40
47547;2
47548;0
47549;1
47550;0
47551;41
47552;1
47553;44
47554;43
47555;0
47556;36
47557;75
47558;35
47559;2
47560;0
47561;1
47562;0
47563;1
47564;0
47565;1
47566;2
47567;0
47568;1
47569;0
47570;0
47571;0
47572;1
47573;0
47574;0
47575;0
47576;1
47577;0
47578;1
47579;0
47580;1
47581;2
47582;0
47583;1
47584;0
47585;1
47586;1
47587;54
47588;0
47589;0
47590;0
47591;1
47592;0
47593;0
47594;1
47595;0
47596;0
47597;0
47598;2
47599;1
47600;0
47601;1
47602;0
47603;0
47604;0
47605;1
47606;0
47607;1
47608;0
47609;0
47610;1
47611;1
47612;0
47613;0
47614;1
47615;2
47616;0
47617;1
47618;0
47619;0
47620;0
47621;1
47622;0
47623;1
47624;0
47625;0
47626;1
47627;0
47628;35
47629;36
47630;37
47631;0
47632;1
47633;0
47634;1
47635;0
47636;1
47637;0
47638;0
47639;1
47640;0
47641;1
47642;51
47643;54
47644;52
47645;0
47646;53
47647;0
47648;0
47649;1
47650;0
47651;1
47652;0
47653;0
47654;1
47655;0
47656;1
47657;3
47658;0
47659;2
47660;1
47661;0
47662;58
47663;0
47664;1
47665;0
47666;1
47667;1
47668;0
47669;0
47670;1
47671;0
47672;0
47673;1
47674;51
47675;0
47676;53
47677;35
47678;0
47679;1
47680;2
47681;1
47682;0
47683;1
47684;0
47685;35
47686;0
47687;0
47688;0
47689;1
47690;0
47691;0
47692;1
47693;0
47694;1
47695;0
47696;0
47697;25
47698;24
47699;26
47700;0
47701;0
47702;1
47703;0
47704;1
47705;44
47706;0
47707;0
47708;44
47709;0
47710;1
47711;1
47712;0
47713;0
47714;1
47715;2
47716;0
47717;0
47718;1
47719;47
47720;48
47721;0
47722;0
47723;0
47724;1
47725;0
47726;1
47727;0
47728;0
47729;1
47730;2
47731;0
47732;74
47733;75
47734;76
47735;73
47736;0
47737;1
47738;2
47739;0
47740;0
47741;2
47742;1
47743;0
47744;1
47745;0
47746;0
47747;1
47748;0
47749;1
47750;0
47751;0
47752;0
47753;1
47754;0
47755;1
47756;1
47757;0
47758;0
47759;1
47760;0
47761;1
47762;0
47763;0
47764;0
47765;35
47766;0
47767;1
47768;0
47769;0
47770;1
47771;0
47772;1
47773;1
47774;0
47775;0
47776;1
47777;0
47778;0
47779;12
47780;0
47781;22
47782;21
47783;0
47784;0
47785;41
47786;0
47787;0
47788;1
47789;0
47790;0
47791;1
47792;0
47793;1
47794;35
47795;1
47796;0
47797;0
47798;35
47799;36
47800;0
47801;1
47802;0
47803;1
47804;0
47805;1
47806;2
47807;55
47808;0
47809;1
47810;0
47811;0
47812;1
47813;0
47814;1
47815;0
47816;0
47817;1
47818;0
47819;1
47820;0
47821;1
47822;0
47823;1
47824;0
47825;1
47826;0
47827;0
47828;1
47829;0
47830;1
47831;0
47832;0
47833;0
47834;1
47835;0
47836;1
47837;0
47838;1
47839;0
47840;1
47841;0
47842;0
47843;0
47844;0
47845;1
47846;0
47847;1
47848;0
47849;1
47850;0
47851;11
47852;0
47853;40
47854;42
47855;41
47856;1
47857;2
47858;1
47859;0
47860;0
47861;1
47862;0
47863;1
47864;0
47865;1
47866;0
47867;1
47868;0
47869;1
47870;0
47871;1
47872;2
47873;0
47874;1
47875;39
47876;1
47877;0
47878;0
47879;0
47880;0
47881;0
47882;1
47883;0
47884;0
47885;1
47886;0
47887;1
47888;0
47889;0
47890;1
47891;0
47892;1
47893;0
47894;0
47895;1
47896;0
47897;0
47898;1
47899;0
47900;1
47901;0
47902;36
47903;35
47904;0
47905;1
47906;0
47907;40
47908;41
47909;42
47910;0
47911;0
47912;1
47913;0
47914;0
47915;0
47916;0
47917;0
47918;36
47919;35
47920;0
47921;0
47922;1
47923;0
47924;1
47925;0
47926;2
47927;0
47928;1
47929;0
47930;1
47931;0
47932;1
47933;0
47934;0
47935;1
47936;0
47937;1
47938;0
47939;1
47940;0
47941;1
47942;0
47943;0
47944;1
47945;0
47946;0
47947;1
47948;0
47949;1
47950;0
47951;35
47952;36
47953;0
47954;0
47955;1
47956;0
47957;1
47958;35
47959;36
47960;0
47961;0
47962;1
47963;0
47964;1
47965;0
47966;0
47967;35
47968;0
47969;35
47970;37
47971;36
47972;1
47973;0
47974;35
47975;0
47976;1
47977;2
47978;0
47979;1
47980;0
47981;1
47982;0
47983;2
47984;1
47985;44
47986;0
47987;0
47988;49
47989;48
47990;52
47991;0
47992;1
47993;35
47994;36
47995;0
47996;2
47997;1
47998;35
47999;0
48000;0
48001;1
48002;0
48003;1
48004;0
48005;0
48006;1
48007;2
48008;0
48009;0
48010;1
48011;0
48012;1
48013;35
48014;0
48015;1
48016;0
48017;1
48018;0
48019;0
48020;1
48021;2
48022;0
48023;1
48024;0
48025;0
48026;1
48027;1
48028;0
48029;0
48030;1
48031;0
48032;1
48033;0
48034;1
48035;0
48036;1
48037;0
48038;1
48039;0
48040;0
48041;1
48042;0
48043;1
48044;0
48045;1
48046;1
48047;0
48048;0
48049;0
48050;0
48051;0
48052;1
48053;1
48054;0
48055;0
48056;1
48057;0
48058;0
48059;0
48060;0
48061;35
48062;0
48063;1
48064;35
48065;0
48066;1
48067;1
48068;0
48069;0
48070;0
48071;0
48072;0
48073;2
48074;1
48075;0
48076;35
48077;36
48078;0
48079;1
48080;0
48081;1
48082;0
48083;0
48084;1
48085;0
48086;1
48087;0
48088;0
48089;1
48090;0
48091;1
48092;0
48093;0
48094;2
48095;0
48096;0
48097;1
48098;0
48099;1
48100;0
48101;0
48102;2
48103;0
48104;43
48105;42
48106;2
48107;0
48108;1
48109;1
48110;0
48111;0
48112;1
48113;0
48114;0
48115;1
48116;2
48117;0
48118;0
48119;1
48120;0
48121;0
48122;0
48123;1
48124;2
48125;1
48126;0
48127;1
48128;0
48129;0
48130;1
48131;1
48132;0
48133;0
48134;1
48135;2
48136;0
48137;1
48138;0
48139;0
48140;0
48141;1
48142;1
48143;0
48144;0
48145;1
48146;63
48147;0
48148;15
48149;17
48150;0
48151;9
48152;16
48153;0
48154;39
48155;0
48156;37
48157;21
48158;35
48159;0
48160;0
48161;1
48162;0
48163;0
48164;35
48165;36
48166;1
48167;0
48168;0
48169;1
48170;0
48171;0
48172;1
48173;0
48174;1
48175;1
48176;0
48177;0
48178;1
48179;35
48180;35
48181;0
48182;2
48183;1
48184;1
48185;0
48186;0
48187;0
48188;1
48189;0
48190;0
48191;0
48192;0
48193;39
48194;1
48195;1
48196;0
48197;36
48198;3
48199;2
48200;0
48201;35
48202;59
48203;0
48204;0
48205;1
48206;0
48207;0
48208;0
48209;0
48210;1
48211;0
48212;1
48213;0
48214;41
48215;0
48216;35
48217;36
48218;0
48219;0
48220;1
48221;1
48222;0
48223;0
48224;1
48225;0
48226;1
48227;0
48228;0
48229;1
48230;0
48231;1
48232;0
48233;0
48234;1
48235;0
48236;1
48237;0
48238;1
48239;2
48240;0
48241;1
48242;0
48243;1
48244;0
48245;2
48246;1
48247;0
48248;0
48249;1
48250;0
48251;0
48252;0
48253;0
48254;0
48255;1
48256;0
48257;0
48258;1
48259;0
48260;1
48261;35
48262;0
48263;0
48264;0
48265;0
48266;1
48267;1
48268;0
48269;0
48270;1
48271;0
48272;0
48273;0
48274;0
48275;1
48276;0
48277;1
48278;0
48279;1
48280;0
48281;1
48282;0
48283;2
48284;1
48285;1
48286;0
48287;0
48288;41
48289;1
48290;1
48291;0
48292;1
48293;0
48294;0
48295;1
48296;0
48297;0
48298;1
48299;0
48300;0
48301;41
48302;2
48303;1
48304;0
48305;1
48306;0
48307;2
48308;0
48309;0
48310;0
48311;1
48312;1
48313;0
48314;0
48315;1
48316;0
48317;0
48318;0
48319;35
48320;36
48321;0
48322;53
48323;2
48324;1
48325;0
48326;1
48327;0
48328;0
48329;0
48330;1
48331;2
48332;0
48333;0
48334;0
48335;1
48336;0
48337;1
48338;0
48339;0
48340;1
48341;0
48342;36
48343;35
48344;0
48345;1
48346;0
48347;1
48348;0
48349;0
48350;1
48351;0
48352;0
48353;0
48354;1
48355;37
48356;38
48357;45
48358;39
48359;0
48360;2
48361;1
48362;0
48363;1
48364;2
48365;0
48366;1
48367;35
48368;0
48369;0
48370;1
48371;2
48372;0
48373;1
48374;2
48375;0
48376;1
48377;0
48378;0
48379;1
48380;0
48381;1
48382;0
48383;0
48384;0
48385;1
48386;0
48387;0
48388;2
48389;1
48390;0
48391;1
48392;2
48393;0
48394;1
48395;0
48396;1
48397;0
48398;1
48399;2
48400;0
48401;0
48402;0
48403;0
48404;0
48405;1
48406;0
48407;1
48408;36
48409;35
48410;0
48411;1
48412;47
48413;1
48414;48
48415;0
48416;0
48417;1
48418;0
48419;1
48420;0
48421;7
48422;1
48423;0
48424;8
48425;0
48426;2
48427;1
48428;0
48429;1
48430;0
48431;1
48432;0
48433;0
48434;1
48435;0
48436;0
48437;2
48438;0
48439;1
48440;0
48441;1
48442;0
48443;0
48444;1
48445;0
48446;2
48447;0
48448;76
48449;0
48450;1
48451;2
48452;0
48453;1
48454;0
48455;1
48456;0
48457;0
48458;1
48459;1
48460;0
48461;0
48462;1
48463;0
48464;0
48465;0
48466;0
48467;0
48468;1
48469;2
48470;0
48471;1
48472;0
48473;1
48474;0
48475;0
48476;1
48477;0
48478;24
48479;25
48480;0
48481;0
48482;0
48483;2
48484;1
48485;0
48486;2
48487;0
48488;1
48489;0
48490;1
48491;0
48492;1
48493;0
48494;0
48495;1
48496;0
48497;1
48498;0
48499;0
48500;1
48501;0
48502;0
48503;2
48504;1
48505;0
48506;1
48507;0
48508;35
48509;1
48510;0
48511;0
48512;1
48513;0
48514;1
48515;35
48516;36
48517;0
48518;1
48519;0
48520;1
48521;2
48522;42
48523;39
48524;0
48525;40
48526;35
48527;36
48528;22
48529;23
48530;38
48531;0
48532;0
48533;1
48534;0
48535;2
48536;0
48537;1
48538;0
48539;1
48540;0
48541;1
48542;1
48543;0
48544;0
48545;1
48546;0
48547;1
48548;0
48549;41
48550;0
48551;0
48552;2
48553;21
48554;19
48555;0
48556;20
48557;0
48558;48
48559;0
48560;1
48561;0
48562;1
48563;0
48564;0
48565;0
48566;1
48567;0
48568;0
48569;1
48570;0
48571;0
48572;2
48573;1
48574;0
48575;1
48576;0
48577;1
48578;0
48579;1
48580;0
48581;1
48582;0
48583;0
48584;1
48585;2
48586;0
48587;0
48588;0
48589;1
48590;0
48591;0
48592;0
48593;35
48594;0
48595;0
48596;1
48597;0
48598;0
48599;2
48600;0
48601;2
48602;1
48603;0
48604;48
48605;47
48606;1
48607;0
48608;1
48609;0
48610;1
48611;10
48612;0
48613;0
48614;1
48615;0
48616;1
48617;0
48618;0
48619;1
48620;0
48621;0
48622;1
48623;2
48624;1
48625;0
48626;0
48627;1
48628;0
48629;0
48630;1
48631;0
48632;1
48633;0
48634;1
48635;14
48636;15
48637;0
48638;2
48639;1
48640;0
48641;0
48642;47
48643;1
48644;35
48645;0
48646;1
48647;10
48648;11
48649;0
48650;0
48651;1
48652;0
48653;1
48654;0
48655;35
48656;1
48657;0
48658;0
48659;1
48660;40
48661;41
48662;1
48663;0
48664;1
48665;0
48666;0
48667;1
48668;0
48669;1
48670;0
48671;0
48672;0
48673;1
48674;0
48675;41
48676;1
48677;42
48678;13
48679;0
48680;0
48681;0
48682;0
48683;1
48684;36
48685;35
48686;0
48687;1
48688;0
48689;40
48690;1
48691;41
48692;0
48693;1
48694;35
48695;36
48696;0
48697;0
48698;1
48699;49
48700;0
48701;1
48702;48
48703;0
48704;0
48705;0
48706;1
48707;2
48708;35
48709;36
48710;37
48711;0
48712;1
48713;2
48714;0
48715;0
48716;2
48717;39
48718;1
48719;0
48720;0
48721;1
48722;0
48723;1
48724;0
48725;0
48726;0
48727;0
48728;1
48729;0
48730;1
48731;0
48732;1
48733;0
48734;1
48735;4
48736;0
48737;1
48738;0
48739;1
48740;36
48741;37
48742;1
48743;0
48744;0
48745;0
48746;1
48747;0
48748;33
48749;1
48750;0
48751;1
48752;61
48753;0
48754;1
48755;59
48756;60
48757;0
48758;0
48759;1
48760;0
48761;1
48762;0
48763;2
48764;1
48765;0
48766;1
48767;1
48768;0
48769;0
48770;1
48771;0
48772;1
48773;35
48774;36
48775;1
48776;1
48777;0
48778;0
48779;1
48780;0
48781;1
48782;0
48783;1
48784;1
48785;0
48786;0
48787;1
48788;1
48789;0
48790;0
48791;0
48792;0
48793;1
48794;2
48795;35
48796;36
48797;3
48798;0
48799;0
48800;1
48801;0
48802;1
48803;2
48804;0
48805;2
48806;1
48807;0
48808;0
48809;0
48810;1
48811;0
48812;2
48813;10
48814;1
48815;0
48816;11
48817;0
48818;1
48819;1
48820;0
48821;0
48822;2
48823;1
48824;1
48825;0
48826;73
48827;76
48828;1
48829;0
48830;75
48831;0
48832;0
48833;1
48834;15
48835;0
48836;17
48837;18
48838;9
48839;16
48840;0
48841;1
48842;1
48843;0
48844;0
48845;1
48846;0
48847;35
48848;36
48849;63
48850;0
48851;1
48852;0
48853;1
48854;0
48855;1
48856;0
48857;0
48858;0
48859;0
48860;1
48861;0
48862;1
48863;0
48864;0
48865;0
48866;1
48867;0
48868;1
48869;0
48870;1
48871;0
48872;0
48873;1
48874;0
48875;0
48876;0
48877;0
48878;1
48879;0
48880;1
48881;0
48882;1
48883;0
48884;0
48885;1
48886;0
48887;1
48888;0
48889;1
48890;0
48891;0
48892;1
48893;1
48894;0
48895;0
48896;1
48897;0
48898;1
48899;2
48900;0
48901;1
48902;1
48903;0
48904;0
48905;1
48906;0
48907;0
48908;1
48909;0
48910;1
48911;0
48912;2
48913;1
48914;0
48915;0
48916;1
48917;1
48918;0
48919;0
48920;0
48921;1
48922;0
48923;0
48924;0
48925;0
48926;0
48927;44
48928;1
48929;2
48930;43
48931;35
48932;0
48933;0
48934;1
48935;0
48936;1
48937;0
48938;1
48939;1
48940;0
48941;0
48942;1
48943;0
48944;1
48945;1
48946;0
48947;0
48948;41
48949;40
48950;0
48951;0
48952;1
48953;0
48954;0
48955;0
48956;1
48957;0
48958;2
48959;1
48960;0
48961;1
48962;0
48963;0
48964;0
48965;0
48966;2
48967;0
48968;1
48969;0
48970;1
48971;2
48972;0
48973;0
48974;1
48975;0
48976;1
48977;1
48978;0
48979;0
48980;0
48981;0
48982;1
48983;0
48984;1
48985;0
48986;1
48987;2
48988;0
48989;1
48990;52
48991;0
48992;1
48993;54
48994;0
48995;0
48996;40
48997;1
48998;0
48999;1
49000;35
49001;37
49002;0
49003;1
49004;0
49005;0
49006;1
49007;0
49008;0
49009;47
49010;49
49011;1
49012;0
49013;0
49014;0
49015;1
49016;0
49017;1
49018;0
49019;35
49020;36
49021;0
49022;0
49023;40
49024;41
49025;1
49026;1
49027;0
49028;0
49029;35
49030;0
49031;36
49032;0
49033;0
49034;36
49035;35
49036;0
49037;1
49038;0
49039;1
49040;2
49041;1
49042;0
49043;0
49044;1
49045;0
49046;0
49047;0
49048;0
49049;0
49050;1
49051;0
49052;1
49053;0
49054;0
49055;0
49056;35
49057;0
49058;0
49059;1
49060;0
49061;1
49062;1
49063;0
49064;0
49065;1
49066;0
49067;1
49068;0
49069;0
49070;1
49071;0
49072;0
49073;1
49074;0
49075;0
49076;1
49077;0
49078;0
49079;0
49080;1
49081;0
49082;1
49083;0
49084;0
49085;1
49086;0
49087;1
49088;0
49089;1
49090;0
49091;1
49092;0
49093;1
49094;1
49095;0
49096;0
49097;0
49098;54
49099;1
49100;52
49101;53
49102;0
49103;1
49104;0
49105;0
49106;1
49107;0
49108;1
49109;0
49110;1
49111;0
49112;1
49113;0
49114;1
49115;35
49116;36
49117;0
49118;1
49119;47
49120;0
49121;1
49122;48
49123;0
49124;0
49125;0
49126;0
49127;1
49128;2
49129;0
49130;1
49131;0
49132;2
49133;1
49134;0
49135;1
49136;0
49137;1
49138;1
49139;0
49140;44
49141;2
49142;0
49143;1
49144;35
49145;36
49146;0
49147;0
49148;1
49149;2
49150;0
49151;1
49152;0
49153;0
49154;1
49155;0
49156;0
49157;39
49158;0
49159;1
49160;40
49161;0
49162;1
49163;0
49164;0
49165;1
49166;0
49167;32
49168;0
49169;0
49170;1
49171;0
49172;1
49173;0
49174;1
49175;0
49176;1
49177;55
49178;0
49179;54
49180;0
49181;0
49182;1
49183;0
49184;1
49185;0
49186;1
49187;0
49188;1
49189;0
49190;0
49191;1
49192;1
49193;0
49194;0
49195;2
49196;1
49197;0
49198;1
49199;0
49200;1
49201;0
49202;0
49203;0
49204;1
49205;0
49206;0
49207;1
49208;0
49209;1
49210;0
49211;0
49212;1
49213;2
49214;1
49215;0
49216;0
49217;0
49218;1
49219;0
49220;0
49221;1
49222;1
49223;0
49224;0
49225;1
49226;0
49227;0
49228;0
49229;51
49230;0
49231;50
49232;0
49233;1
49234;1
49235;0
49236;10
49237;0
49238;11
49239;1
49240;42
49241;0
49242;1
49243;51
49244;2
49245;0
49246;0
49247;0
49248;0
49249;0
49250;1
49251;1
49252;40
49253;0
49254;0
49255;0
49256;0
49257;0
49258;1
49259;0
49260;0
49261;1
49262;1
49263;0
49264;1
49265;0
49266;0
49267;1
49268;0
49269;40
49270;41
49271;43
49272;0
49273;0
49274;1
49275;0
49276;1
49277;0
49278;1
49279;0
49280;1
49281;0
49282;0
49283;1
49284;0
49285;0
49286;1
49287;1
49288;0
49289;0
49290;0
49291;40
49292;1
49293;0
49294;41
49295;0
49296;1
49297;0
49298;0
49299;2
49300;1
49301;52
49302;51
49303;0
49304;35
49305;36
49306;0
49307;1
49308;1
49309;0
49310;0
49311;2
49312;1
49313;0
49314;1
49315;2
49316;0
49317;1
49318;2
49319;1
49320;0
49321;2
49322;0
49323;0
49324;1
49325;0
49326;0
49327;0
49328;0
49329;1
49330;0
49331;0
49332;1
49333;0
49334;59
49335;36
49336;37
49337;58
49338;60
49339;0
49340;1
49341;0
49342;1
49343;4
49344;0
49345;1
49346;0
49347;1
49348;0
49349;1
49350;0
49351;0
49352;0
49353;1
49354;1
49355;0
49356;0
49357;1
49358;0
49359;0
49360;1
49361;1
49362;0
49363;1
49364;0
49365;0
49366;0
49367;30
49368;29
49369;0
49370;0
49371;1
49372;4
49373;35
49374;37
49375;0
49376;1
49377;0
49378;0
49379;2
49380;1
49381;0
49382;0
49383;48
49384;47
49385;0
49386;0
49387;1
49388;0
49389;0
49390;0
49391;1
49392;0
49393;0
49394;1
49395;0
49396;1
49397;0
49398;0
49399;1
49400;22
49401;0
49402;27
49403;1
49404;0
49405;2
49406;0
49407;1
49408;0
49409;1
49410;0
49411;0
49412;0
49413;1
49414;0
49415;0
49416;0
49417;1
49418;0
49419;0
49420;1
49421;0
49422;0
49423;1
49424;0
49425;0
49426;1
49427;58
49428;35
49429;0
49430;0
49431;2
49432;1
49433;45
49434;0
49435;1
49436;0
49437;0
49438;2
49439;0
49440;0
49441;0
49442;1
49443;0
49444;2
49445;1
49446;0
49447;1
49448;1
49449;0
49450;0
49451;0
49452;1
49453;0
49454;1
49455;0
49456;1
49457;0
49458;0
49459;1
49460;0
49461;0
49462;1
49463;0
49464;1
49465;0
49466;1
49467;0
49468;0
49469;0
49470;0
49471;1
49472;0
49473;1
49474;0
49475;1
49476;0
49477;1
49478;0
49479;0
49480;1
49481;0
49482;1
49483;0
49484;0
49485;1
49486;31
49487;30
49488;2
49489;0
49490;1
49491;32
49492;0
49493;1
49494;0
49495;0
49496;1
49497;0
49498;1
49499;0
49500;1
49501;0
49502;1
49503;0
49504;1
49505;0
49506;0
49507;1
49508;0
49509;0
49510;0
49511;0
49512;1
49513;35
49514;36
49515;4
49516;0
49517;3
49518;1
49519;0
49520;2
49521;1
49522;1
49523;0
49524;1
49525;0
49526;2
49527;0
49528;1
49529;0
49530;1
49531;0
49532;1
49533;0
49534;2
49535;0
49536;0
49537;1
49538;0
49539;2
49540;0
49541;0
49542;0
49543;1
49544;0
49545;1
49546;0
49547;0
49548;2
49549;40
49550;0
49551;0
49552;0
49553;1
49554;0
49555;1
49556;0
49557;1
49558;0
49559;0
49560;45
49561;0
49562;1
49563;0
49564;1
49565;0
49566;1
49567;0
49568;40
49569;1
49570;36
49571;35
49572;0
49573;1
49574;0
49575;0
49576;0
49577;1
49578;2
49579;1
49580;0
49581;0
49582;3
49583;1
49584;0
49585;0
49586;0
49587;0
49588;1
49589;0
49590;1
49591;0
49592;1
49593;0
49594;1
49595;45
49596;1
49597;0
49598;0
49599;1
49600;0
49601;0
49602;1
49603;0
49604;1
49605;0
49606;0
49607;0
49608;1
49609;0
49610;1
49611;2
49612;0
49613;47
49614;1
49615;0
49616;0
49617;0
49618;1
49619;0
49620;1
49621;0
49622;1
49623;10
49624;0
49625;1
49626;1
49627;0
49628;0
49629;1
49630;0
49631;0
49632;1
49633;0
49634;1
49635;1
49636;0
49637;0
49638;1
49639;0
49640;0
49641;0
49642;0
49643;2
49644;0
49645;2
49646;0
49647;40
49648;42
49649;1
49650;0
49651;0
49652;1
49653;0
49654;0
49655;0
49656;0
49657;0
49658;0
49659;0
49660;1
49661;0
49662;1
49663;0
49664;0
49665;25
49666;2
49667;1
49668;1
49669;0
49670;1
49671;0
49672;0
49673;0
49674;1
49675;0
49676;1
49677;0
49678;1
49679;36
49680;35
49681;0
49682;1
49683;0
49684;0
49685;1
49686;0
49687;1
49688;2
49689;0
49690;1
49691;0
49692;2
49693;1
49694;0
49695;1
49696;0
49697;1
49698;0
49699;0
49700;0
49701;1
49702;1
49703;0
49704;0
49705;0
49706;1
49707;0
49708;0
49709;1
49710;0
49711;1
49712;1
49713;0
49714;0
49715;0
49716;0
49717;1
49718;1
49719;0
49720;0
49721;1
49722;0
49723;1
49724;0
49725;1
49726;0
49727;0
49728;1
49729;0
49730;1
49731;0
49732;4
49733;0
49734;3
49735;1
49736;0
49737;1
49738;0
49739;1
49740;1
49741;0
49742;0
49743;1
49744;0
49745;1
49746;0
49747;39
49748;1
49749;40
49750;0
49751;1
49752;0
49753;1
49754;0
49755;1
49756;41
49757;0
49758;42
49759;0
49760;1
49761;0
49762;1
49763;2
49764;0
49765;0
49766;1
49767;0
49768;0
49769;2
49770;35
49771;1
49772;0
49773;0
49774;1
49775;0
49776;0
49777;1
49778;0
49779;1
49780;1
49781;0
49782;81
49783;0
49784;1
49785;0
49786;0
49787;1
49788;0
49789;1
49790;0
49791;35
49792;0
49793;0
49794;1
49795;0
49796;0
49797;0
49798;0
49799;2
49800;35
49801;36
49802;0
49803;1
49804;0
49805;1
49806;0
49807;1
49808;48
49809;0
49810;49
49811;1
49812;3
49813;0
49814;4
49815;1
49816;0
49817;1
49818;59
49819;12
49820;13
49821;0
49822;1
49823;0
49824;1
49825;0
49826;1
49827;2
49828;0
49829;1
49830;35
49831;0
49832;1
49833;28
49834;13
49835;38
49836;39
49837;29
49838;35
49839;1
49840;0
49841;1
49842;0
49843;1
49844;1
49845;56
49846;0
49847;2
49848;0
49849;1
49850;0
49851;1
49852;0
49853;1
49854;0
49855;1
49856;0
49857;1
49858;0
49859;1
49860;1
49861;0
49862;0
49863;1
49864;0
49865;2
49866;1
49867;0
49868;1
49869;0
49870;1
49871;2
49872;0
49873;1
49874;0
49875;1
49876;0
49877;35
49878;20
49879;36
49880;22
49881;21
49882;0
49883;0
49884;1
49885;0
49886;1
49887;0
49888;0
49889;0
49890;1
49891;0
49892;1
49893;0
49894;1
49895;0
49896;1
49897;0
49898;0
49899;1
49900;35
49901;0
49902;0
49903;0
49904;1
49905;0
49906;0
49907;0
49908;0
49909;1
49910;0
49911;0
49912;1
49913;0
49914;41
49915;0
49916;1
49917;0
49918;0
49919;0
49920;0
49921;1
49922;0
49923;0
49924;1
49925;1
49926;0
49927;1
49928;0
49929;0
49930;1
49931;0
49932;1
49933;0
49934;0
49935;0
49936;2
49937;1
49938;0
49939;0
49940;1
49941;1
49942;0
49943;0
49944;0
49945;0
49946;1
49947;0
49948;0
49949;0
49950;0
49951;0
49952;1
49953;0
49954;0
49955;1
49956;0
49957;1
49958;0
49959;1
49960;0
49961;0
49962;0
49963;35
49964;0
49965;1
49966;1
49967;0
49968;0
49969;1
49970;0
49971;44
49972;0
49973;45
49974;0
49975;0
49976;1
49977;45
49978;0
49979;1
49980;2
49981;0
49982;1
49983;10
49984;1
49985;0
49986;44
49987;1
49988;0
49989;0
49990;1
49991;0
49992;1
49993;2
49994;0
49995;0
49996;0
49997;1
49998;2
49999;3
50000;0
50001;0
50002;1
50003;1
50004;0
50005;0
50006;1
50007;1
50008;0
50009;0
50010;0
50011;0
50012;0
50013;1
50014;0
50015;1
50016;0
50017;0
50018;1
50019;2
50020;1
50021;0
50022;0
50023;1
50024;0
50025;0
50026;1
50027;6
50028;0
50029;1
50030;0
50031;0
50032;1
50033;0
50034;35
50035;0
50036;0
50037;1
50038;0
50039;0
50040;0
50041;1
50042;2
50043;0
50044;1
50045;0
50046;1
50047;1
50048;0
50049;0
50050;0
50051;1
50052;4
50053;0
50054;1
50055;0
50056;1
50057;0
50058;1
50059;1
50060;0
50061;0
50062;0
50063;1
50064;0
50065;0
50066;1
50067;1
50068;0
50069;0
50070;1
50071;1
50072;0
50073;0
50074;0
50075;1
50076;0
50077;2
50078;1
50079;0
50080;0
50081;40
50082;1
50083;1
50084;0
50085;0
50086;0
50087;1
50088;0
50089;1
50090;0
50091;0
50092;44
50093;45
50094;0
50095;35
50096;36
50097;0
50098;1
50099;0
50100;36
50101;35
50102;0
50103;2
50104;1
50105;0
50106;0
50107;1
50108;0
50109;0
50110;0
50111;1
50112;0
50113;1
50114;0
50115;1
50116;0
50117;1
50118;2
50119;0
50120;0
50121;1
50122;0
50123;1
50124;0
50125;1
50126;0
50127;1
50128;0
50129;44
50130;49
50131;50
50132;1
50133;0
50134;0
50135;40
50136;0
50137;41
50138;18
50139;16
50140;17
50141;1
50142;0
50143;0
50144;1
50145;0
50146;1
50147;0
50148;1
50149;0
50150;1
50151;0
50152;0
50153;2
50154;1
50155;0
50156;1
50157;20
50158;2
50159;18
50160;0
50161;0
50162;1
50163;0
50164;0
50165;0
50166;0
50167;0
50168;1
50169;0
50170;0
50171;0
50172;1
50173;4
50174;0
50175;0
50176;1
50177;0
50178;1
50179;1
50180;0
50181;0
50182;1
50183;0
50184;1
50185;0
50186;1
50187;0
50188;1
50189;0
50190;0
50191;0
50192;1
50193;0
50194;0
50195;1
50196;1
50197;0
50198;0
50199;0
50200;2
50201;1
50202;0
50203;0
50204;1
50205;0
50206;1
50207;0
50208;0
50209;0
50210;1
50211;0
50212;0
50213;1
50214;0
50215;1
50216;0
50217;1
50218;1
50219;0
50220;36
50221;35
50222;1
50223;0
50224;0
50225;0
50226;1
50227;1
50228;0
50229;0
50230;0
50231;1
50232;1
50233;0
50234;0
50235;14
50236;15
50237;0
50238;1
50239;0
50240;0
50241;6
50242;13
50243;8
50244;14
50245;0
50246;1
50247;0
50248;0
50249;0
50250;46
50251;48
50252;47
50253;0
50254;1
50255;0
50256;0
50257;1
50258;0
50259;0
50260;1
50261;0
50262;0
50263;0
50264;1
50265;0
50266;1
50267;0
50268;0
50269;0
50270;0
50271;65
50272;0
50273;66
50274;1
50275;1
50276;0
50277;0
50278;0
50279;1
50280;2
50281;4
50282;0
50283;3
50284;1
50285;0
50286;0
50287;1
50288;0
50289;1
50290;0
50291;0
50292;1
50293;20
50294;12
50295;22
50296;0
50297;21
50298;1
50299;0
50300;1
50301;0
50302;0
50303;1
50304;0
50305;1
50306;1
50307;0
50308;1
50309;0
50310;0
50311;1
50312;0
50313;1
50314;1
50315;0
50316;0
50317;1
50318;29
50319;31
50320;1
50321;0
50322;30
50323;0
50324;1
50325;0
50326;0
50327;0
50328;1
50329;0
50330;1
50331;2
50332;1
50333;0
50334;0
50335;0
50336;1
50337;0
50338;0
50339;1
50340;0
50341;1
50342;0
50343;0
50344;1
50345;2
50346;0
50347;0
50348;1
50349;0
50350;1
50351;1
50352;0
50353;0
50354;0
50355;0
50356;1
50357;0
50358;9
50359;0
50360;24
50361;22
50362;0
50363;0
50364;1
50365;0
50366;1
50367;0
50368;4
50369;0
50370;0
50371;0
50372;0
50373;0
50374;1
50375;0
50376;1
50377;2
50378;0
50379;1
50380;0
50381;1
50382;0
50383;0
50384;1
50385;0
50386;45
50387;44
50388;0
50389;1
50390;0
50391;1
50392;0
50393;60
50394;59
50395;0
50396;1
50397;0
50398;0
50399;0
50400;0
50401;1
50402;0
50403;1
50404;0
50405;1
50406;0
50407;1
50408;0
50409;0
50410;0
50411;1
50412;0
50413;35
50414;0
50415;0
50416;1
50417;0
50418;1
50419;0
50420;1
50421;0
50422;0
50423;0
50424;0
50425;0
50426;1
50427;0
50428;0
50429;1
50430;40
50431;0
50432;0
50433;0
50434;0
50435;0
50436;1
50437;0
50438;0
50439;0
50440;1
50441;0
50442;0
50443;0
50444;1
50445;0
50446;1
50447;2
50448;40
50449;0
50450;41
50451;0
50452;2
50453;1
50454;0
50455;0
50456;1
50457;0
50458;0
50459;1
50460;0
50461;0
50462;0
50463;0
50464;0
50465;1
50466;0
50467;0
50468;0
50469;1
50470;8
50471;3
50472;4
50473;0
50474;0
50475;0
50476;39
50477;1
50478;0
50479;0
50480;1
50481;0
50482;1
50483;0
50484;0
50485;0
50486;2
50487;1
50488;0
50489;1
50490;2
50491;1
50492;0
50493;0
50494;0
50495;1
50496;0
50497;0
50498;1
50499;0
50500;0
50501;1
50502;0
50503;1
50504;0
50505;17
50506;18
50507;0
50508;35
50509;0
50510;1
50511;0
50512;1
50513;1
50514;0
50515;0
50516;0
50517;1
50518;0
50519;1
50520;0
50521;1
50522;0
50523;1
50524;0
50525;0
50526;0
50527;1
50528;40
50529;41
50530;0
50531;0
50532;0
50533;1
50534;0
50535;1
50536;0
50537;1
50538;0
50539;0
50540;2
50541;0
50542;0
50543;0
50544;1
50545;0
50546;1
50547;1
50548;0
50549;36
50550;35
50551;0
50552;1
50553;1
50554;0
50555;0
50556;1
50557;0
50558;0
50559;1
50560;0
50561;0
50562;1
50563;2
50564;0
50565;0
50566;1
50567;0
50568;1
50569;0
50570;1
50571;0
50572;1
50573;0
50574;2
50575;1
50576;0
50577;0
50578;0
50579;0
50580;0
50581;1
50582;0
50583;0
50584;2
50585;0
50586;0
50587;0
50588;0
50589;0
50590;1
50591;1
50592;0
50593;1
50594;0
50595;0
50596;0
50597;1
50598;0
50599;0
50600;1
50601;0
50602;5
50603;0
50604;0
50605;1
50606;0
50607;1
50608;0
50609;0
50610;0
50611;1
50612;1
50613;0
50614;0
50615;1
50616;2
50617;0
50618;1
50619;0
50620;1
50621;2
50622;0
50623;1
50624;0
50625;1
50626;0
50627;1
50628;19
50629;20
50630;1
50631;0
50632;0
50633;1
50634;0
50635;1
50636;0
50637;0
50638;0
50639;1
50640;1
50641;2
50642;0
50643;0
50644;1
50645;0
50646;35
50647;0
50648;1
50649;1
50650;0
50651;0
50652;1
50653;0
50654;2
50655;0
50656;1
50657;0
50658;1
50659;0
50660;0
50661;1
50662;0
50663;1
50664;0
50665;1
50666;0
50667;0
50668;1
50669;0
50670;1
50671;0
50672;1
50673;0
50674;0
50675;0
50676;1
50677;0
50678;1
50679;0
50680;0
50681;21
50682;29
50683;31
50684;35
50685;30
50686;0
50687;2
50688;0
50689;1
50690;0
50691;1
50692;1
50693;0
50694;0
50695;1
50696;0
50697;1
50698;0
50699;31
50700;32
50701;0
50702;0
50703;1
50704;0
50705;1
50706;0
50707;1
50708;0
50709;1
50710;27
50711;0
50712;1
50713;0
50714;70
50715;71
50716;0
50717;1
50718;0
50719;2
50720;0
50721;1
50722;0
50723;35
50724;0
50725;0
50726;0
50727;0
50728;1
50729;0
50730;0
50731;0
50732;1
50733;0
50734;0
50735;1
50736;0
50737;1
50738;4
50739;0
50740;1
50741;0
50742;1
50743;1
50744;0
50745;0
50746;0
50747;0
50748;1
50749;0
50750;2
50751;1
50752;50
50753;35
50754;52
50755;53
50756;44
50757;51
50758;35
50759;36
50760;37
50761;22
50762;38
50763;23
50764;0
50765;1
50766;1
50767;0
50768;0
50769;1
50770;0
50771;1
50772;1
50773;0
50774;0
50775;1
50776;1
50777;0
50778;0
50779;1
50780;0
50781;1
50782;0
50783;0
50784;2
50785;1
50786;0
50787;0
50788;1
50789;0
50790;0
50791;0
50792;1
50793;0
50794;0
50795;1
50796;0
50797;0
50798;1
50799;0
50800;1
50801;0
50802;0
50803;1
50804;0
50805;1
50806;0
50807;1
50808;0
50809;1
50810;0
50811;1
50812;0
50813;1
50814;0
50815;0
50816;1
50817;0
50818;0
50819;0
50820;1
50821;0
50822;0
50823;1
50824;0
50825;1
50826;0
50827;70
50828;0
50829;0
50830;35
50831;1
50832;0
50833;0
50834;0
50835;1
50836;0
50837;0
50838;1
50839;0
50840;1
50841;2
50842;0
50843;1
50844;0
50845;0
50846;1
50847;0
50848;0
50849;2
50850;1
50851;0
50852;0
50853;1
50854;0
50855;47
50856;0
50857;0
50858;41
50859;1
50860;43
50861;42
50862;0
50863;0
50864;1
50865;0
50866;1
50867;0
50868;1
50869;5
50870;0
50871;1
50872;0
50873;1
50874;0
50875;1
50876;0
50877;1
50878;0
50879;1
50880;1
50881;0
50882;0
50883;1
50884;0
50885;1
50886;36
50887;35
50888;1
50889;0
50890;2
50891;1
50892;0
50893;0
50894;1
50895;0
50896;1
50897;0
50898;1
50899;0
50900;0
50901;2
50902;1
50903;0
50904;0
50905;1
50906;29
50907;28
50908;0
50909;1
50910;0
50911;0
50912;1
50913;1
50914;0
50915;0
50916;1
50917;1
50918;0
50919;35
50920;36
50921;35
50922;36
50923;1
50924;0
50925;0
50926;0
50927;0
50928;1
50929;0
50930;40
50931;42
50932;41
50933;0
50934;0
50935;0
50936;39
50937;1
50938;0
50939;0
50940;1
50941;0
50942;1
50943;2
50944;0
50945;1
50946;0
50947;0
50948;1
50949;0
50950;1
50951;0
50952;1
50953;2
50954;0
50955;0
50956;1
50957;0
50958;0
50959;9
50960;0
50961;2
50962;1
50963;0
50964;0
50965;1
50966;0
50967;0
50968;0
50969;0
50970;1
50971;0
50972;1
50973;2
50974;0
50975;0
50976;1
50977;0
50978;1
50979;0
50980;0
50981;1
50982;0
50983;1
50984;0
50985;1
50986;0
50987;2
50988;0
50989;1
50990;0
50991;1
50992;1
50993;0
50994;0
50995;24
50996;26
50997;25
50998;0
50999;0
51000;2
51001;1
51002;0
51003;0
51004;1
51005;0
51006;40
51007;1
51008;41
51009;0
51010;2
51011;1
51012;0
51013;36
51014;35
51015;0
51016;1
51017;0
51018;2
51019;0
51020;0
51021;0
51022;0
51023;1
51024;1
51025;0
51026;0
51027;0
51028;1
51029;35
51030;36
51031;0
51032;1
51033;0
51034;0
51035;1
51036;35
51037;0
51038;36
51039;0
51040;0
51041;2
51042;1
51043;35
51044;36
51045;0
51046;0
51047;0
51048;1
51049;0
51050;1
51051;0
51052;1
51053;0
51054;1
51055;0
51056;1
51057;0
51058;1
51059;2
51060;0
51061;0
51062;1
51063;1
51064;0
51065;0
51066;1
51067;4
51068;0
51069;1
51070;0
51071;1
51072;0
51073;2
51074;1
51075;1
51076;0
51077;0
51078;1
51079;0
51080;1
51081;0
51082;1
51083;0
51084;1
51085;0
51086;1
51087;70
51088;71
51089;74
51090;72
51091;0
51092;47
51093;0
51094;1
51095;48
51096;35
51097;37
51098;36
51099;0
51100;1
51101;0
51102;1
51103;2
51104;0
51105;1
51106;0
51107;0
51108;1
51109;0
51110;1
51111;35
51112;1
51113;0
51114;0
51115;2
51116;40
51117;42
51118;0
51119;41
51120;1
51121;0
51122;1
51123;2
51124;0
51125;0
51126;0
51127;1
51128;1
51129;0
51130;0
51131;1
51132;0
51133;5
51134;40
51135;42
51136;41
51137;13
51138;0
51139;1
51140;0
51141;21
51142;22
51143;0
51144;1
51145;0
51146;1
51147;0
51148;0
51149;1
51150;2
51151;0
51152;0
51153;1
51154;0
51155;0
51156;0
51157;1
51158;0
51159;1
51160;0
51161;0
51162;0
51163;1
51164;1
51165;0
51166;0
51167;1
51168;0
51169;0
51170;0
51171;0
51172;1
51173;0
51174;1
51175;0
51176;1
51177;0
51178;1
51179;1
51180;0
51181;0
51182;0
51183;1
51184;0
51185;0
51186;0
51187;0
51188;0
51189;1
51190;0
51191;0
51192;1
51193;0
51194;19
51195;0
51196;1
51197;20
51198;0
51199;1
51200;22
51201;0
51202;24
51203;1
51204;20
51205;23
51206;0
51207;1
51208;0
51209;0
51210;1
51211;0
51212;1
51213;0
51214;1
51215;0
51216;0
51217;1
51218;0
51219;2
51220;1
51221;0
51222;1
51223;0
51224;1
51225;0
51226;1
51227;0
51228;0
51229;1
51230;0
51231;1
51232;0
51233;1
51234;0
51235;1
51236;0
51237;0
51238;1
51239;0
51240;1
51241;0
51242;26
51243;27
51244;1
51245;0
51246;1
51247;0
51248;60
51249;1
51250;0
51251;1
51252;2
51253;0
51254;0
51255;1
51256;0
51257;1
51258;0
51259;0
51260;1
51261;0
51262;1
51263;0
51264;0
51265;41
51266;0
51267;46
51268;40
51269;0
51270;0
51271;0
51272;1
51273;0
51274;0
51275;3
51276;2
51277;1
51278;0
51279;1
51280;0
51281;1
51282;0
51283;0
51284;0
51285;0
51286;1
51287;43
51288;58
51289;57
51290;0
51291;1
51292;1
51293;0
51294;0
51295;1
51296;0
51297;0
51298;1
51299;0
51300;0
51301;0
51302;1
51303;0
51304;1
51305;2
51306;0
51307;0
51308;47
51309;1
51310;0
51311;1
51312;1
51313;0
51314;1
51315;0
51316;0
51317;0
51318;1
51319;0
51320;1
51321;0
51322;1
51323;0
51324;1
51325;0
51326;0
51327;1
51328;0
51329;1
51330;0
51331;1
51332;0
51333;0
51334;1
51335;0
51336;0
51337;1
51338;0
51339;0
51340;2
51341;1
51342;0
51343;0
51344;1
51345;1
51346;0
51347;0
51348;1
51349;0
51350;1
51351;21
51352;20
51353;0
51354;1
51355;0
51356;1
51357;0
51358;1
51359;2
51360;0
51361;0
51362;0
51363;2
51364;1
51365;0
51366;0
51367;0
51368;1
51369;23
51370;0
51371;1
51372;0
51373;1
51374;0
51375;0
51376;0
51377;0
51378;3
51379;1
51380;0
51381;1
51382;0
51383;0
51384;1
51385;2
51386;0
51387;0
51388;1
51389;0
51390;1
51391;0
51392;0
51393;0
51394;0
51395;1
51396;0
51397;0
51398;1
51399;40
51400;42
51401;0
51402;1
51403;0
51404;1
51405;0
51406;1
51407;0
51408;0
51409;0
51410;2
51411;1
51412;3
51413;0
51414;0
51415;1
51416;0
51417;0
51418;0
51419;1
51420;0
51421;1
51422;0
51423;0
51424;1
51425;12
51426;0
51427;22
51428;13
51429;0
51430;2
51431;0
51432;1
51433;0
51434;0
51435;1
51436;0
51437;0
51438;2
51439;1
51440;0
51441;0
51442;1
51443;0
51444;1
51445;0
51446;0
51447;0
51448;1
51449;0
51450;0
51451;2
51452;1
51453;0
51454;0
51455;0
51456;1
51457;0
51458;2
51459;1
51460;0
51461;0
51462;2
51463;1
51464;0
51465;0
51466;1
51467;0
51468;2
51469;1
51470;0
51471;1
51472;0
51473;1
51474;0
51475;0
51476;1
51477;0
51478;1
51479;0
51480;1
51481;1
51482;0
51483;0
51484;1
51485;0
51486;1
51487;0
51488;1
51489;0
51490;0
51491;1
51492;1
51493;0
51494;1
51495;0
51496;0
51497;1
51498;0
51499;0
51500;2
51501;1
51502;0
51503;0
51504;40
51505;1
51506;0
51507;1
51508;0
51509;1
51510;0
51511;0
51512;1
51513;2
51514;1
51515;0
51516;1
51517;0
51518;0
51519;1
51520;0
51521;1
51522;0
51523;1
51524;35
51525;37
51526;36
51527;0
51528;1
51529;0
51530;1
51531;0
51532;1
51533;0
51534;0
51535;2
51536;45
51537;46
51538;0
51539;1
51540;0
51541;1
51542;0
51543;0
51544;1
51545;0
51546;4
51547;0
51548;3
51549;1
51550;0
51551;1
51552;2
51553;0
51554;1
51555;0
51556;1
51557;0
51558;0
51559;1
51560;2
51561;0
51562;1
51563;0
51564;1
51565;0
51566;0
51567;2
51568;1
51569;0
51570;0
51571;0
51572;1
51573;0
51574;1
51575;35
51576;0
51577;1
51578;0
51579;0
51580;1
51581;0
51582;1
51583;2
51584;1
51585;0
51586;0
51587;1
51588;0
51589;1
51590;0
51591;0
51592;1
51593;0
51594;0
51595;1
51596;0
51597;35
51598;36
51599;0
51600;0
51601;1
51602;1
51603;0
51604;36
51605;35
51606;37
51607;0
51608;1
51609;0
51610;2
51611;1
51612;0
51613;1
51614;0
51615;1
51616;0
51617;1
51618;0
51619;1
51620;0
51621;11
51622;12
51623;0
51624;0
51625;1
51626;0
51627;1
51628;0
51629;2
51630;0
51631;0
51632;0
51633;1
51634;0
51635;1
51636;0
51637;0
51638;1
51639;0
51640;1
51641;4
51642;0
51643;1
51644;0
51645;0
51646;1
51647;0
51648;0
51649;0
51650;0
51651;0
51652;1
51653;35
51654;36
51655;0
51656;1
51657;0
51658;0
51659;1
51660;0
51661;1
51662;1
51663;0
51664;35
51665;36
51666;0
51667;1
51668;0
51669;1
51670;0
51671;0
51672;1
51673;0
51674;0
51675;1
51676;0
51677;0
51678;0
51679;0
51680;0
51681;0
51682;0
51683;2
51684;0
51685;1
51686;0
51687;1
51688;0
51689;1
51690;2
51691;1
51692;0
51693;0
51694;0
51695;1
51696;0
51697;60
51698;0
51699;59
51700;1
51701;2
51702;61
51703;0
51704;1
51705;0
51706;1
51707;0
51708;0
51709;1
51710;0
51711;1
51712;0
51713;0
51714;0
51715;58
51716;60
51717;1
51718;59
51719;1
51720;0
51721;0
51722;0
51723;1
51724;0
51725;0
51726;2
51727;1
51728;1
51729;0
51730;1
51731;0
51732;1
51733;0
51734;0
51735;0
51736;1
51737;0
51738;0
51739;0
51740;0
51741;1
51742;0
51743;2
51744;1
51745;0
51746;0
51747;0
51748;0
51749;1
51750;0
51751;1
51752;0
51753;0
51754;0
51755;1
51756;0
51757;1
51758;0
51759;1
51760;0
51761;1
51762;0
51763;1
51764;0
51765;35
51766;36
51767;0
51768;1
51769;0
51770;59
51771;0
51772;1
51773;0
51774;1
51775;0
51776;1
51777;0
51778;0
51779;1
51780;35
51781;36
51782;37
51783;38
51784;0
51785;2
51786;1
51787;0
51788;1
51789;0
51790;1
51791;0
51792;1
51793;0
51794;1
51795;0
51796;1
51797;0
51798;1
51799;0
51800;1
51801;0
51802;0
51803;0
51804;39
51805;35
51806;38
51807;36
51808;0
51809;1
51810;1
51811;0
51812;0
51813;1
51814;0
51815;1
51816;0
51817;1
51818;0
51819;1
51820;0
51821;0
51822;0
51823;1
51824;0
51825;0
51826;0
51827;0
51828;1
51829;1
51830;0
51831;0
51832;0
51833;0
51834;1
51835;2
51836;0
51837;0
51838;0
51839;0
51840;2
51841;1
51842;0
51843;1
51844;35
51845;36
51846;0
51847;2
51848;1
51849;0
51850;0
51851;45
51852;1
51853;0
51854;0
51855;39
51856;0
51857;1
51858;0
51859;0
51860;0
51861;1
51862;0
51863;1
51864;0
51865;0
51866;0
51867;0
51868;1
51869;0
51870;0
51871;1
51872;0
51873;1
51874;0
51875;1
51876;0
51877;1
51878;0
51879;1
51880;0
51881;0
51882;1
51883;0
51884;1
51885;36
51886;35
51887;0
51888;1
51889;1
51890;0
51891;0
51892;0
51893;1
51894;35
51895;35
51896;0
51897;6
51898;0
51899;1
51900;0
51901;1
51902;1
51903;0
51904;2
51905;0
51906;0
51907;0
51908;0
51909;1
51910;2
51911;0
51912;1
51913;0
51914;0
51915;35
51916;0
51917;0
51918;1
51919;0
51920;49
51921;51
51922;14
51923;50
51924;15
51925;0
51926;0
51927;1
51928;2
51929;0
51930;1
51931;0
51932;0
51933;0
51934;1
51935;0
51936;1
51937;0
51938;1
51939;0
51940;2
51941;1
51942;0
51943;45
51944;0
51945;1
51946;34
51947;36
51948;37
51949;0
51950;0
51951;1
51952;2
51953;0
51954;0
51955;1
51956;1
51957;0
51958;0
51959;44
51960;61
51961;0
51962;0
51963;0
51964;0
51965;1
51966;0
51967;1
51968;47
51969;44
51970;45
51971;76
51972;74
51973;1
51974;0
51975;0
51976;0
51977;1
51978;0
51979;0
51980;35
51981;36
51982;0
51983;0
51984;0
51985;0
51986;1
51987;0
51988;2
51989;1
51990;0
51991;0
51992;0
51993;0
51994;1
51995;0
51996;1
51997;0
51998;1
51999;0
52000;1
52001;0
52002;2
52003;1
52004;0
52005;1
52006;0
52007;0
52008;1
52009;35
52010;36
52011;0
52012;0
52013;2
52014;0
52015;1
52016;0
52017;1
52018;0
52019;0
52020;0
52021;0
52022;1
52023;0
52024;0
52025;1
52026;0
52027;1
52028;1
52029;0
52030;0
52031;0
52032;1
52033;0
52034;1
52035;0
52036;1
52037;0
52038;1
52039;0
52040;0
52041;0
52042;1
52043;0
52044;0
52045;1
52046;0
52047;1
52048;0
52049;1
52050;37
52051;35
52052;0
52053;36
52054;0
52055;1
52056;0
52057;1
52058;0
52059;0
52060;0
52061;1
52062;0
52063;0
52064;0
52065;0
52066;0
52067;0
52068;1
52069;0
52070;1
52071;2
52072;0
52073;1
52074;0
52075;0
52076;1
52077;41
52078;0
52079;1
52080;0
52081;0
52082;0
52083;1
52084;0
52085;0
52086;1
52087;0
52088;1
52089;0
52090;1
52091;0
52092;41
52093;40
52094;1
52095;0
52096;35
52097;39
52098;1
52099;0
52100;0
52101;1
52102;2
52103;0
52104;0
52105;1
52106;35
52107;0
52108;1
52109;0
52110;0
52111;0
52112;0
52113;1
52114;2
52115;0
52116;0
52117;1
52118;1
52119;0
52120;0
52121;1
52122;2
52123;0
52124;0
52125;1
52126;40
52127;0
52128;0
52129;0
52130;1
52131;0
52132;1
52133;0
52134;49
52135;47
52136;0
52137;48
52138;0
52139;1
52140;1
52141;0
52142;0
52143;0
52144;1
52145;0
52146;0
52147;35
52148;1
52149;1
52150;0
52151;0
52152;1
52153;2
52154;0
52155;0
52156;1
52157;0
52158;0
52159;2
52160;0
52161;0
52162;1
52163;2
52164;0
52165;0
52166;36
52167;32
52168;41
52169;35
52170;33
52171;0
52172;0
52173;0
52174;1
52175;47
52176;0
52177;48
52178;1
52179;0
52180;1
52181;0
52182;1
52183;0
52184;2
52185;1
52186;0
52187;0
52188;0
52189;0
52190;1
52191;0
52192;0
52193;0
52194;0
52195;1
52196;2
52197;0
52198;1
52199;0
52200;1
52201;1
52202;0
52203;1
52204;0
52205;0
52206;0
52207;1
52208;2
52209;1
52210;0
52211;0
52212;36
52213;0
52214;1
52215;35
52216;1
52217;0
52218;0
52219;1
52220;0
52221;0
52222;1
52223;0
52224;1
52225;0
52226;0
52227;0
52228;0
52229;0
52230;49
52231;47
52232;0
52233;1
52234;35
52235;0
52236;1
52237;0
52238;1
52239;0
52240;1
52241;0
52242;1
52243;0
52244;0
52245;2
52246;0
52247;35
52248;36
52249;0
52250;1
52251;0
52252;1
52253;1
52254;0
52255;0
52256;1
52257;0
52258;1
52259;14
52260;13
52261;0
52262;0
52263;1
52264;0
52265;2
52266;1
52267;0
52268;1
52269;0
52270;1
52271;1
52272;0
52273;0
52274;0
52275;1
52276;0
52277;1
52278;0
52279;0
52280;1
52281;0
52282;1
52283;40
52284;0
52285;1
52286;26
52287;29
52288;16
52289;17
52290;39
52291;36
52292;19
52293;37
52294;0
52295;0
52296;0
52297;1
52298;2
52299;35
52300;36
52301;0
52302;1
52303;0
52304;1
52305;1
52306;0
52307;0
52308;1
52309;0
52310;13
52311;14
52312;0
52313;0
52314;1
52315;0
52316;1
52317;0
52318;0
52319;1
52320;9
52321;10
52322;38
52323;37
52324;11
52325;0
52326;0
52327;0
52328;0
52329;1
52330;0
52331;0
52332;1
52333;0
52334;0
52335;0
52336;1
52337;31
52338;35
52339;0
52340;1
52341;0
52342;0
52343;1
52344;0
52345;1
52346;0
52347;0
52348;1
52349;0
52350;1
52351;0
52352;1
52353;0
52354;0
52355;81
52356;1
52357;82
52358;0
52359;0
52360;0
52361;2
52362;0
52363;1
52364;0
52365;1
52366;1
52367;0
52368;0
52369;0
52370;1
52371;0
52372;0
52373;35
52374;0
52375;1
52376;0
52377;0
52378;45
52379;1
52380;0
52381;0
52382;1
52383;45
52384;0
52385;1
52386;41
52387;40
52388;0
52389;1
52390;2
52391;0
52392;1
52393;0
52394;0
52395;1
52396;0
52397;0
52398;0
52399;1
52400;0
52401;0
52402;2
52403;0
52404;1
52405;0
52406;0
52407;1
52408;0
52409;0
52410;1
52411;0
52412;0
52413;1
52414;0
52415;1
52416;35
52417;36
52418;1
52419;0
52420;0
52421;1
52422;35
52423;36
52424;0
52425;35
52426;62
52427;0
52428;1
52429;0
52430;35
52431;36
52432;1
52433;0
52434;1
52435;0
52436;0
52437;1
52438;1
52439;0
52440;0
52441;1
52442;0
52443;35
52444;0
52445;1
52446;0
52447;1
52448;0
52449;1
52450;1
52451;0
52452;0
52453;1
52454;0
52455;1
52456;35
52457;0
52458;1
52459;0
52460;1
52461;0
52462;1
52463;0
52464;0
52465;2
52466;0
52467;1
52468;0
52469;0
52470;1
52471;0
52472;0
52473;0
52474;1
52475;0
52476;1
52477;0
52478;1
52479;0
52480;0
52481;1
52482;0
52483;1
52484;0
52485;1
52486;0
52487;1
52488;27
52489;0
52490;40
52491;41
52492;39
52493;43
52494;0
52495;0
52496;0
52497;2
52498;1
52499;35
52500;0
52501;1
52502;1
52503;0
52504;1
52505;0
52506;0
52507;0
52508;0
52509;1
52510;0
52511;0
52512;1
52513;0
52514;1
52515;1
52516;0
52517;0
52518;35
52519;0
52520;2
52521;0
52522;0
52523;0
52524;0
52525;1
52526;0
52527;0
52528;1
52529;2
52530;37
52531;9
52532;10
52533;39
52534;35
52535;0
52536;1
52537;0
52538;0
52539;0
52540;2
52541;1
52542;0
52543;0
52544;1
52545;0
52546;1
52547;1
52548;0
52549;0
52550;1
52551;0
52552;1
52553;2
52554;0
52555;0
52556;47
52557;1
52558;0
52559;44
52560;45
52561;0
52562;47
52563;48
52564;49
52565;0
52566;0
52567;1
52568;1
52569;0
52570;0
52571;35
52572;36
52573;0
52574;1
52575;0
52576;2
52577;0
52578;1
52579;0
52580;0
52581;1
52582;0
52583;2
52584;0
52585;1
52586;0
52587;0
52588;1
52589;0
52590;1
52591;0
52592;1
52593;0
52594;1
52595;0
52596;1
52597;0
52598;0
52599;0
52600;1
52601;0
52602;1
52603;0
52604;1
52605;0
52606;0
52607;0
52608;1
52609;0
52610;1
52611;0
52612;1
52613;0
52614;2
52615;1
52616;0
52617;1
52618;1
52619;0
52620;0
52621;0
52622;1
52623;0
52624;1
52625;0
52626;19
52627;21
52628;0
52629;13
52630;20
52631;1
52632;0
52633;1
52634;43
52635;0
52636;0
52637;0
52638;1
52639;0
52640;1
52641;0
52642;0
52643;1
52644;0
52645;2
52646;35
52647;36
52648;38
52649;0
52650;37
52651;0
52652;0
52653;1
52654;0
52655;1
52656;0
52657;1
52658;0
52659;1
52660;1
52661;0
52662;0
52663;0
52664;0
52665;0
52666;2
52667;1
52668;0
52669;1
52670;1
52671;0
52672;0
52673;1
52674;35
52675;0
52676;0
52677;0
52678;19
52679;0
52680;1
52681;0
52682;1
52683;0
52684;0
52685;0
52686;1
52687;0
52688;1
52689;0
52690;0
52691;0
52692;0
52693;1
52694;2
52695;0
52696;1
52697;0
52698;1
52699;0
52700;1
52701;0
52702;1
52703;0
52704;0
52705;1
52706;1
52707;0
52708;1
52709;0
52710;2
52711;3
52712;42
52713;0
52714;0
52715;0
52716;1
52717;35
52718;0
52719;1
52720;0
52721;0
52722;1
52723;0
52724;1
52725;0
52726;1
52727;1
52728;0
52729;0
52730;1
52731;0
52732;1
52733;0
52734;1
52735;0
52736;0
52737;1
52738;0
52739;1
52740;0
52741;35
52742;0
52743;0
52744;0
52745;0
52746;1
52747;0
52748;1
52749;0
52750;1
52751;0
52752;1
52753;0
52754;2
52755;1
52756;35
52757;36
52758;0
52759;1
52760;2
52761;0
52762;0
52763;0
52764;2
52765;1
52766;0
52767;1
52768;0
52769;1
52770;0
52771;1
52772;0
52773;1
52774;0
52775;1
52776;1
52777;0
52778;0
52779;1
52780;0
52781;0
52782;1
52783;0
52784;0
52785;0
52786;0
52787;1
52788;39
52789;0
52790;1
52791;0
52792;0
52793;1
52794;0
52795;1
52796;0
52797;0
52798;0
52799;1
52800;0
52801;35
52802;0
52803;1
52804;0
52805;1
52806;1
52807;2
52808;0
52809;0
52810;1
52811;1
52812;0
52813;28
52814;2
52815;0
52816;1
52817;52
52818;1
52819;0
52820;0
52821;39
52822;0
52823;40
52824;50
52825;49
52826;0
52827;35
52828;36
52829;0
52830;0
52831;1
52832;0
52833;0
52834;0
52835;1
52836;21
52837;20
52838;42
52839;41
52840;46
52841;43
52842;35
52843;35
52844;36
52845;0
52846;1
52847;0
52848;1
52849;0
52850;0
52851;35
52852;36
52853;0
52854;1
52855;0
52856;1
52857;1
52858;0
52859;48
52860;0
52861;49
52862;0
52863;1
52864;0
52865;0
52866;49
52867;47
52868;0
52869;1
52870;35
52871;36
52872;0
52873;1
52874;10
52875;0
52876;1
52877;2
52878;0
52879;0
52880;1
52881;0
52882;1
52883;1
52884;0
52885;46
52886;1
52887;0
52888;0
52889;1
52890;0
52891;1
52892;0
52893;0
52894;1
52895;0
52896;0
52897;1
52898;0
52899;0
52900;0
52901;44
52902;43
52903;1
52904;35
52905;36
52906;0
52907;0
52908;2
52909;0
52910;1
52911;0
52912;1
52913;0
52914;0
52915;1
52916;0
52917;0
52918;35
52919;0
52920;1
52921;0
52922;1
52923;1
52924;0
52925;0
52926;1
52927;0
52928;1
52929;0
52930;1
52931;0
52932;0
52933;0
52934;1
52935;44
52936;53
52937;0
52938;0
52939;0
52940;0
52941;1
52942;0
52943;2
52944;1
52945;0
52946;1
52947;0
52948;0
52949;1
52950;0
52951;1
52952;3
52953;2
52954;0
52955;1
52956;0
52957;1
52958;0
52959;0
52960;0
52961;0
52962;0
52963;0
52964;0
52965;0
52966;0
52967;1
52968;0
52969;0
52970;0
52971;1
52972;0
52973;0
52974;1
52975;1
52976;0
52977;0
52978;0
52979;1
52980;1
52981;0
52982;0
52983;1
52984;35
52985;0
52986;1
52987;0
52988;1
52989;0
52990;1
52991;0
52992;1
52993;0
52994;1
52995;0
52996;50
52997;0
52998;49
52999;0
53000;1
53001;0
53002;1
53003;2
53004;0
53005;1
53006;0
53007;1
53008;35
53009;36
53010;11
53011;15
53012;12
53013;9
53014;8
53015;0
53016;1
53017;0
53018;1
53019;0
53020;1
53021;4
53022;0
53023;0
53024;38
53025;39
53026;0
53027;1
53028;0
53029;1
53030;0
53031;0
53032;1
53033;2
53034;0
53035;1
53036;0
53037;0
53038;41
53039;0
53040;0
53041;1
53042;1
53043;0
53044;0
53045;0
53046;1
53047;0
53048;0
53049;1
53050;11
53051;35
53052;36
53053;1
53054;0
53055;0
53056;1
53057;0
53058;0
53059;1
53060;4
53061;0
53062;0
53063;1
53064;0
53065;0
53066;1
53067;2
53068;0
53069;0
53070;16
53071;0
53072;1
53073;1
53074;0
53075;1
53076;0
53077;0
53078;0
53079;1
53080;0
53081;2
53082;1
53083;1
53084;0
53085;2
53086;0
53087;1
53088;0
53089;0
53090;1
53091;0
53092;1
53093;0
53094;0
53095;1
53096;2
53097;0
53098;43
53099;39
53100;2
53101;1
53102;1
53103;0
53104;0
53105;54
53106;0
53107;1
53108;0
53109;0
53110;1
53111;0
53112;1
53113;0
53114;0
53115;1
53116;0
53117;1
53118;0
53119;0
53120;0
53121;26
53122;27
53123;0
53124;0
53125;1
53126;0
53127;1
53128;0
53129;0
53130;1
53131;47
53132;0
53133;48
53134;1
53135;0
53136;0
53137;1
53138;2
53139;0
53140;0
53141;1
53142;0
53143;1
53144;0
53145;0
53146;1
53147;0
53148;0
53149;1
53150;0
53151;28
53152;36
53153;0
53154;1
53155;35
53156;36
53157;0
53158;70
53159;71
53160;0
53161;0
53162;1
53163;0
53164;1
53165;0
53166;1
53167;0
53168;1
53169;0
53170;0
53171;1
53172;0
53173;0
53174;1
53175;1
53176;0
53177;0
53178;0
53179;1
53180;0
53181;0
53182;0
53183;1
53184;1
53185;0
53186;0
53187;1
53188;0
53189;0
53190;0
53191;0
53192;0
53193;2
53194;1
53195;0
53196;0
53197;0
53198;0
53199;0
53200;1
53201;0
53202;37
53203;0
53204;1
53205;38
53206;0
53207;1
53208;0
53209;0
53210;0
53211;1
53212;0
53213;0
53214;1
53215;0
53216;0
53217;1
53218;1
53219;0
53220;0
53221;1
53222;1
53223;0
53224;70
53225;20
53226;19
53227;71
53228;18
53229;0
53230;1
53231;0
53232;1
53233;0
53234;0
53235;1
53236;0
53237;1
53238;0
53239;1
53240;28
53241;0
53242;0
53243;1
53244;0
53245;0
53246;1
53247;0
53248;1
53249;0
53250;0
53251;1
53252;0
53253;0
53254;0
53255;1
53256;0
53257;1
53258;0
53259;0
53260;1
53261;0
53262;1
53263;0
53264;1
53265;0
53266;1
53267;0
53268;1
53269;0
53270;0
53271;0
53272;1
53273;1
53274;0
53275;1
53276;0
53277;2
53278;0
53279;1
53280;0
53281;0
53282;2
53283;1
53284;0
53285;36
53286;38
53287;74
53288;71
53289;69
53290;75
53291;0
53292;2
53293;35
53294;0
53295;2
53296;1
53297;0
53298;1
53299;0
53300;0
53301;1
53302;0
53303;48
53304;82
53305;84
53306;35
53307;83
53308;0
53309;1
53310;0
53311;23
53312;1
53313;22
53314;13
53315;1
53316;0
53317;35
53318;36
53319;0
53320;0
53321;1
53322;0
53323;0
53324;0
53325;0
53326;0
53327;41
53328;0
53329;40
53330;40
53331;0
53332;0
53333;0
53334;0
53335;1
53336;2
53337;0
53338;1
53339;0
53340;2
53341;0
53342;1
53343;0
53344;0
53345;0
53346;1
53347;0
53348;0
53349;1
53350;1
53351;0
53352;0
53353;1
53354;0
53355;0
53356;1
53357;0
53358;0
53359;0
53360;0
53361;2
53362;1
53363;0
53364;1
53365;0
53366;0
53367;1
53368;0
53369;0
53370;35
53371;0
53372;1
53373;1
53374;2
53375;0
53376;0
53377;1
53378;2
53379;14
53380;16
53381;15
53382;0
53383;0
53384;0
53385;0
53386;0
53387;1
53388;0
53389;1
53390;0
53391;1
53392;0
53393;16
53394;17
53395;0
53396;1
53397;0
53398;0
53399;1
53400;1
53401;0
53402;0
53403;1
53404;0
53405;0
53406;0
53407;0
53408;1
53409;0
53410;1
53411;0
53412;1
53413;23
53414;24
53415;1
53416;0
53417;0
53418;0
53419;1
53420;0
53421;0
53422;1
53423;0
53424;1
53425;0
53426;1
53427;0
53428;1
53429;0
53430;1
53431;0
53432;0
53433;1
53434;0
53435;0
53436;1
53437;0
53438;40
53439;1
53440;0
53441;1
53442;0
53443;0
53444;1
53445;0
53446;0
53447;0
53448;1
53449;0
53450;0
53451;40
53452;1
53453;0
53454;1
53455;0
53456;1
53457;2
53458;0
53459;1
53460;0
53461;1
53462;0
53463;1
53464;0
53465;1
53466;0
53467;0
53468;1
53469;23
53470;24
53471;15
53472;59
53473;35
53474;0
53475;2
53476;0
53477;3
53478;1
53479;0
53480;1
53481;0
53482;1
53483;0
53484;0
53485;0
53486;1
53487;0
53488;1
53489;44
53490;2
53491;0
53492;1
53493;0
53494;0
53495;1
53496;0
53497;0
53498;39
53499;0
53500;35
53501;0
53502;1
53503;0
53504;2
53505;0
53506;1
53507;0
53508;2
53509;1
53510;0
53511;1
53512;0
53513;0
53514;1
53515;0
53516;1
53517;0
53518;0
53519;1
53520;0
53521;2
53522;1
53523;0
53524;82
53525;83
53526;1
53527;0
53528;1
53529;0
53530;1
53531;0
53532;1
53533;75
53534;40
53535;0
53536;76
53537;0
53538;1
53539;0
53540;24
53541;25
53542;1
53543;0
53544;0
53545;1
53546;0
53547;1
53548;1
53549;0
53550;35
53551;0
53552;0
53553;1
53554;0
53555;1
53556;2
53557;0
53558;1
53559;0
53560;2
53561;1
53562;0
53563;1
53564;0
53565;0
53566;2
53567;1
53568;0
53569;11
53570;1
53571;0
53572;1
53573;0
53574;1
53575;0
53576;0
53577;1
53578;0
53579;0
53580;1
53581;0
53582;2
53583;1
53584;40
53585;0
53586;1
53587;41
53588;0
53589;0
53590;1
53591;0
53592;0
53593;0
53594;1
53595;1
53596;0
53597;0
53598;1
53599;0
53600;1
53601;51
53602;50
53603;49
53604;0
53605;1
53606;0
53607;0
53608;1
53609;0
53610;1
53611;0
53612;1
53613;0
53614;39
53615;38
53616;0
53617;1
53618;0
53619;1
53620;1
53621;0
53622;0
53623;1
53624;53
53625;54
53626;0
53627;2
53628;0
53629;1
53630;0
53631;1
53632;0
53633;1
53634;0
53635;47
53636;0
53637;0
53638;0
53639;1
53640;0
53641;0
53642;0
53643;0
53644;1
53645;6
53646;58
53647;49
53648;7
53649;0
53650;0
53651;1
53652;0
53653;1
53654;0
53655;0
53656;0
53657;1
53658;1
53659;0
53660;35
53661;36
53662;0
53663;0
53664;1
53665;0
53666;1
53667;0
53668;1
53669;0
53670;1
53671;0
53672;0
53673;1
53674;2
53675;0
53676;1
53677;0
53678;0
53679;52
53680;0
53681;1
53682;0
53683;0
53684;1
53685;0
53686;0
53687;1
53688;0
53689;1
53690;0
53691;1
53692;1
53693;0
53694;0
53695;0
53696;0
53697;0
53698;1
53699;0
53700;0
53701;1
53702;0
53703;1
53704;1
53705;0
53706;1
53707;0
53708;2
53709;0
53710;0
53711;0
53712;1
53713;0
53714;1
53715;0
53716;1
53717;0
53718;0
53719;36
53720;35
53721;37
53722;35
53723;0
53724;0
53725;1
53726;0
53727;1
53728;1
53729;0
53730;0
53731;0
53732;1
53733;0
53734;1
53735;0
53736;0
53737;35
53738;1
53739;0
53740;35
53741;36
53742;0
53743;0
53744;2
53745;1
53746;1
53747;0
53748;0
53749;1
53750;0
53751;1
53752;0
53753;1
53754;0
53755;0
53756;0
53757;0
53758;1
53759;0
53760;1
53761;1
53762;0
53763;24
53764;0
53765;1
53766;0
53767;1
53768;0
53769;1
53770;0
53771;1
53772;0
53773;1
53774;0
53775;0
53776;0
53777;41
53778;0
53779;0
53780;1
53781;0
53782;0
53783;1
53784;0
53785;1
53786;0
53787;1
53788;0
53789;0
53790;0
53791;2
53792;1
53793;1
53794;0
53795;0
53796;1
53797;35
53798;70
53799;39
53800;71
53801;0
53802;0
53803;0
53804;1
53805;1
53806;0
53807;0
53808;39
53809;1
53810;0
53811;0
53812;0
53813;1
53814;0
53815;1
53816;0
53817;1
53818;0
53819;0
53820;0
53821;1
53822;2
53823;0
53824;1
53825;0
53826;35
53827;36
53828;37
53829;0
53830;2
53831;0
53832;0
53833;0
53834;1
53835;0
53836;1
53837;1
53838;0
53839;0
53840;1
53841;0
53842;1
53843;0
53844;0
53845;2
53846;39
53847;0
53848;1
53849;0
53850;0
53851;1
53852;0
53853;0
53854;0
53855;1
53856;0
53857;1
53858;0
53859;0
53860;1
53861;0
53862;1
53863;0
53864;1
53865;0
53866;1
53867;0
53868;0
53869;2
53870;1
53871;0
53872;1
53873;0
53874;1
53875;0
53876;1
53877;0
53878;12
53879;0
53880;0
53881;1
53882;35
53883;0
53884;1
53885;1
53886;44
53887;0
53888;45
53889;0
53890;0
53891;1
53892;1
53893;0
53894;0
53895;1
53896;47
53897;48
53898;0
53899;0
53900;0
53901;1
53902;0
53903;35
53904;72
53905;77
53906;0
53907;0
53908;0
53909;1
53910;0
53911;1
53912;0
53913;1
53914;0
53915;1
53916;1
53917;0
53918;0
53919;0
53920;1
53921;0
53922;2
53923;1
53924;0
53925;0
53926;1
53927;0
53928;1
53929;35
53930;37
53931;0
53932;1
53933;0
53934;1
53935;6
53936;0
53937;0
53938;0
53939;0
53940;39
53941;47
53942;49
53943;0
53944;0
53945;0
53946;1
53947;2
53948;0
53949;1
53950;0
53951;1
53952;0
53953;1
53954;1
53955;0
53956;1
53957;0
53958;0
53959;1
53960;0
53961;0
53962;1
53963;0
53964;0
53965;1
53966;0
53967;0
53968;1
53969;0
53970;1
53971;0
53972;0
53973;0
53974;1
53975;0
53976;0
53977;75
53978;45
53979;0
53980;0
53981;1
53982;0
53983;1
53984;0
53985;2
53986;1
53987;0
53988;1
53989;0
53990;1
53991;0
53992;0
53993;0
53994;0
53995;1
53996;0
53997;1
53998;0
53999;40
54000;2
54001;1
54002;0
54003;0
54004;2
54005;1
54006;0
54007;2
54008;1
54009;0
54010;1
54011;27
54012;0
54013;0
54014;1
54015;0
54016;1
54017;0
54018;1
54019;0
54020;0
54021;1
54022;0
54023;0
54024;1
54025;0
54026;1
54027;1
54028;0
54029;0
54030;1
54031;0
54032;0
54033;1
54034;35
54035;0
54036;1
54037;35
54038;36
54039;37
54040;1
54041;0
54042;0
54043;0
54044;0
54045;1
54046;0
54047;0
54048;0
54049;1
54050;0
54051;1
54052;0
54053;0
54054;1
54055;35
54056;0
54057;1
54058;0
54059;0
54060;40
54061;0
54062;1
54063;0
54064;0
54065;1
54066;0
54067;1
54068;1
54069;0
54070;39
54071;1
54072;0
54073;0
54074;1
54075;1
54076;0
54077;0
54078;0
54079;1
54080;0
54081;0
54082;0
54083;1
54084;0
54085;1
54086;35
54087;36
54088;22
54089;1
54090;0
54091;1
54092;0
54093;0
54094;1
54095;2
54096;0
54097;1
54098;35
54099;36
54100;0
54101;35
54102;36
54103;0
54104;0
54105;40
54106;0
54107;1
54108;0
54109;1
54110;0
54111;1
54112;0
54113;1
54114;0
54115;1
54116;0
54117;1
54118;0
54119;0
54120;40
54121;41
54122;0
54123;1
54124;0
54125;0
54126;0
54127;0
54128;1
54129;0
54130;0
54131;1
54132;0
54133;1
54134;2
54135;0
54136;0
54137;0
54138;2
54139;0
54140;0
54141;1
54142;0
54143;1
54144;0
54145;53
54146;54
54147;2
54148;0
54149;1
54150;0
54151;1
54152;0
54153;1
54154;1
54155;0
54156;0
54157;0
54158;1
54159;0
54160;0
54161;1
54162;2
54163;0
54164;1
54165;0
54166;1
54167;0
54168;1
54169;0
54170;0
54171;1
54172;0
54173;0
54174;0
54175;1
54176;0
54177;0
54178;1
54179;75
54180;35
54181;74
54182;0
54183;1
54184;0
54185;0
54186;1
54187;0
54188;1
54189;0
54190;1
54191;1
54192;0
54193;0
54194;1
54195;0
54196;1
54197;0
54198;0
54199;1
54200;44
54201;0
54202;45
54203;2
54204;0
54205;1
54206;0
54207;1
54208;0
54209;2
54210;0
54211;1
54212;0
54213;0
54214;0
54215;1
54216;0
54217;1
54218;0
54219;1
54220;20
54221;1
54222;0
54223;0
54224;1
54225;0
54226;1
54227;0
54228;1
54229;0
54230;1
54231;0
54232;0
54233;1
54234;1
54235;43
54236;0
54237;41
54238;35
54239;36
54240;0
54241;1
54242;0
54243;1
54244;0
54245;0
54246;0
54247;1
54248;1
54249;0
54250;0
54251;0
54252;1
54253;0
54254;1
54255;0
54256;1
54257;0
54258;0
54259;0
54260;1
54261;0
54262;0
54263;0
54264;1
54265;0
54266;1
54267;0
54268;0
54269;1
54270;2
54271;1
54272;0
54273;0
54274;0
54275;0
54276;1
54277;0
54278;0
54279;1
54280;1
54281;0
54282;0
54283;1
54284;0
54285;1
54286;1
54287;0
54288;0
54289;1
54290;0
54291;2
54292;1
54293;0
54294;1
54295;0
54296;1
54297;0
54298;0
54299;1
54300;0
54301;0
54302;1
54303;0
54304;0
54305;1
54306;0
54307;1
54308;0
54309;1
54310;1
54311;0
54312;1
54313;0
54314;0
54315;1
54316;0
54317;1
54318;0
54319;1
54320;0
54321;1
54322;0
54323;1
54324;0
54325;5
54326;7
54327;6
54328;0
54329;1
54330;0
54331;1
54332;0
54333;0
54334;1
54335;35
54336;0
54337;1
54338;0
54339;0
54340;1
54341;0
54342;1
54343;35
54344;36
54345;62
54346;63
54347;0
54348;0
54349;1
54350;2
54351;0
54352;0
54353;0
54354;0
54355;1
54356;0
54357;1
54358;0
54359;1
54360;0
54361;1
54362;0
54363;1
54364;0
54365;0
54366;0
54367;1
54368;0
54369;1
54370;1
54371;0
54372;39
54373;0
54374;0
54375;0
54376;0
54377;1
54378;0
54379;1
54380;0
54381;1
54382;0
54383;1
54384;0
54385;0
54386;1
54387;0
54388;40
54389;0
54390;41
54391;1
54392;0
54393;33
54394;0
54395;1
54396;0
54397;0
54398;1
54399;0
54400;0
54401;0
54402;1
54403;0
54404;0
54405;2
54406;1
54407;25
54408;0
54409;1
54410;26
54411;1
54412;0
54413;0
54414;35
54415;0
54416;0
54417;1
54418;0
54419;1
54420;0
54421;1
54422;0
54423;0
54424;0
54425;0
54426;1
54427;0
54428;2
54429;1
54430;0
54431;1
54432;2
54433;45
54434;44
54435;0
54436;1
54437;0
54438;0
54439;0
54440;1
54441;2
54442;0
54443;0
54444;1
54445;20
54446;2
54447;18
54448;0
54449;0
54450;1
54451;0
54452;2
54453;1
54454;0
54455;1
54456;2
54457;0
54458;1
54459;1
54460;0
54461;0
54462;1
54463;0
54464;21
54465;0
54466;0
54467;1
54468;20
54469;1
54470;0
54471;0
54472;1
54473;0
54474;0
54475;0
54476;0
54477;0
54478;77
54479;76
54480;1
54481;0
54482;0
54483;1
54484;2
54485;0
54486;1
54487;0
54488;0
54489;1
54490;1
54491;0
54492;1
54493;0
54494;2
54495;1
54496;0
54497;1
54498;0
54499;0
54500;2
54501;0
54502;1
54503;0
54504;1
54505;1
54506;0
54507;0
54508;1
54509;0
54510;1
54511;0
54512;2
54513;0
54514;0
54515;1
54516;0
54517;0
54518;0
54519;1
54520;0
54521;1
54522;0
54523;0
54524;0
54525;1
54526;0
54527;1
54528;0
54529;0
54530;2
54531;1
54532;1
54533;35
54534;36
54535;0
54536;1
54537;0
54538;1
54539;2
54540;0
54541;0
54542;0
54543;0
54544;0
54545;1
54546;0
54547;1
54548;2
54549;0
54550;1
54551;0
54552;0
54553;1
54554;1
54555;0
54556;1
54557;0
54558;0
54559;0
54560;2
54561;1
54562;0
54563;1
54564;0
54565;1
54566;0
54567;1
54568;0
54569;1
54570;0
54571;1
54572;0
54573;0
54574;1
54575;0
54576;1
54577;0
54578;1
54579;0
54580;0
54581;1
54582;0
54583;1
54584;0
54585;1
54586;0
54587;1
54588;2
54589;0
54590;0
54591;0
54592;1
54593;0
54594;1
54595;2
54596;0
54597;1
54598;1
54599;0
54600;0
54601;0
54602;15
54603;13
54604;14
54605;35
54606;12
54607;0
54608;1
54609;0
54610;1
54611;0
54612;10
54613;1
54614;0
54615;0
54616;22
54617;36
54618;35
54619;21
54620;0
54621;0
54622;1
54623;0
54624;1
54625;0
54626;1
54627;0
54628;40
54629;0
54630;1
54631;0
54632;0
54633;1
54634;0
54635;0
54636;1
54637;0
54638;0
54639;0
54640;0
54641;0
54642;1
54643;1
54644;0
54645;0
54646;0
54647;1
54648;0
54649;1
54650;1
54651;0
54652;1
54653;0
54654;0
54655;8
54656;7
54657;6
54658;0
54659;1
54660;0
54661;0
54662;0
54663;1
54664;0
54665;1
54666;0
54667;1
54668;0
54669;1
54670;0
54671;0
54672;0
54673;1
54674;0
54675;1
54676;1
54677;0
54678;0
54679;1
54680;0
54681;0
54682;1
54683;0
54684;0
54685;0
54686;0
54687;1
54688;0
54689;1
54690;0
54691;1
54692;0
54693;0
54694;2
54695;1
54696;0
54697;1
54698;0
54699;1
54700;0
54701;0
54702;0
54703;1
54704;0
54705;0
54706;36
54707;35
54708;0
54709;0
54710;1
54711;0
54712;0
54713;1
54714;0
54715;56
54716;1
54717;2
54718;57
54719;35
54720;0
54721;1
54722;0
54723;0
54724;1
54725;0
54726;0
54727;1
54728;3
54729;2
54730;0
54731;1
54732;2
54733;0
54734;1
54735;1
54736;0
54737;35
54738;36
54739;0
54740;1
54741;0
54742;1
54743;0
54744;0
54745;0
54746;0
54747;0
54748;0
54749;0
54750;0
54751;0
54752;0
54753;1
54754;0
54755;1
54756;0
54757;39
54758;2
54759;0
54760;0
54761;0
54762;0
54763;0
54764;1
54765;35
54766;36
54767;0
54768;0
54769;0
54770;1
54771;35
54772;36
54773;0
54774;1
54775;14
54776;13
54777;0
54778;1
54779;47
54780;0
54781;1
54782;0
54783;1
54784;0
54785;0
54786;2
54787;1
54788;0
54789;1
54790;0
54791;1
54792;0
54793;1
54794;0
54795;2
54796;1
54797;0
54798;1
54799;35
54800;36
54801;0
54802;1
54803;0
54804;0
54805;0
54806;1
54807;0
54808;0
54809;1
54810;0
54811;1
54812;0
54813;1
54814;0
54815;3
54816;1
54817;47
54818;4
54819;0
54820;0
54821;0
54822;1
54823;0
54824;0
54825;2
54826;1
54827;1
54828;0
54829;0
54830;0
54831;1
54832;35
54833;0
54834;0
54835;0
54836;1
54837;0
54838;1
54839;2
54840;0
54841;0
54842;35
54843;36
54844;0
54845;0
54846;0
54847;2
54848;1
54849;0
54850;0
54851;0
54852;0
54853;1
54854;0
54855;1
54856;0
54857;1
54858;0
54859;0
54860;1
54861;0
54862;1
54863;0
54864;1
54865;36
54866;35
54867;0
54868;1
54869;0
54870;0
54871;1
54872;0
54873;0
54874;1
54875;1
54876;0
54877;1
54878;0
54879;0
54880;0
54881;0
54882;1
54883;3
54884;0
54885;1
54886;1
54887;0
54888;2
54889;0
54890;0
54891;0
54892;0
54893;1
54894;0
54895;2
54896;0
54897;1
54898;0
54899;0
54900;0
54901;0
54902;0
54903;1
54904;1
54905;0
54906;0
54907;1
54908;2
54909;0
54910;1
54911;35
54912;36
54913;0
54914;1
54915;0
54916;1
54917;0
54918;0
54919;0
54920;1
54921;1
54922;0
54923;0
54924;0
54925;1
54926;0
54927;1
54928;0
54929;0
54930;0
54931;2
54932;1
54933;0
54934;0
54935;1
54936;0
54937;1
54938;0
54939;0
54940;1
54941;0
54942;1
54943;2
54944;41
54945;42
54946;0
54947;44
54948;0
54949;1
54950;0
54951;1
54952;2
54953;0
54954;1
54955;0
54956;1
54957;1
54958;0
54959;69
54960;0
54961;1
54962;0
54963;2
54964;0
54965;1
54966;35
54967;36
54968;0
54969;1
54970;1
54971;0
54972;0
54973;0
54974;1
54975;2
54976;0
54977;1
54978;2
54979;0
54980;1
54981;40
54982;0
54983;42
54984;41
54985;0
54986;1
54987;0
54988;1
54989;1
54990;0
54991;0
54992;2
54993;1
54994;0
54995;0
54996;0
54997;1
54998;0
54999;1
55000;0
55001;1
55002;0
55003;57
55004;56
55005;1
55006;0
55007;0
55008;1
55009;0
55010;1
55011;0
55012;0
55013;1
55014;1
55015;0
55016;0
55017;1
55018;0
55019;0
55020;1
55021;1
55022;0
55023;1
55024;36
55025;35
55026;1
55027;0
55028;1
55029;0
55030;0
55031;39
55032;2
55033;1
55034;0
55035;0
55036;1
55037;0
55038;1
55039;1
55040;0
55041;2
55042;0
55043;1
55044;1
55045;0
55046;1
55047;0
55048;0
55049;0
55050;0
55051;0
55052;1
55053;0
55054;0
55055;0
55056;0
55057;0
55058;1
55059;0
55060;0
55061;0
55062;1
55063;2
55064;0
55065;42
55066;0
55067;1
55068;43
55069;0
55070;1
55071;1
55072;0
55073;0
55074;0
55075;0
55076;1
55077;36
55078;35
55079;0
55080;1
55081;0
55082;0
55083;1
55084;0
55085;1
55086;0
55087;1
55088;0
55089;1
55090;0
55091;1
55092;0
55093;1
55094;1
55095;0
55096;1
55097;0
55098;0
55099;1
55100;2
55101;0
55102;1
55103;0
55104;1
55105;0
55106;0
55107;1
55108;0
55109;1
55110;1
55111;0
55112;0
55113;1
55114;0
55115;0
55116;0
55117;0
55118;1
55119;1
55120;0
55121;16
55122;37
55123;38
55124;35
55125;36
55126;59
55127;58
55128;0
55129;0
55130;47
55131;46
55132;1
55133;86
55134;0
55135;0
55136;0
55137;1
55138;0
55139;0
55140;1
55141;0
55142;1
55143;0
55144;1
55145;3
55146;1
55147;0
55148;2
55149;0
55150;2
55151;1
55152;0
55153;0
55154;1
55155;0
55156;1
55157;0
55158;0
55159;0
55160;1
55161;0
55162;1
55163;0
55164;1
55165;1
55166;0
55167;1
55168;0
55169;0
55170;0
55171;1
55172;0
55173;35
55174;36
55175;0
55176;1
55177;0
55178;0
55179;1
55180;0
55181;1
55182;0
55183;13
55184;1
55185;0
55186;0
55187;0
55188;0
55189;0
55190;1
55191;0
55192;2
55193;1
55194;10
55195;0
55196;20
55197;1
55198;0
55199;1
55200;0
55201;0
55202;0
55203;1
55204;0
55205;1
55206;0
55207;1
55208;0
55209;0
55210;0
55211;1
55212;0
55213;1
55214;0
55215;1
55216;0
55217;1
55218;0
55219;1
55220;0
55221;1
55222;0
55223;1
55224;0
55225;0
55226;0
55227;1
55228;0
55229;1
55230;0
55231;3
55232;1
55233;0
55234;35
55235;49
55236;1
55237;51
55238;2
55239;50
55240;1
55241;0
55242;0
55243;1
55244;0
55245;1
55246;0
55247;0
55248;1
55249;2
55250;0
55251;1
55252;0
55253;35
55254;37
55255;35
55256;36
55257;0
55258;0
55259;1
55260;0
55261;1
55262;0
55263;0
55264;1
55265;1
55266;0
55267;1
55268;0
55269;1
55270;0
55271;1
55272;0
55273;0
55274;1
55275;0
55276;0
55277;1
55278;41
55279;0
55280;1
55281;49
55282;38
55283;39
55284;0
55285;1
55286;2
55287;0
55288;1
55289;0
55290;1
55291;2
55292;0
55293;0
55294;0
55295;1
55296;0
55297;0
55298;2
55299;1
55300;0
55301;0
55302;0
55303;40
55304;60
55305;0
55306;59
55307;0
55308;1
55309;0
55310;0
55311;1
55312;0
55313;0
55314;0
55315;1
55316;0
55317;0
55318;1
55319;35
55320;16
55321;17
55322;35
55323;0
55324;1
55325;0
55326;0
55327;0
55328;1
55329;2
55330;0
55331;1
55332;1
55333;0
55334;0
55335;1
55336;1
55337;0
55338;0
55339;0
55340;1
55341;0
55342;1
55343;0
55344;1
55345;0
55346;1
55347;0
55348;1
55349;0
55350;0
55351;1
55352;47
55353;48
55354;0
55355;1
55356;0
55357;1
55358;0
55359;35
55360;36
55361;0
55362;2
55363;0
55364;1
55365;0
55366;1
55367;0
55368;0
55369;1
55370;0
55371;1
55372;0
55373;35
55374;0
55375;0
55376;1
55377;0
55378;0
55379;0
55380;0
55381;0
55382;0
55383;0
55384;0
55385;1
55386;0
55387;1
55388;0
55389;1
55390;0
55391;0
55392;1
55393;0
55394;1
55395;39
55396;38
55397;0
55398;1
55399;0
55400;0
55401;0
55402;1
55403;0
55404;1
55405;0
55406;0
55407;1
55408;0
55409;1
55410;0
55411;1
55412;0
55413;1
55414;0
55415;1
55416;35
55417;0
55418;1
55419;0
55420;1
55421;0
55422;35
55423;14
55424;13
55425;36
55426;0
55427;0
55428;1
55429;41
55430;0
55431;1
55432;76
55433;35
55434;0
55435;0
55436;0
55437;0
55438;0
55439;0
55440;1
55441;0
55442;0
55443;0
55444;1
55445;35
55446;47
55447;49
55448;0
55449;50
55450;0
55451;1
55452;0
55453;0
55454;2
55455;1
55456;0
55457;0
55458;0
55459;0
55460;1
55461;0
55462;1
55463;0
55464;0
55465;1
55466;35
55467;0
55468;1
55469;0
55470;1
55471;1
55472;0
55473;0
55474;1
55475;0
55476;0
55477;1
55478;1
55479;0
55480;0
55481;1
55482;0
55483;1
55484;0
55485;1
55486;0
55487;1
55488;0
55489;0
55490;1
55491;0
55492;41
55493;40
55494;0
55495;1
55496;6
55497;38
55498;36
55499;0
55500;0
55501;1
55502;0
55503;35
55504;36
55505;0
55506;1
55507;1
55508;0
55509;0
55510;1
55511;2
55512;1
55513;0
55514;0
55515;47
55516;0
55517;49
55518;48
55519;0
55520;1
55521;0
55522;1
55523;0
55524;1
55525;0
55526;1
55527;4
55528;0
55529;0
55530;1
55531;0
55532;2
55533;1
55534;0
55535;1
55536;0
55537;1
55538;35
55539;36
55540;0
55541;1
55542;0
55543;46
55544;47
55545;35
55546;36
55547;0
55548;0
55549;39
55550;1
55551;0
55552;1
55553;0
55554;0
55555;0
55556;1
55557;0
55558;1
55559;0
55560;1
55561;0
55562;1
55563;0
55564;1
55565;0
55566;1
55567;0
55568;0
55569;0
55570;1
55571;0
55572;0
55573;0
55574;1
55575;0
55576;1
55577;36
55578;0
55579;35
55580;0
55581;1
55582;0
55583;2
55584;0
55585;1
55586;0
55587;1
55588;1
55589;0
55590;0
55591;0
55592;0
55593;1
55594;0
55595;0
55596;2
55597;1
55598;0
55599;1
55600;0
55601;0
55602;1
55603;1
55604;0
55605;0
55606;1
55607;2
55608;36
55609;35
55610;0
55611;0
55612;1
55613;0
55614;0
55615;1
55616;2
55617;0
55618;1
55619;0
55620;1
55621;0
55622;0
55623;1
55624;1
55625;0
55626;35
55627;36
55628;0
55629;1
55630;2
55631;0
55632;1
55633;0
55634;1
55635;0
55636;1
55637;1
55638;0
55639;0
55640;0
55641;0
55642;1
55643;0
55644;0
55645;1
55646;1
55647;0
55648;0
55649;0
55650;0
55651;0
55652;0
55653;1
55654;1
55655;0
55656;0
55657;1
55658;0
55659;1
55660;1
55661;0
55662;0
55663;1
55664;0
55665;23
55666;0
55667;1
55668;1
55669;36
55670;0
55671;0
55672;0
55673;1
55674;1
55675;0
55676;1
55677;0
55678;0
55679;1
55680;1
55681;0
55682;0
55683;1
55684;0
55685;0
55686;0
55687;1
55688;0
55689;2
55690;1
55691;0
55692;1
55693;0
55694;1
55695;0
55696;0
55697;1
55698;0
55699;1
55700;0
55701;1
55702;0
55703;1
55704;0
55705;2
55706;1
55707;0
55708;1
55709;1
55710;0
55711;0
55712;2
55713;1
55714;0
55715;1
55716;0
55717;0
55718;46
55719;0
55720;1
55721;0
55722;1
55723;0
55724;1
55725;0
55726;0
55727;0
55728;0
55729;0
55730;1
55731;0
55732;0
55733;0
55734;0
55735;40
55736;0
55737;1
55738;0
55739;0
55740;2
55741;1
55742;0
55743;0
55744;35
55745;36
55746;1
55747;0
55748;0
55749;1
55750;0
55751;1
55752;0
55753;1
55754;0
55755;1
55756;0
55757;1
55758;0
55759;0
55760;0
55761;1
55762;2
55763;35
55764;0
55765;1
55766;0
55767;0
55768;0
55769;0
55770;1
55771;0
55772;0
55773;1
55774;0
55775;1
55776;0
55777;0
55778;1
55779;0
55780;1
55781;0
55782;1
55783;0
55784;0
55785;1
55786;2
55787;0
55788;1
55789;2
55790;1
55791;0
55792;0
55793;2
55794;1
55795;0
55796;1
55797;0
55798;1
55799;0
55800;0
55801;1
55802;0
55803;0
55804;1
55805;0
55806;1
55807;0
55808;1
55809;1
55810;0
55811;0
55812;1
55813;2
55814;1
55815;0
55816;1
55817;0
55818;0
55819;35
55820;36
55821;0
55822;1
55823;0
55824;0
55825;0
55826;1
55827;0
55828;0
55829;0
55830;0
55831;0
55832;1
55833;0
55834;0
55835;1
55836;0
55837;0
55838;0
55839;0
55840;0
55841;0
55842;0
55843;1
55844;1
55845;0
55846;0
55847;1
55848;0
55849;1
55850;0
55851;32
55852;31
55853;0
55854;1
55855;0
55856;1
55857;0
55858;0
55859;0
55860;0
55861;1
55862;0
55863;0
55864;1
55865;0
55866;0
55867;0
55868;1
55869;0
55870;0
55871;1
55872;0
55873;1
55874;0
55875;0
55876;0
55877;0
55878;0
55879;1
55880;49
55881;0
55882;51
55883;1
55884;50
55885;0
55886;1
55887;0
55888;0
55889;0
55890;1
55891;0
55892;1
55893;0
55894;1
55895;0
55896;0
55897;0
55898;1
55899;0
55900;1
55901;0
55902;1
55903;0
55904;0
55905;0
55906;1
55907;0
55908;1
55909;0
55910;35
55911;36
55912;6
55913;37
55914;0
55915;2
55916;1
55917;0
55918;1
55919;0
55920;0
55921;0
55922;0
55923;1
55924;0
55925;1
55926;0
55927;0
55928;1
55929;0
55930;1
55931;0
55932;1
55933;0
55934;0
55935;1
55936;0
55937;2
55938;0
55939;1
55940;0
55941;1
55942;35
55943;36
55944;0
55945;45
55946;1
55947;0
55948;1
55949;0
55950;1
55951;0
55952;1
55953;0
55954;0
55955;1
55956;1
55957;2
55958;0
55959;0
55960;1
55961;0
55962;1
55963;1
55964;0
55965;0
55966;0
55967;0
55968;1
55969;0
55970;1
55971;35
55972;36
55973;1
55974;0
55975;0
55976;0
55977;0
55978;2
55979;35
55980;1
55981;0
55982;0
55983;1
55984;0
55985;1
55986;0
55987;0
55988;1
55989;0
55990;1
55991;0
55992;1
55993;0
55994;0
55995;0
55996;1
55997;0
55998;1
55999;2
56000;0
56001;1
56002;1
56003;0
56004;0
56005;1
56006;0
56007;1
56008;0
56009;1
56010;1
56011;0
56012;0
56013;0
56014;1
56015;0
56016;1
56017;0
56018;35
56019;36
56020;0
56021;1
56022;0
56023;1
56024;36
56025;35
56026;59
56027;60
56028;0
56029;1
56030;0
56031;0
56032;2
56033;1
56034;0
56035;1
56036;0
56037;1
56038;0
56039;0
56040;1
56041;0
56042;1
56043;2
56044;39
56045;41
56046;42
56047;40
56048;0
56049;0
56050;1
56051;0
56052;0
56053;1
56054;0
56055;0
56056;0
56057;1
56058;0
56059;3
56060;1
56061;4
56062;0
56063;0
56064;1
56065;0
56066;1
56067;1
56068;0
56069;0
56070;2
56071;1
56072;0
56073;1
56074;0
56075;0
56076;0
56077;1
56078;0
56079;1
56080;0
56081;0
56082;1
56083;0
56084;2
56085;1
56086;0
56087;1
56088;1
56089;0
56090;0
56091;1
56092;0
56093;0
56094;1
56095;0
56096;47
56097;49
56098;0
56099;0
56100;0
56101;1
56102;0
56103;0
56104;1
56105;40
56106;0
56107;41
56108;1
56109;0
56110;0
56111;0
56112;0
56113;0
56114;1
56115;0
56116;0
56117;0
56118;1
56119;1
56120;0
56121;0
56122;1
56123;0
56124;0
56125;2
56126;0
56127;0
56128;1
56129;0
56130;1
56131;0
56132;1
56133;0
56134;1
56135;0
56136;0
56137;0
56138;2
56139;1
56140;0
56141;1
56142;0
56143;1
56144;0
56145;0
56146;1
56147;0
56148;1
56149;0
56150;26
56151;27
56152;28
56153;1
56154;0
56155;0
56156;0
56157;0
56158;1
56159;0
56160;1
56161;0
56162;1
56163;0
56164;0
56165;1
56166;0
56167;1
56168;0
56169;0
56170;1
56171;0
56172;3
56173;2
56174;35
56175;36
56176;37
56177;1
56178;0
56179;0
56180;0
56181;1
56182;0
56183;0
56184;0
56185;1
56186;0
56187;1
56188;0
56189;0
56190;0
56191;0
56192;1
56193;0
56194;0
56195;1
56196;0
56197;2
56198;1
56199;0
56200;0
56201;1
56202;0
56203;1
56204;0
56205;0
56206;1
56207;0
56208;1
56209;0
56210;1
56211;0
56212;0
56213;0
56214;0
56215;0
56216;1
56217;1
56218;0
56219;0
56220;1
56221;0
56222;0
56223;1
56224;0
56225;1
56226;0
56227;1
56228;1
56229;0
56230;0
56231;0
56232;1
56233;0
56234;0
56235;0
56236;1
56237;0
56238;0
56239;2
56240;1
56241;0
56242;0
56243;48
56244;47
56245;1
56246;1
56247;0
56248;0
56249;1
56250;0
56251;0
56252;1
56253;15
56254;0
56255;1
56256;0
56257;1
56258;0
56259;1
56260;0
56261;0
56262;1
56263;0
56264;0
56265;0
56266;1
56267;0
56268;0
56269;1
56270;1
56271;0
56272;0
56273;0
56274;10
56275;1
56276;0
56277;11
56278;0
56279;1
56280;0
56281;0
56282;0
56283;1
56284;0
56285;1
56286;1
56287;0
56288;0
56289;1
56290;0
56291;0
56292;1
56293;2
56294;0
56295;1
56296;0
56297;0
56298;37
56299;1
56300;0
56301;1
56302;0
56303;0
56304;1
56305;1
56306;0
56307;35
56308;0
56309;2
56310;1
56311;0
56312;1
56313;0
56314;0
56315;1
56316;0
56317;1
56318;0
56319;1
56320;2
56321;0
56322;1
56323;0
56324;0
56325;1
56326;21
56327;0
56328;1
56329;0
56330;2
56331;1
56332;4
56333;12
56334;0
56335;0
56336;0
56337;42
56338;1
56339;0
56340;43
56341;0
56342;0
56343;35
56344;0
56345;0
56346;1
56347;35
56348;36
56349;35
56350;36
56351;0
56352;0
56353;0
56354;0
56355;0
56356;1
56357;0
56358;0
56359;1
56360;0
56361;1
56362;0
56363;1
56364;0
56365;1
56366;0
56367;1
56368;23
56369;29
56370;0
56371;1
56372;0
56373;0
56374;2
56375;1
56376;0
56377;12
56378;13
56379;43
56380;1
56381;0
56382;0
56383;0
56384;1
56385;1
56386;0
56387;1
56388;0
56389;0
56390;0
56391;1
56392;1
56393;0
56394;0
56395;0
56396;0
56397;1
56398;0
56399;0
56400;1
56401;0
56402;0
56403;0
56404;1
56405;0
56406;0
56407;1
56408;0
56409;1
56410;0
56411;0
56412;1
56413;0
56414;0
56415;2
56416;1
56417;0
56418;1
56419;1
56420;0
56421;0
56422;1
56423;0
56424;1
56425;35
56426;1
56427;0
56428;0
56429;0
56430;0
56431;1
56432;0
56433;1
56434;0
56435;0
56436;1
56437;0
56438;1
56439;1
56440;0
56441;0
56442;1
56443;0
56444;0
56445;0
56446;1
56447;0
56448;1
56449;0
56450;0
56451;1
56452;0
56453;1
56454;0
56455;0
56456;1
56457;2
56458;0
56459;0
56460;1
56461;0
56462;1
56463;0
56464;1
56465;0
56466;0
56467;0
56468;1
56469;0
56470;1
56471;0
56472;0
56473;1
56474;0
56475;1
56476;0
56477;0
56478;1
56479;0
56480;35
56481;36
56482;0
56483;1
56484;0
56485;0
56486;2
56487;0
56488;1
56489;0
56490;1
56491;0
56492;1
56493;0
56494;0
56495;0
56496;1
56497;1
56498;0
56499;0
56500;1
56501;81
56502;0
56503;83
56504;1
56505;0
56506;1
56507;0
56508;0
56509;0
56510;0
56511;1
56512;0
56513;0
56514;1
56515;0
56516;1
56517;0
56518;16
56519;15
56520;0
56521;1
56522;0
56523;0
56524;1
56525;0
56526;1
56527;0
56528;1
56529;0
56530;0
56531;0
56532;0
56533;1
56534;0
56535;0
56536;0
56537;0
56538;0
56539;0
56540;41
56541;1
56542;0
56543;1
56544;0
56545;1
56546;0
56547;0
56548;1
56549;2
56550;0
56551;0
56552;1
56553;0
56554;0
56555;0
56556;0
56557;1
56558;0
56559;1
56560;2
56561;0
56562;0
56563;1
56564;0
56565;0
56566;1
56567;0
56568;1
56569;0
56570;1
56571;0
56572;0
56573;1
56574;1
56575;0
56576;0
56577;11
56578;0
56579;1
56580;0
56581;0
56582;1
56583;0
56584;1
56585;0
56586;1
56587;0
56588;1
56589;0
56590;0
56591;0
56592;2
56593;1
56594;0
56595;1
56596;1
56597;0
56598;0
56599;1
56600;0
56601;35
56602;36
56603;0
56604;1
56605;0
56606;1
56607;2
56608;0
56609;1
56610;0
56611;1
56612;0
56613;0
56614;1
56615;0
56616;0
56617;1
56618;0
56619;0
56620;1
56621;0
56622;0
56623;1
56624;0
56625;0
56626;1
56627;0
56628;0
56629;1
56630;0
56631;1
56632;0
56633;2
56634;1
56635;0
56636;41
56637;40
56638;0
56639;1
56640;0
56641;1
56642;2
56643;1
56644;0
56645;0
56646;1
56647;1
56648;0
56649;0
56650;47
56651;0
56652;1
56653;0
56654;39
56655;1
56656;0
56657;0
56658;1
56659;40
56660;41
56661;0
56662;0
56663;1
56664;0
56665;1
56666;0
56667;1
56668;1
56669;0
56670;0
56671;1
56672;0
56673;2
56674;0
56675;1
56676;0
56677;1
56678;0
56679;0
56680;1
56681;0
56682;1
56683;0
56684;35
56685;37
56686;36
56687;0
56688;1
56689;0
56690;1
56691;0
56692;1
56693;0
56694;1
56695;0
56696;1
56697;0
56698;0
56699;0
56700;0
56701;1
56702;0
56703;1
56704;0
56705;1
56706;0
56707;1
56708;0
56709;0
56710;1
56711;35
56712;0
56713;1
56714;19
56715;18
56716;35
56717;20
56718;0
56719;35
56720;1
56721;0
56722;0
56723;1
56724;0
56725;1
56726;0
56727;1
56728;1
56729;0
56730;35
56731;0
56732;1
56733;0
56734;0
56735;0
56736;0
56737;1
56738;0
56739;1
56740;0
56741;1
56742;2
56743;0
56744;0
56745;1
56746;1
56747;0
56748;1
56749;0
56750;10
56751;0
56752;0
56753;0
56754;1
56755;2
56756;0
56757;1
56758;0
56759;1
56760;2
56761;4
56762;12
56763;5
56764;0
56765;0
56766;1
56767;0
56768;1
56769;2
56770;0
56771;0
56772;0
56773;1
56774;1
56775;0
56776;1
56777;0
56778;0
56779;0
56780;1
56781;2
56782;35
56783;0
56784;1
56785;0
56786;1
56787;0
56788;0
56789;0
56790;0
56791;0
56792;1
56793;0
56794;0
56795;0
56796;1
56797;0
56798;0
56799;0
56800;0
56801;0
56802;1
56803;0
56804;1
56805;0
56806;0
56807;0
56808;1
56809;0
56810;1
56811;0
56812;1
56813;0
56814;1
56815;0
56816;1
56817;0
56818;1
56819;0
56820;1
56821;71
56822;70
56823;0
56824;1
56825;54
56826;1
56827;0
56828;65
56829;1
56830;0
56831;1
56832;0
56833;0
56834;0
56835;49
56836;0
56837;0
56838;1
56839;0
56840;0
56841;0
56842;0
56843;2
56844;0
56845;0
56846;0
56847;0
56848;1
56849;0
56850;35
56851;36
56852;0
56853;0
56854;0
56855;1
56856;2
56857;0
56858;1
56859;0
56860;0
56861;0
56862;1
56863;0
56864;0
56865;0
56866;1
56867;0
56868;1
56869;0
56870;0
56871;1
56872;0
56873;1
56874;0
56875;0
56876;0
56877;1
56878;1
56879;0
56880;0
56881;1
56882;0
56883;1
56884;45
56885;0
56886;43
56887;40
56888;41
56889;0
56890;1
56891;2
56892;0
56893;1
56894;0
56895;1
56896;0
56897;39
56898;37
56899;36
56900;35
56901;8
56902;0
56903;0
56904;1
56905;0
56906;1
56907;0
56908;0
56909;1
56910;0
56911;1
56912;0
56913;0
56914;0
56915;1
56916;1
56917;0
56918;1
56919;0
56920;0
56921;1
56922;0
56923;1
56924;0
56925;1
56926;2
56927;0
56928;1
56929;0
56930;0
56931;1
56932;0
56933;2
56934;1
56935;0
56936;2
56937;1
56938;0
56939;35
56940;36
56941;35
56942;36
56943;0
56944;0
56945;1
56946;44
56947;0
56948;45
56949;0
56950;1
56951;0
56952;0
56953;0
56954;0
56955;0
56956;1
56957;0
56958;0
56959;1
56960;0
56961;0
56962;0
56963;1
56964;0
56965;0
56966;1
56967;0
56968;0
56969;1
56970;0
56971;1
56972;0
56973;0
56974;1
56975;1
56976;0
56977;0
56978;1
56979;47
56980;0
56981;25
56982;0
56983;36
56984;35
56985;0
56986;0
56987;0
56988;0
56989;1
56990;0
56991;1
56992;1
56993;0
56994;0
56995;1
56996;0
56997;0
56998;24
56999;15
57000;23
57001;1
57002;1
57003;0
57004;0
57005;1
57006;0
57007;0
57008;0
57009;0
57010;1
57011;0
57012;0
57013;1
57014;0
57015;0
57016;1
57017;0
57018;0
57019;2
57020;1
57021;0
57022;1
57023;0
57024;0
57025;0
57026;1
57027;0
57028;1
57029;0
57030;0
57031;1
57032;0
57033;2
57034;1
57035;0
57036;64
57037;1
57038;0
57039;2
57040;1
57041;1
57042;0
57043;0
57044;0
57045;1
57046;0
57047;0
57048;1
57049;0
57050;0
57051;35
57052;36
57053;0
57054;1
57055;0
57056;1
57057;0
57058;57
57059;1
57060;0
57061;0
57062;0
57063;0
57064;1
57065;0
57066;1
57067;0
57068;1
57069;0
57070;0
57071;1
57072;0
57073;1
57074;1
57075;0
57076;0
57077;1
57078;12
57079;27
57080;0
57081;25
57082;1
57083;0
57084;0
57085;1
57086;35
57087;39
57088;0
57089;0
57090;0
57091;0
57092;1
57093;0
57094;0
57095;1
57096;0
57097;2
57098;2
57099;3
57100;0
57101;1
57102;0
57103;1
57104;0
57105;1
57106;0
57107;0
57108;2
57109;0
57110;0
57111;1
57112;0
57113;0
57114;0
57115;0
57116;1
57117;0
57118;0
57119;0
57120;1
57121;0
57122;1
57123;0
57124;1
57125;0
57126;0
57127;2
57128;0
57129;1
57130;0
57131;1
57132;0
57133;1
57134;0
57135;1
57136;0
57137;1
57138;0
57139;2
57140;1
57141;0
57142;1
57143;1
57144;0
57145;0
57146;0
57147;1
57148;0
57149;1
57150;2
57151;0
57152;1
57153;0
57154;0
57155;40
57156;0
57157;0
57158;0
57159;0
57160;1
57161;0
57162;1
57163;0
57164;0
57165;0
57166;1
57167;1
57168;0
57169;0
57170;0
57171;0
57172;1
57173;0
57174;0
57175;1
57176;0
57177;1
57178;0
57179;38
57180;39
57181;0
57182;1
57183;0
57184;0
57185;0
57186;1
57187;45
57188;46
57189;0
57190;44
57191;47
57192;0
57193;0
57194;1
57195;0
57196;0
57197;1
57198;1
57199;0
57200;0
57201;0
57202;1
57203;1
57204;0
57205;0
57206;35
57207;39
57208;6
57209;7
57210;2
57211;37
57212;0
57213;1
57214;0
57215;1
57216;0
57217;0
57218;0
57219;1
57220;0
57221;1
57222;0
57223;0
57224;0
57225;0
57226;1
57227;0
57228;0
57229;1
57230;0
57231;2
57232;1
57233;1
57234;0
57235;0
57236;1
57237;1
57238;0
57239;0
57240;1
57241;0
57242;1
57243;0
57244;2
57245;0
57246;0
57247;2
57248;1
57249;1
57250;0
57251;0
57252;1
57253;0
57254;2
57255;0
57256;0
57257;0
57258;0
57259;0
57260;0
57261;1
57262;2
57263;0
57264;1
57265;0
57266;0
57267;36
57268;35
57269;0
57270;35
57271;0
57272;0
57273;1
57274;2
57275;0
57276;0
57277;1
57278;35
57279;36
57280;1
57281;0
57282;0
57283;1
57284;0
57285;0
57286;1
57287;0
57288;1
57289;0
57290;1
57291;0
57292;0
57293;1
57294;0
57295;0
57296;1
57297;21
57298;12
57299;20
57300;22
57301;0
57302;0
57303;1
57304;0
57305;1
57306;0
57307;1
57308;0
57309;2
57310;1
57311;0
57312;1
57313;2
57314;35
57315;36
57316;0
57317;1
57318;1
57319;0
57320;0
57321;1
57322;0
57323;1
57324;0
57325;1
57326;0
57327;0
57328;1
57329;0
57330;1
57331;0
57332;1
57333;0
57334;1
57335;0
57336;1
57337;35
57338;36
57339;0
57340;1
57341;0
57342;0
57343;1
57344;2
57345;0
57346;1
57347;0
57348;0
57349;1
57350;17
57351;8
57352;0
57353;0
57354;2
57355;1
57356;0
57357;0
57358;0
57359;1
57360;2
57361;0
57362;0
57363;1
57364;0
57365;35
57366;36
57367;0
57368;1
57369;0
57370;1
57371;0
57372;0
57373;0
57374;1
57375;0
57376;50
57377;57
57378;0
57379;2
57380;1
57381;0
57382;0
57383;0
57384;1
57385;0
57386;1
57387;0
57388;1
57389;0
57390;1
57391;0
57392;0
57393;0
57394;1
57395;0
57396;1
57397;0
57398;1
57399;0
57400;0
57401;0
57402;35
57403;36
57404;1
57405;0
57406;0
57407;1
57408;40
57409;1
57410;0
57411;0
57412;1
57413;1
57414;0
57415;1
57416;0
57417;0
57418;1
57419;0
57420;1
57421;0
57422;0
57423;1
57424;0
57425;1
57426;0
57427;0
57428;0
57429;1
57430;0
57431;0
57432;1
57433;0
57434;1
57435;1
57436;0
57437;0
57438;1
57439;2
57440;0
57441;0
57442;35
57443;36
57444;0
57445;0
57446;0
57447;0
57448;2
57449;1
57450;0
57451;1
57452;0
57453;0
57454;1
57455;0
57456;1
57457;0
57458;0
57459;39
57460;1
57461;0
57462;40
57463;0
57464;1
57465;1
57466;0
57467;0
57468;1
57469;39
57470;0
57471;1
57472;0
57473;35
57474;0
57475;0
57476;2
57477;0
57478;0
57479;0
57480;1
57481;0
57482;0
57483;0
57484;1
57485;0
57486;1
57487;0
57488;47
57489;1
57490;49
57491;0
57492;2
57493;1
57494;0
57495;0
57496;40
57497;41
57498;1
57499;0
57500;1
57501;35
57502;0
57503;0
57504;2
57505;1
57506;0
57507;1
57508;0
57509;1
57510;1
57511;0
57512;0
57513;1
57514;0
57515;0
57516;1
57517;0
57518;0
57519;0
57520;0
57521;1
57522;0
57523;1
57524;1
57525;0
57526;0
57527;0
57528;1
57529;1
57530;0
57531;1
57532;0
57533;1
57534;0
57535;0
57536;1
57537;0
57538;1
57539;0
57540;1
57541;0
57542;0
57543;0
57544;0
57545;0
57546;0
57547;1
57548;0
57549;0
57550;1
57551;0
57552;0
57553;26
57554;0
57555;1
57556;0
57557;1
57558;0
57559;0
57560;0
57561;1
57562;0
57563;58
57564;1
57565;0
57566;0
57567;1
57568;0
57569;0
57570;1
57571;2
57572;0
57573;0
57574;2
57575;0
57576;0
57577;1
57578;0
57579;0
57580;1
57581;0
57582;1
57583;6
57584;1
57585;0
57586;0
57587;40
57588;47
57589;41
57590;46
57591;45
57592;0
57593;0
57594;2
57595;1
57596;0
57597;1
57598;0
57599;1
57600;1
57601;0
57602;0
57603;0
57604;1
57605;0
57606;0
57607;1
57608;0
57609;2
57610;1
57611;39
57612;38
57613;0
57614;0
57615;54
57616;21
57617;1
57618;55
57619;13
57620;20
57621;0
57622;1
57623;0
57624;41
57625;43
57626;42
57627;0
57628;0
57629;1
57630;0
57631;0
57632;1
57633;0
57634;1
57635;0
57636;1
57637;1
57638;0
57639;0
57640;1
57641;2
57642;0
57643;1
57644;0
57645;0
57646;2
57647;35
57648;1
57649;0
57650;0
57651;0
57652;0
57653;1
57654;0
57655;0
57656;0
57657;1
57658;0
57659;1
57660;0
57661;0
57662;1
57663;2
57664;1
57665;0
57666;0
57667;1
57668;0
57669;1
57670;0
57671;0
57672;40
57673;0
57674;41
57675;0
57676;47
57677;1
57678;0
57679;1
57680;1
57681;0
57682;1
57683;0
57684;0
57685;3
57686;0
57687;1
57688;0
57689;0
57690;1
57691;0
57692;1
57693;0
57694;1
57695;1
57696;0
57697;0
57698;1
57699;0
57700;0
57701;1
57702;1
57703;0
57704;0
57705;1
57706;0
57707;1
57708;0
57709;0
57710;1
57711;0
57712;0
57713;1
57714;0
57715;35
57716;0
57717;1
57718;0
57719;1
57720;19
57721;0
57722;0
57723;42
57724;1
57725;41
57726;40
57727;2
57728;0
57729;1
57730;0
57731;1
57732;0
57733;1
57734;0
57735;1
57736;2
57737;0
57738;1
57739;0
57740;1
57741;0
57742;0
57743;0
57744;1
57745;0
57746;1
57747;0
57748;1
57749;0
57750;1
57751;0
57752;0
57753;1
57754;0
57755;0
57756;0
57757;1
57758;0
57759;0
57760;2
57761;1
57762;0
57763;1
57764;0
57765;1
57766;0
57767;1
57768;0
57769;40
57770;0
57771;1
57772;0
57773;1
57774;2
57775;0
57776;1
57777;2
57778;3
57779;0
57780;1
57781;0
57782;0
57783;1
57784;10
57785;0
57786;1
57787;0
57788;1
57789;0
57790;0
57791;1
57792;2
57793;0
57794;0
57795;1
57796;0
57797;0
57798;1
57799;0
57800;2
57801;1
57802;0
57803;5
57804;6
57805;36
57806;38
57807;0
57808;0
57809;0
57810;0
57811;0
57812;0
57813;2
57814;0
57815;1
57816;1
57817;0
57818;1
57819;0
57820;0
57821;0
57822;1
57823;2
57824;0
57825;1
57826;0
57827;1
57828;0
57829;1
57830;0
57831;1
57832;0
57833;0
57834;1
57835;0
57836;0
57837;0
57838;1
57839;1
57840;0
57841;0
57842;1
57843;35
57844;36
57845;1
57846;0
57847;70
57848;71
57849;0
57850;0
57851;1
57852;0
57853;0
57854;0
57855;1
57856;0
57857;0
57858;1
57859;0
57860;0
57861;0
57862;0
57863;1
57864;0
57865;0
57866;1
57867;0
57868;0
57869;1
57870;0
57871;0
57872;1
57873;0
57874;1
57875;0
57876;0
57877;0
57878;0
57879;1
57880;0
57881;0
57882;1
57883;2
57884;40
57885;0
57886;1
57887;0
57888;0
57889;1
57890;2
57891;0
57892;0
57893;1
57894;0
57895;1
57896;0
57897;0
57898;1
57899;0
57900;1
57901;0
57902;0
57903;0
57904;1
57905;0
57906;1
57907;2
57908;0
57909;0
57910;30
57911;1
57912;0
57913;2
57914;1
57915;0
57916;0
57917;1
57918;0
57919;1
57920;0
57921;1
57922;0
57923;1
57924;37
57925;0
57926;1
57927;42
57928;0
57929;41
57930;0
57931;0
57932;41
57933;1
57934;0
57935;1
57936;0
57937;1
57938;0
57939;0
57940;0
57941;1
57942;0
57943;0
57944;0
57945;1
57946;0
57947;0
57948;1
57949;0
57950;0
57951;0
57952;1
57953;1
57954;0
57955;0
57956;1
57957;0
57958;1
57959;0
57960;1
57961;0
57962;1
57963;0
57964;0
57965;2
57966;1
57967;0
57968;1
57969;0
57970;1
57971;2
57972;0
57973;1
57974;0
57975;39
57976;1
57977;0
57978;0
57979;2
57980;1
57981;1
57982;57
57983;0
57984;35
57985;1
57986;0
57987;0
57988;2
57989;1
57990;0
57991;0
57992;1
57993;19
57994;20
57995;0
57996;0
57997;1
57998;2
57999;0
58000;0
58001;4
58002;1
58003;3
58004;0
58005;39
58006;40
58007;0
58008;0
58009;54
58010;55
58011;1
58012;40
58013;0
58014;41
58015;0
58016;2
58017;1
58018;35
58019;36
58020;0
58021;0
58022;11
58023;13
58024;12
58025;0
58026;0
58027;1
58028;0
58029;0
58030;2
58031;0
58032;1
58033;0
58034;1
58035;0
58036;0
58037;1
58038;0
58039;1
58040;0
58041;2
58042;1
58043;0
58044;1
58045;1
58046;0
58047;0
58048;1
58049;0
58050;0
58051;1
58052;0
58053;1
58054;0
58055;0
58056;0
58057;1
58058;0
58059;35
58060;38
58061;1
58062;37
58063;0
58064;36
58065;1
58066;0
58067;35
58068;0
58069;0
58070;0
58071;0
58072;1
58073;0
58074;0
58075;1
58076;35
58077;0
58078;0
58079;42
58080;40
58081;39
58082;41
58083;0
58084;2
58085;1
58086;0
58087;1
58088;0
58089;1
58090;2
58091;0
58092;8
58093;1
58094;0
58095;1
58096;0
58097;0
58098;2
58099;1
58100;0
58101;1
58102;2
58103;26
58104;0
58105;1
58106;27
58107;28
58108;0
58109;1
58110;0
58111;2
58112;0
58113;0
58114;1
58115;2
58116;3
58117;35
58118;37
58119;0
58120;1
58121;0
58122;1
58123;2
58124;0
58125;1
58126;36
58127;35
58128;35
58129;36
58130;0
58131;0
58132;0
58133;0
58134;1
58135;0
58136;1
58137;0
58138;1
58139;40
58140;41
58141;0
58142;0
58143;1
58144;1
58145;0
58146;0
58147;0
58148;1
58149;0
58150;1
58151;0
58152;28
58153;1
58154;0
58155;1
58156;0
58157;1
58158;0
58159;1
58160;0
58161;1
58162;0
58163;1
58164;0
58165;1
58166;0
58167;0
58168;2
58169;1
58170;1
58171;0
58172;35
58173;0
58174;1
58175;0
58176;0
58177;0
58178;0
58179;1
58180;35
58181;1
58182;0
58183;0
58184;1
58185;0
58186;1
58187;0
58188;1
58189;3
58190;5
58191;4
58192;0
58193;1
58194;1
58195;0
58196;0
58197;0
58198;1
58199;0
58200;0
58201;0
58202;2
58203;0
58204;10
58205;11
58206;18
58207;21
58208;20
58209;0
58210;0
58211;0
58212;1
58213;0
58214;1
58215;0
58216;0
58217;1
58218;0
58219;1
58220;0
58221;0
58222;1
58223;0
58224;1
58225;0
58226;1
58227;0
58228;0
58229;1
58230;0
58231;1
58232;1
58233;0
58234;0
58235;1
58236;23
58237;0
58238;0
58239;1
58240;0
58241;2
58242;1
58243;0
58244;0
58245;1
58246;0
58247;1
58248;35
58249;36
58250;1
58251;0
58252;0
58253;1
58254;0
58255;0
58256;1
58257;0
58258;0
58259;0
58260;0
58261;1
58262;0
58263;0
58264;2
58265;1
58266;0
58267;0
58268;15
58269;14
58270;0
58271;0
58272;0
58273;0
58274;1
58275;0
58276;1
58277;0
58278;1
58279;0
58280;35
58281;36
58282;0
58283;1
58284;0
58285;0
58286;1
58287;0
58288;0
58289;0
58290;0
58291;1
58292;0
58293;0
58294;1
58295;0
58296;1
58297;0
58298;47
58299;48
58300;35
58301;36
58302;0
58303;0
58304;1
58305;8
58306;0
58307;48
58308;47
58309;2
58310;1
58311;35
58312;36
58313;1
58314;0
58315;0
58316;2
58317;1
58318;0
58319;0
58320;1
58321;2
58322;0
58323;1
58324;0
58325;2
58326;0
58327;0
58328;0
58329;1
58330;0
58331;0
58332;1
58333;0
58334;0
58335;1
58336;0
58337;1
58338;1
58339;0
58340;0
58341;0
58342;1
58343;0
58344;1
58345;0
58346;1
58347;1
58348;0
58349;0
58350;1
58351;0
58352;0
58353;3
58354;2
58355;1
58356;0
58357;1
58358;35
58359;36
58360;0
58361;0
58362;1
58363;1
58364;0
58365;0
58366;1
58367;2
58368;1
58369;0
58370;0
58371;1
58372;0
58373;0
58374;1
58375;0
58376;1
58377;0
58378;1
58379;0
58380;0
58381;0
58382;1
58383;0
58384;1
58385;0
58386;0
58387;1
58388;0
58389;1
58390;0
58391;1
58392;0
58393;0
58394;1
58395;0
58396;0
58397;1
58398;0
58399;1
58400;0
58401;1
58402;0
58403;1
58404;0
58405;0
58406;38
58407;39
58408;0
58409;0
58410;1
58411;35
58412;36
58413;0
58414;0
58415;0
58416;0
58417;0
58418;0
58419;1
58420;0
58421;0
58422;1
58423;0
58424;0
58425;1
58426;1
58427;0
58428;0
58429;35
58430;0
58431;0
58432;1
58433;0
58434;1
58435;0
58436;0
58437;1
58438;0
58439;1
58440;0
58441;2
58442;1
58443;0
58444;0
58445;0
58446;1
58447;2
58448;0
58449;1
58450;2
58451;0
58452;2
58453;1
58454;1
58455;0
58456;0
58457;0
58458;1
58459;0
58460;0
58461;1
58462;1
58463;0
58464;2
58465;0
58466;1
58467;0
58468;1
58469;0
58470;0
58471;1
58472;1
58473;0
58474;0
58475;0
58476;1
58477;0
58478;1
58479;1
58480;0
58481;0
58482;1
58483;0
58484;0
58485;0
58486;1
58487;0
58488;0
58489;1
58490;0
58491;1
58492;35
58493;37
58494;0
58495;1
58496;0
58497;1
58498;0
58499;0
58500;0
58501;1
58502;68
58503;0
58504;1
58505;0
58506;0
58507;1
58508;1
58509;0
58510;0
58511;1
58512;0
58513;1
58514;49
58515;48
58516;40
58517;1
58518;42
58519;0
58520;41
58521;0
58522;0
58523;0
58524;1
58525;0
58526;1
58527;0
58528;0
58529;1
58530;0
58531;0
58532;1
58533;0
58534;0
58535;0
58536;1
58537;0
58538;1
58539;52
58540;0
58541;1
58542;0
58543;1
58544;62
58545;0
58546;0
58547;0
58548;0
58549;0
58550;1
58551;1
58552;0
58553;1
58554;0
58555;0
58556;50
58557;15
58558;52
58559;0
58560;0
58561;1
58562;0
58563;1
58564;0
58565;1
58566;0
58567;0
58568;0
58569;1
58570;2
58571;0
58572;0
58573;1
58574;0
58575;1
58576;0
58577;1
58578;2
58579;0
58580;1
58581;0
58582;0
58583;1
58584;0
58585;1
58586;35
58587;0
58588;1
58589;0
58590;1
58591;0
58592;0
58593;1
58594;0
58595;0
58596;1
58597;89
58598;85
58599;88
58600;84
58601;0
58602;0
58603;0
58604;1
58605;1
58606;0
58607;0
58608;0
58609;1
58610;0
58611;1
58612;0
58613;0
58614;1
58615;1
58616;0
58617;0
58618;0
58619;2
58620;1
58621;1
58622;0
58623;0
58624;1
58625;0
58626;1
58627;0
58628;0
58629;21
58630;22
58631;1
58632;0
58633;1
58634;0
58635;0
58636;0
58637;1
58638;0
58639;0
58640;0
58641;0
58642;2
58643;1
58644;0
58645;0
58646;1
58647;0
58648;1
58649;11
58650;41
58651;40
58652;0
58653;0
58654;0
58655;1
58656;2
58657;0
58658;0
58659;1
58660;0
58661;1
58662;2
58663;2
58664;0
58665;1
58666;0
58667;1
58668;0
58669;1
58670;0
58671;1
58672;0
58673;1
58674;0
58675;1
58676;0
58677;0
58678;1
58679;0
58680;0
58681;0
58682;1
58683;0
58684;1
58685;0
58686;0
58687;0
58688;1
58689;0
58690;0
58691;1
58692;0
58693;1
58694;40
58695;0
58696;1
58697;1
58698;0
58699;0
58700;1
58701;35
58702;36
58703;0
58704;1
58705;0
58706;0
58707;1
58708;0
58709;1
58710;61
58711;62
58712;58
58713;63
58714;59
58715;0
58716;1
58717;0
58718;0
58719;0
58720;0
58721;1
58722;1
58723;0
58724;0
58725;1
58726;0
58727;1
58728;0
58729;0
58730;41
58731;53
58732;0
58733;0
58734;0
58735;35
58736;36
58737;0
58738;1
58739;0
58740;1
58741;0
58742;35
58743;36
58744;1
58745;0
58746;0
58747;1
58748;0
58749;1
58750;0
58751;1
58752;0
58753;25
58754;24
58755;0
58756;1
58757;0
58758;1
58759;0
58760;0
58761;1
58762;0
58763;1
58764;0
58765;0
58766;1
58767;0
58768;0
58769;2
58770;59
58771;44
58772;58
58773;1
58774;0
58775;2
58776;1
58777;0
58778;1
58779;2
58780;0
58781;7
58782;6
58783;8
58784;0
58785;1
58786;0
58787;1
58788;1
58789;0
58790;0
58791;1
58792;0
58793;1
58794;0
58795;2
58796;1
58797;0
58798;0
58799;0
58800;1
58801;1
58802;0
58803;0
58804;1
58805;0
58806;0
58807;1
58808;0
58809;1
58810;0
58811;0
58812;1
58813;0
58814;0
58815;0
58816;0
58817;0
58818;0
58819;1
58820;0
58821;0
58822;1
58823;0
58824;1
58825;1
58826;0
58827;0
58828;1
58829;0
58830;0
58831;1
58832;0
58833;0
58834;1
58835;6
58836;0
58837;1
58838;0
58839;0
58840;0
58841;1
58842;0
58843;0
58844;0
58845;1
58846;0
58847;1
58848;0
58849;1
58850;0
58851;35
58852;0
58853;1
58854;0
58855;1
58856;0
58857;1
58858;1
58859;0
58860;0
58861;1
58862;0
58863;1
58864;0
58865;1
58866;0
58867;0
58868;1
58869;0
58870;1
58871;0
58872;0
58873;0
58874;1
58875;2
58876;0
58877;0
58878;2
58879;1
58880;0
58881;1
58882;0
58883;0
58884;1
58885;0
58886;0
58887;0
58888;1
58889;42
58890;0
58891;41
58892;0
58893;1
58894;0
58895;1
58896;0
58897;1
58898;0
58899;1
58900;0
58901;1
58902;0
58903;0
58904;1
58905;0
58906;0
58907;1
58908;0
58909;0
58910;25
58911;1
58912;0
58913;0
58914;1
58915;0
58916;1
58917;2
58918;0
58919;1
58920;1
58921;0
58922;1
58923;0
58924;35
58925;1
58926;0
58927;0
58928;1
58929;0
58930;1
58931;0
58932;0
58933;0
58934;0
58935;1
58936;0
58937;0
58938;0
58939;0
58940;2
58941;1
58942;0
58943;1
58944;0
58945;3
58946;6
58947;4
58948;35
58949;36
58950;68
58951;69
58952;37
58953;1
58954;0
58955;0
58956;1
58957;0
58958;0
58959;0
58960;1
58961;1
58962;0
58963;0
58964;0
58965;0
58966;1
58967;0
58968;0
58969;35
58970;36
58971;0
58972;1
58973;0
58974;0
58975;1
58976;0
58977;0
58978;1
58979;1
58980;0
58981;0
58982;0
58983;1
58984;1
58985;0
58986;0
58987;0
58988;1
58989;0
58990;35
58991;36
58992;1
58993;0
58994;0
58995;41
58996;2
58997;35
58998;36
58999;0
59000;1
59001;0
59002;0
59003;2
59004;1
59005;1
59006;0
59007;1
59008;0
59009;0
59010;1
59011;0
59012;1
59013;0
59014;1
59015;0
59016;1
59017;0
59018;1
59019;0
59020;1
59021;0
59022;1
59023;0
59024;0
59025;1
59026;2
59027;0
59028;1
59029;0
59030;1
59031;0
59032;0
59033;2
59034;0
59035;1
59036;0
59037;21
59038;1
59039;0
59040;0
59041;1
59042;0
59043;1
59044;0
59045;0
59046;0
59047;41
59048;2
59049;1
59050;0
59051;1
59052;35
59053;37
59054;36
59055;0
59056;1
59057;85
59058;22
59059;87
59060;23
59061;89
59062;0
59063;0
59064;1
59065;0
59066;1
59067;0
59068;1
59069;0
59070;1
59071;0
59072;1
59073;0
59074;1
59075;0
59076;1
59077;2
59078;33
59079;0
59080;25
59081;24
59082;0
59083;0
59084;1
59085;0
59086;1
59087;0
59088;0
59089;0
59090;1
59091;0
59092;1
59093;26
59094;0
59095;1
59096;0
59097;1
59098;0
59099;1
59100;0
59101;1
59102;5
59103;35
59104;1
59105;0
59106;0
59107;1
59108;0
59109;0
59110;1
59111;55
59112;0
59113;0
59114;0
59115;1
59116;1
59117;0
59118;0
59119;1
59120;2
59121;0
59122;1
59123;4
59124;0
59125;47
59126;0
59127;48
59128;0
59129;0
59130;0
59131;1
59132;0
59133;0
59134;1
59135;0
59136;40
59137;1
59138;0
59139;0
59140;0
59141;1
59142;0
59143;0
59144;1
59145;0
59146;1
59147;2
59148;1
59149;0
59150;35
59151;0
59152;1
59153;0
59154;3
59155;2
59156;1
59157;0
59158;0
59159;0
59160;11
59161;1
59162;0
59163;0
59164;1
59165;0
59166;1
59167;47
59168;48
59169;0
59170;0
59171;2
59172;1
59173;1
59174;0
59175;1
59176;0
59177;0
59178;1
59179;0
59180;1
59181;0
59182;1
59183;0
59184;1
59185;0
59186;0
59187;0
59188;1
59189;0
59190;1
59191;50
59192;0
59193;1
59194;0
59195;1
59196;0
59197;35
59198;36
59199;0
59200;1
59201;0
59202;1
59203;0
59204;0
59205;1
59206;0
59207;1
59208;0
59209;1
59210;0
59211;0
59212;1
59213;0
59214;0
59215;0
59216;1
59217;0
59218;0
59219;0
59220;0
59221;0
59222;0
59223;1
59224;0
59225;0
59226;0
59227;1
59228;0
59229;2
59230;1
59231;0
59232;1
59233;0
59234;42
59235;0
59236;0
59237;0
59238;1
59239;0
59240;1
59241;0
59242;0
59243;1
59244;2
59245;0
59246;0
59247;1
59248;0
59249;1
59250;0
59251;1
59252;0
59253;1
59254;0
59255;0
59256;1
59257;52
59258;34
59259;46
59260;0
59261;19
59262;20
59263;9
59264;0
59265;0
59266;1
59267;35
59268;35
59269;36
59270;0
59271;1
59272;0
59273;1
59274;0
59275;0
59276;0
59277;0
59278;1
59279;0
59280;1
59281;0
59282;1
59283;0
59284;1
59285;0
59286;0
59287;1
59288;0
59289;0
59290;0
59291;43
59292;2
59293;1
59294;0
59295;1
59296;45
59297;46
59298;35
59299;36
59300;35
59301;0
59302;0
59303;0
59304;1
59305;0
59306;0
59307;1
59308;0
59309;0
59310;0
59311;0
59312;47
59313;0
59314;1
59315;55
59316;0
59317;0
59318;0
59319;1
59320;0
59321;0
59322;1
59323;0
59324;35
59325;36
59326;0
59327;0
59328;1
59329;1
59330;0
59331;0
59332;1
59333;0
59334;1
59335;0
59336;1
59337;0
59338;0
59339;1
59340;0
59341;1
59342;0
59343;1
59344;0
59345;0
59346;0
59347;1
59348;0
59349;1
59350;0
59351;0
59352;0
59353;1
59354;0
59355;0
59356;0
59357;1
59358;0
59359;1
59360;0
59361;1
59362;0
59363;35
59364;1
59365;0
59366;0
59367;1
59368;0
59369;1
59370;0
59371;1
59372;0
59373;1
59374;0
59375;0
59376;1
59377;46
59378;2
59379;39
59380;0
59381;1
59382;0
59383;0
59384;1
59385;0
59386;0
59387;1
59388;36
59389;35
59390;0
59391;0
59392;1
59393;0
59394;2
59395;1
59396;0
59397;2
59398;1
59399;0
59400;1
59401;0
59402;1
59403;0
59404;1
59405;0
59406;0
59407;0
59408;1
59409;0
59410;1
59411;0
59412;0
59413;1
59414;0
59415;0
59416;1
59417;0
59418;1
59419;1
59420;0
59421;0
59422;1
59423;37
59424;36
59425;0
59426;1
59427;0
59428;1
59429;1
59430;0
59431;0
59432;1
59433;0
59434;35
59435;24
59436;0
59437;0
59438;1
59439;1
59440;0
59441;0
59442;2
59443;1
59444;1
59445;0
59446;1
59447;0
59448;0
59449;0
59450;1
59451;0
59452;0
59453;1
59454;0
59455;1
59456;0
59457;1
59458;0
59459;1
59460;0
59461;0
59462;2
59463;1
59464;0
59465;0
59466;0
59467;0
59468;1
59469;22
59470;0
59471;0
59472;35
59473;36
59474;39
59475;0
59476;1
59477;0
59478;2
59479;0
59480;1
59481;0
59482;0
59483;0
59484;0
59485;1
59486;0
59487;1
59488;0
59489;0
59490;0
59491;0
59492;58
59493;0
59494;1
59495;0
59496;0
59497;1
59498;0
59499;0
59500;1
59501;0
59502;2
59503;1
59504;0
59505;0
59506;1
59507;0
59508;2
59509;1
59510;0
59511;1
59512;0
59513;1
59514;1
59515;0
59516;0
59517;1
59518;0
59519;1
59520;0
59521;0
59522;1
59523;2
59524;3
59525;1
59526;0
59527;0
59528;1
59529;0
59530;0
59531;1
59532;0
59533;0
59534;0
59535;1
59536;35
59537;0
59538;1
59539;0
59540;2
59541;1
59542;0
59543;1
59544;0
59545;0
59546;47
59547;2
59548;1
59549;49
59550;0
59551;1
59552;1
59553;0
59554;0
59555;1
59556;2
59557;40
59558;0
59559;0
59560;1
59561;1
59562;0
59563;0
59564;1
59565;0
59566;0
59567;1
59568;0
59569;0
59570;42
59571;0
59572;41
59573;0
59574;1
59575;0
59576;1
59577;0
59578;0
59579;0
59580;0
59581;1
59582;0
59583;0
59584;0
59585;1
59586;0
59587;1
59588;10
59589;47
59590;49
59591;48
59592;0
59593;46
59594;11
59595;0
59596;0
59597;1
59598;0
59599;0
59600;2
59601;1
59602;1
59603;0
59604;0
59605;1
59606;1
59607;0
59608;0
59609;0
59610;1
59611;0
59612;1
59613;0
59614;0
59615;0
59616;1
59617;0
59618;1
59619;0
59620;1
59621;0
59622;1
59623;0
59624;1
59625;35
59626;36
59627;0
59628;1
59629;0
59630;1
59631;1
59632;0
59633;1
59634;0
59635;0
59636;0
59637;2
59638;1
59639;0
59640;1
59641;0
59642;1
59643;0
59644;1
59645;0
59646;13
59647;0
59648;0
59649;0
59650;1
59651;0
59652;0
59653;1
59654;0
59655;1
59656;9
59657;40
59658;45
59659;22
59660;46
59661;0
59662;1
59663;0
59664;50
59665;1
59666;51
59667;0
59668;0
59669;1
59670;0
59671;35
59672;36
59673;37
59674;1
59675;0
59676;0
59677;0
59678;2
59679;1
59680;0
59681;0
59682;1
59683;1
59684;0
59685;0
59686;1
59687;0
59688;0
59689;1
59690;0
59691;0
59692;1
59693;0
59694;0
59695;1
59696;0
59697;58
59698;35
59699;52
59700;1
59701;2
59702;0
59703;0
59704;2
59705;1
59706;0
59707;0
59708;1
59709;0
59710;1
59711;0
59712;1
59713;1
59714;0
59715;0
59716;1
59717;0
59718;1
59719;0
59720;0
59721;0
59722;0
59723;1
59724;2
59725;0
59726;49
59727;0
59728;1
59729;0
59730;0
59731;1
59732;0
59733;1
59734;0
59735;0
59736;47
59737;1
59738;48
59739;1
59740;0
59741;40
59742;0
59743;41
59744;1
59745;0
59746;0
59747;1
59748;0
59749;0
59750;1
59751;35
59752;36
59753;35
59754;1
59755;0
59756;0
59757;35
59758;0
59759;1
59760;0
59761;1
59762;0
59763;1
59764;2
59765;1
59766;0
59767;35
59768;36
59769;37
59770;1
59771;0
59772;0
59773;1
59774;0
59775;0
59776;1
59777;2
59778;0
59779;0
59780;1
59781;0
59782;1
59783;0
59784;1
59785;0
59786;1
59787;0
59788;1
59789;0
59790;1
59791;0
59792;1
59793;46
59794;45
59795;39
59796;0
59797;0
59798;1
59799;1
59800;0
59801;0
59802;1
59803;0
59804;1
59805;35
59806;36
59807;0
59808;1
59809;0
59810;0
59811;1
59812;2
59813;0
59814;1
59815;1
59816;0
59817;1
59818;0
59819;1
59820;0
59821;0
59822;1
59823;1
59824;0
59825;0
59826;0
59827;1
59828;2
59829;0
59830;1
59831;0
59832;35
59833;36
59834;0
59835;0
59836;1
59837;0
59838;1
59839;0
59840;1
59841;0
59842;2
59843;0
59844;1
59845;0
59846;1
59847;0
59848;0
59849;0
59850;1
59851;1
59852;0
59853;0
59854;0
59855;1
59856;0
59857;1
59858;0
59859;1
59860;0
59861;1
59862;0
59863;0
59864;0
59865;1
59866;0
59867;0
59868;0
59869;0
59870;0
59871;8
59872;17
59873;0
59874;1
59875;1
59876;0
59877;0
59878;1
59879;0
59880;42
59881;43
59882;41
59883;0
59884;0
59885;1
59886;0
59887;1
59888;0
59889;0
59890;1
59891;0
59892;1
59893;0
59894;0
59895;0
59896;1
59897;2
59898;1
59899;0
59900;0
59901;0
59902;0
59903;1
59904;0
59905;0
59906;1
59907;0
59908;2
59909;1
59910;0
59911;35
59912;36
59913;0
59914;1
59915;40
59916;41
59917;0
59918;1
59919;0
59920;0
59921;0
59922;1
59923;0
59924;1
59925;0
59926;0
59927;1
59928;0
59929;1
59930;0
59931;1
59932;1
59933;0
59934;2
59935;0
59936;1
59937;0
59938;1
59939;0
59940;0
59941;0
59942;36
59943;35
59944;0
59945;0
59946;1
59947;0
59948;1
59949;0
59950;1
59951;0
59952;0
59953;1
59954;0
59955;41
59956;1
59957;43
59958;0
59959;1
59960;0
59961;1
59962;0
59963;1
59964;0
59965;0
59966;1
59967;0
59968;1
59969;0
59970;1
59971;0
59972;0
59973;1
59974;2
59975;1
59976;0
59977;0
59978;0
59979;0
59980;1
59981;0
59982;0
59983;1
59984;1
59985;0
59986;0
59987;1
59988;2
59989;0
59990;23
59991;35
59992;37
59993;36
59994;0
59995;1
59996;1
59997;0
59998;35
59999;0
60000;1
60001;0
60002;1
60003;0
60004;1
60005;0
60006;1
60007;51
60008;0
60009;1
60010;0
60011;1
60012;0
60013;0
60014;0
60015;1
60016;0
60017;35
60018;36
60019;14
60020;13
60021;0
60022;1
60023;0
60024;0
60025;0
60026;0
60027;0
60028;0
60029;1
60030;0
60031;1
60032;0
60033;0
60034;1
60035;0
60036;2
60037;1
60038;0
60039;1
60040;0
60041;0
60042;0
60043;1
60044;0
60045;1
60046;0
60047;0
60048;1
60049;0
60050;1
60051;0
60052;1
60053;2
60054;0
60055;0
60056;1
60057;0
60058;1
60059;0
60060;24
60061;0
60062;1
60063;2
60064;1
60065;0
60066;0
60067;1
60068;0
60069;1
60070;0
60071;2
60072;1
60073;1
60074;0
60075;0
60076;1
60077;58
60078;35
60079;59
60080;0
60081;2
60082;1
60083;1
60084;0
60085;0
60086;1
60087;41
60088;0
60089;0
60090;1
60091;0
60092;2
60093;0
60094;0
60095;0
60096;1
60097;1
60098;0
60099;1
60100;0
60101;0
60102;0
60103;1
60104;0
60105;36
60106;35
60107;0
60108;1
60109;0
60110;0
60111;0
60112;1
60113;0
60114;1
60115;0
60116;0
60117;1
60118;0
60119;0
60120;0
60121;0
60122;1
60123;2
60124;1
60125;0
60126;0
60127;0
60128;1
60129;0
60130;0
60131;0
60132;0
60133;0
60134;1
60135;0
60136;1
60137;16
60138;0
60139;0
60140;0
60141;0
60142;0
60143;1
60144;1
60145;0
60146;0
60147;3
60148;0
60149;35
60150;1
60151;0
60152;0
60153;1
60154;0
60155;0
60156;53
60157;52
60158;1
60159;0
60160;0
60161;0
60162;1
60163;0
60164;1
60165;0
60166;1
60167;0
60168;1
60169;2
60170;0
60171;1
60172;0
60173;1
60174;0
60175;1
60176;0
60177;0
60178;1
60179;0
60180;1
60181;0
60182;1
60183;0
60184;0
60185;1
60186;0
60187;54
60188;55
60189;0
60190;1
60191;0
60192;1
60193;0
60194;1
60195;0
60196;1
60197;51
60198;52
60199;7
60200;53
60201;0
60202;40
60203;70
60204;0
60205;41
60206;0
60207;1
60208;0
60209;0
60210;0
60211;1
60212;0
60213;1
60214;2
60215;0
60216;0
60217;6
60218;1
60219;0
60220;0
60221;1
60222;2
60223;0
60224;2
60225;1
60226;0
60227;1
60228;0
60229;0
60230;1
60231;0
60232;1
60233;0
60234;1
60235;0
60236;1
60237;1
60238;0
60239;1
60240;0
60241;0
60242;1
60243;0
60244;1
60245;0
60246;0
60247;1
60248;0
60249;1
60250;0
60251;1
60252;0
60253;0
60254;40
60255;70
60256;39
60257;71
60258;41
60259;0
60260;1
60261;0
60262;36
60263;35
60264;1
60265;0
60266;0
60267;1
60268;0
60269;1
60270;0
60271;1
60272;4
60273;0
60274;0
60275;2
60276;0
60277;0
60278;1
60279;35
60280;1
60281;0
60282;0
60283;1
60284;35
60285;0
60286;2
60287;36
60288;35
60289;0
60290;0
60291;1
60292;1
60293;0
60294;0
60295;2
60296;0
60297;1
60298;5
60299;0
60300;1
60301;0
60302;1
60303;0
60304;1
60305;77
60306;44
60307;28
60308;29
60309;0
60310;0
60311;0
60312;1
60313;0
60314;0
60315;1
60316;0
60317;1
60318;0
60319;0
60320;1
60321;0
60322;0
60323;1
60324;0
60325;0
60326;2
60327;1
60328;0
60329;2
60330;1
60331;0
60332;0
60333;1
60334;0
60335;1
60336;0
60337;0
60338;1
60339;1
60340;0
60341;0
60342;1
60343;1
60344;0
60345;0
60346;1
60347;0
60348;0
60349;0
60350;0
60351;1
60352;0
60353;1
60354;0
60355;1
60356;0
60357;0
60358;1
60359;2
60360;0
60361;1
60362;0
60363;0
60364;2
60365;1
60366;0
60367;1
60368;0
60369;1
60370;0
60371;1
60372;1
60373;0
60374;0
60375;0
60376;1
60377;0
60378;0
60379;1
60380;1
60381;0
60382;0
60383;1
60384;1
60385;0
60386;1
60387;0
60388;0
60389;0
60390;1
60391;0
60392;0
60393;0
60394;0
60395;1
60396;0
60397;1
60398;4
60399;0
60400;0
60401;1
60402;0
60403;1
60404;0
60405;2
60406;1
60407;0
60408;1
60409;0
60410;0
60411;1
60412;0
60413;0
60414;1
60415;0
60416;1
60417;1
60418;0
60419;0
60420;0
60421;2
60422;36
60423;0
60424;0
60425;1
60426;1
60427;0
60428;0
60429;1
60430;2
60431;1
60432;0
60433;0
60434;0
60435;1
60436;1
60437;0
60438;0
60439;0
60440;1
60441;0
60442;1
60443;2
60444;45
60445;0
60446;1
60447;0
60448;0
60449;1
60450;0
60451;1
60452;0
60453;1
60454;0
60455;0
60456;1
60457;0
60458;1
60459;0
60460;0
60461;1
60462;35
60463;1
60464;0
60465;37
60466;36
60467;0
60468;1
60469;0
60470;0
60471;1
60472;0
60473;1
60474;0
60475;35
60476;0
60477;1
60478;0
60479;0
60480;0
60481;0
60482;44
60483;0
60484;45
60485;0
60486;1
60487;0
60488;0
60489;1
60490;1
60491;0
60492;35
60493;36
60494;0
60495;0
60496;1
60497;0
60498;1
60499;0
60500;35
60501;52
60502;0
60503;0
60504;0
60505;1
60506;0
60507;0
60508;0
60509;1
60510;0
60511;1
60512;1
60513;0
60514;11
60515;0
60516;0
60517;1
60518;0
60519;1
60520;0
60521;0
60522;1
60523;2
60524;35
60525;63
60526;69
60527;68
60528;0
60529;0
60530;1
60531;0
60532;1
60533;0
60534;0
60535;1
60536;0
60537;0
60538;1
60539;0
60540;1
60541;36
60542;35
60543;37
60544;0
60545;27
60546;26
60547;1
60548;0
60549;0
60550;0
60551;0
60552;40
60553;1
60554;39
60555;0
60556;0
60557;1
60558;0
60559;0
60560;1
60561;0
60562;1
60563;0
60564;0
60565;1
60566;0
60567;35
60568;36
60569;0
60570;1
60571;35
60572;0
60573;1
60574;0
60575;17
60576;0
60577;1
60578;0
60579;0
60580;1
60581;0
60582;1
60583;0
60584;1
60585;2
60586;0
60587;0
60588;0
60589;1
60590;0
60591;0
60592;1
60593;1
60594;0
60595;36
60596;35
60597;0
60598;1
60599;0
60600;1
60601;0
60602;1
60603;0
60604;0
60605;0
60606;1
60607;0
60608;1
60609;1
60610;0
60611;0
60612;2
60613;1
60614;0
60615;1
60616;1
60617;0
60618;0
60619;1
60620;0
60621;0
60622;2
60623;1
60624;0
60625;1
60626;1
60627;0
60628;0
60629;1
60630;0
60631;1
60632;0
60633;0
60634;1
60635;0
60636;0
60637;0
60638;0
60639;1
60640;0
60641;1
60642;0
60643;0
60644;0
60645;1
60646;1
60647;0
60648;0
60649;1
60650;0
60651;1
60652;0
60653;1
60654;0
60655;1
60656;0
60657;1
60658;1
60659;0
60660;0
60661;1
60662;0
60663;1
60664;1
60665;0
60666;0
60667;1
60668;0
60669;0
60670;1
60671;0
60672;0
60673;35
60674;0
60675;1
60676;23
60677;0
60678;2
60679;25
60680;24
60681;1
60682;0
60683;0
60684;35
60685;0
60686;1
60687;0
60688;0
60689;1
60690;0
60691;1
60692;0
60693;0
60694;1
60695;1
60696;0
60697;0
60698;0
60699;1
60700;0
60701;0
60702;1
60703;0
60704;1
60705;1
60706;0
60707;0
60708;1
60709;0
60710;0
60711;1
60712;1
60713;0
60714;0
60715;2
60716;1
60717;0
60718;1
60719;1
60720;0
60721;0
60722;1
60723;0
60724;0
60725;1
60726;0
60727;1
60728;0
60729;1
60730;35
60731;0
60732;1
60733;0
60734;1
60735;2
60736;0
60737;0
60738;1
60739;0
60740;1
60741;0
60742;0
60743;0
60744;22
60745;23
60746;0
60747;0
60748;1
60749;0
60750;1
60751;0
60752;0
60753;0
60754;1
60755;0
60756;1
60757;0
60758;1
60759;0
60760;1
60761;0
60762;1
60763;0
60764;16
60765;1
60766;0
60767;17
60768;35
60769;36
60770;20
60771;9
60772;0
60773;22
60774;21
60775;23
60776;0
60777;1
60778;0
60779;0
60780;1
60781;0
60782;38
60783;39
60784;0
60785;0
60786;0
60787;0
60788;0
60789;1
60790;0
60791;0
60792;1
60793;0
60794;0
60795;1
60796;0
60797;1
60798;0
60799;0
60800;2
60801;1
60802;0
60803;1
60804;0
60805;0
60806;1
60807;0
60808;1
60809;0
60810;1
60811;0
60812;1
60813;0
60814;0
60815;1
60816;6
60817;0
60818;1
60819;0
60820;1
60821;1
60822;0
60823;0
60824;1
60825;0
60826;0
60827;0
60828;1
60829;0
60830;0
60831;1
60832;0
60833;47
60834;0
60835;0
60836;0
60837;0
60838;0
60839;1
60840;35
60841;0
60842;2
60843;1
60844;0
60845;0
60846;0
60847;12
60848;36
60849;35
60850;0
60851;1
60852;1
60853;35
60854;0
60855;1
60856;0
60857;0
60858;36
60859;35
60860;0
60861;1
60862;2
60863;0
60864;0
60865;1
60866;0
60867;0
60868;1
60869;0
60870;1
60871;0
60872;0
60873;1
60874;35
60875;36
60876;0
60877;40
60878;41
60879;0
60880;1
60881;0
60882;1
60883;0
60884;41
60885;1
60886;0
60887;0
60888;47
60889;49
60890;47
60891;50
60892;0
60893;49
60894;0
60895;1
60896;1
60897;0
60898;0
60899;0
60900;1
60901;0
60902;1
60903;0
60904;0
60905;1
60906;0
60907;0
60908;1
60909;0
60910;35
60911;21
60912;0
60913;2
60914;41
60915;1
60916;0
60917;0
60918;0
60919;0
60920;1
60921;0
60922;0
60923;1
60924;0
60925;1
60926;0
60927;0
60928;1
60929;2
60930;0
60931;0
60932;35
60933;38
60934;37
60935;36
60936;0
60937;1
60938;0
60939;0
60940;1
60941;39
60942;44
60943;0
60944;0
60945;1
60946;0
60947;47
60948;0
60949;48
60950;49
60951;44
60952;0
60953;51
60954;1
60955;45
60956;0
60957;1
60958;0
60959;0
60960;1
60961;0
60962;1
60963;1
60964;0
60965;0
60966;2
60967;1
60968;0
60969;1
60970;0
60971;0
60972;1
60973;0
60974;1
60975;0
60976;1
60977;2
60978;0
60979;0
60980;0
60981;1
60982;0
60983;0
60984;0
60985;1
60986;0
60987;0
60988;0
60989;1
60990;0
60991;1
60992;0
60993;23
60994;0
60995;0
60996;1
60997;0
60998;0
60999;35
61000;0
61001;1
61002;0
61003;1
61004;0
61005;0
61006;0
61007;1
61008;0
61009;1
61010;0
61011;40
61012;42
61013;0
61014;41
61015;0
61016;0
61017;0
61018;0
61019;1
61020;0
61021;1
61022;0
61023;0
61024;1
61025;0
61026;1
61027;0
61028;1
61029;0
61030;1
61031;0
61032;0
61033;1
61034;0
61035;1
61036;0
61037;1
61038;0
61039;0
61040;1
61041;0
61042;0
61043;0
61044;0
61045;1
61046;0
61047;1
61048;0
61049;0
61050;1
61051;1
61052;0
61053;2
61054;0
61055;1
61056;0
61057;2
61058;1
61059;0
61060;0
61061;0
61062;1
61063;0
61064;18
61065;19
61066;10
61067;17
61068;0
61069;73
61070;74
61071;0
61072;0
61073;2
61074;1
61075;0
61076;0
61077;1
61078;0
61079;0
61080;1
61081;0
61082;1
61083;0
61084;1
61085;0
61086;0
61087;1
61088;53
61089;44
61090;0
61091;52
61092;1
61093;0
61094;1
61095;41
61096;0
61097;0
61098;1
61099;0
61100;0
61101;0
61102;0
61103;2
61104;0
61105;1
61106;0
61107;1
61108;0
61109;10
61110;45
61111;1
61112;0
61113;23
61114;0
61115;1
61116;0
61117;0
61118;0
61119;1
61120;0
61121;0
61122;1
61123;0
61124;1
61125;18
61126;20
61127;35
61128;19
61129;0
61130;1
61131;35
61132;0
61133;1
61134;35
61135;0
61136;1
61137;0
61138;0
61139;2
61140;35
61141;1
61142;0
61143;0
61144;1
61145;1
61146;0
61147;0
61148;1
61149;1
61150;0
61151;0
61152;1
61153;0
61154;1
61155;0
61156;40
61157;50
61158;39
61159;0
61160;1
61161;0
61162;1
61163;0
61164;0
61165;1
61166;0
61167;1
61168;1
61169;0
61170;0
61171;1
61172;0
61173;1
61174;0
61175;0
61176;4
61177;0
61178;3
61179;1
61180;0
61181;0
61182;1
61183;0
61184;35
61185;36
61186;0
61187;1
61188;0
61189;1
61190;0
61191;0
61192;0
61193;1
61194;0
61195;35
61196;1
61197;0
61198;1
61199;41
61200;0
61201;39
61202;43
61203;40
61204;42
61205;1
61206;1
61207;0
61208;0
61209;1
61210;1
61211;0
61212;1
61213;0
61214;0
61215;0
61216;1
61217;44
61218;0
61219;40
61220;41
61221;0
61222;0
61223;1
61224;0
61225;2
61226;0
61227;1
61228;0
61229;36
61230;35
61231;0
61232;0
61233;0
61234;1
61235;0
61236;1
61237;0
61238;1
61239;3
61240;4
61241;0
61242;2
61243;0
61244;1
61245;0
61246;0
61247;1
61248;0
61249;1
61250;0
61251;1
61252;35
61253;36
61254;6
61255;7
61256;20
61257;8
61258;40
61259;0
61260;1
61261;35
61262;0
61263;1
61264;0
61265;2
61266;1
61267;0
61268;1
61269;0
61270;1
61271;35
61272;36
61273;1
61274;0
61275;1
61276;0
61277;0
61278;1
61279;0
61280;0
61281;1
61282;0
61283;1
61284;0
61285;1
61286;0
61287;1
61288;0
61289;1
61290;0
61291;1
61292;0
61293;1
61294;1
61295;47
61296;0
61297;0
61298;1
61299;0
61300;1
61301;0
61302;1
61303;35
61304;36
61305;0
61306;2
61307;1
61308;0
61309;0
61310;1
61311;0
61312;1
61313;2
61314;1
61315;0
61316;0
61317;2
61318;1
61319;1
61320;0
61321;0
61322;1
61323;0
61324;1
61325;0
61326;4
61327;0
61328;1
61329;0
61330;0
61331;0
61332;1
61333;1
61334;0
61335;35
61336;0
61337;35
61338;0
61339;0
61340;1
61341;0
61342;0
61343;1
61344;0
61345;35
61346;36
61347;0
61348;1
61349;0
61350;1
61351;0
61352;1
61353;0
61354;1
61355;0
61356;1
61357;0
61358;47
61359;49
61360;0
61361;1
61362;0
61363;0
61364;1
61365;0
61366;1
61367;2
61368;0
61369;1
61370;35
61371;57
61372;0
61373;1
61374;0
61375;0
61376;0
61377;0
61378;1
61379;0
61380;1
61381;0
61382;0
61383;1
61384;1
61385;0
61386;0
61387;1
61388;2
61389;0
61390;1
61391;0
61392;1
61393;0
61394;1
61395;2
61396;0
61397;2
61398;1
61399;1
61400;0
61401;0
61402;1
61403;0
61404;1
61405;0
61406;0
61407;1
61408;0
61409;0
61410;0
61411;0
61412;1
61413;0
61414;0
61415;0
61416;1
61417;1
61418;0
61419;0
61420;1
61421;0
61422;0
61423;35
61424;36
61425;0
61426;1
61427;0
61428;0
61429;1
61430;35
61431;3
61432;36
61433;0
61434;0
61435;1
61436;0
61437;1
61438;0
61439;1
61440;0
61441;0
61442;0
61443;0
61444;0
61445;0
61446;1
61447;0
61448;1
61449;0
61450;1
61451;0
61452;0
61453;1
61454;1
61455;0
61456;0
61457;0
61458;0
61459;1
61460;1
61461;0
61462;1
61463;0
61464;0
61465;0
61466;0
61467;1
61468;0
61469;1
61470;0
61471;0
61472;1
61473;1
61474;0
61475;0
61476;0
61477;1
61478;0
61479;1
61480;35
61481;0
61482;39
61483;1
61484;40
61485;0
61486;0
61487;0
61488;1
61489;0
61490;0
61491;2
61492;1
61493;0
61494;0
61495;1
61496;49
61497;1
61498;0
61499;52
61500;0
61501;1
61502;0
61503;1
61504;0
61505;0
61506;1
61507;0
61508;2
61509;0
61510;1
61511;0
61512;0
61513;2
61514;0
61515;1
61516;0
61517;0
61518;1
61519;0
61520;0
61521;1
61522;0
61523;1
61524;0
61525;1
61526;0
61527;0
61528;1
61529;0
61530;0
61531;0
61532;51
61533;1
61534;52
61535;0
61536;1
61537;0
61538;0
61539;1
61540;0
61541;0
61542;1
61543;0
61544;0
61545;0
61546;0
61547;1
61548;2
61549;0
61550;1
61551;0
61552;0
61553;0
61554;1
61555;0
61556;0
61557;1
61558;0
61559;0
61560;1
61561;2
61562;0
61563;2
61564;0
61565;1
61566;2
61567;1
61568;0
61569;0
61570;0
61571;0
61572;1
61573;0
61574;1
61575;0
61576;1
61577;0
61578;1
61579;0
61580;0
61581;1
61582;0
61583;1
61584;1
61585;0
61586;0
61587;1
61588;0
61589;1
61590;0
61591;0
61592;0
61593;1
61594;0
61595;1
61596;0
61597;1
61598;0
61599;1
61600;1
61601;0
61602;0
61603;1
61604;0
61605;1
61606;36
61607;35
61608;0
61609;0
61610;0
61611;0
61612;0
61613;40
61614;0
61615;42
61616;1
61617;0
61618;1
61619;0
61620;1
61621;0
61622;0
61623;0
61624;1
61625;0
61626;0
61627;47
61628;1
61629;0
61630;49
61631;0
61632;0
61633;0
61634;35
61635;38
61636;0
61637;36
61638;0
61639;1
61640;0
61641;35
61642;0
61643;1
61644;0
61645;1
61646;0
61647;0
61648;1
61649;0
61650;1
61651;0
61652;0
61653;1
61654;0
61655;1
61656;0
61657;0
61658;1
61659;0
61660;0
61661;1
61662;1
61663;0
61664;0
61665;1
61666;1
61667;0
61668;35
61669;36
61670;0
61671;0
61672;1
61673;0
61674;0
61675;1
61676;0
61677;0
61678;0
61679;41
61680;2
61681;1
61682;0
61683;1
61684;2
61685;0
61686;1
61687;1
61688;0
61689;0
61690;1
61691;35
61692;36
61693;0
61694;0
61695;1
61696;0
61697;0
61698;1
61699;0
61700;48
61701;40
61702;49
61703;1
61704;39
61705;0
61706;1
61707;0
61708;2
61709;3
61710;0
61711;1
61712;0
61713;0
61714;1
61715;0
61716;0
61717;1
61718;0
61719;1
61720;2
61721;0
61722;0
61723;42
61724;0
61725;40
61726;1
61727;0
61728;0
61729;0
61730;0
61731;1
61732;40
61733;42
61734;41
61735;0
61736;2
61737;1
61738;0
61739;1
61740;0
61741;1
61742;0
61743;0
61744;0
61745;0
61746;1
61747;0
61748;1
61749;0
61750;1
61751;0
61752;35
61753;0
61754;3
61755;1
61756;4
61757;0
61758;1
61759;1
61760;0
61761;0
61762;2
61763;1
61764;4
61765;0
61766;1
61767;0
61768;1
61769;0
61770;1
61771;0
61772;1
61773;0
61774;0
61775;1
61776;0
61777;1
61778;0
61779;1
61780;0
61781;0
61782;0
61783;35
61784;36
61785;0
61786;0
61787;0
61788;1
61789;0
61790;0
61791;0
61792;1
61793;1
61794;0
61795;1
61796;0
61797;0
61798;0
61799;1
61800;0
61801;0
61802;1
61803;1
61804;0
61805;35
61806;0
61807;0
61808;1
61809;1
61810;0
61811;0
61812;1
61813;0
61814;1
61815;0
61816;1
61817;0
61818;1
61819;0
61820;1
61821;35
61822;36
61823;0
61824;1
61825;0
61826;1
61827;0
61828;0
61829;1
61830;0
61831;1
61832;0
61833;1
61834;1
61835;0
61836;40
61837;41
61838;0
61839;1
61840;0
61841;0
61842;41
61843;45
61844;0
61845;40
61846;0
61847;0
61848;1
61849;0
61850;1
61851;0
61852;0
61853;7
61854;36
61855;37
61856;0
61857;1
61858;0
61859;0
61860;1
61861;1
61862;0
61863;0
61864;1
61865;28
61866;1
61867;0
61868;0
61869;1
61870;0
61871;0
61872;1
61873;0
61874;1
61875;2
61876;41
61877;1
61878;0
61879;1
61880;0
61881;0
61882;1
61883;0
61884;1
61885;0
61886;0
61887;1
61888;0
61889;1
61890;0
61891;0
61892;1
61893;2
61894;0
61895;0
61896;1
61897;0
61898;1
61899;2
61900;0
61901;1
61902;1
61903;0
61904;0
61905;1
61906;0
61907;54
61908;0
61909;1
61910;0
61911;1
61912;0
61913;1
61914;0
61915;35
61916;36
61917;0
61918;1
61919;0
61920;2
61921;1
61922;35
61923;77
61924;36
61925;76
61926;0
61927;1
61928;0
61929;1
61930;0
61931;40
61932;48
61933;0
61934;1
61935;0
61936;1
61937;0
61938;1
61939;0
61940;2
61941;0
61942;1
61943;0
61944;1
61945;1
61946;0
61947;0
61948;0
61949;0
61950;2
61951;0
61952;1
61953;0
61954;1
61955;2
61956;0
61957;1
61958;0
61959;1
61960;2
61961;0
61962;1
61963;0
61964;0
61965;0
61966;1
61967;0
61968;1
61969;0
61970;0
61971;1
61972;2
61973;0
61974;1
61975;0
61976;1
61977;0
61978;0
61979;1
61980;0
61981;1
61982;0
61983;0
61984;1
61985;0
61986;0
61987;1
61988;26
61989;0
61990;0
61991;0
61992;1
61993;0
61994;1
61995;0
61996;1
61997;0
61998;0
61999;1
62000;0
62001;1
62002;1
62003;0
62004;0
62005;1
62006;0
62007;35
62008;0
62009;1
62010;0
62011;0
62012;1
62013;0
62014;1
62015;1
62016;0
62017;45
62018;1
62019;0
62020;23
62021;0
62022;22
62023;0
62024;2
62025;1
62026;0
62027;1
62028;1
62029;0
62030;0
62031;41
62032;0
62033;1
62034;0
62035;0
62036;1
62037;1
62038;0
62039;0
62040;1
62041;0
62042;0
62043;1
62044;0
62045;1
62046;1
62047;0
62048;0
62049;1
62050;42
62051;41
62052;0
62053;1
62054;0
62055;0
62056;1
62057;0
62058;1
62059;0
62060;1
62061;0
62062;0
62063;1
62064;1
62065;0
62066;0
62067;1
62068;0
62069;1
62070;1
62071;0
62072;0
62073;1
62074;0
62075;0
62076;1
62077;0
62078;0
62079;1
62080;0
62081;0
62082;1
62083;0
62084;1
62085;2
62086;0
62087;1
62088;0
62089;1
62090;0
62091;1
62092;0
62093;0
62094;1
62095;0
62096;1
62097;0
62098;1
62099;0
62100;1
62101;0
62102;1
62103;0
62104;2
62105;1
62106;0
62107;1
62108;4
62109;0
62110;1
62111;2
62112;0
62113;0
62114;1
62115;0
62116;1
62117;0
62118;1
62119;0
62120;1
62121;0
62122;1
62123;0
62124;1
62125;0
62126;0
62127;1
62128;0
62129;1
62130;0
62131;1
62132;0
62133;0
62134;1
62135;0
62136;0
62137;1
62138;0
62139;1
62140;0
62141;0
62142;1
62143;0
62144;0
62145;1
62146;2
62147;35
62148;1
62149;0
62150;0
62151;0
62152;0
62153;1
62154;0
62155;0
62156;0
62157;0
62158;0
62159;1
62160;0
62161;1
62162;0
62163;0
62164;1
62165;0
62166;0
62167;1
62168;0
62169;35
62170;36
62171;40
62172;0
62173;1
62174;41
62175;0
62176;1
62177;0
62178;0
62179;1
62180;0
62181;1
62182;0
62183;1
62184;0
62185;1
62186;0
62187;0
62188;2
62189;1
62190;0
62191;0
62192;0
62193;1
62194;0
62195;0
62196;2
62197;5
62198;4
62199;0
62200;0
62201;0
62202;1
62203;0
62204;0
62205;1
62206;0
62207;0
62208;1
62209;0
62210;0
62211;0
62212;1
62213;0
62214;1
62215;0
62216;1
62217;0
62218;1
62219;0
62220;0
62221;0
62222;1
62223;0
62224;0
62225;0
62226;0
62227;0
62228;1
62229;0
62230;0
62231;19
62232;0
62233;22
62234;47
62235;13
62236;20
62237;0
62238;1
62239;0
62240;0
62241;43
62242;40
62243;0
62244;42
62245;41
62246;0
62247;1
62248;1
62249;0
62250;0
62251;1
62252;0
62253;1
62254;61
62255;0
62256;1
62257;62
62258;0
62259;1
62260;1
62261;0
62262;1
62263;0
62264;1
62265;0
62266;1
62267;0
62268;0
62269;1
62270;41
62271;0
62272;0
62273;1
62274;0
62275;1
62276;0
62277;1
62278;0
62279;0
62280;0
62281;1
62282;0
62283;1
62284;0
62285;1
62286;0
62287;1
62288;2
62289;0
62290;0
62291;2
62292;3
62293;0
62294;0
62295;1
62296;0
62297;2
62298;1
62299;0
62300;1
62301;0
62302;1
62303;0
62304;1
62305;0
62306;0
62307;1
62308;1
62309;0
62310;0
62311;1
62312;0
62313;0
62314;1
62315;0
62316;27
62317;2
62318;1
62319;0
62320;1
62321;0
62322;0
62323;0
62324;0
62325;1
62326;0
62327;1
62328;0
62329;0
62330;0
62331;0
62332;1
62333;2
62334;0
62335;2
62336;1
62337;0
62338;0
62339;0
62340;1
62341;0
62342;47
62343;1
62344;39
62345;1
62346;0
62347;35
62348;1
62349;0
62350;0
62351;1
62352;0
62353;1
62354;38
62355;40
62356;14
62357;18
62358;15
62359;0
62360;30
62361;28
62362;0
62363;1
62364;0
62365;1
62366;0
62367;0
62368;1
62369;0
62370;0
62371;0
62372;0
62373;0
62374;1
62375;1
62376;0
62377;0
62378;1
62379;19
62380;10
62381;17
62382;0
62383;1
62384;0
62385;1
62386;0
62387;1
62388;0
62389;1
62390;0
62391;1
62392;0
62393;1
62394;2
62395;0
62396;35
62397;0
62398;1
62399;1
62400;0
62401;0
62402;1
62403;0
62404;1
62405;0
62406;1
62407;1
62408;0
62409;0
62410;1
62411;0
62412;1
62413;0
62414;1
62415;35
62416;36
62417;1
62418;0
62419;0
62420;0
62421;0
62422;0
62423;0
62424;0
62425;0
62426;1
62427;0
62428;1
62429;1
62430;0
62431;0
62432;1
62433;1
62434;0
62435;0
62436;1
62437;2
62438;0
62439;0
62440;1
62441;0
62442;1
62443;35
62444;0
62445;1
62446;0
62447;1
62448;2
62449;0
62450;1
62451;0
62452;0
62453;31
62454;4
62455;24
62456;32
62457;0
62458;0
62459;0
62460;2
62461;0
62462;0
62463;0
62464;1
62465;1
62466;0
62467;0
62468;1
62469;0
62470;35
62471;0
62472;1
62473;0
62474;1
62475;0
62476;0
62477;0
62478;1
62479;1
62480;0
62481;1
62482;0
62483;0
62484;38
62485;1
62486;70
62487;5
62488;40
62489;0
62490;1
62491;42
62492;41
62493;0
62494;1
62495;0
62496;0
62497;1
62498;63
62499;1
62500;0
62501;2
62502;1
62503;48
62504;0
62505;0
62506;36
62507;35
62508;37
62509;0
62510;0
62511;1
62512;4
62513;0
62514;1
62515;0
62516;0
62517;1
62518;0
62519;0
62520;0
62521;1
62522;1
62523;0
62524;0
62525;1
62526;10
62527;11
62528;1
62529;0
62530;19
62531;0
62532;0
62533;0
62534;1
62535;2
62536;0
62537;1
62538;0
62539;1
62540;0
62541;0
62542;1
62543;0
62544;0
62545;1
62546;0
62547;0
62548;1
62549;0
62550;30
62551;17
62552;18
62553;0
62554;1
62555;0
62556;1
62557;0
62558;1
62559;0
62560;1
62561;0
62562;1
62563;35
62564;11
62565;10
62566;0
62567;1
62568;0
62569;0
62570;1
62571;1
62572;0
62573;0
62574;1
62575;0
62576;0
62577;0
62578;40
62579;41
62580;0
62581;1
62582;0
62583;1
62584;0
62585;23
62586;30
62587;35
62588;22
62589;24
62590;1
62591;23
62592;0
62593;0
62594;1
62595;0
62596;0
62597;1
62598;0
62599;1
62600;0
62601;1
62602;0
62603;1
62604;0
62605;1
62606;0
62607;1
62608;0
62609;1
62610;0
62611;1
62612;43
62613;35
62614;36
62615;0
62616;1
62617;0
62618;1
62619;0
62620;1
62621;0
62622;1
62623;0
62624;35
62625;0
62626;37
62627;1
62628;0
62629;1
62630;2
62631;35
62632;0
62633;1
62634;1
62635;0
62636;0
62637;1
62638;44
62639;43
62640;0
62641;0
62642;1
62643;2
62644;1
62645;0
62646;35
62647;0
62648;0
62649;1
62650;0
62651;1
62652;0
62653;1
62654;0
62655;1
62656;7
62657;14
62658;12
62659;15
62660;6
62661;0
62662;0
62663;0
62664;1
62665;0
62666;0
62667;1
62668;0
62669;0
62670;1
62671;0
62672;0
62673;1
62674;0
62675;0
62676;1
62677;0
62678;0
62679;13
62680;1
62681;0
62682;1
62683;0
62684;0
62685;1
62686;0
62687;0
62688;0
62689;1
62690;0
62691;1
62692;0
62693;49
62694;1
62695;0
62696;1
62697;0
62698;1
62699;0
62700;0
62701;1
62702;0
62703;1
62704;0
62705;1
62706;12
62707;16
62708;17
62709;0
62710;1
62711;0
62712;1
62713;0
62714;0
62715;2
62716;1
62717;0
62718;0
62719;1
62720;0
62721;1
62722;0
62723;1
62724;42
62725;0
62726;1
62727;0
62728;0
62729;1
62730;0
62731;1
62732;0
62733;1
62734;0
62735;1
62736;1
62737;0
62738;1
62739;0
62740;25
62741;1
62742;0
62743;58
62744;0
62745;59
62746;0
62747;0
62748;1
62749;2
62750;0
62751;1
62752;0
62753;1
62754;0
62755;1
62756;0
62757;0
62758;1
62759;2
62760;0
62761;2
62762;0
62763;1
62764;0
62765;1
62766;0
62767;1
62768;36
62769;35
62770;0
62771;0
62772;1
62773;0
62774;1
62775;1
62776;0
62777;0
62778;0
62779;1
62780;0
62781;35
62782;36
62783;0
62784;1
62785;0
62786;1
62787;0
62788;1
62789;0
62790;1
62791;0
62792;0
62793;0
62794;1
62795;0
62796;1
62797;0
62798;1
62799;0
62800;47
62801;0
62802;0
62803;1
62804;51
62805;1
62806;53
62807;0
62808;0
62809;0
62810;1
62811;0
62812;0
62813;0
62814;1
62815;0
62816;53
62817;45
62818;46
62819;54
62820;0
62821;0
62822;1
62823;0
62824;0
62825;1
62826;0
62827;1
62828;0
62829;1
62830;0
62831;0
62832;0
62833;1
62834;0
62835;1
62836;74
62837;41
62838;75
62839;0
62840;0
62841;1
62842;0
62843;1
62844;37
62845;0
62846;0
62847;1
62848;0
62849;1
62850;0
62851;1
62852;0
62853;0
62854;1
62855;0
62856;0
62857;0
62858;2
62859;1
62860;0
62861;0
62862;2
62863;1
62864;0
62865;0
62866;0
62867;1
62868;0
62869;0
62870;1
62871;0
62872;2
62873;1
62874;1
62875;0
62876;0
62877;1
62878;0
62879;1
62880;0
62881;0
62882;0
62883;1
62884;0
62885;1
62886;1
62887;0
62888;0
62889;1
62890;0
62891;35
62892;81
62893;80
62894;0
62895;0
62896;1
62897;0
62898;0
62899;1
62900;0
62901;1
62902;0
62903;0
62904;0
62905;0
62906;0
62907;1
62908;1
62909;0
62910;0
62911;0
62912;35
62913;36
62914;0
62915;0
62916;0
62917;1
62918;41
62919;1
62920;0
62921;0
62922;1
62923;0
62924;0
62925;0
62926;1
62927;0
62928;0
62929;1
62930;2
62931;0
62932;1
62933;2
62934;0
62935;1
62936;0
62937;1
62938;0
62939;3
62940;1
62941;4
62942;35
62943;0
62944;1
62945;0
62946;0
62947;1
62948;0
62949;0
62950;0
62951;0
62952;1
62953;0
62954;35
62955;0
62956;1
62957;0
62958;1
62959;0
62960;1
62961;0
62962;0
62963;1
62964;0
62965;36
62966;35
62967;0
62968;0
62969;1
62970;0
62971;0
62972;1
62973;0
62974;0
62975;0
62976;0
62977;0
62978;1
62979;0
62980;1
62981;0
62982;0
62983;1
62984;0
62985;1
62986;0
62987;0
62988;1
62989;0
62990;1
62991;0
62992;1
62993;0
62994;1
62995;0
62996;1
62997;0
62998;0
62999;1
63000;0
63001;1
63002;35
63003;36
63004;0
63005;1
63006;19
63007;35
63008;36
63009;0
63010;0
63011;1
63012;1
63013;0
63014;0
63015;0
63016;1
63017;35
63018;0
63019;1
63020;0
63021;0
63022;0
63023;0
63024;1
63025;0
63026;1
63027;0
63028;3
63029;5
63030;6
63031;0
63032;0
63033;0
63034;0
63035;0
63036;1
63037;0
63038;48
63039;0
63040;0
63041;2
63042;1
63043;1
63044;0
63045;0
63046;1
63047;0
63048;1
63049;0
63050;0
63051;1
63052;2
63053;0
63054;0
63055;1
63056;0
63057;1
63058;2
63059;0
63060;1
63061;0
63062;0
63063;0
63064;0
63065;1
63066;0
63067;1
63068;0
63069;1
63070;0
63071;0
63072;0
63073;1
63074;0
63075;2
63076;35
63077;0
63078;1
63079;0
63080;1
63081;1
63082;0
63083;1
63084;0
63085;0
63086;1
63087;41
63088;0
63089;1
63090;0
63091;0
63092;1
63093;0
63094;0
63095;0
63096;1
63097;1
63098;0
63099;1
63100;0
63101;0
63102;0
63103;0
63104;0
63105;19
63106;37
63107;36
63108;38
63109;17
63110;39
63111;0
63112;0
63113;1
63114;35
63115;36
63116;0
63117;0
63118;1
63119;1
63120;0
63121;1
63122;0
63123;0
63124;0
63125;1
63126;0
63127;0
63128;16
63129;0
63130;18
63131;19
63132;1
63133;17
63134;0
63135;0
63136;0
63137;0
63138;40
63139;41
63140;0
63141;0
63142;1
63143;0
63144;1
63145;0
63146;2
63147;0
63148;1
63149;0
63150;1
63151;35
63152;0
63153;1
63154;0
63155;35
63156;0
63157;51
63158;52
63159;0
63160;1
63161;0
63162;1
63163;0
63164;1
63165;0
63166;0
63167;1
63168;0
63169;0
63170;1
63171;0
63172;1
63173;2
63174;0
63175;1
63176;0
63177;1
63178;1
63179;0
63180;0
63181;1
63182;0
63183;2
63184;1
63185;43
63186;6
63187;19
63188;8
63189;18
63190;42
63191;44
63192;7
63193;0
63194;1
63195;0
63196;1
63197;0
63198;1
63199;0
63200;1
63201;0
63202;1
63203;0
63204;0
63205;1
63206;0
63207;37
63208;38
63209;1
63210;0
63211;0
63212;1
63213;0
63214;0
63215;0
63216;47
63217;1
63218;49
63219;0
63220;1
63221;40
63222;0
63223;1
63224;0
63225;0
63226;1
63227;1
63228;0
63229;0
63230;2
63231;1
63232;35
63233;36
63234;1
63235;0
63236;0
63237;35
63238;36
63239;0
63240;0
63241;0
63242;1
63243;0
63244;0
63245;1
63246;0
63247;0
63248;1
63249;1
63250;0
63251;0
63252;0
63253;0
63254;1
63255;0
63256;4
63257;0
63258;1
63259;23
63260;24
63261;17
63262;25
63263;1
63264;0
63265;1
63266;0
63267;0
63268;1
63269;1
63270;0
63271;0
63272;1
63273;0
63274;0
63275;1
63276;0
63277;0
63278;1
63279;2
63280;0
63281;1
63282;0
63283;1
63284;1
63285;0
63286;0
63287;0
63288;0
63289;2
63290;1
63291;0
63292;1
63293;0
63294;1
63295;0
63296;0
63297;1
63298;0
63299;1
63300;0
63301;41
63302;29
63303;0
63304;1
63305;1
63306;0
63307;1
63308;0
63309;0
63310;0
63311;1
63312;1
63313;0
63314;0
63315;0
63316;1
63317;0
63318;0
63319;1
63320;0
63321;0
63322;0
63323;2
63324;40
63325;41
63326;0
63327;1
63328;0
63329;0
63330;0
63331;1
63332;0
63333;30
63334;31
63335;0
63336;0
63337;1
63338;0
63339;35
63340;0
63341;1
63342;0
63343;0
63344;0
63345;0
63346;1
63347;0
63348;0
63349;0
63350;0
63351;0
63352;0
63353;2
63354;1
63355;0
63356;0
63357;1
63358;0
63359;2
63360;0
63361;0
63362;1
63363;35
63364;0
63365;2
63366;0
63367;0
63368;0
63369;1
63370;0
63371;0
63372;0
63373;1
63374;0
63375;0
63376;25
63377;26
63378;0
63379;0
63380;1
63381;0
63382;1
63383;0
63384;0
63385;1
63386;1
63387;0
63388;0
63389;0
63390;1
63391;0
63392;0
63393;1
63394;0
63395;0
63396;0
63397;1
63398;0
63399;0
63400;1
63401;0
63402;1
63403;0
63404;0
63405;1
63406;0
63407;35
63408;0
63409;0
63410;1
63411;0
63412;1
63413;35
63414;0
63415;1
63416;2
63417;0
63418;1
63419;2
63420;0
63421;1
63422;0
63423;1
63424;0
63425;1
63426;0
63427;1
63428;1
63429;0
63430;0
63431;1
63432;0
63433;0
63434;0
63435;0
63436;1
63437;2
63438;0
63439;1
63440;41
63441;1
63442;0
63443;42
63444;0
63445;17
63446;16
63447;0
63448;0
63449;1
63450;42
63451;0
63452;0
63453;0
63454;0
63455;1
63456;47
63457;35
63458;1
63459;0
63460;0
63461;0
63462;1
63463;0
63464;20
63465;0
63466;0
63467;1
63468;1
63469;35
63470;2
63471;0
63472;0
63473;1
63474;0
63475;0
63476;0
63477;1
63478;0
63479;1
63480;0
63481;2
63482;1
63483;0
63484;1
63485;0
63486;0
63487;0
63488;27
63489;1
63490;0
63491;1
63492;0
63493;2
63494;0
63495;1
63496;0
63497;1
63498;0
63499;70
63500;72
63501;71
63502;0
63503;0
63504;1
63505;0
63506;1
63507;0
63508;0
63509;1
63510;1
63511;0
63512;0
63513;1
63514;0
63515;1
63516;0
63517;0
63518;0
63519;1
63520;0
63521;1
63522;0
63523;0
63524;1
63525;0
63526;1
63527;0
63528;0
63529;1
63530;0
63531;0
63532;1
63533;0
63534;0
63535;1
63536;0
63537;1
63538;0
63539;0
63540;1
63541;0
63542;0
63543;1
63544;0
63545;0
63546;35
63547;36
63548;23
63549;35
63550;0
63551;0
63552;1
63553;0
63554;1
63555;0
63556;1
63557;0
63558;0
63559;2
63560;1
63561;0
63562;1
63563;2
63564;0
63565;1
63566;0
63567;1
63568;0
63569;1
63570;0
63571;0
63572;0
63573;1
63574;0
63575;1
63576;1
63577;0
63578;0
63579;1
63580;0
63581;1
63582;0
63583;0
63584;0
63585;1
63586;0
63587;0
63588;1
63589;0
63590;0
63591;1
63592;0
63593;1
63594;0
63595;0
63596;1
63597;2
63598;0
63599;1
63600;0
63601;23
63602;25
63603;24
63604;0
63605;0
63606;1
63607;0
63608;38
63609;1
63610;2
63611;3
63612;35
63613;1
63614;0
63615;0
63616;1
63617;0
63618;1
63619;1
63620;0
63621;0
63622;1
63623;0
63624;1
63625;0
63626;1
63627;0
63628;0
63629;0
63630;0
63631;1
63632;0
63633;0
63634;0
63635;0
63636;0
63637;1
63638;0
63639;0
63640;1
63641;1
63642;0
63643;0
63644;0
63645;1
63646;0
63647;16
63648;0
63649;18
63650;19
63651;10
63652;1
63653;0
63654;0
63655;1
63656;0
63657;0
63658;1
63659;1
63660;0
63661;0
63662;0
63663;0
63664;0
63665;1
63666;0
63667;1
63668;2
63669;0
63670;1
63671;0
63672;49
63673;1
63674;40
63675;41
63676;48
63677;0
63678;1
63679;0
63680;1
63681;0
63682;0
63683;2
63684;1
63685;1
63686;0
63687;0
63688;0
63689;0
63690;0
63691;1
63692;0
63693;0
63694;1
63695;0
63696;0
63697;0
63698;1
63699;0
63700;0
63701;1
63702;0
63703;0
63704;1
63705;0
63706;0
63707;1
63708;0
63709;0
63710;1
63711;1
63712;0
63713;0
63714;1
63715;0
63716;0
63717;0
63718;0
63719;35
63720;1
63721;0
63722;0
63723;1
63724;0
63725;0
63726;1
63727;0
63728;1
63729;0
63730;1
63731;0
63732;0
63733;1
63734;0
63735;1
63736;0
63737;0
63738;0
63739;1
63740;0
63741;1
63742;0
63743;1
63744;0
63745;1
63746;0
63747;1
63748;0
63749;1
63750;0
63751;1
63752;0
63753;1
63754;0
63755;1
63756;0
63757;1
63758;0
63759;0
63760;0
63761;1
63762;0
63763;0
63764;1
63765;0
63766;1
63767;0
63768;1
63769;0
63770;0
63771;1
63772;1
63773;0
63774;0
63775;1
63776;1
63777;0
63778;0
63779;35
63780;36
63781;0
63782;1
63783;0
63784;1
63785;2
63786;0
63787;0
63788;0
63789;0
63790;2
63791;1
63792;0
63793;1
63794;0
63795;1
63796;0
63797;0
63798;1
63799;0
63800;1
63801;0
63802;1
63803;0
63804;81
63805;1
63806;0
63807;43
63808;1
63809;0
63810;1
63811;0
63812;0
63813;1
63814;0
63815;1
63816;0
63817;1
63818;0
63819;0
63820;0
63821;1
63822;0
63823;0
63824;1
63825;2
63826;3
63827;0
63828;0
63829;1
63830;0
63831;0
63832;1
63833;0
63834;0
63835;4
63836;0
63837;1
63838;0
63839;0
63840;1
63841;44
63842;42
63843;0
63844;0
63845;1
63846;0
63847;1
63848;0
63849;0
63850;1
63851;0
63852;1
63853;2
63854;0
63855;0
63856;0
63857;1
63858;0
63859;0
63860;0
63861;1
63862;1
63863;0
63864;0
63865;0
63866;0
63867;0
63868;0
63869;0
63870;1
63871;0
63872;1
63873;0
63874;2
63875;0
63876;0
63877;1
63878;40
63879;38
63880;0
63881;0
63882;0
63883;1
63884;0
63885;0
63886;1
63887;0
63888;1
63889;0
63890;1
63891;0
63892;1
63893;1
63894;0
63895;2
63896;0
63897;0
63898;1
63899;0
63900;0
63901;1
63902;0
63903;2
63904;1
63905;1
63906;0
63907;0
63908;1
63909;0
63910;1
63911;0
63912;35
63913;36
63914;0
63915;1
63916;0
63917;1
63918;0
63919;0
63920;0
63921;1
63922;2
63923;0
63924;1
63925;0
63926;1
63927;0
63928;1
63929;0
63930;1
63931;2
63932;1
63933;0
63934;0
63935;0
63936;1
63937;2
63938;0
63939;0
63940;1
63941;0
63942;0
63943;1
63944;0
63945;0
63946;1
63947;0
63948;1
63949;0
63950;0
63951;0
63952;1
63953;0
63954;0
63955;1
63956;0
63957;1
63958;0
63959;1
63960;0
63961;1
63962;1
63963;0
63964;0
63965;0
63966;1
63967;1
63968;0
63969;0
63970;1
63971;0
63972;1
63973;0
63974;0
63975;0
63976;1
63977;0
63978;1
63979;0
63980;0
63981;0
63982;1
63983;0
63984;1
63985;0
63986;1
63987;72
63988;77
63989;70
63990;75
63991;76
63992;0
63993;2
63994;1
63995;38
63996;23
63997;0
63998;1
63999;0
64000;1
64001;0
64002;1
64003;0
64004;1
64005;1
64006;0
64007;0
64008;46
64009;47
64010;1
64011;0
64012;0
64013;33
64014;32
64015;1
64016;0
64017;0
64018;1
64019;1
64020;0
64021;0
64022;1
64023;0
64024;0
64025;0
64026;0
64027;0
64028;1
64029;0
64030;1
64031;0
64032;0
64033;1
64034;0
64035;0
64036;0
64037;1
64038;0
64039;0
64040;1
64041;0
64042;0
64043;0
64044;1
64045;0
64046;1
64047;48
64048;47
64049;0
64050;0
64051;35
64052;36
64053;0
64054;0
64055;1
64056;0
64057;1
64058;0
64059;0
64060;1
64061;0
64062;1
64063;0
64064;0
64065;1
64066;0
64067;1
64068;14
64069;17
64070;16
64071;15
64072;0
64073;1
64074;0
64075;0
64076;1
64077;0
64078;1
64079;0
64080;1
64081;0
64082;35
64083;0
64084;1
64085;0
64086;1
64087;0
64088;1
64089;1
64090;0
64091;0
64092;1
64093;1
64094;0
64095;0
64096;1
64097;0
64098;1
64099;0
64100;1
64101;2
64102;0
64103;1
64104;0
64105;0
64106;2
64107;0
64108;0
64109;0
64110;0
64111;1
64112;0
64113;1
64114;0
64115;1
64116;0
64117;1
64118;59
64119;35
64120;60
64121;10
64122;1
64123;0
64124;20
64125;11
64126;19
64127;21
64128;0
64129;0
64130;1
64131;0
64132;1
64133;0
64134;0
64135;0
64136;1
64137;0
64138;1
64139;1
64140;0
64141;0
64142;1
64143;0
64144;0
64145;0
64146;1
64147;0
64148;1
64149;0
64150;1
64151;0
64152;0
64153;1
64154;0
64155;35
64156;36
64157;0
64158;1
64159;0
64160;0
64161;0
64162;1
64163;0
64164;0
64165;0
64166;0
64167;1
64168;0
64169;0
64170;0
64171;0
64172;1
64173;2
64174;1
64175;0
64176;9
64177;0
64178;1
64179;0
64180;2
64181;0
64182;0
64183;1
64184;0
64185;0
64186;1
64187;43
64188;0
64189;0
64190;0
64191;0
64192;0
64193;0
64194;1
64195;0
64196;1
64197;0
64198;1
64199;0
64200;0
64201;1
64202;0
64203;0
64204;1
64205;1
64206;0
64207;0
64208;1
64209;0
64210;1
64211;2
64212;3
64213;4
64214;6
64215;0
64216;1
64217;0
64218;0
64219;3
64220;1
64221;36
64222;35
64223;0
64224;0
64225;0
64226;1
64227;0
64228;1
64229;0
64230;0
64231;1
64232;1
64233;0
64234;0
64235;0
64236;1
64237;0
64238;1
64239;0
64240;2
64241;1
64242;0
64243;1
64244;1
64245;0
64246;15
64247;17
64248;18
64249;0
64250;16
64251;44
64252;0
64253;24
64254;0
64255;1
64256;0
64257;0
64258;1
64259;0
64260;2
64261;0
64262;1
64263;48
64264;0
64265;1
64266;46
64267;0
64268;0
64269;0
64270;0
64271;1
64272;0
64273;0
64274;0
64275;1
64276;0
64277;1
64278;1
64279;0
64280;0
64281;1
64282;1
64283;2
64284;0
64285;0
64286;1
64287;0
64288;1
64289;0
64290;1
64291;0
64292;1
64293;0
64294;0
64295;0
64296;1
64297;0
64298;0
64299;1
64300;0
64301;1
64302;1
64303;0
64304;0
64305;0
64306;0
64307;2
64308;1
64309;0
64310;1
64311;0
64312;2
64313;1
64314;0
64315;0
64316;1
64317;39
64318;0
64319;1
64320;0
64321;0
64322;0
64323;1
64324;49
64325;0
64326;0
64327;2
64328;0
64329;1
64330;0
64331;0
64332;1
64333;0
64334;0
64335;0
64336;0
64337;2
64338;1
64339;0
64340;1
64341;1
64342;0
64343;0
64344;0
64345;0
64346;40
64347;42
64348;1
64349;0
64350;1
64351;1
64352;0
64353;35
64354;36
64355;0
64356;1
64357;0
64358;18
64359;20
64360;0
64361;12
64362;19
64363;0
64364;1
64365;0
64366;0
64367;1
64368;0
64369;2
64370;1
64371;0
64372;0
64373;1
64374;0
64375;0
64376;1
64377;0
64378;6
64379;1
64380;0
64381;1
64382;0
64383;1
64384;0
64385;1
64386;0
64387;0
64388;1
64389;0
64390;0
64391;0
64392;1
64393;2
64394;1
64395;0
64396;1
64397;0
64398;0
64399;1
64400;0
64401;1
64402;0
64403;0
64404;36
64405;19
64406;20
64407;0
64408;1
64409;49
64410;35
64411;51
64412;0
64413;1
64414;47
64415;46
64416;39
64417;0
64418;0
64419;35
64420;0
64421;1
64422;0
64423;1
64424;0
64425;1
64426;0
64427;1
64428;0
64429;1
64430;0
64431;1
64432;0
64433;4
64434;0
64435;1
64436;1
64437;0
64438;0
64439;0
64440;2
64441;1
64442;35
64443;0
64444;1
64445;1
64446;0
64447;0
64448;1
64449;1
64450;0
64451;0
64452;0
64453;1
64454;1
64455;0
64456;0
64457;1
64458;0
64459;1
64460;0
64461;0
64462;0
64463;0
64464;1
64465;0
64466;1
64467;0
64468;0
64469;1
64470;0
64471;1
64472;1
64473;0
64474;0
64475;0
64476;0
64477;20
64478;0
64479;0
64480;1
64481;0
64482;0
64483;0
64484;1
64485;0
64486;1
64487;0
64488;1
64489;29
64490;28
64491;1
64492;0
64493;0
64494;1
64495;0
64496;0
64497;1
64498;0
64499;1
64500;0
64501;1
64502;0
64503;0
64504;40
64505;42
64506;0
64507;1
64508;0
64509;1
64510;1
64511;0
64512;0
64513;49
64514;1
64515;1
64516;0
64517;0
64518;1
64519;0
64520;0
64521;1
64522;0
64523;1
64524;0
64525;0
64526;1
64527;0
64528;1
64529;1
64530;0
64531;0
64532;1
64533;1
64534;0
64535;0
64536;1
64537;35
64538;36
64539;0
64540;1
64541;0
64542;1
64543;0
64544;1
64545;0
64546;1
64547;0
64548;0
64549;1
64550;4
64551;5
64552;22
64553;13
64554;0
64555;1
64556;0
64557;40
64558;1
64559;10
64560;11
64561;0
64562;1
64563;2
64564;35
64565;0
64566;1
64567;0
64568;1
64569;0
64570;1
64571;0
64572;0
64573;2
64574;1
64575;0
64576;1
64577;0
64578;0
64579;1
64580;0
64581;1
64582;0
64583;0
64584;25
64585;10
64586;1
64587;23
64588;0
64589;1
64590;0
64591;1
64592;0
64593;1
64594;0
64595;1
64596;35
64597;0
64598;36
64599;1
64600;0
64601;35
64602;35
64603;37
64604;0
64605;1
64606;0
64607;14
64608;13
64609;0
64610;0
64611;0
64612;0
64613;1
64614;1
64615;0
64616;0
64617;0
64618;0
64619;1
64620;0
64621;0
64622;0
64623;1
64624;2
64625;3
64626;0
64627;1
64628;0
64629;1
64630;1
64631;0
64632;0
64633;0
64634;1
64635;0
64636;1
64637;0
64638;54
64639;0
64640;1
64641;42
64642;41
64643;0
64644;1
64645;0
64646;1
64647;2
64648;58
64649;0
64650;59
64651;0
64652;2
64653;35
64654;36
64655;1
64656;0
64657;2
64658;0
64659;1
64660;5
64661;2
64662;6
64663;0
64664;0
64665;0
64666;1
64667;0
64668;0
64669;0
64670;0
64671;0
64672;1
64673;0
64674;0
64675;1
64676;0
64677;0
64678;1
64679;0
64680;0
64681;1
64682;0
64683;35
64684;36
64685;0
64686;1
64687;0
64688;47
64689;0
64690;1
64691;2
64692;49
64693;0
64694;1
64695;0
64696;1
64697;0
64698;0
64699;2
64700;1
64701;35
64702;36
64703;0
64704;1
64705;0
64706;1
64707;0
64708;1
64709;0
64710;1
64711;0
64712;1
64713;6
64714;0
64715;1
64716;0
64717;2
64718;0
64719;0
64720;1
64721;0
64722;1
64723;0
64724;0
64725;0
64726;0
64727;1
64728;4
64729;1
64730;0
64731;0
64732;1
64733;0
64734;0
64735;1
64736;0
64737;0
64738;0
64739;0
64740;1
64741;0
64742;2
64743;0
64744;1
64745;1
64746;0
64747;1
64748;0
64749;0
64750;1
64751;0
64752;1
64753;0
64754;0
64755;0
64756;0
64757;1
64758;0
64759;1
64760;0
64761;1
64762;0
64763;1
64764;0
64765;2
64766;1
64767;0
64768;1
64769;0
64770;1
64771;0
64772;1
64773;0
64774;0
64775;1
64776;1
64777;0
64778;1
64779;0
64780;0
64781;1
64782;0
64783;1
64784;0
64785;1
64786;0
64787;0
64788;1
64789;0
64790;1
64791;0
64792;1
64793;0
64794;1
64795;0
64796;0
64797;1
64798;0
64799;1
64800;0
64801;0
64802;1
64803;41
64804;1
64805;0
64806;0
64807;1
64808;2
64809;0
64810;1
64811;0
64812;1
64813;0
64814;1
64815;0
64816;1
64817;0
64818;0
64819;1
64820;0
64821;0
64822;0
64823;1
64824;0
64825;35
64826;1
64827;0
64828;0
64829;0
64830;0
64831;44
64832;1
64833;0
64834;1
64835;1
64836;0
64837;0
64838;1
64839;0
64840;0
64841;0
64842;1
64843;0
64844;9
64845;0
64846;3
64847;1
64848;4
64849;7
64850;0
64851;1
64852;14
64853;0
64854;1
64855;1
64856;0
64857;0
64858;0
64859;1
64860;1
64861;0
64862;0
64863;1
64864;0
64865;1
64866;0
64867;1
64868;0
64869;2
64870;0
64871;0
64872;2
64873;35
64874;37
64875;38
64876;0
64877;1
64878;0
64879;0
64880;1
64881;0
64882;0
64883;1
64884;47
64885;0
64886;49
64887;0
64888;1
64889;0
64890;1
64891;0
64892;1
64893;1
64894;0
64895;17
64896;1
64897;0
64898;0
64899;1
64900;0
64901;2
64902;1
64903;0
64904;1
64905;0
64906;1
64907;0
64908;0
64909;1
64910;0
64911;0
64912;1
64913;0
64914;0
64915;0
64916;1
64917;0
64918;0
64919;2
64920;1
64921;0
64922;1
64923;0
64924;1
64925;0
64926;1
64927;1
64928;0
64929;0
64930;6
64931;35
64932;35
64933;36
64934;1
64935;0
64936;0
64937;0
64938;0
64939;0
64940;0
64941;35
64942;36
64943;0
64944;1
64945;0
64946;17
64947;18
64948;0
64949;5
64950;1
64951;6
64952;0
64953;44
64954;0
64955;36
64956;35
64957;37
64958;38
64959;0
64960;1
64961;0
64962;1
64963;0
64964;1
64965;35
64966;0
64967;1
64968;1
64969;0
64970;3
64971;49
64972;39
64973;48
64974;0
64975;1
64976;0
64977;0
64978;0
64979;0
64980;1
64981;0
64982;1
64983;2
64984;0
64985;0
64986;1
64987;0
64988;1
64989;0
64990;1
64991;0
64992;0
64993;1
64994;0
64995;1
64996;1
64997;0
64998;0
64999;1
65000;0
65001;0
65002;1
65003;0
65004;1
65005;0
65006;1
65007;1
65008;0
65009;35
65010;36
65011;17
65012;1
65013;19
65014;20
65015;11
65016;18
65017;0
65018;1
65019;0
65020;0
65021;1
65022;0
65023;5
65024;45
65025;7
65026;50
65027;6
65028;70
65029;71
65030;0
65031;0
65032;0
65033;0
65034;1
65035;2
65036;0
65037;0
65038;0
65039;0
65040;1
65041;56
65042;47
65043;0
65044;1
65045;0
65046;1
65047;0
65048;1
65049;0
65050;1
65051;0
65052;1
65053;0
65054;2
65055;0
65056;36
65057;35
65058;11
65059;10
65060;38
65061;37
65062;0
65063;2
65064;1
65065;0
65066;0
65067;1
65068;0
65069;1
65070;0
65071;0
65072;1
65073;0
65074;0
65075;0
65076;0
65077;1
65078;0
65079;1
65080;0
65081;1
65082;0
65083;0
65084;1
65085;0
65086;1
65087;0
65088;0
65089;1
65090;0
65091;0
65092;0
65093;0
65094;1
65095;1
65096;0
65097;0
65098;1
65099;1
65100;0
65101;0
65102;1
65103;0
65104;1
65105;2
65106;0
65107;1
65108;70
65109;0
65110;1
65111;1
65112;0
65113;1
65114;0
65115;1
65116;0
65117;0
65118;0
65119;2
65120;1
65121;0
65122;40
65123;0
65124;83
65125;1
65126;0
65127;1
65128;1
65129;0
65130;0
65131;1
65132;4
65133;54
65134;39
65135;0
65136;45
65137;1
65138;1
65139;0
65140;0
65141;1
65142;1
65143;0
65144;35
65145;36
65146;35
65147;36
65148;0
65149;1
65150;0
65151;1
65152;0
65153;0
65154;1
65155;0
65156;1
65157;0
65158;1
65159;19
65160;0
65161;0
65162;1
65163;0
65164;1
65165;0
65166;0
65167;1
65168;0
65169;0
65170;1
65171;41
65172;40
65173;0
65174;0
65175;1
65176;45
65177;0
65178;1
65179;35
65180;0
65181;1
65182;0
65183;1
65184;0
65185;1
65186;0
65187;1
65188;0
65189;1
65190;0
65191;0
65192;1
65193;0
65194;1
65195;0
65196;0
65197;43
65198;41
65199;0
65200;1
65201;0
65202;1
65203;0
65204;1
65205;0
65206;1
65207;0
65208;1
65209;0
65210;0
65211;35
65212;0
65213;1
65214;0
65215;36
65216;35
65217;35
65218;43
65219;42
65220;0
65221;1
65222;0
65223;0
65224;0
65225;35
65226;52
65227;36
65228;0
65229;1
65230;10
65231;0
65232;1
65233;0
65234;1
65235;0
65236;0
65237;1
65238;1
65239;0
65240;0
65241;1
65242;0
65243;0
65244;0
65245;1
65246;79
65247;35
65248;0
65249;1
65250;2
65251;0
65252;0
65253;1
65254;42
65255;43
65256;0
65257;1
65258;0
65259;0
65260;1
65261;0
65262;0
65263;1
65264;40
65265;1
65266;0
65267;1
65268;0
65269;0
65270;0
65271;1
65272;0
65273;0
65274;0
65275;1
65276;0
65277;0
65278;1
65279;0
65280;1
65281;0
65282;2
65283;1
65284;0
65285;1
65286;0
65287;1
65288;2
65289;0
65290;1
65291;0
65292;0
65293;0
65294;0
65295;2
65296;0
65297;35
65298;36
65299;0
65300;1
65301;0
65302;1
65303;0
65304;1
65305;0
65306;1
65307;0
65308;0
65309;48
65310;0
65311;40
65312;1
65313;0
65314;0
65315;1
65316;0
65317;0
65318;1
65319;0
65320;1
65321;1
65322;0
65323;0
65324;0
65325;0
65326;0
65327;1
65328;35
65329;83
65330;0
65331;45
65332;1
65333;44
65334;36
65335;35
65336;0
65337;2
65338;11
65339;1
65340;10
65341;0
65342;0
65343;2
65344;1
65345;0
65346;0
65347;1
65348;43
65349;1
65350;0
65351;42
65352;1
65353;0
65354;0
65355;0
65356;1
65357;0
65358;0
65359;35
65360;0
65361;0
65362;0
65363;2
65364;1
65365;0
65366;1
65367;0
65368;0
65369;1
65370;0
65371;1
65372;0
65373;1
65374;0
65375;1
65376;0
65377;0
65378;0
65379;1
65380;0
65381;1
65382;0
65383;1
65384;1
65385;0
65386;1
65387;0
65388;35
65389;0
65390;0
65391;1
65392;0
65393;0
65394;1
65395;60
65396;62
65397;35
65398;36
65399;0
65400;1
65401;0
65402;1
65403;0
65404;1
65405;0
65406;1
65407;0
65408;58
65409;56
65410;55
65411;57
65412;0
65413;1
65414;0
65415;1
65416;0
65417;2
65418;0
65419;1
65420;0
65421;1
65422;0
65423;0
65424;1
65425;7
65426;6
65427;8
65428;0
65429;0
65430;1
65431;0
65432;1
65433;0
65434;1
65435;0
65436;1
65437;1
65438;0
65439;2
65440;0
65441;1
65442;0
65443;0
65444;0
65445;0
65446;0
65447;1
65448;2
65449;0
65450;6
65451;1
65452;0
65453;1
65454;0
65455;1
65456;1
65457;0
65458;1
65459;0
65460;0
65461;1
65462;0
65463;0
65464;35
65465;36
65466;37
65467;0
65468;1
65469;35
65470;1
65471;0
65472;0
65473;1
65474;0
65475;1
65476;0
65477;0
65478;0
65479;1
65480;0
65481;1
65482;35
65483;36
65484;1
65485;0
65486;6
65487;7
65488;0
65489;0
65490;1
65491;0
65492;1
65493;1
65494;0
65495;0
65496;0
65497;1
65498;0
65499;0
65500;1
65501;0
65502;1
65503;0
65504;0
65505;0
65506;1
65507;0
65508;5
65509;1
65510;6
65511;0
65512;0
65513;1
65514;0
65515;0
65516;0
65517;1
65518;0
65519;0
65520;1
65521;1
65522;0
65523;0
65524;1
65525;1
65526;0
65527;1
65528;0
65529;0
65530;1
65531;1
65532;0
65533;0
65534;1
65535;0
65536;1
65537;0
65538;1
65539;0
65540;0
65541;1
65542;0
65543;0
65544;1
65545;1
65546;0
65547;0
65548;0
65549;60
65550;2
65551;58
65552;0
65553;1
65554;0
65555;1
65556;2
65557;1
65558;0
65559;1
65560;0
65561;1
65562;0
65563;1
65564;0
65565;0
65566;0
65567;0
65568;0
65569;0
65570;0
65571;1
65572;35
65573;36
65574;0
65575;35
65576;37
65577;36
65578;1
65579;0
65580;1
65581;0
65582;35
65583;0
65584;0
65585;1
65586;0
65587;1
65588;0
65589;1
65590;0
65591;2
65592;1
65593;0
65594;1
65595;1
65596;0
65597;0
65598;0
65599;0
65600;0
65601;1
65602;0
65603;1
65604;0
65605;1
65606;0
65607;1
65608;1
65609;0
65610;0
65611;1
65612;5
65613;30
65614;6
65615;0
65616;1
65617;0
65618;1
65619;0
65620;0
65621;2
65622;1
65623;0
65624;3
65625;5
65626;0
65627;0
65628;0
65629;0
65630;1
65631;0
65632;0
65633;0
65634;0
65635;0
65636;1
65637;9
65638;0
65639;10
65640;1
65641;0
65642;0
65643;0
65644;0
65645;1
65646;0
65647;1
65648;0
65649;1
65650;2
65651;0
65652;2
65653;1
65654;0
65655;1
65656;0
65657;1
65658;0
65659;1
65660;35
65661;35
65662;36
65663;37
65664;0
65665;2
65666;0
65667;1
65668;0
65669;1
65670;4
65671;0
65672;1
65673;0
65674;0
65675;35
65676;36
65677;35
65678;36
65679;0
65680;0
65681;1
65682;2
65683;0
65684;1
65685;0
65686;0
65687;1
65688;0
65689;0
65690;1
65691;0
65692;35
65693;36
65694;0
65695;2
65696;20
65697;1
65698;11
65699;18
65700;0
65701;1
65702;36
65703;35
65704;71
65705;70
65706;0
65707;1
65708;1
65709;0
65710;1
65711;0
65712;0
65713;1
65714;0
65715;0
65716;0
65717;1
65718;0
65719;1
65720;0
65721;1
65722;0
65723;1
65724;0
65725;1
65726;0
65727;2
65728;1
65729;0
65730;1
65731;0
65732;0
65733;1
65734;0
65735;2
65736;1
65737;0
65738;0
65739;1
65740;35
65741;36
65742;0
65743;0
65744;0
65745;1
65746;35
65747;36
65748;37
65749;1
65750;0
65751;0
65752;1
65753;1
65754;0
65755;36
65756;35
65757;1
65758;0
65759;0
65760;0
65761;1
65762;0
65763;11
65764;0
65765;0
65766;1
65767;0
65768;1
65769;0
65770;0
65771;0
65772;35
65773;36
65774;0
65775;1
65776;0
65777;0
65778;0
65779;1
65780;0
65781;1
65782;0
65783;1
65784;0
65785;2
65786;0
65787;0
65788;1
65789;0
65790;0
65791;0
65792;2
65793;0
65794;0
65795;1
65796;0
65797;0
65798;1
65799;0
65800;0
65801;58
65802;0
65803;60
65804;1
65805;0
65806;1
65807;2
65808;0
65809;1
65810;1
65811;0
65812;0
65813;0
65814;1
65815;0
65816;1
65817;0
65818;0
65819;1
65820;1
65821;0
65822;0
65823;0
65824;2
65825;1
65826;1
65827;0
65828;35
65829;36
65830;37
65831;0
65832;0
65833;1
65834;0
65835;1
65836;13
65837;0
65838;0
65839;1
65840;0
65841;1
65842;1
65843;0
65844;0
65845;1
65846;0
65847;1
65848;1
65849;0
65850;0
65851;0
65852;5
65853;12
65854;11
65855;7
65856;6
65857;0
65858;1
65859;0
65860;1
65861;0
65862;0
65863;0
65864;1
65865;1
65866;0
65867;0
65868;1
65869;0
65870;1
65871;0
65872;0
65873;0
65874;1
65875;0
65876;1
65877;0
65878;1
65879;0
65880;0
65881;0
65882;1
65883;0
65884;4
65885;0
65886;1
65887;0
65888;0
65889;1
65890;2
65891;0
65892;0
65893;0
65894;1
65895;0
65896;48
65897;47
65898;70
65899;49
65900;0
65901;0
65902;0
65903;1
65904;0
65905;1
65906;0
65907;0
65908;1
65909;0
65910;1
65911;0
65912;0
65913;1
65914;2
65915;0
65916;1
65917;0
65918;1
65919;0
65920;1
65921;0
65922;1
65923;0
65924;0
65925;1
65926;2
65927;0
65928;40
65929;1
65930;41
65931;0
65932;1
65933;0
65934;0
65935;1
65936;0
65937;1
65938;2
65939;0
65940;1
65941;1
65942;0
65943;0
65944;0
65945;0
65946;0
65947;1
65948;0
65949;1
65950;0
65951;0
65952;1
65953;0
65954;1
65955;0
65956;0
65957;1
65958;0
65959;0
65960;1
65961;0
65962;1
65963;1
65964;0
65965;0
65966;1
65967;0
65968;1
65969;45
65970;54
65971;1
65972;0
65973;0
65974;1
65975;0
65976;0
65977;0
65978;1
65979;2
65980;0
65981;2
65982;1
65983;0
65984;1
65985;0
65986;1
65987;1
65988;0
65989;0
65990;35
65991;45
65992;1
65993;2
65994;0
65995;1
65996;0
65997;0
65998;0
65999;1
66000;0
66001;20
66002;11
66003;1
66004;21
66005;36
66006;35
66007;98
66008;0
66009;1
66010;0
66011;0
66012;1
66013;0
66014;1
66015;0
66016;1
66017;0
66018;1
66019;0
66020;39
66021;36
66022;24
66023;26
66024;22
66025;37
66026;3
66027;49
66028;5
66029;48
66030;47
66031;0
66032;0
66033;0
66034;0
66035;0
66036;1
66037;39
66038;0
66039;0
66040;1
66041;0
66042;0
66043;1
66044;1
66045;0
66046;0
66047;0
66048;0
66049;1
66050;2
66051;1
66052;0
66053;20
66054;50
66055;40
66056;49
66057;1
66058;0
66059;1
66060;0
66061;4
66062;0
66063;1
66064;0
66065;1
66066;0
66067;0
66068;35
66069;36
66070;1
66071;0
66072;0
66073;1
66074;0
66075;0
66076;1
66077;1
66078;0
66079;0
66080;1
66081;4
66082;0
66083;4
66084;0
66085;1
66086;1
66087;0
66088;0
66089;2
66090;0
66091;0
66092;0
66093;1
66094;2
66095;0
66096;1
66097;0
66098;0
66099;1
66100;0
66101;1
66102;0
66103;0
66104;0
66105;1
66106;2
66107;0
66108;1
66109;0
66110;1
66111;0
66112;0
66113;1
66114;35
66115;36
66116;0
66117;1
66118;0
66119;1
66120;2
66121;0
66122;1
66123;0
66124;0
66125;0
66126;1
66127;0
66128;0
66129;26
66130;1
66131;2
66132;1
66133;0
66134;0
66135;0
66136;0
66137;1
66138;32
66139;35
66140;30
66141;0
66142;0
66143;40
66144;0
66145;1
66146;41
66147;0
66148;0
66149;1
66150;0
66151;0
66152;1
66153;0
66154;0
66155;1
66156;0
66157;1
66158;0
66159;0
66160;1
66161;0
66162;1
66163;5
66164;0
66165;0
66166;1
66167;41
66168;42
66169;43
66170;0
66171;0
66172;0
66173;1
66174;35
66175;0
66176;0
66177;2
66178;1
66179;0
66180;1
66181;0
66182;1
66183;0
66184;0
66185;1
66186;0
66187;1
66188;0
66189;1
66190;0
66191;0
66192;1
66193;1
66194;0
66195;1
66196;0
66197;0
66198;1
66199;0
66200;1
66201;0
66202;2
66203;1
66204;0
66205;1
66206;67
66207;70
66208;68
66209;35
66210;1
66211;0
66212;44
66213;0
66214;1
66215;0
66216;0
66217;1
66218;0
66219;35
66220;36
66221;0
66222;0
66223;49
66224;1
66225;2
66226;0
66227;1
66228;0
66229;0
66230;1
66231;0
66232;1
66233;0
66234;1
66235;9
66236;0
66237;0
66238;1
66239;2
66240;0
66241;0
66242;1
66243;0
66244;0
66245;1
66246;1
66247;0
66248;0
66249;1
66250;0
66251;1
66252;0
66253;0
66254;0
66255;1
66256;1
66257;0
66258;0
66259;1
66260;0
66261;0
66262;0
66263;1
66264;1
66265;0
66266;0
66267;1
66268;0
66269;1
66270;0
66271;0
66272;0
66273;0
66274;1
66275;0
66276;1
66277;0
66278;0
66279;0
66280;1
66281;0
66282;0
66283;0
66284;1
66285;0
66286;1
66287;0
66288;46
66289;49
66290;48
66291;0
66292;0
66293;1
66294;0
66295;0
66296;1
66297;70
66298;0
66299;1
66300;0
66301;1
66302;0
66303;35
66304;1
66305;0
66306;0
66307;0
66308;1
66309;0
66310;0
66311;0
66312;1
66313;1
66314;0
66315;0
66316;1
66317;0
66318;1
66319;0
66320;1
66321;0
66322;1
66323;0
66324;8
66325;0
66326;1
66327;0
66328;1
66329;0
66330;1
66331;0
66332;0
66333;1
66334;2
66335;1
66336;0
66337;0
66338;1
66339;0
66340;0
66341;2
66342;0
66343;1
66344;0
66345;0
66346;1
66347;0
66348;1
66349;0
66350;1
66351;0
66352;1
66353;0
66354;1
66355;0
66356;0
66357;1
66358;0
66359;1
66360;35
66361;36
66362;1
66363;0
66364;0
66365;1
66366;2
66367;0
66368;1
66369;0
66370;1
66371;0
66372;0
66373;1
66374;0
66375;0
66376;1
66377;2
66378;0
66379;0
66380;1
66381;0
66382;0
66383;1
66384;2
66385;0
66386;0
66387;1
66388;1
66389;0
66390;0
66391;2
66392;1
66393;0
66394;0
66395;0
66396;1
66397;0
66398;0
66399;1
66400;0
66401;0
66402;1
66403;0
66404;0
66405;1
66406;0
66407;1
66408;1
66409;0
66410;0
66411;0
66412;1
66413;0
66414;40
66415;1
66416;41
66417;0
66418;0
66419;1
66420;0
66421;0
66422;35
66423;0
66424;1
66425;0
66426;1
66427;0
66428;10
66429;1
66430;1
66431;0
66432;0
66433;1
66434;0
66435;0
66436;1
66437;0
66438;1
66439;0
66440;1
66441;0
66442;35
66443;36
66444;0
66445;1
66446;0
66447;0
66448;1
66449;0
66450;2
66451;1
66452;0
66453;2
66454;1
66455;0
66456;1
66457;1
66458;0
66459;0
66460;1
66461;0
66462;1
66463;0
66464;0
66465;1
66466;0
66467;0
66468;56
66469;0
66470;58
66471;57
66472;35
66473;0
66474;1
66475;0
66476;1
66477;50
66478;51
66479;0
66480;0
66481;1
66482;37
66483;0
66484;39
66485;1
66486;10
66487;38
66488;0
66489;0
66490;0
66491;1
66492;0
66493;0
66494;46
66495;47
66496;0
66497;1
66498;0
66499;0
66500;0
66501;0
66502;0
66503;1
66504;0
66505;0
66506;0
66507;0
66508;35
66509;0
66510;0
66511;1
66512;20
66513;0
66514;28
66515;40
66516;1
66517;2
66518;0
66519;41
66520;0
66521;1
66522;0
66523;1
66524;0
66525;0
66526;1
66527;0
66528;1
66529;0
66530;1
66531;35
66532;0
66533;36
66534;35
66535;0
66536;1
66537;0
66538;1
66539;0
66540;1
66541;0
66542;0
66543;0
66544;0
66545;1
66546;0
66547;1
66548;2
66549;0
66550;1
66551;0
66552;1
66553;0
66554;1
66555;1
66556;0
66557;35
66558;0
66559;0
66560;1
66561;0
66562;0
66563;1
66564;0
66565;8
66566;9
66567;0
66568;1
66569;0
66570;2
66571;0
66572;1
66573;0
66574;1
66575;0
66576;1
66577;0
66578;1
66579;0
66580;10
66581;1
66582;0
66583;11
66584;0
66585;1
66586;0
66587;0
66588;1
66589;0
66590;2
66591;0
66592;0
66593;0
66594;1
66595;0
66596;1
66597;2
66598;0
66599;2
66600;1
66601;0
66602;0
66603;1
66604;0
66605;1
66606;0
66607;0
66608;0
66609;0
66610;0
66611;0
66612;1
66613;0
66614;0
66615;1
66616;0
66617;0
66618;0
66619;2
66620;1
66621;0
66622;1
66623;1
66624;0
66625;47
66626;0
66627;48
66628;0
66629;1
66630;0
66631;2
66632;1
66633;0
66634;1
66635;0
66636;1
66637;0
66638;1
66639;0
66640;0
66641;1
66642;40
66643;0
66644;0
66645;1
66646;0
66647;1
66648;2
66649;0
66650;1
66651;0
66652;36
66653;35
66654;1
66655;0
66656;0
66657;44
66658;0
66659;0
66660;0
66661;1
66662;0
66663;0
66664;0
66665;1
66666;0
66667;1
66668;0
66669;0
66670;20
66671;0
66672;1
66673;0
66674;1
66675;0
66676;0
66677;1
66678;1
66679;0
66680;0
66681;2
66682;35
66683;37
66684;1
66685;0
66686;1
66687;0
66688;0
66689;0
66690;0
66691;0
66692;0
66693;1
66694;0
66695;29
66696;35
66697;0
66698;2
66699;0
66700;1
66701;2
66702;0
66703;1
66704;0
66705;1
66706;0
66707;1
66708;35
66709;36
66710;0
66711;2
66712;1
66713;0
66714;1
66715;0
66716;0
66717;0
66718;0
66719;0
66720;1
66721;0
66722;1
66723;0
66724;0
66725;1
66726;0
66727;1
66728;0
66729;1
66730;0
66731;0
66732;1
66733;0
66734;1
66735;2
66736;0
66737;2
66738;0
66739;1
66740;0
66741;2
66742;1
66743;0
66744;1
66745;2
66746;0
66747;0
66748;39
66749;1
66750;0
66751;0
66752;1
66753;0
66754;55
66755;56
66756;53
66757;0
66758;0
66759;0
66760;1
66761;2
66762;0
66763;1
66764;0
66765;2
66766;1
66767;0
66768;0
66769;0
66770;0
66771;0
66772;0
66773;1
66774;0
66775;0
66776;0
66777;0
66778;0
66779;1
66780;0
66781;1
66782;0
66783;0
66784;0
66785;0
66786;2
66787;1
66788;0
66789;1
66790;1
66791;0
66792;0
66793;1
66794;0
66795;1
66796;1
66797;0
66798;0
66799;1
66800;0
66801;0
66802;0
66803;1
66804;0
66805;0
66806;0
66807;0
66808;1
66809;1
66810;0
66811;0
66812;1
66813;0
66814;0
66815;0
66816;1
66817;0
66818;1
66819;1
66820;0
66821;51
66822;52
66823;1
66824;0
66825;44
66826;0
66827;1
66828;0
66829;0
66830;0
66831;0
66832;1
66833;0
66834;1
66835;0
66836;1
66837;0
66838;1
66839;0
66840;0
66841;0
66842;1
66843;0
66844;0
66845;1
66846;0
66847;1
66848;0
66849;1
66850;1
66851;0
66852;0
66853;1
66854;0
66855;1
66856;0
66857;0
66858;0
66859;1
66860;1
66861;0
66862;0
66863;0
66864;1
66865;17
66866;18
66867;0
66868;1
66869;0
66870;0
66871;1
66872;0
66873;0
66874;41
66875;0
66876;40
66877;0
66878;1
66879;0
66880;1
66881;0
66882;0
66883;1
66884;1
66885;0
66886;0
66887;0
66888;1
66889;0
66890;1
66891;0
66892;1
66893;0
66894;56
66895;1
66896;0
66897;0
66898;1
66899;0
66900;1
66901;2
66902;3
66903;0
66904;1
66905;0
66906;0
66907;1
66908;0
66909;0
66910;0
66911;1
66912;0
66913;1
66914;2
66915;0
66916;1
66917;0
66918;1
66919;0
66920;0
66921;0
66922;1
66923;0
66924;1
66925;0
66926;0
66927;1
66928;0
66929;0
66930;0
66931;1
66932;2
66933;0
66934;2
66935;1
66936;0
66937;0
66938;52
66939;37
66940;38
66941;55
66942;53
66943;0
66944;0
66945;1
66946;0
66947;1
66948;1
66949;0
66950;0
66951;1
66952;0
66953;1
66954;0
66955;0
66956;1
66957;0
66958;2
66959;0
66960;1
66961;0
66962;0
66963;1
66964;0
66965;1
66966;0
66967;1
66968;0
66969;1
66970;0
66971;2
66972;1
66973;0
66974;1
66975;0
66976;0
66977;1
66978;0
66979;1
66980;0
66981;1
66982;0
66983;0
66984;1
66985;0
66986;0
66987;1
66988;0
66989;1
66990;0
66991;2
66992;1
66993;0
66994;0
66995;59
66996;35
66997;58
66998;1
66999;0
67000;0
67001;35
67002;36
67003;0
67004;1
67005;0
67006;0
67007;0
67008;2
67009;1
67010;0
67011;0
67012;1
67013;1
67014;0
67015;35
67016;36
67017;0
67018;1
67019;0
67020;1
67021;0
67022;1
67023;0
67024;0
67025;0
67026;0
67027;0
67028;2
67029;1
67030;0
67031;1
67032;0
67033;1
67034;0
67035;1
67036;0
67037;1
67038;1
67039;0
67040;0
67041;47
67042;40
67043;49
67044;0
67045;1
67046;0
67047;0
67048;1
67049;0
67050;1
67051;0
67052;1
67053;40
67054;41
67055;1
67056;0
67057;0
67058;1
67059;0
67060;1
67061;0
67062;2
67063;1
67064;0
67065;1
67066;0
67067;1
67068;0
67069;1
67070;0
67071;39
67072;35
67073;38
67074;36
67075;0
67076;1
67077;0
67078;1
67079;35
67080;1
67081;0
67082;0
67083;1
67084;0
67085;1
67086;0
67087;0
67088;1
67089;0
67090;1
67091;0
67092;2
67093;1
67094;0
67095;0
67096;0
67097;1
67098;1
67099;0
67100;0
67101;1
67102;0
67103;11
67104;21
67105;0
67106;12
67107;20
67108;0
67109;0
67110;0
67111;1
67112;0
67113;0
67114;0
67115;1
67116;0
67117;1
67118;0
67119;1
67120;0
67121;1
67122;1
67123;0
67124;0
67125;0
67126;1
67127;0
67128;1
67129;0
67130;0
67131;0
67132;0
67133;0
67134;1
67135;0
67136;0
67137;1
67138;0
67139;0
67140;1
67141;0
67142;1
67143;1
67144;0
67145;1
67146;0
67147;0
67148;0
67149;0
67150;0
67151;1
67152;1
67153;0
67154;0
67155;1
67156;0
67157;1
67158;0
67159;0
67160;1
67161;0
67162;0
67163;1
67164;0
67165;1
67166;0
67167;2
67168;1
67169;41
67170;40
67171;0
67172;0
67173;0
67174;1
67175;0
67176;0
67177;1
67178;1
67179;0
67180;0
67181;1
67182;35
67183;36
67184;1
67185;0
67186;0
67187;0
67188;2
67189;1
67190;1
67191;0
67192;0
67193;0
67194;1
67195;0
67196;1
67197;0
67198;1
67199;0
67200;0
67201;1
67202;0
67203;1
67204;2
67205;0
67206;0
67207;40
67208;0
67209;0
67210;0
67211;1
67212;0
67213;0
67214;0
67215;1
67216;0
67217;1
67218;2
67219;0
67220;0
67221;0
67222;0
67223;1
67224;0
67225;0
67226;0
67227;1
67228;0
67229;43
67230;41
67231;1
67232;0
67233;1
67234;0
67235;1
67236;0
67237;0
67238;1
67239;0
67240;0
67241;1
67242;0
67243;0
67244;48
67245;47
67246;0
67247;0
67248;0
67249;1
67250;1
67251;0
67252;0
67253;0
67254;59
67255;1
67256;60
67257;0
67258;1
67259;0
67260;1
67261;0
67262;1
67263;0
67264;0
67265;0
67266;1
67267;0
67268;1
67269;0
67270;0
67271;0
67272;0
67273;1
67274;2
67275;0
67276;0
67277;0
67278;1
67279;0
67280;0
67281;1
67282;0
67283;0
67284;1
67285;0
67286;0
67287;0
67288;1
67289;0
67290;44
67291;0
67292;1
67293;0
67294;0
67295;1
67296;0
67297;1
67298;2
67299;0
67300;1
67301;0
67302;1
67303;0
67304;1
67305;0
67306;1
67307;0
67308;0
67309;0
67310;0
67311;0
67312;1
67313;1
67314;0
67315;0
67316;0
67317;0
67318;2
67319;1
67320;0
67321;1
67322;0
67323;0
67324;1
67325;35
67326;36
67327;0
67328;1
67329;1
67330;0
67331;0
67332;1
67333;0
67334;2
67335;35
67336;0
67337;1
67338;0
67339;1
67340;35
67341;0
67342;1
67343;0
67344;1
67345;1
67346;0
67347;0
67348;1
67349;0
67350;0
67351;40
67352;0
67353;41
67354;0
67355;1
67356;2
67357;0
67358;0
67359;1
67360;0
67361;1
67362;1
67363;0
67364;0
67365;1
67366;0
67367;2
67368;1
67369;0
67370;1
67371;0
67372;41
67373;0
67374;42
67375;1
67376;0
67377;1
67378;0
67379;0
67380;0
67381;1
67382;0
67383;0
67384;1
67385;0
67386;0
67387;1
67388;0
67389;1
67390;0
67391;0
67392;0
67393;1
67394;0
67395;1
67396;35
67397;0
67398;1
67399;0
67400;1
67401;0
67402;1
67403;1
67404;0
67405;0
67406;0
67407;0
67408;1
67409;0
67410;1
67411;0
67412;0
67413;35
67414;36
67415;35
67416;0
67417;2
67418;1
67419;35
67420;0
67421;4
67422;0
67423;1
67424;0
67425;1
67426;0
67427;1
67428;0
67429;0
67430;1
67431;0
67432;0
67433;1
67434;0
67435;0
67436;0
67437;2
67438;0
67439;2
67440;1
67441;0
67442;0
67443;1
67444;0
67445;0
67446;1
67447;0
67448;1
67449;0
67450;1
67451;0
67452;1
67453;2
67454;0
67455;0
67456;1
67457;0
67458;2
67459;1
67460;1
67461;0
67462;0
67463;1
67464;0
67465;0
67466;45
67467;1
67468;0
67469;1
67470;0
67471;2
67472;0
67473;1
67474;0
67475;0
67476;3
67477;5
67478;4
67479;0
67480;1
67481;1
67482;0
67483;51
67484;0
67485;0
67486;0
67487;1
67488;0
67489;2
67490;1
67491;0
67492;1
67493;35
67494;36
67495;38
67496;0
67497;1
67498;0
67499;1
67500;0
67501;2
67502;0
67503;1
67504;0
67505;1
67506;0
67507;0
67508;1
67509;2
67510;0
67511;0
67512;0
67513;2
67514;1
67515;0
67516;0
67517;1
67518;0
67519;0
67520;0
67521;1
67522;2
67523;0
67524;1
67525;0
67526;1
67527;0
67528;1
67529;0
67530;0
67531;1
67532;0
67533;1
67534;0
67535;1
67536;1
67537;0
67538;0
67539;2
67540;1
67541;0
67542;1
67543;0
67544;0
67545;1
67546;1
67547;0
67548;0
67549;35
67550;0
67551;1
67552;0
67553;0
67554;1
67555;0
67556;0
67557;2
67558;0
67559;0
67560;0
67561;0
67562;0
67563;0
67564;1
67565;0
67566;0
67567;0
67568;2
67569;1
67570;42
67571;0
67572;1
67573;0
67574;0
67575;1
67576;0
67577;0
67578;1
67579;1
67580;0
67581;35
67582;0
67583;1
67584;6
67585;0
67586;1
67587;0
67588;1
67589;0
67590;0
67591;0
67592;3
67593;2
67594;1
67595;0
67596;1
67597;1
67598;0
67599;0
67600;1
67601;0
67602;1
67603;0
67604;1
67605;35
67606;36
67607;0
67608;1
67609;0
67610;1
67611;0
67612;1
67613;0
67614;0
67615;1
67616;0
67617;1
67618;0
67619;0
67620;1
67621;0
67622;1
67623;6
67624;0
67625;1
67626;0
67627;1
67628;0
67629;2
67630;1
67631;1
67632;0
67633;0
67634;1
67635;0
67636;1
67637;1
67638;0
67639;42
67640;40
67641;1
67642;0
67643;0
67644;1
67645;0
67646;1
67647;1
67648;0
67649;0
67650;0
67651;0
67652;1
67653;1
67654;0
67655;0
67656;0
67657;1
67658;0
67659;1
67660;0
67661;1
67662;0
67663;0
67664;2
67665;0
67666;1
67667;0
67668;0
67669;1
67670;0
67671;1
67672;1
67673;0
67674;1
67675;0
67676;0
67677;0
67678;1
67679;0
67680;0
67681;0
67682;1
67683;0
67684;1
67685;0
67686;1
67687;1
67688;0
67689;0
67690;75
67691;35
67692;77
67693;0
67694;1
67695;0
67696;1
67697;0
67698;1
67699;0
67700;0
67701;0
67702;1
67703;0
67704;0
67705;1
67706;0
67707;1
67708;0
67709;0
67710;1
67711;60
67712;0
67713;61
67714;0
67715;0
67716;1
67717;21
67718;2
67719;12
67720;19
67721;11
67722;0
67723;1
67724;1
67725;0
67726;0
67727;42
67728;2
67729;1
67730;0
67731;1
67732;0
67733;1
67734;35
67735;0
67736;1
67737;1
67738;0
67739;0
67740;0
67741;2
67742;1
67743;0
67744;1
67745;0
67746;0
67747;1
67748;0
67749;1
67750;0
67751;1
67752;0
67753;1
67754;0
67755;0
67756;1
67757;40
67758;39
67759;0
67760;0
67761;1
67762;0
67763;1
67764;0
67765;0
67766;1
67767;2
67768;0
67769;2
67770;1
67771;3
67772;17
67773;1
67774;19
67775;0
67776;0
67777;1
67778;0
67779;1
67780;0
67781;1
67782;35
67783;36
67784;0
67785;1
67786;0
67787;1
67788;0
67789;1
67790;0
67791;0
67792;0
67793;0
67794;1
67795;0
67796;1
67797;0
67798;1
67799;0
67800;0
67801;1
67802;0
67803;1
67804;0
67805;1
67806;0
67807;0
67808;21
67809;23
67810;0
67811;0
67812;1
67813;0
67814;2
67815;35
67816;37
67817;36
67818;0
67819;1
67820;0
67821;0
67822;1
67823;0
67824;1
67825;1
67826;0
67827;0
67828;1
67829;0
67830;1
67831;0
67832;0
67833;1
67834;0
67835;36
67836;35
67837;0
67838;0
67839;0
67840;1
67841;0
67842;1
67843;0
67844;0
67845;1
67846;54
67847;56
67848;57
67849;35
67850;48
67851;55
67852;36
67853;0
67854;1
67855;0
67856;0
67857;1
67858;0
67859;0
67860;1
67861;0
67862;1
67863;71
67864;43
67865;73
67866;0
67867;1
67868;0
67869;1
67870;0
67871;0
67872;0
67873;1
67874;0
67875;1
67876;0
67877;1
67878;26
67879;27
67880;0
67881;1
67882;2
67883;0
67884;0
67885;1
67886;0
67887;1
67888;0
67889;1
67890;0
67891;0
67892;1
67893;0
67894;1
67895;0
67896;0
67897;1
67898;0
67899;1
67900;0
67901;1
67902;1
67903;0
67904;0
67905;1
67906;0
67907;1
67908;0
67909;0
67910;0
67911;1
67912;0
67913;1
67914;0
67915;1
67916;35
67917;36
67918;0
67919;1
67920;0
67921;1
67922;0
67923;1
67924;0
67925;1
67926;0
67927;1
67928;0
67929;0
67930;1
67931;0
67932;1
67933;0
67934;1
67935;0
67936;0
67937;0
67938;0
67939;1
67940;1
67941;0
67942;0
67943;0
67944;1
67945;0
67946;47
67947;0
67948;0
67949;1
67950;1
67951;0
67952;0
67953;0
67954;0
67955;47
67956;1
67957;0
67958;35
67959;0
67960;1
67961;0
67962;2
67963;1
67964;0
67965;4
67966;2
67967;1
67968;0
67969;0
67970;0
67971;1
67972;0
67973;35
67974;0
67975;35
67976;0
67977;0
67978;1
67979;0
67980;1
67981;0
67982;0
67983;0
67984;1
67985;0
67986;1
67987;0
67988;1
67989;0
67990;1
67991;0
67992;2
67993;0
67994;1
67995;0
67996;1
67997;45
67998;11
67999;13
68000;12
68001;47
68002;46
68003;0
68004;1
68005;0
68006;0
68007;1
68008;0
68009;1
68010;0
68011;1
68012;0
68013;0
68014;1
68015;0
68016;1
68017;0
68018;1
68019;0
68020;1
68021;13
68022;41
68023;37
68024;40
68025;14
68026;0
68027;1
68028;0
68029;0
68030;23
68031;25
68032;0
68033;24
68034;40
68035;0
68036;35
68037;1
68038;0
68039;0
68040;0
68041;1
68042;0
68043;1
68044;2
68045;3
68046;0
68047;0
68048;1
68049;0
68050;0
68051;1
68052;0
68053;1
68054;1
68055;0
68056;1
68057;44
68058;0
68059;0
68060;1
68061;0
68062;0
68063;0
68064;1
68065;0
68066;0
68067;0
68068;1
68069;0
68070;35
68071;0
68072;1
68073;0
68074;1
68075;0
68076;1
68077;19
68078;20
68079;36
68080;0
68081;0
68082;2
68083;1
68084;0
68085;0
68086;0
68087;1
68088;0
68089;0
68090;0
68091;1
68092;39
68093;1
68094;0
68095;36
68096;35
68097;0
68098;2
68099;1
68100;1
68101;0
68102;0
68103;0
68104;39
68105;0
68106;40
68107;1
68108;58
68109;0
68110;82
68111;0
68112;0
68113;0
68114;0
68115;0
68116;1
68117;39
68118;41
68119;0
68120;40
68121;1
68122;0
68123;1
68124;0
68125;0
68126;0
68127;1
68128;1
68129;0
68130;40
68131;1
68132;0
68133;0
68134;0
68135;0
68136;1
68137;0
68138;0
68139;1
68140;0
68141;0
68142;0
68143;0
68144;1
68145;0
68146;1
68147;0
68148;1
68149;1
68150;0
68151;0
68152;1
68153;0
68154;1
68155;2
68156;0
68157;1
68158;2
68159;0
68160;1
68161;0
68162;2
68163;1
68164;0
68165;0
68166;1
68167;35
68168;36
68169;35
68170;0
68171;0
68172;1
68173;0
68174;0
68175;1
68176;0
68177;1
68178;41
68179;1
68180;0
68181;0
68182;2
68183;1
68184;0
68185;1
68186;0
68187;0
68188;1
68189;2
68190;9
68191;18
68192;38
68193;36
68194;39
68195;1
68196;2
68197;17
68198;1
68199;0
68200;0
68201;1
68202;0
68203;2
68204;0
68205;1
68206;0
68207;0
68208;1
68209;0
68210;1
68211;0
68212;0
68213;0
68214;1
68215;0
68216;1
68217;35
68218;36
68219;2
68220;0
68221;0
68222;40
68223;47
68224;1
68225;39
68226;0
68227;0
68228;1
68229;0
68230;35
68231;36
68232;2
68233;3
68234;0
68235;0
68236;2
68237;0
68238;1
68239;23
68240;0
68241;1
68242;1
68243;0
68244;0
68245;1
68246;35
68247;36
68248;0
68249;0
68250;1
68251;1
68252;0
68253;0
68254;1
68255;0
68256;0
68257;1
68258;0
68259;1
68260;0
68261;0
68262;0
68263;0
68264;1
68265;0
68266;1
68267;0
68268;0
68269;17
68270;0
68271;1
68272;0
68273;1
68274;0
68275;1
68276;0
68277;1
68278;0
68279;1
68280;1
68281;0
68282;0
68283;0
68284;1
68285;0
68286;1
68287;0
68288;1
68289;0
68290;35
68291;36
68292;0
68293;2
68294;1
68295;0
68296;1
68297;36
68298;35
68299;0
68300;1
68301;0
68302;1
68303;0
68304;1
68305;0
68306;0
68307;2
68308;52
68309;0
68310;1
68311;1
68312;0
68313;0
68314;1
68315;0
68316;2
68317;1
68318;1
68319;0
68320;0
68321;1
68322;0
68323;1
68324;0
68325;1
68326;0
68327;1
68328;1
68329;0
68330;0
68331;1
68332;0
68333;0
68334;0
68335;1
68336;1
68337;0
68338;0
68339;0
68340;1
68341;0
68342;1
68343;0
68344;0
68345;1
68346;0
68347;1
68348;1
68349;0
68350;2
68351;0
68352;1
68353;0
68354;0
68355;1
68356;1
68357;0
68358;35
68359;0
68360;35
68361;25
68362;49
68363;44
68364;24
68365;43
68366;0
68367;1
68368;1
68369;0
68370;0
68371;0
68372;1
68373;0
68374;0
68375;0
68376;0
68377;1
68378;2
68379;1
68380;0
68381;0
68382;1
68383;2
68384;0
68385;1
68386;0
68387;0
68388;1
68389;0
68390;1
68391;0
68392;1
68393;0
68394;1
68395;0
68396;1
68397;2
68398;0
68399;1
68400;0
68401;1
68402;0
68403;0
68404;1
68405;0
68406;0
68407;0
68408;1
68409;0
68410;1
68411;0
68412;0
68413;1
68414;2
68415;0
68416;1
68417;0
68418;2
68419;1
68420;0
68421;1
68422;0
68423;1
68424;0
68425;0
68426;0
68427;0
68428;1
68429;0
68430;0
68431;1
68432;0
68433;0
68434;1
68435;0
68436;1
68437;0
68438;0
68439;0
68440;0
68441;1
68442;0
68443;1
68444;0
68445;1
68446;35
68447;36
68448;0
68449;0
68450;0
68451;1
68452;0
68453;1
68454;0
68455;0
68456;1
68457;0
68458;1
68459;0
68460;0
68461;0
68462;1
68463;0
68464;0
68465;1
68466;36
68467;35
68468;1
68469;0
68470;0
68471;1
68472;0
68473;1
68474;1
68475;0
68476;0
68477;0
68478;1
68479;0
68480;0
68481;1
68482;11
68483;12
68484;0
68485;0
68486;0
68487;0
68488;1
68489;0
68490;0
68491;0
68492;1
68493;0
68494;0
68495;1
68496;0
68497;2
68498;1
68499;0
68500;0
68501;1
68502;0
68503;1
68504;0
68505;1
68506;0
68507;0
68508;1
68509;0
68510;1
68511;0
68512;1
68513;0
68514;0
68515;0
68516;0
68517;1
68518;0
68519;0
68520;1
68521;0
68522;0
68523;1
68524;2
68525;1
68526;0
68527;0
68528;0
68529;0
68530;1
68531;0
68532;0
68533;1
68534;0
68535;46
68536;1
68537;0
68538;1
68539;0
68540;0
68541;1
68542;0
68543;0
68544;0
68545;1
68546;0
68547;0
68548;1
68549;0
68550;0
68551;1
68552;0
68553;0
68554;0
68555;1
68556;0
68557;1
68558;0
68559;35
68560;0
68561;1
68562;0
68563;35
68564;36
68565;0
68566;1
68567;0
68568;0
68569;1
68570;0
68571;1
68572;0
68573;0
68574;0
68575;0
68576;1
68577;0
68578;0
68579;1
68580;0
68581;0
68582;1
68583;0
68584;0
68585;0
68586;39
68587;1
68588;1
68589;0
68590;0
68591;1
68592;6
68593;2
68594;0
68595;1
68596;0
68597;1
68598;0
68599;0
68600;0
68601;0
68602;35
68603;0
68604;35
68605;0
68606;1
68607;0
68608;1
68609;0
68610;0
68611;0
68612;1
68613;16
68614;17
68615;35
68616;36
68617;0
68618;1
68619;0
68620;1
68621;0
68622;0
68623;1
68624;0
68625;1
68626;0
68627;1
68628;0
68629;1
68630;55
68631;34
68632;33
68633;0
68634;1
68635;2
68636;1
68637;0
68638;0
68639;1
68640;0
68641;0
68642;0
68643;1
68644;0
68645;1
68646;0
68647;2
68648;0
68649;1
68650;0
68651;1
68652;1
68653;0
68654;0
68655;0
68656;1
68657;0
68658;1
68659;0
68660;1
68661;0
68662;1
68663;0
68664;1
68665;0
68666;0
68667;0
68668;1
68669;0
68670;1
68671;37
68672;35
68673;38
68674;0
68675;1
68676;0
68677;1
68678;4
68679;0
68680;1
68681;0
68682;0
68683;0
68684;1
68685;0
68686;0
68687;1
68688;1
68689;0
68690;0
68691;2
68692;0
68693;0
68694;0
68695;1
68696;0
68697;0
68698;0
68699;1
68700;0
68701;1
68702;0
68703;1
68704;0
68705;0
68706;1
68707;0
68708;1
68709;35
68710;36
68711;0
68712;0
68713;1
68714;0
68715;2
68716;1
68717;0
68718;0
68719;1
68720;0
68721;0
68722;0
68723;1
68724;0
68725;1
68726;0
68727;1
68728;0
68729;0
68730;1
68731;0
68732;1
68733;0
68734;1
68735;35
68736;36
68737;0
68738;0
68739;1
68740;0
68741;2
68742;35
68743;37
68744;36
68745;1
68746;0
68747;1
68748;0
68749;1
68750;0
68751;0
68752;1
68753;0
68754;0
68755;1
68756;0
68757;1
68758;0
68759;0
68760;1
68761;0
68762;1
68763;0
68764;1
68765;0
68766;1
68767;0
68768;0
68769;1
68770;0
68771;1
68772;0
68773;0
68774;0
68775;1
68776;1
68777;0
68778;0
68779;1
68780;0
68781;1
68782;0
68783;1
68784;0
68785;0
68786;0
68787;0
68788;0
68789;0
68790;1
68791;0
68792;1
68793;0
68794;1
68795;0
68796;1
68797;0
68798;0
68799;1
68800;2
68801;0
68802;1
68803;0
68804;1
68805;52
68806;0
68807;35
68808;0
68809;0
68810;1
68811;0
68812;1
68813;18
68814;20
68815;21
68816;0
68817;19
68818;0
68819;0
68820;1
68821;0
68822;0
68823;0
68824;1
68825;0
68826;1
68827;0
68828;1
68829;0
68830;0
68831;1
68832;0
68833;1
68834;0
68835;1
68836;0
68837;0
68838;0
68839;1
68840;0
68841;1
68842;0
68843;3
68844;1
68845;0
68846;4
68847;0
68848;1
68849;0
68850;1
68851;0
68852;0
68853;1
68854;0
68855;0
68856;0
68857;1
68858;0
68859;0
68860;0
68861;1
68862;0
68863;0
68864;0
68865;0
68866;1
68867;2
68868;1
68869;0
68870;0
68871;0
68872;0
68873;1
68874;0
68875;0
68876;1
68877;0
68878;1
68879;35
68880;36
68881;0
68882;0
68883;0
68884;18
68885;28
68886;20
68887;19
68888;0
68889;1
68890;0
68891;1
68892;0
68893;41
68894;1
68895;0
68896;1
68897;0
68898;35
68899;36
68900;0
68901;0
68902;0
68903;0
68904;0
68905;1
68906;0
68907;0
68908;0
68909;0
68910;1
68911;0
68912;1
68913;0
68914;35
68915;43
68916;36
68917;37
68918;0
68919;0
68920;1
68921;0
68922;1
68923;35
68924;36
68925;0
68926;0
68927;0
68928;1
68929;0
68930;0
68931;0
68932;1
68933;0
68934;1
68935;0
68936;2
68937;1
68938;0
68939;1
68940;0
68941;1
68942;0
68943;1
68944;0
68945;0
68946;0
68947;1
68948;0
68949;0
68950;0
68951;2
68952;1
68953;0
68954;0
68955;35
68956;37
68957;0
68958;1
68959;0
68960;17
68961;0
68962;1
68963;10
68964;18
68965;0
68966;1
68967;0
68968;1
68969;1
68970;0
68971;1
68972;0
68973;0
68974;1
68975;0
68976;2
68977;0
68978;1
68979;1
68980;0
68981;0
68982;1
68983;0
68984;1
68985;35
68986;0
68987;35
68988;0
68989;1
68990;2
68991;15
68992;0
68993;0
68994;0
68995;1
68996;0
68997;2
68998;0
68999;1
69000;0
69001;0
69002;1
69003;0
69004;1
69005;0
69006;0
69007;0
69008;2
69009;1
69010;0
69011;2
69012;1
69013;0
69014;1
69015;2
69016;0
69017;1
69018;0
69019;0
69020;0
69021;0
69022;0
69023;0
69024;0
69025;1
69026;0
69027;2
69028;0
69029;39
69030;1
69031;0
69032;0
69033;0
69034;0
69035;0
69036;1
69037;0
69038;1
69039;0
69040;1
69041;0
69042;1
69043;0
69044;1
69045;0
69046;0
69047;0
69048;1
69049;0
69050;1
69051;0
69052;0
69053;1
69054;1
69055;20
69056;21
69057;12
69058;19
69059;0
69060;0
69061;1
69062;0
69063;1
69064;0
69065;0
69066;1
69067;43
69068;0
69069;1
69070;0
69071;2
69072;1
69073;0
69074;1
69075;0
69076;0
69077;0
69078;0
69079;0
69080;0
69081;30
69082;32
69083;0
69084;31
69085;1
69086;0
69087;0
69088;0
69089;1
69090;0
69091;0
69092;1
69093;35
69094;0
69095;1
69096;0
69097;40
69098;0
69099;1
69100;0
69101;0
69102;1
69103;2
69104;0
69105;4
69106;0
69107;1
69108;0
69109;1
69110;0
69111;0
69112;1
69113;0
69114;0
69115;1
69116;0
69117;1
69118;0
69119;1
69120;0
69121;1
69122;2
69123;0
69124;1
69125;0
69126;1
69127;14
69128;0
69129;1
69130;0
69131;0
69132;1
69133;1
69134;2
69135;0
69136;1
69137;0
69138;35
69139;36
69140;0
69141;1
69142;0
69143;0
69144;1
69145;0
69146;0
69147;1
69148;0
69149;0
69150;0
69151;1
69152;0
69153;0
69154;1
69155;54
69156;55
69157;0
69158;1
69159;0
69160;1
69161;1
69162;0
69163;0
69164;1
69165;0
69166;1
69167;35
69168;36
69169;1
69170;0
69171;0
69172;1
69173;0
69174;1
69175;0
69176;1
69177;1
69178;0
69179;0
69180;1
69181;0
69182;1
69183;2
69184;0
69185;38
69186;1
69187;0
69188;1
69189;0
69190;1
69191;44
69192;45
69193;0
69194;0
69195;1
69196;0
69197;1
69198;0
69199;0
69200;1
69201;0
69202;0
69203;0
69204;1
69205;1
69206;0
69207;0
69208;1
69209;0
69210;0
69211;1
69212;0
69213;1
69214;0
69215;1
69216;0
69217;0
69218;1
69219;70
69220;71
69221;0
69222;2
69223;1
69224;0
69225;0
69226;1
69227;1
69228;0
69229;0
69230;1
69231;2
69232;13
69233;0
69234;0
69235;1
69236;0
69237;0
69238;0
69239;1
69240;17
69241;18
69242;1
69243;0
69244;0
69245;1
69246;0
69247;1
69248;1
69249;0
69250;1
69251;0
69252;35
69253;36
69254;0
69255;0
69256;1
69257;0
69258;1
69259;0
69260;0
69261;0
69262;1
69263;2
69264;27
69265;0
69266;26
69267;1
69268;0
69269;0
69270;0
69271;0
69272;1
69273;0
69274;37
69275;35
69276;0
69277;0
69278;0
69279;2
69280;0
69281;0
69282;0
69283;0
69284;1
69285;0
69286;0
69287;0
69288;1
69289;0
69290;1
69291;0
69292;1
69293;0
69294;0
69295;0
69296;1
69297;1
69298;0
69299;0
69300;1
69301;1
69302;0
69303;1
69304;0
69305;0
69306;0
69307;1
69308;0
69309;1
69310;1
69311;0
69312;0
69313;0
69314;1
69315;0
69316;1
69317;0
69318;0
69319;1
69320;0
69321;1
69322;73
69323;0
69324;0
69325;1
69326;62
69327;35
69328;61
69329;0
69330;1
69331;0
69332;0
69333;41
69334;1
69335;55
69336;56
69337;18
69338;79
69339;0
69340;1
69341;0
69342;0
69343;1
69344;0
69345;0
69346;0
69347;1
69348;0
69349;1
69350;39
69351;0
69352;0
69353;2
69354;0
69355;2
69356;1
69357;0
69358;19
69359;20
69360;1
69361;0
69362;0
69363;0
69364;1
69365;0
69366;0
69367;0
69368;0
69369;44
69370;1
69371;0
69372;2
69373;0
69374;1
69375;19
69376;20
69377;0
69378;0
69379;35
69380;36
69381;0
69382;1
69383;0
69384;1
69385;0
69386;0
69387;0
69388;1
69389;0
69390;0
69391;37
69392;36
69393;35
69394;35
69395;36
69396;0
69397;1
69398;0
69399;1
69400;0
69401;1
69402;2
69403;0
69404;1
69405;0
69406;1
69407;0
69408;1
69409;1
69410;0
69411;0
69412;1
69413;0
69414;1
69415;0
69416;1
69417;0
69418;4
69419;1
69420;0
69421;1
69422;14
69423;35
69424;37
69425;36
69426;38
69427;0
69428;1
69429;0
69430;58
69431;35
69432;0
69433;1
69434;1
69435;0
69436;0
69437;0
69438;1
69439;1
69440;0
69441;0
69442;2
69443;1
69444;0
69445;1
69446;2
69447;0
69448;1
69449;0
69450;1
69451;0
69452;0
69453;0
69454;1
69455;0
69456;0
69457;1
69458;0
69459;0
69460;1
69461;0
69462;2
69463;47
69464;0
69465;1
69466;0
69467;1
69468;1
69469;0
69470;0
69471;40
69472;41
69473;0
69474;1
69475;1
69476;0
69477;0
69478;0
69479;1
69480;0
69481;1
69482;0
69483;1
69484;0
69485;0
69486;1
69487;0
69488;0
69489;0
69490;0
69491;1
69492;0
69493;1
69494;0
69495;1
69496;0
69497;1
69498;0
69499;1
69500;0
69501;0
69502;1
69503;35
69504;36
69505;39
69506;0
69507;1
69508;1
69509;52
69510;0
69511;0
69512;1
69513;0
69514;1
69515;0
69516;0
69517;1
69518;0
69519;1
69520;0
69521;1
69522;0
69523;0
69524;1
69525;0
69526;1
69527;0
69528;1
69529;1
69530;41
69531;42
69532;0
69533;0
69534;0
69535;2
69536;1
69537;0
69538;1
69539;0
69540;0
69541;0
69542;0
69543;0
69544;35
69545;36
69546;0
69547;1
69548;0
69549;0
69550;1
69551;0
69552;1
69553;0
69554;1
69555;0
69556;0
69557;0
69558;1
69559;0
69560;2
69561;0
69562;1
69563;0
69564;0
69565;1
69566;0
69567;1
69568;0
69569;1
69570;0
69571;1
69572;0
69573;0
69574;1
69575;4
69576;0
69577;1
69578;0
69579;0
69580;1
69581;0
69582;0
69583;0
69584;1
69585;0
69586;0
69587;1
69588;0
69589;1
69590;0
69591;1
69592;50
69593;49
69594;35
69595;70
69596;0
69597;1
69598;0
69599;0
69600;1
69601;0
69602;0
69603;1
69604;0
69605;1
69606;0
69607;2
69608;1
69609;1
69610;0
69611;0
69612;0
69613;1
69614;0
69615;0
69616;1
69617;0
69618;0
69619;1
69620;0
69621;1
69622;0
69623;0
69624;0
69625;1
69626;2
69627;0
69628;0
69629;1
69630;0
69631;1
69632;2
69633;0
69634;1
69635;0
69636;0
69637;1
69638;0
69639;1
69640;0
69641;0
69642;1
69643;0
69644;0
69645;35
69646;0
69647;1
69648;0
69649;1
69650;0
69651;1
69652;0
69653;0
69654;0
69655;0
69656;1
69657;0
69658;0
69659;1
69660;0
69661;1
69662;0
69663;0
69664;1
69665;0
69666;1
69667;0
69668;1
69669;0
69670;0
69671;1
69672;24
69673;0
69674;1
69675;0
69676;1
69677;0
69678;1
69679;0
69680;1
69681;10
69682;1
69683;0
69684;20
69685;11
69686;39
69687;0
69688;1
69689;2
69690;0
69691;1
69692;0
69693;0
69694;0
69695;1
69696;1
69697;0
69698;1
69699;0
69700;0
69701;0
69702;1
69703;1
69704;0
69705;2
69706;0
69707;1
69708;0
69709;0
69710;0
69711;0
69712;1
69713;1
69714;0
69715;0
69716;1
69717;0
69718;1
69719;0
69720;1
69721;0
69722;1
69723;0
69724;1
69725;0
69726;0
69727;0
69728;1
69729;0
69730;1
69731;0
69732;0
69733;1
69734;11
69735;0
69736;12
69737;0
69738;0
69739;1
69740;2
69741;0
69742;0
69743;0
69744;1
69745;1
69746;0
69747;0
69748;1
69749;0
69750;21
69751;20
69752;0
69753;1
69754;0
69755;0
69756;1
69757;0
69758;0
69759;50
69760;1
69761;0
69762;0
69763;1
69764;1
69765;0
69766;0
69767;0
69768;1
69769;0
69770;0
69771;1
69772;0
69773;0
69774;0
69775;1
69776;0
69777;4
69778;0
69779;1
69780;0
69781;0
69782;1
69783;0
69784;0
69785;0
69786;1
69787;0
69788;1
69789;0
69790;0
69791;0
69792;1
69793;0
69794;0
69795;1
69796;1
69797;0
69798;2
69799;0
69800;0
69801;1
69802;1
69803;0
69804;1
69805;0
69806;0
69807;36
69808;35
69809;37
69810;1
69811;0
69812;0
69813;1
69814;2
69815;0
69816;0
69817;1
69818;0
69819;1
69820;0
69821;0
69822;1
69823;0
69824;0
69825;1
69826;0
69827;1
69828;47
69829;49
69830;0
69831;48
69832;0
69833;0
69834;0
69835;1
69836;2
69837;1
69838;0
69839;0
69840;1
69841;0
69842;0
69843;1
69844;0
69845;0
69846;0
69847;1
69848;0
69849;1
69850;1
69851;0
69852;0
69853;1
69854;0
69855;2
69856;0
69857;1
69858;0
69859;1
69860;0
69861;0
69862;1
69863;0
69864;0
69865;1
69866;11
69867;0
69868;1
69869;0
69870;0
69871;0
69872;1
69873;0
69874;1
69875;0
69876;1
69877;0
69878;1
69879;0
69880;1
69881;0
69882;0
69883;1
69884;2
69885;0
69886;0
69887;1
69888;0
69889;0
69890;0
69891;0
69892;79
69893;1
69894;0
69895;1
69896;0
69897;0
69898;2
69899;1
69900;0
69901;2
69902;0
69903;0
69904;0
69905;1
69906;0
69907;1
69908;0
69909;1
69910;0
69911;1
69912;1
69913;0
69914;0
69915;0
69916;1
69917;0
69918;1
69919;0
69920;0
69921;1
69922;0
69923;1
69924;0
69925;42
69926;1
69927;2
69928;0
69929;2
69930;1
69931;0
69932;2
69933;1
69934;1
69935;0
69936;1
69937;0
69938;0
69939;1
69940;49
69941;0
69942;48
69943;0
69944;1
69945;0
69946;0
69947;1
69948;0
69949;1
69950;0
69951;0
69952;0
69953;1
69954;0
69955;1
69956;0
69957;1
69958;0
69959;1
69960;0
69961;1
69962;0
69963;1
69964;0
69965;1
69966;0
69967;1
69968;0
69969;1
69970;0
69971;0
69972;0
69973;1
69974;42
69975;0
69976;1
69977;36
69978;35
69979;74
69980;0
69981;0
69982;0
69983;1
69984;0
69985;0
69986;1
69987;0
69988;0
69989;1
69990;0
69991;1
69992;0
69993;44
69994;1
69995;10
69996;0
69997;11
69998;1
69999;0
70000;1
70001;35
70002;24
70003;0
70004;1
70005;0
70006;1
70007;0
70008;1
70009;1
70010;0
70011;1
70012;0
70013;0
70014;0
70015;35
70016;0
70017;1
70018;0
70019;0
70020;1
70021;0
70022;1
70023;41
70024;43
70025;42
70026;0
70027;1
70028;0
70029;0
70030;1
70031;1
70032;0
70033;0
70034;0
70035;1
70036;0
70037;1
70038;0
70039;0
70040;0
70041;1
70042;0
70043;0
70044;40
70045;47
70046;0
70047;39
70048;0
70049;0
70050;0
70051;0
70052;0
70053;1
70054;0
70055;1
70056;0
70057;0
70058;1
70059;0
70060;1
70061;0
70062;1
70063;0
70064;1
70065;0
70066;0
70067;1
70068;0
70069;0
70070;1
70071;0
70072;0
70073;1
70074;1
70075;0
70076;0
70077;0
70078;1
70079;0
70080;0
70081;1
70082;35
70083;75
70084;0
70085;39
70086;40
70087;0
70088;1
70089;0
70090;0
70091;0
70092;1
70093;2
70094;0
70095;0
70096;41
70097;0
70098;2
70099;43
70100;42
70101;44
70102;0
70103;0
70104;1
70105;0
70106;0
70107;0
70108;1
70109;0
70110;1
70111;0
70112;1
70113;0
70114;0
70115;1
70116;0
70117;1
70118;6
70119;1
70120;0
70121;0
70122;1
70123;0
70124;1
70125;0
70126;1
70127;2
70128;0
70129;1
70130;0
70131;0
70132;0
70133;2
70134;0
70135;47
70136;0
70137;45
70138;0
70139;1
70140;0
70141;0
70142;0
70143;0
70144;1
70145;0
70146;0
70147;0
70148;2
70149;1
70150;0
70151;0
70152;0
70153;2
70154;1
70155;0
70156;48
70157;1
70158;47
70159;0
70160;0
70161;0
70162;1
70163;0
70164;1
70165;0
70166;1
70167;0
70168;0
70169;0
70170;0
70171;0
70172;1
70173;0
70174;1
70175;0
70176;1
70177;0
70178;0
70179;1
70180;0
70181;13
70182;0
70183;1
70184;1
70185;0
70186;0
70187;1
70188;0
70189;1
70190;0
70191;21
70192;47
70193;22
70194;48
70195;0
70196;1
70197;0
70198;0
70199;1
70200;0
70201;1
70202;0
70203;1
70204;0
70205;1
70206;0
70207;20
70208;1
70209;0
70210;0
70211;1
70212;31
70213;0
70214;0
70215;1
70216;2
70217;1
70218;0
70219;0
70220;0
70221;0
70222;0
70223;1
70224;0
70225;1
70226;0
70227;0
70228;1
70229;0
70230;1
70231;0
70232;59
70233;0
70234;1
70235;0
70236;0
70237;1
70238;0
70239;0
70240;1
70241;0
70242;0
70243;0
70244;1
70245;0
70246;0
70247;1
70248;0
70249;0
70250;1
70251;0
70252;0
70253;0
70254;1
70255;0
70256;1
70257;0
70258;1
70259;0
70260;0
70261;0
70262;1
70263;2
70264;0
70265;1
70266;0
70267;0
70268;1
70269;0
70270;0
70271;1
70272;0
70273;0
70274;35
70275;0
70276;2
70277;1
70278;0
70279;1
70280;0
70281;0
70282;1
70283;0
70284;0
70285;0
70286;0
70287;1
70288;0
70289;1
70290;0
70291;0
70292;0
70293;1
70294;0
70295;1
70296;0
70297;1
70298;0
70299;1
70300;1
70301;0
70302;1
70303;0
70304;0
70305;1
70306;0
70307;0
70308;1
70309;0
70310;0
70311;1
70312;0
70313;1
70314;0
70315;1
70316;0
70317;1
70318;0
70319;0
70320;0
70321;1
70322;0
70323;0
70324;0
70325;1
70326;0
70327;0
70328;1
70329;2
70330;0
70331;2
70332;1
70333;35
70334;0
70335;0
70336;1
70337;27
70338;25
70339;0
70340;0
70341;1
70342;0
70343;1
70344;0
70345;1
70346;0
70347;0
70348;1
70349;0
70350;44
70351;2
70352;1
70353;0
70354;1
70355;0
70356;1
70357;0
70358;1
70359;0
70360;0
70361;0
70362;0
70363;0
70364;2
70365;1
70366;36
70367;35
70368;20
70369;35
70370;0
70371;0
70372;1
70373;0
70374;0
70375;0
70376;0
70377;1
70378;1
70379;0
70380;0
70381;1
70382;0
70383;1
70384;0
70385;0
70386;21
70387;20
70388;11
70389;42
70390;38
70391;0
70392;1
70393;0
70394;1
70395;0
70396;1
70397;0
70398;1
70399;2
70400;0
70401;2
70402;1
70403;0
70404;2
70405;1
70406;50
70407;39
70408;48
70409;1
70410;0
70411;51
70412;0
70413;0
70414;1
70415;0
70416;0
70417;1
70418;0
70419;1
70420;0
70421;1
70422;2
70423;0
70424;1
70425;0
70426;1
70427;0
70428;0
70429;1
70430;0
70431;1
70432;1
70433;0
70434;2
70435;0
70436;1
70437;2
70438;0
70439;0
70440;23
70441;22
70442;1
70443;13
70444;0
70445;1
70446;0
70447;1
70448;0
70449;0
70450;1
70451;0
70452;0
70453;2
70454;1
70455;0
70456;1
70457;2
70458;0
70459;1
70460;2
70461;27
70462;0
70463;0
70464;0
70465;0
70466;1
70467;21
70468;12
70469;20
70470;22
70471;0
70472;0
70473;0
70474;0
70475;1
70476;0
70477;0
70478;0
70479;0
70480;1
70481;0
70482;0
70483;1
70484;0
70485;1
70486;0
70487;1
70488;0
70489;0
70490;1
70491;0
70492;35
70493;36
70494;0
70495;1
70496;0
70497;1
70498;40
70499;0
70500;41
70501;1
70502;0
70503;1
70504;0
70505;40
70506;42
70507;1
70508;41
70509;0
70510;0
70511;0
70512;35
70513;9
70514;10
70515;36
70516;1
70517;0
70518;0
70519;58
70520;59
70521;0
70522;35
70523;14
70524;37
70525;36
70526;15
70527;38
70528;0
70529;1
70530;1
70531;0
70532;0
70533;1
70534;0
70535;0
70536;0
70537;0
70538;1
70539;0
70540;1
70541;0
70542;1
70543;0
70544;0
70545;1
70546;0
70547;82
70548;81
70549;0
70550;1
70551;0
70552;1
70553;0
70554;0
70555;1
70556;0
70557;1
70558;0
70559;1
70560;0
70561;0
70562;1
70563;1
70564;0
70565;0
70566;1
70567;0
70568;1
70569;1
70570;0
70571;0
70572;1
70573;0
70574;0
70575;1
70576;50
70577;42
70578;0
70579;0
70580;0
70581;0
70582;0
70583;1
70584;0
70585;35
70586;36
70587;0
70588;1
70589;0
70590;0
70591;0
70592;2
70593;1
70594;1
70595;0
70596;0
70597;1
70598;0
70599;1
70600;0
70601;2
70602;1
70603;0
70604;1
70605;0
70606;1
70607;0
70608;1
70609;0
70610;0
70611;1
70612;0
70613;2
70614;1
70615;0
70616;0
70617;2
70618;1
70619;0
70620;1
70621;1
70622;0
70623;0
70624;1
70625;0
70626;45
70627;1
70628;0
70629;2
70630;0
70631;1
70632;0
70633;1
70634;0
70635;1
70636;0
70637;0
70638;1
70639;4
70640;0
70641;0
70642;1
70643;35
70644;36
70645;1
70646;0
70647;0
70648;2
70649;1
70650;0
70651;1
70652;38
70653;0
70654;0
70655;1
70656;0
70657;0
70658;1
70659;0
70660;1
70661;0
70662;0
70663;0
70664;1
70665;0
70666;1
70667;0
70668;0
70669;2
70670;1
70671;0
70672;1
70673;0
70674;0
70675;0
70676;1
70677;0
70678;36
70679;35
70680;0
70681;0
70682;1
70683;0
70684;1
70685;0
70686;1
70687;0
70688;0
70689;1
70690;0
70691;1
70692;0
70693;0
70694;1
70695;1
70696;0
70697;0
70698;1
70699;44
70700;1
70701;0
70702;0
70703;1
70704;0
70705;2
70706;1
70707;0
70708;1
70709;0
70710;1
70711;0
70712;0
70713;1
70714;0
70715;0
70716;0
70717;1
70718;2
70719;0
70720;0
70721;1
70722;0
70723;1
70724;0
70725;41
70726;42
70727;0
70728;0
70729;1
70730;0
70731;1
70732;0
70733;1
70734;0
70735;35
70736;36
70737;0
70738;1
70739;5
70740;0
70741;0
70742;1
70743;0
70744;1
70745;0
70746;4
70747;5
70748;1
70749;0
70750;0
70751;1
70752;0
70753;2
70754;1
70755;1
70756;0
70757;0
70758;1
70759;0
70760;1
70761;0
70762;1
70763;0
70764;1
70765;0
70766;0
70767;1
70768;0
70769;1
70770;0
70771;0
70772;1
70773;1
70774;0
70775;0
70776;1
70777;0
70778;1
70779;0
70780;1
70781;1
70782;4
70783;0
70784;46
70785;3
70786;1
70787;0
70788;0
70789;1
70790;0
70791;1
70792;0
70793;1
70794;0
70795;0
70796;1
70797;0
70798;1
70799;0
70800;41
70801;40
70802;0
70803;1
70804;0
70805;0
70806;1
70807;0
70808;1
70809;0
70810;0
70811;1
70812;0
70813;0
70814;1
70815;1
70816;0
70817;0
70818;1
70819;0
70820;0
70821;1
70822;1
70823;0
70824;0
70825;0
70826;0
70827;1
70828;0
70829;1
70830;0
70831;0
70832;1
70833;1
70834;0
70835;0
70836;0
70837;1
70838;0
70839;1
70840;0
70841;0
70842;1
70843;0
70844;0
70845;0
70846;0
70847;72
70848;70
70849;77
70850;14
70851;73
70852;15
70853;75
70854;1
70855;0
70856;0
70857;0
70858;1
70859;0
70860;2
70861;43
70862;41
70863;0
70864;1
70865;0
70866;1
70867;51
70868;52
70869;1
70870;5
70871;7
70872;6
70873;8
70874;0
70875;1
70876;0
70877;0
70878;1
70879;0
70880;0
70881;0
70882;3
70883;2
70884;1
70885;0
70886;1
70887;0
70888;1
70889;0
70890;0
70891;0
70892;0
70893;1
70894;0
70895;0
70896;1
70897;1
70898;0
70899;15
70900;0
70901;17
70902;18
70903;9
70904;16
70905;0
70906;1
70907;0
70908;1
70909;0
70910;1
70911;0
70912;0
70913;1
70914;0
70915;1
70916;0
70917;35
70918;36
70919;0
70920;1
70921;0
70922;43
70923;42
70924;1
70925;0
70926;1
70927;0
70928;1
70929;0
70930;1
70931;0
70932;1
70933;0
70934;0
70935;0
70936;41
70937;0
70938;1
70939;1
70940;0
70941;0
70942;1
70943;0
70944;1
70945;0
70946;0
70947;0
70948;2
70949;0
70950;40
70951;42
70952;1
70953;0
70954;0
70955;2
70956;1
70957;0
70958;0
70959;1
70960;0
70961;1
70962;0
70963;0
70964;1
70965;0
70966;1
70967;2
70968;1
70969;0
70970;0
70971;48
70972;0
70973;1
70974;0
70975;1
70976;0
70977;0
70978;1
70979;0
70980;0
70981;0
70982;0
70983;1
70984;0
70985;1
70986;0
70987;2
70988;0
70989;1
70990;0
70991;1
70992;0
70993;1
70994;0
70995;1
70996;0
70997;1
70998;0
70999;0
71000;28
71001;30
71002;29
71003;0
71004;1
71005;0
71006;0
71007;1
71008;0
71009;1
71010;1
71011;0
71012;0
71013;0
71014;1
71015;1
71016;0
71017;1
71018;0
71019;0
71020;1
71021;0
71022;4
71023;1
71024;1
71025;0
71026;2
71027;0
71028;1
71029;0
71030;2
71031;1
71032;0
71033;1
71034;0
71035;0
71036;1
71037;0
71038;1
71039;0
71040;0
71041;1
71042;0
71043;0
71044;1
71045;0
71046;1
71047;0
71048;40
71049;1
71050;41
71051;0
71052;0
71053;0
71054;1
71055;0
71056;1
71057;0
71058;35
71059;52
71060;53
71061;46
71062;36
71063;0
71064;1
71065;0
71066;0
71067;1
71068;0
71069;1
71070;0
71071;1
71072;0
71073;0
71074;0
71075;35
71076;36
71077;0
71078;1
71079;0
71080;1
71081;0
71082;1
71083;1
71084;0
71085;0
71086;1
71087;0
71088;1
71089;0
71090;0
71091;1
71092;0
71093;0
71094;35
71095;36
71096;0
71097;1
71098;0
71099;0
71100;0
71101;0
71102;0
71103;0
71104;1
71105;0
71106;1
71107;0
71108;1
71109;0
71110;1
71111;0
71112;0
71113;1
71114;35
71115;36
71116;0
71117;0
71118;1
71119;0
71120;1
71121;0
71122;1
71123;0
71124;14
71125;0
71126;0
71127;0
71128;1
71129;0
71130;1
71131;0
71132;1
71133;0
71134;45
71135;44
71136;55
71137;35
71138;0
71139;1
71140;0
71141;1
71142;0
71143;1
71144;0
71145;1
71146;0
71147;46
71148;47
71149;1
71150;0
71151;1
71152;0
71153;1
71154;0
71155;1
71156;40
71157;41
71158;0
71159;1
71160;0
71161;0
71162;0
71163;0
71164;1
71165;39
71166;0
71167;0
71168;1
71169;0
71170;10
71171;51
71172;1
71173;0
71174;0
71175;0
71176;0
71177;1
71178;0
71179;0
71180;0
71181;2
71182;1
71183;0
71184;0
71185;1
71186;1
71187;0
71188;0
71189;0
71190;0
71191;0
71192;0
71193;1
71194;0
71195;1
71196;0
71197;1
71198;0
71199;0
71200;1
71201;0
71202;1
71203;0
71204;6
71205;0
71206;40
71207;4
71208;0
71209;1
71210;0
71211;0
71212;0
71213;1
71214;0
71215;0
71216;0
71217;2
71218;1
71219;0
71220;0
71221;1
71222;2
71223;0
71224;1
71225;0
71226;0
71227;1
71228;0
71229;1
71230;0
71231;1
71232;1
71233;0
71234;0
71235;1
71236;0
71237;0
71238;1
71239;42
71240;2
71241;0
71242;0
71243;1
71244;0
71245;0
71246;1
71247;0
71248;0
71249;1
71250;0
71251;1
71252;0
71253;1
71254;0
71255;0
71256;1
71257;0
71258;1
71259;45
71260;0
71261;0
71262;0
71263;1
71264;1
71265;0
71266;0
71267;35
71268;0
71269;1
71270;0
71271;0
71272;1
71273;0
71274;0
71275;1
71276;0
71277;0
71278;1
71279;1
71280;0
71281;0
71282;1
71283;0
71284;1
71285;0
71286;0
71287;1
71288;0
71289;0
71290;1
71291;0
71292;1
71293;1
71294;0
71295;0
71296;0
71297;1
71298;0
71299;0
71300;1
71301;0
71302;1
71303;0
71304;0
71305;0
71306;1
71307;37
71308;2
71309;0
71310;38
71311;0
71312;1
71313;35
71314;36
71315;0
71316;0
71317;0
71318;1
71319;0
71320;0
71321;0
71322;2
71323;1
71324;0
71325;1
71326;40
71327;0
71328;41
71329;0
71330;1
71331;0
71332;1
71333;0
71334;1
71335;0
71336;0
71337;35
71338;36
71339;0
71340;0
71341;0
71342;0
71343;2
71344;1
71345;1
71346;0
71347;0
71348;15
71349;35
71350;36
71351;0
71352;1
71353;0
71354;0
71355;1
71356;0
71357;0
71358;0
71359;0
71360;2
71361;49
71362;50
71363;0
71364;1
71365;0
71366;0
71367;1
71368;0
71369;0
71370;0
71371;0
71372;2
71373;0
71374;0
71375;0
71376;1
71377;0
71378;1
71379;0
71380;0
71381;1
71382;0
71383;0
71384;1
71385;0
71386;1
71387;0
71388;0
71389;1
71390;0
71391;0
71392;1
71393;0
71394;0
71395;1
71396;1
71397;0
71398;0
71399;1
71400;1
71401;0
71402;0
71403;2
71404;0
71405;1
71406;0
71407;1
71408;0
71409;1
71410;1
71411;0
71412;0
71413;1
71414;1
71415;0
71416;0
71417;1
71418;0
71419;2
71420;1
71421;0
71422;0
71423;1
71424;0
71425;1
71426;0
71427;1
71428;0
71429;1
71430;0
71431;1
71432;0
71433;1
71434;1
71435;0
71436;0
71437;1
71438;0
71439;26
71440;0
71441;28
71442;0
71443;1
71444;0
71445;0
71446;1
71447;0
71448;1
71449;0
71450;2
71451;1
71452;0
71453;0
71454;1
71455;0
71456;0
71457;1
71458;35
71459;1
71460;0
71461;0
71462;1
71463;0
71464;0
71465;1
71466;0
71467;1
71468;0
71469;1
71470;40
71471;41
71472;43
71473;42
71474;0
71475;40
71476;0
71477;0
71478;1
71479;0
71480;0
71481;1
71482;0
71483;1
71484;0
71485;2
71486;1
71487;0
71488;0
71489;0
71490;0
71491;0
71492;1
71493;2
71494;0
71495;1
71496;1
71497;0
71498;0
71499;0
71500;0
71501;1
71502;35
71503;36
71504;0
71505;2
71506;0
71507;2
71508;0
71509;1
71510;0
71511;0
71512;0
71513;1
71514;0
71515;1
71516;0
71517;0
71518;1
71519;0
71520;1
71521;2
71522;0
71523;1
71524;0
71525;1
71526;0
71527;1
71528;1
71529;0
71530;1
71531;0
71532;0
71533;1
71534;0
71535;41
71536;0
71537;42
71538;0
71539;2
71540;1
71541;0
71542;0
71543;1
71544;0
71545;1
71546;0
71547;0
71548;1
71549;3
71550;5
71551;6
71552;0
71553;1
71554;0
71555;1
71556;0
71557;0
71558;1
71559;0
71560;1
71561;0
71562;1
71563;0
71564;1
71565;0
71566;1
71567;0
71568;0
71569;16
71570;36
71571;35
71572;0
71573;1
71574;0
71575;1
71576;0
71577;2
71578;1
71579;0
71580;1
71581;0
71582;1
71583;1
71584;0
71585;0
71586;0
71587;1
71588;0
71589;0
71590;0
71591;1
71592;0
71593;1
71594;0
71595;1
71596;0
71597;1
71598;0
71599;1
71600;0
71601;1
71602;0
71603;1
71604;0
71605;1
71606;0
71607;1
71608;1
71609;0
71610;2
71611;0
71612;1
71613;0
71614;35
71615;36
71616;35
71617;0
71618;1
71619;1
71620;0
71621;0
71622;0
71623;1
71624;2
71625;0
71626;1
71627;0
71628;0
71629;1
71630;49
71631;48
71632;0
71633;1
71634;0
71635;0
71636;0
71637;0
71638;1
71639;0
71640;2
71641;1
71642;0
71643;0
71644;0
71645;1
71646;0
71647;1
71648;0
71649;1
71650;0
71651;1
71652;0
71653;1
71654;0
71655;2
71656;0
71657;1
71658;0
71659;1
71660;0
71661;0
71662;0
71663;0
71664;1
71665;0
71666;1
71667;0
71668;0
71669;0
71670;1
71671;0
71672;1
71673;0
71674;0
71675;1
71676;0
71677;0
71678;0
71679;0
71680;0
71681;3
71682;1
71683;4
71684;1
71685;0
71686;0
71687;1
71688;0
71689;0
71690;0
71691;1
71692;0
71693;1
71694;0
71695;1
71696;0
71697;1
71698;35
71699;76
71700;82
71701;36
71702;0
71703;0
71704;1
71705;35
71706;37
71707;36
71708;0
71709;2
71710;1
71711;0
71712;47
71713;1
71714;0
71715;1
71716;0
71717;0
71718;47
71719;36
71720;42
71721;38
71722;2
71723;35
71724;0
71725;32
71726;0
71727;34
71728;1
71729;33
71730;0
71731;0
71732;1
71733;0
71734;0
71735;35
71736;0
71737;39
71738;37
71739;36
71740;1
71741;0
71742;1
71743;0
71744;0
71745;1
71746;0
71747;1
71748;1
71749;0
71750;0
71751;1
71752;0
71753;1
71754;0
71755;13
71756;15
71757;36
71758;39
71759;35
71760;0
71761;1
71762;0
71763;40
71764;0
71765;41
71766;44
71767;0
71768;0
71769;1
71770;0
71771;1
71772;0
71773;1
71774;1
71775;39
71776;0
71777;40
71778;0
71779;1
71780;0
71781;0
71782;47
71783;0
71784;0
71785;0
71786;0
71787;1
71788;0
71789;2
71790;1
71791;0
71792;39
71793;0
71794;1
71795;0
71796;1
71797;0
71798;1
71799;0
71800;1
71801;0
71802;1
71803;0
71804;1
71805;0
71806;1
71807;0
71808;1
71809;0
71810;1
71811;0
71812;0
71813;1
71814;0
71815;1
71816;0
71817;4
71818;1
71819;0
71820;1
71821;2
71822;3
71823;0
71824;1
71825;0
71826;1
71827;0
71828;0
71829;0
71830;1
71831;0
71832;0
71833;1
71834;0
71835;1
71836;0
71837;1
71838;0
71839;1
71840;0
71841;1
71842;0
71843;0
71844;0
71845;1
71846;35
71847;0
71848;1
71849;0
71850;0
71851;1
71852;0
71853;0
71854;0
71855;1
71856;0
71857;0
71858;1
71859;0
71860;1
71861;0
71862;0
71863;0
71864;1
71865;0
71866;1
71867;1
71868;0
71869;0
71870;0
71871;0
71872;1
71873;0
71874;1
71875;0
71876;0
71877;1
71878;1
71879;0
71880;0
71881;1
71882;0
71883;1
71884;0
71885;2
71886;0
71887;0
71888;1
71889;1
71890;0
71891;0
71892;1
71893;1
71894;0
71895;0
71896;52
71897;1
71898;53
71899;0
71900;1
71901;0
71902;1
71903;2
71904;0
71905;1
71906;0
71907;0
71908;0
71909;40
71910;0
71911;0
71912;47
71913;0
71914;1
71915;0
71916;1
71917;0
71918;1
71919;0
71920;0
71921;1
71922;0
71923;20
71924;1
71925;0
71926;0
71927;0
71928;1
71929;0
71930;0
71931;0
71932;2
71933;1
71934;0
71935;1
71936;0
71937;1
71938;0
71939;1
71940;0
71941;1
71942;0
71943;1
71944;0
71945;1
71946;0
71947;1
71948;0
71949;1
71950;0
71951;0
71952;1
71953;0
71954;0
71955;0
71956;1
71957;0
71958;11
71959;10
71960;1
71961;0
71962;0
71963;1
71964;0
71965;0
71966;1
71967;1
71968;0
71969;40
71970;41
71971;0
71972;0
71973;1
71974;0
71975;1
71976;0
71977;0
71978;0
71979;0
71980;1
71981;0
71982;0
71983;1
71984;0
71985;0
71986;0
71987;2
71988;1
71989;0
71990;1
71991;0
71992;1
71993;0
71994;0
71995;0
71996;1
71997;45
71998;46
71999;0
72000;0
72001;1
72002;0
72003;1
72004;0
72005;1
72006;0
72007;0
72008;1
72009;35
72010;0
72011;0
72012;0
72013;1
72014;0
72015;0
72016;0
72017;1
72018;1
72019;0
72020;0
72021;1
72022;0
72023;0
72024;1
72025;0
72026;2
72027;1
72028;0
72029;1
72030;0
72031;35
72032;36
72033;0
72034;1
72035;0
72036;1
72037;18
72038;0
72039;2
72040;1
72041;41
72042;0
72043;42
72044;0
72045;1
72046;1
72047;0
72048;0
72049;2
72050;1
72051;1
72052;0
72053;0
72054;1
72055;0
72056;1
72057;0
72058;0
72059;1
72060;1
72061;0
72062;0
72063;0
72064;1
72065;0
72066;1
72067;0
72068;0
72069;1
72070;2
72071;0
72072;1
72073;0
72074;1
72075;0
72076;14
72077;12
72078;45
72079;13
72080;35
72081;0
72082;0
72083;1
72084;0
72085;0
72086;0
72087;1
72088;0
72089;0
72090;1
72091;35
72092;0
72093;39
72094;38
72095;40
72096;0
72097;0
72098;40
72099;1
72100;0
72101;1
72102;2
72103;0
72104;0
72105;1
72106;0
72107;0
72108;0
72109;0
72110;1
72111;47
72112;0
72113;1
72114;0
72115;0
72116;0
72117;1
72118;0
72119;1
72120;0
72121;1
72122;0
72123;1
72124;0
72125;0
72126;1
72127;0
72128;1
72129;0
72130;1
72131;0
72132;1
72133;0
72134;0
72135;1
72136;0
72137;2
72138;0
72139;1
72140;0
72141;0
72142;1
72143;48
72144;1
72145;0
72146;0
72147;0
72148;1
72149;0
72150;0
72151;0
72152;0
72153;1
72154;1
72155;0
72156;0
72157;0
72158;0
72159;1
72160;0
72161;0
72162;2
72163;1
72164;0
72165;1
72166;39
72167;0
72168;40
72169;0
72170;1
72171;0
72172;0
72173;1
72174;0
72175;0
72176;0
72177;2
72178;1
72179;0
72180;1
72181;0
72182;1
72183;0
72184;0
72185;46
72186;49
72187;1
72188;0
72189;47
72190;0
72191;1
72192;29
72193;35
72194;36
72195;0
72196;1
72197;0
72198;1
72199;0
72200;1
72201;0
72202;1
72203;0
72204;0
72205;1
72206;0
72207;1
72208;0
72209;1
72210;0
72211;1
72212;2
72213;1
72214;0
72215;1
72216;0
72217;0
72218;0
72219;1
72220;0
72221;2
72222;1
72223;0
72224;1
72225;0
72226;0
72227;1
72228;2
72229;1
72230;0
72231;36
72232;35
72233;0
72234;0
72235;1
72236;2
72237;1
72238;0
72239;0
72240;1
72241;0
72242;2
72243;0
72244;0
72245;0
72246;0
72247;1
72248;1
72249;0
72250;0
72251;0
72252;1
72253;39
72254;38
72255;0
72256;37
72257;0
72258;1
72259;27
72260;0
72261;34
72262;1
72263;0
72264;0
72265;0
72266;0
72267;1
72268;0
72269;1
72270;0
72271;1
72272;0
72273;2
72274;1
72275;0
72276;1
72277;0
72278;0
72279;1
72280;0
72281;1
72282;0
72283;1
72284;0
72285;0
72286;1
72287;2
72288;0
72289;0
72290;0
72291;0
72292;0
72293;0
72294;1
72295;0
72296;0
72297;1
72298;3
72299;2
72300;0
72301;1
72302;0
72303;0
72304;1
72305;1
72306;0
72307;0
72308;1
72309;0
72310;0
72311;1
72312;0
72313;1
72314;0
72315;0
72316;1
72317;0
72318;0
72319;1
72320;0
72321;1
72322;0
72323;0
72324;1
72325;0
72326;1
72327;0
72328;1
72329;0
72330;1
72331;0
72332;26
72333;25
72334;0
72335;1
72336;0
72337;1
72338;0
72339;0
72340;1
72341;35
72342;0
72343;0
72344;1
72345;2
72346;0
72347;1
72348;0
72349;0
72350;0
72351;0
72352;2
72353;0
72354;1
72355;0
72356;48
72357;0
72358;49
72359;1
72360;0
72361;1
72362;0
72363;0
72364;1
72365;0
72366;0
72367;1
72368;0
72369;1
72370;0
72371;1
72372;0
72373;0
72374;1
72375;0
72376;0
72377;0
72378;1
72379;2
72380;1
72381;0
72382;1
72383;0
72384;1
72385;0
72386;1
72387;0
72388;0
72389;1
72390;0
72391;1
72392;5
72393;1
72394;0
72395;0
72396;0
72397;0
72398;0
72399;1
72400;0
72401;35
72402;1
72403;0
72404;0
72405;0
72406;1
72407;1
72408;0
72409;0
72410;1
72411;2
72412;1
72413;0
72414;0
72415;0
72416;1
72417;0
72418;0
72419;1
72420;70
72421;71
72422;0
72423;1
72424;35
72425;36
72426;0
72427;1
72428;0
72429;1
72430;0
72431;1
72432;0
72433;1
72434;0
72435;1
72436;0
72437;2
72438;1
72439;0
72440;1
72441;0
72442;1
72443;51
72444;0
72445;0
72446;46
72447;39
72448;2
72449;1
72450;0
72451;1
72452;0
72453;0
72454;0
72455;0
72456;1
72457;0
72458;0
72459;1
72460;1
72461;0
72462;0
72463;0
72464;41
72465;0
72466;0
72467;1
72468;0
72469;1
72470;0
72471;1
72472;0
72473;0
72474;1
72475;0
72476;1
72477;0
72478;1
72479;0
72480;1
72481;35
72482;36
72483;0
72484;1
72485;0
72486;2
72487;0
72488;1
72489;0
72490;1
72491;42
72492;56
72493;0
72494;0
72495;1
72496;0
72497;2
72498;1
72499;0
72500;35
72501;11
72502;1
72503;12
72504;0
72505;0
72506;1
72507;0
72508;0
72509;1
72510;0
72511;1
72512;15
72513;23
72514;5
72515;16
72516;0
72517;35
72518;37
72519;36
72520;1
72521;0
72522;0
72523;1
72524;0
72525;2
72526;1
72527;0
72528;0
72529;0
72530;1
72531;0
72532;35
72533;36
72534;0
72535;1
72536;0
72537;0
72538;1
72539;0
72540;1
72541;0
72542;59
72543;0
72544;1
72545;1
72546;0
72547;0
72548;0
72549;0
72550;1
72551;2
72552;0
72553;1
72554;0
72555;1
72556;1
72557;0
72558;0
72559;0
72560;1
72561;1
72562;0
72563;0
72564;1
72565;0
72566;1
72567;2
72568;0
72569;0
72570;1
72571;0
72572;0
72573;3
72574;1
72575;4
72576;0
72577;0
72578;0
72579;1
72580;1
72581;0
72582;0
72583;0
72584;0
72585;1
72586;0
72587;0
72588;1
72589;0
72590;2
72591;0
72592;1
72593;0
72594;1
72595;0
72596;1
72597;0
72598;1
72599;0
72600;20
72601;0
72602;0
72603;1
72604;0
72605;1
72606;0
72607;0
72608;0
72609;1
72610;1
72611;0
72612;0
72613;0
72614;0
72615;1
72616;0
72617;0
72618;0
72619;1
72620;0
72621;1
72622;0
72623;1
72624;1
72625;0
72626;0
72627;1
72628;0
72629;0
72630;1
72631;2
72632;0
72633;0
72634;1
72635;0
72636;1
72637;0
72638;2
72639;1
72640;0
72641;1
72642;0
72643;0
72644;1
72645;0
72646;40
72647;0
72648;0
72649;2
72650;1
72651;0
72652;1
72653;0
72654;0
72655;1
72656;2
72657;0
72658;1
72659;0
72660;0
72661;55
72662;1
72663;2
72664;44
72665;45
72666;0
72667;0
72668;1
72669;0
72670;48
72671;47
72672;0
72673;0
72674;0
72675;2
72676;40
72677;1
72678;0
72679;1
72680;0
72681;1
72682;0
72683;66
72684;65
72685;57
72686;0
72687;0
72688;1
72689;0
72690;0
72691;1
72692;0
72693;1
72694;0
72695;1
72696;35
72697;12
72698;1
72699;0
72700;0
72701;1
72702;0
72703;0
72704;0
72705;1
72706;1
72707;0
72708;1
72709;0
72710;2
72711;1
72712;0
72713;0
72714;0
72715;1
72716;0
72717;1
72718;0
72719;0
72720;0
72721;1
72722;0
72723;1
72724;1
72725;0
72726;1
72727;0
72728;0
72729;1
72730;0
72731;0
72732;0
72733;1
72734;0
72735;1
72736;0
72737;1
72738;0
72739;0
72740;1
72741;0
72742;0
72743;1
72744;0
72745;0
72746;1
72747;0
72748;1
72749;82
72750;0
72751;84
72752;83
72753;0
72754;1
72755;0
72756;0
72757;0
72758;0
72759;1
72760;0
72761;0
72762;1
72763;1
72764;0
72765;0
72766;1
72767;0
72768;0
72769;0
72770;2
72771;1
72772;0
72773;0
72774;0
72775;0
72776;1
72777;0
72778;1
72779;0
72780;0
72781;0
72782;1
72783;4
72784;0
72785;0
72786;2
72787;1
72788;0
72789;13
72790;1
72791;0
72792;0
72793;0
72794;0
72795;0
72796;0
72797;1
72798;0
72799;1
72800;0
72801;15
72802;16
72803;0
72804;9
72805;35
72806;0
72807;1
72808;0
72809;0
72810;1
72811;0
72812;0
72813;2
72814;1
72815;0
72816;0
72817;1
72818;0
72819;2
72820;0
72821;0
72822;1
72823;0
72824;1
72825;0
72826;1
72827;0
72828;1
72829;35
72830;0
72831;1
72832;0
72833;1
72834;35
72835;0
72836;36
72837;37
72838;1
72839;38
72840;0
72841;0
72842;1
72843;0
72844;0
72845;2
72846;1
72847;0
72848;1
72849;0
72850;1
72851;0
72852;1
72853;0
72854;1
72855;0
72856;2
72857;1
72858;0
72859;1
72860;0
72861;0
72862;0
72863;25
72864;23
72865;1
72866;35
72867;1
72868;0
72869;0
72870;0
72871;1
72872;1
72873;0
72874;0
72875;1
72876;0
72877;1
72878;0
72879;1
72880;0
72881;1
72882;1
72883;0
72884;0
72885;1
72886;0
72887;1
72888;0
72889;0
72890;1
72891;0
72892;1
72893;0
72894;1
72895;0
72896;0
72897;0
72898;0
72899;1
72900;0
72901;0
72902;0
72903;1
72904;1
72905;0
72906;0
72907;2
72908;1
72909;0
72910;0
72911;1
72912;0
72913;0
72914;1
72915;0
72916;0
72917;0
72918;0
72919;1
72920;49
72921;50
72922;0
72923;0
72924;2
72925;1
72926;0
72927;35
72928;1
72929;0
72930;0
72931;0
72932;0
72933;1
72934;0
72935;35
72936;0
72937;1
72938;0
72939;1
72940;0
72941;0
72942;0
72943;0
72944;0
72945;0
72946;1
72947;0
72948;0
72949;1
72950;0
72951;2
72952;1
72953;0
72954;0
72955;2
72956;1
72957;0
72958;47
72959;1
72960;2
72961;48
72962;0
72963;2
72964;0
72965;0
72966;1
72967;0
72968;1
72969;0
72970;1
72971;1
72972;0
72973;0
72974;1
72975;0
72976;1
72977;0
72978;1
72979;0
72980;1
72981;0
72982;1
72983;0
72984;45
72985;1
72986;44
72987;0
72988;41
72989;42
72990;0
72991;0
72992;1
72993;0
72994;0
72995;0
72996;4
72997;0
72998;0
72999;1
73000;1
73001;0
73002;0
73003;0
73004;0
73005;1
73006;0
73007;1
73008;35
73009;35
73010;36
73011;0
73012;1
73013;0
73014;0
73015;1
73016;0
73017;0
73018;1
73019;0
73020;1
73021;2
73022;3
73023;0
73024;1
73025;0
73026;1
73027;2
73028;0
73029;0
73030;1
73031;0
73032;0
73033;0
73034;1
73035;1
73036;0
73037;0
73038;1
73039;2
73040;0
73041;0
73042;0
73043;0
73044;1
73045;0
73046;0
73047;1
73048;0
73049;0
73050;0
73051;0
73052;1
73053;0
73054;1
73055;0
73056;1
73057;44
73058;0
73059;46
73060;0
73061;0
73062;1
73063;0
73064;0
73065;1
73066;0
73067;1
73068;0
73069;0
73070;1
73071;0
73072;1
73073;1
73074;0
73075;0
73076;1
73077;0
73078;0
73079;1
73080;0
73081;0
73082;1
73083;0
73084;0
73085;39
73086;41
73087;40
73088;5
73089;0
73090;1
73091;42
73092;41
73093;0
73094;22
73095;21
73096;39
73097;24
73098;36
73099;35
73100;0
73101;0
73102;1
73103;0
73104;1
73105;0
73106;1
73107;0
73108;0
73109;0
73110;0
73111;0
73112;35
73113;0
73114;1
73115;0
73116;1
73117;0
73118;0
73119;1
73120;0
73121;1
73122;0
73123;0
73124;1
73125;1
73126;0
73127;0
73128;0
73129;1
73130;0
73131;1
73132;0
73133;1
73134;0
73135;1
73136;0
73137;0
73138;1
73139;0
73140;1
73141;1
73142;0
73143;2
73144;0
73145;1
73146;0
73147;0
73148;0
73149;1
73150;0
73151;1
73152;0
73153;2
73154;1
73155;0
73156;0
73157;1
73158;2
73159;0
73160;1
73161;0
73162;1
73163;2
73164;0
73165;1
73166;1
73167;1
73168;0
73169;0
73170;0
73171;0
73172;1
73173;0
73174;1
73175;1
73176;0
73177;0
73178;44
73179;41
73180;43
73181;1
73182;42
73183;1
73184;0
73185;0
73186;1
73187;0
73188;1
73189;0
73190;0
73191;0
73192;1
73193;0
73194;2
73195;1
73196;0
73197;1
73198;0
73199;1
73200;0
73201;1
73202;0
73203;0
73204;1
73205;0
73206;1
73207;0
73208;0
73209;1
73210;0
73211;1
73212;2
73213;1
73214;0
73215;0
73216;0
73217;0
73218;0
73219;0
73220;0
73221;0
73222;0
73223;1
73224;0
73225;0
73226;1
73227;0
73228;0
73229;1
73230;0
73231;1
73232;0
73233;0
73234;0
73235;1
73236;0
73237;1
73238;0
73239;0
73240;0
73241;2
73242;48
73243;0
73244;1
73245;49
73246;0
73247;1
73248;0
73249;1
73250;0
73251;1
73252;0
73253;0
73254;1
73255;0
73256;1
73257;0
73258;1
73259;1
73260;0
73261;1
73262;0
73263;0
73264;1
73265;0
73266;1
73267;0
73268;0
73269;21
73270;55
73271;54
73272;45
73273;0
73274;1
73275;1
73276;0
73277;1
73278;0
73279;1
73280;0
73281;1
73282;0
73283;0
73284;1
73285;16
73286;19
73287;17
73288;18
73289;0
73290;0
73291;1
73292;0
73293;2
73294;0
73295;1
73296;0
73297;0
73298;1
73299;0
73300;0
73301;1
73302;5
73303;3
73304;6
73305;4
73306;0
73307;0
73308;2
73309;1
73310;0
73311;0
73312;0
73313;1
73314;35
73315;60
73316;36
73317;35
73318;7
73319;0
73320;1
73321;2
73322;36
73323;35
73324;37
73325;0
73326;1
73327;0
73328;1
73329;0
73330;1
73331;0
73332;2
73333;1
73334;0
73335;0
73336;0
73337;0
73338;1
73339;0
73340;1
73341;0
73342;1
73343;0
73344;1
73345;0
73346;1
73347;0
73348;0
73349;0
73350;0
73351;1
73352;0
73353;1
73354;1
73355;0
73356;0
73357;1
73358;1
73359;0
73360;0
73361;0
73362;1
73363;0
73364;0
73365;0
73366;1
73367;0
73368;0
73369;1
73370;0
73371;1
73372;0
73373;0
73374;1
73375;0
73376;35
73377;36
73378;0
73379;1
73380;2
73381;1
73382;0
73383;15
73384;0
73385;17
73386;18
73387;9
73388;16
73389;1
73390;0
73391;0
73392;1
73393;0
73394;1
73395;0
73396;1
73397;0
73398;1
73399;0
73400;35
73401;0
73402;1
73403;0
73404;1
73405;2
73406;0
73407;1
73408;48
73409;0
73410;1
73411;39
73412;55
73413;0
73414;1
73415;52
73416;15
73417;0
73418;0
73419;0
73420;9
73421;0
73422;2
73423;1
73424;0
73425;0
73426;0
73427;1
73428;0
73429;0
73430;1
73431;0
73432;1
73433;0
73434;0
73435;0
73436;0
73437;0
73438;1
73439;0
73440;1
73441;0
73442;35
73443;5
73444;3
73445;39
73446;6
73447;36
73448;0
73449;0
73450;49
73451;47
73452;48
73453;0
73454;1
73455;0
73456;0
73457;1
73458;1
73459;40
73460;42
73461;0
73462;41
73463;0
73464;1
73465;0
73466;0
73467;1
73468;1
73469;0
73470;0
73471;0
73472;1
73473;0
73474;1
73475;0
73476;0
73477;15
73478;0
73479;18
73480;9
73481;16
73482;0
73483;48
73484;50
73485;1
73486;49
73487;0
73488;0
73489;1
73490;0
73491;0
73492;1
73493;0
73494;1
73495;0
73496;0
73497;1
73498;1
73499;0
73500;0
73501;0
73502;47
73503;48
73504;1
73505;0
73506;1
73507;0
73508;1
73509;0
73510;1
73511;0
73512;0
73513;1
73514;0
73515;1
73516;0
73517;0
73518;0
73519;35
73520;36
73521;0
73522;0
73523;1
73524;2
73525;1
73526;0
73527;0
73528;1
73529;0
73530;1
73531;0
73532;0
73533;1
73534;0
73535;1
73536;0
73537;1
73538;0
73539;0
73540;0
73541;0
73542;0
73543;0
73544;0
73545;1
73546;0
73547;2
73548;0
73549;0
73550;0
73551;1
73552;0
73553;1
73554;0
73555;0
73556;0
73557;0
73558;1
73559;38
73560;0
73561;0
73562;1
73563;0
73564;0
73565;1
73566;0
73567;50
73568;48
73569;49
73570;0
73571;1
73572;0
73573;1
73574;0
73575;0
73576;1
73577;0
73578;0
73579;0
73580;0
73581;0
73582;1
73583;1
73584;0
73585;0
73586;0
73587;0
73588;1
73589;9
73590;19
73591;10
73592;0
73593;20
73594;1
73595;0
73596;0
73597;1
73598;0
73599;1
73600;2
73601;0
73602;1
73603;2
73604;1
73605;0
73606;0
73607;1
73608;0
73609;1
73610;0
73611;0
73612;0
73613;1
73614;0
73615;1
73616;0
73617;1
73618;0
73619;1
73620;2
73621;0
73622;0
73623;1
73624;0
73625;0
73626;0
73627;1
73628;0
73629;2
73630;0
73631;1
73632;0
73633;1
73634;2
73635;0
73636;0
73637;1
73638;40
73639;0
73640;1
73641;0
73642;1
73643;0
73644;43
73645;24
73646;22
73647;0
73648;0
73649;1
73650;2
73651;0
73652;1
73653;0
73654;40
73655;42
73656;1
73657;0
73658;41
73659;42
73660;0
73661;1
73662;0
73663;14
73664;0
73665;1
73666;0
73667;0
73668;1
73669;0
73670;1
73671;0
73672;1
73673;1
73674;0
73675;0
73676;1
73677;2
73678;1
73679;0
73680;0
73681;1
73682;1
73683;0
73684;1
73685;38
73686;0
73687;41
73688;39
73689;0
73690;1
73691;0
73692;1
73693;0
73694;1
73695;0
73696;0
73697;1
73698;35
73699;0
73700;0
73701;35
73702;0
73703;0
73704;0
73705;0
73706;0
73707;1
73708;0
73709;0
73710;1
73711;0
73712;35
73713;36
73714;0
73715;0
73716;1
73717;0
73718;1
73719;0
73720;0
73721;1
73722;0
73723;1
73724;0
73725;1
73726;0
73727;1
73728;0
73729;0
73730;0
73731;0
73732;0
73733;1
73734;0
73735;1
73736;2
73737;0
73738;1
73739;0
73740;0
73741;0
73742;1
73743;0
73744;1
73745;0
73746;1
73747;0
73748;1
73749;0
73750;2
73751;1
73752;0
73753;1
73754;45
73755;35
73756;0
73757;0
73758;1
73759;0
73760;0
73761;0
73762;0
73763;2
73764;1
73765;0
73766;1
73767;4
73768;0
73769;3
73770;1
73771;0
73772;1
73773;0
73774;1
73775;0
73776;0
73777;1
73778;0
73779;0
73780;0
73781;1
73782;0
73783;1
73784;0
73785;1
73786;0
73787;1
73788;1
73789;0
73790;1
73791;0
73792;1
73793;0
73794;0
73795;1
73796;0
73797;0
73798;1
73799;1
73800;0
73801;0
73802;1
73803;35
73804;36
73805;36
73806;35
73807;1
73808;0
73809;16
73810;18
73811;1
73812;0
73813;10
73814;17
73815;0
73816;1
73817;0
73818;2
73819;1
73820;0
73821;0
73822;1
73823;0
73824;1
73825;0
73826;1
73827;0
73828;1
73829;0
73830;0
73831;0
73832;0
73833;0
73834;2
73835;1
73836;0
73837;44
73838;58
73839;0
73840;0
73841;0
73842;0
73843;0
73844;1
73845;0
73846;1
73847;0
73848;1
73849;0
73850;1
73851;0
73852;0
73853;1
73854;1
73855;0
73856;0
73857;1
73858;0
73859;1
73860;1
73861;0
73862;41
73863;0
73864;1
73865;40
73866;0
73867;2
73868;1
73869;0
73870;1
73871;0
73872;1
73873;4
73874;0
73875;1
73876;0
73877;0
73878;0
73879;1
73880;0
73881;1
73882;1
73883;0
73884;0
73885;1
73886;0
73887;1
73888;0
73889;0
73890;0
73891;0
73892;0
73893;1
73894;2
73895;0
73896;0
73897;35
73898;0
73899;1
73900;0
73901;0
73902;0
73903;0
73904;1
73905;0
73906;2
73907;1
73908;0
73909;1
73910;0
73911;0
73912;0
73913;1
73914;0
73915;1
73916;1
73917;0
73918;1
73919;0
73920;0
73921;0
73922;1
73923;0
73924;1
73925;0
73926;0
73927;1
73928;0
73929;0
73930;1
73931;35
73932;37
73933;36
73934;0
73935;1
73936;0
73937;0
73938;0
73939;1
73940;0
73941;1
73942;0
73943;47
73944;0
73945;48
73946;0
73947;1
73948;2
73949;0
73950;1
73951;0
73952;1
73953;0
73954;1
73955;0
73956;48
73957;49
73958;1
73959;1
73960;0
73961;35
73962;37
73963;36
73964;1
73965;0
73966;1
73967;0
73968;0
73969;38
73970;0
73971;0
73972;1
73973;0
73974;0
73975;1
73976;0
73977;2
73978;0
73979;0
73980;0
73981;1
73982;0
73983;1
73984;0
73985;1
73986;0
73987;1
73988;0
73989;1
73990;0
73991;14
73992;0
73993;1
73994;0
73995;1
73996;0
73997;1
73998;0
73999;1
74000;0
74001;1
74002;0
74003;1
74004;1
74005;0
74006;0
74007;0
74008;1
74009;1
74010;0
74011;0
74012;0
74013;0
74014;0
74015;2
74016;0
74017;0
74018;1
74019;32
74020;33
74021;31
74022;35
74023;0
74024;0
74025;0
74026;0
74027;1
74028;0
74029;1
74030;1
74031;0
74032;0
74033;1
74034;1
74035;0
74036;0
74037;1
74038;0
74039;0
74040;1
74041;27
74042;0
74043;1
74044;0
74045;1
74046;2
74047;0
74048;0
74049;1
74050;1
74051;0
74052;1
74053;0
74054;0
74055;0
74056;1
74057;4
74058;1
74059;0
74060;0
74061;1
74062;0
74063;0
74064;1
74065;0
74066;46
74067;0
74068;49
74069;1
74070;1
74071;0
74072;0
74073;0
74074;1
74075;0
74076;1
74077;0
74078;0
74079;0
74080;1
74081;0
74082;1
74083;2
74084;0
74085;1
74086;1
74087;0
74088;0
74089;0
74090;1
74091;0
74092;1
74093;0
74094;1
74095;36
74096;35
74097;37
74098;1
74099;0
74100;0
74101;1
74102;0
74103;2
74104;0
74105;1
74106;0
74107;1
74108;0
74109;0
74110;35
74111;0
74112;0
74113;1
74114;0
74115;2
74116;1
74117;0
74118;1
74119;8
74120;35
74121;36
74122;0
74123;0
74124;40
74125;42
74126;1
74127;0
74128;38
74129;40
74130;41
74131;0
74132;0
74133;0
74134;0
74135;0
74136;1
74137;1
74138;0
74139;20
74140;0
74141;1
74142;0
74143;1
74144;2
74145;35
74146;1
74147;0
74148;35
74149;0
74150;36
74151;0
74152;0
74153;12
74154;0
74155;1
74156;0
74157;0
74158;1
74159;0
74160;1
74161;2
74162;0
74163;1
74164;0
74165;2
74166;1
74167;0
74168;35
74169;36
74170;0
74171;1
74172;44
74173;0
74174;0
74175;35
74176;0
74177;1
74178;0
74179;0
74180;0
74181;1
74182;0
74183;1
74184;0
74185;40
74186;42
74187;0
74188;1
74189;1
74190;0
74191;0
74192;1
74193;0
74194;0
74195;0
74196;0
74197;0
74198;1
74199;0
74200;35
74201;0
74202;1
74203;0
74204;0
74205;1
74206;0
74207;0
74208;0
74209;1
74210;0
74211;0
74212;0
74213;1
74214;1
74215;0
74216;0
74217;1
74218;0
74219;57
74220;56
74221;0
74222;0
74223;2
74224;1
74225;0
74226;1
74227;1
74228;0
74229;0
74230;1
74231;0
74232;0
74233;1
74234;35
74235;36
74236;37
74237;35
74238;0
74239;0
74240;1
74241;0
74242;35
74243;1
74244;0
74245;0
74246;1
74247;0
74248;1
74249;0
74250;17
74251;0
74252;1
74253;15
74254;0
74255;0
74256;0
74257;0
74258;1
74259;0
74260;0
74261;1
74262;0
74263;1
74264;0
74265;45
74266;1
74267;0
74268;1
74269;1
74270;0
74271;0
74272;1
74273;0
74274;1
74275;0
74276;0
74277;1
74278;0
74279;1
74280;0
74281;1
74282;0
74283;0
74284;38
74285;26
74286;25
74287;36
74288;0
74289;1
74290;0
74291;1
74292;0
74293;0
74294;1
74295;0
74296;1
74297;0
74298;1
74299;0
74300;2
74301;1
74302;0
74303;1
74304;0
74305;0
74306;1
74307;0
74308;1
74309;0
74310;0
74311;0
74312;0
74313;0
74314;1
74315;0
74316;0
74317;1
74318;1
74319;0
74320;0
74321;1
74322;0
74323;35
74324;0
74325;1
74326;2
74327;0
74328;1
74329;0
74330;46
74331;0
74332;1
74333;0
74334;1
74335;0
74336;18
74337;28
74338;27
74339;0
74340;0
74341;1
74342;35
74343;36
74344;0
74345;1
74346;0
74347;1
74348;0
74349;0
74350;0
74351;1
74352;0
74353;1
74354;0
74355;0
74356;0
74357;0
74358;0
74359;45
74360;0
74361;1
74362;0
74363;0
74364;1
74365;1
74366;0
74367;0
74368;1
74369;0
74370;2
74371;1
74372;0
74373;1
74374;0
74375;1
74376;2
74377;0
74378;1
74379;0
74380;0
74381;1
74382;0
74383;1
74384;0
74385;0
74386;1
74387;35
74388;59
74389;61
74390;36
74391;60
74392;0
74393;1
74394;0
74395;1
74396;0
74397;0
74398;1
74399;0
74400;1
74401;0
74402;1
74403;2
74404;0
74405;1
74406;0
74407;1
74408;0
74409;1
74410;0
74411;0
74412;1
74413;2
74414;35
74415;36
74416;35
74417;49
74418;52
74419;0
74420;0
74421;35
74422;36
74423;1
74424;0
74425;1
74426;0
74427;47
74428;1
74429;49
74430;0
74431;0
74432;1
74433;0
74434;1
74435;0
74436;1
74437;0
74438;1
74439;40
74440;2
74441;1
74442;0
74443;0
74444;1
74445;0
74446;0
74447;1
74448;1
74449;0
74450;0
74451;0
74452;1
74453;0
74454;1
74455;0
74456;1
74457;2
74458;0
74459;1
74460;0
74461;1
74462;0
74463;1
74464;40
74465;44
74466;1
74467;0
74468;0
74469;0
74470;1
74471;93
74472;35
74473;36
74474;95
74475;35
74476;36
74477;0
74478;1
74479;0
74480;1
74481;0
74482;1
74483;0
74484;1
74485;0
74486;1
74487;0
74488;1
74489;0
74490;1
74491;0
74492;1
74493;1
74494;0
74495;0
74496;1
74497;45
74498;46
74499;55
74500;35
74501;0
74502;1
74503;0
74504;1
74505;3
74506;7
74507;4
74508;6
74509;5
74510;0
74511;1
74512;1
74513;0
74514;0
74515;1
74516;36
74517;35
74518;1
74519;0
74520;0
74521;1
74522;0
74523;1
74524;0
74525;0
74526;10
74527;0
74528;1
74529;0
74530;1
74531;0
74532;1
74533;0
74534;1
74535;6
74536;35
74537;5
74538;0
74539;0
74540;1
74541;0
74542;1
74543;0
74544;1
74545;0
74546;0
74547;0
74548;65
74549;64
74550;1
74551;0
74552;1
74553;0
74554;0
74555;0
74556;1
74557;2
74558;0
74559;0
74560;0
74561;0
74562;1
74563;1
74564;0
74565;0
74566;1
74567;0
74568;1
74569;0
74570;0
74571;1
74572;0
74573;1
74574;0
74575;0
74576;1
74577;0
74578;1
74579;1
74580;0
74581;41
74582;0
74583;0
74584;1
74585;0
74586;0
74587;1
74588;0
74589;0
74590;0
74591;1
74592;0
74593;36
74594;35
74595;0
74596;1
74597;0
74598;0
74599;1
74600;0
74601;2
74602;1
74603;0
74604;1
74605;0
74606;62
74607;1
74608;0
74609;61
74610;60
74611;0
74612;2
74613;1
74614;0
74615;1
74616;1
74617;0
74618;0
74619;1
74620;0
74621;1
74622;0
74623;1
74624;2
74625;0
74626;1
74627;0
74628;1
74629;0
74630;1
74631;1
74632;0
74633;46
74634;0
74635;1
74636;0
74637;1
74638;0
74639;0
74640;1
74641;0
74642;1
74643;0
74644;0
74645;0
74646;1
74647;0
74648;0
74649;0
74650;1
74651;1
74652;0
74653;0
74654;1
74655;0
74656;0
74657;0
74658;0
74659;1
74660;0
74661;0
74662;0
74663;0
74664;1
74665;1
74666;0
74667;0
74668;1
74669;0
74670;1
74671;2
74672;0
74673;0
74674;0
74675;35
74676;36
74677;0
74678;0
74679;1
74680;0
74681;0
74682;0
74683;1
74684;0
74685;1
74686;0
74687;0
74688;1
74689;0
74690;0
74691;0
74692;50
74693;48
74694;1
74695;0
74696;49
74697;1
74698;0
74699;17
74700;18
74701;57
74702;3
74703;0
74704;1
74705;0
74706;0
74707;1
74708;0
74709;1
74710;0
74711;0
74712;1
74713;0
74714;1
74715;0
74716;1
74717;0
74718;1
74719;0
74720;0
74721;1
74722;1
74723;0
74724;0
74725;1
74726;0
74727;1
74728;0
74729;1
74730;0
74731;1
74732;0
74733;1
74734;0
74735;1
74736;58
74737;59
74738;0
74739;0
74740;1
74741;0
74742;1
74743;0
74744;1
74745;0
74746;1
74747;1
74748;0
74749;0
74750;1
74751;0
74752;11
74753;0
74754;1
74755;2
74756;0
74757;0
74758;0
74759;1
74760;0
74761;1
74762;0
74763;1
74764;0
74765;0
74766;1
74767;0
74768;1
74769;70
74770;71
74771;0
74772;0
74773;1
74774;0
74775;2
74776;1
74777;0
74778;0
74779;1
74780;0
74781;0
74782;38
74783;39
74784;0
74785;0
74786;1
74787;0
74788;0
74789;0
74790;1
74791;0
74792;1
74793;0
74794;1
74795;0
74796;1
74797;0
74798;0
74799;1
74800;0
74801;1
74802;0
74803;1
74804;2
74805;59
74806;36
74807;35
74808;60
74809;0
74810;1
74811;0
74812;1
74813;0
74814;40
74815;42
74816;0
74817;1
74818;0
74819;1
74820;1
74821;0
74822;0
74823;0
74824;0
74825;1
74826;1
74827;0
74828;0
74829;35
74830;0
74831;1
74832;0
74833;0
74834;0
74835;1
74836;2
74837;0
74838;0
74839;1
74840;0
74841;0
74842;13
74843;0
74844;1
74845;0
74846;0
74847;1
74848;0
74849;0
74850;1
74851;35
74852;36
74853;0
74854;1
74855;0
74856;1
74857;0
74858;0
74859;1
74860;0
74861;0
74862;1
74863;0
74864;65
74865;66
74866;0
74867;0
74868;57
74869;55
74870;64
74871;48
74872;0
74873;1
74874;0
74875;35
74876;0
74877;0
74878;1
74879;1
74880;0
74881;36
74882;35
74883;0
74884;0
74885;3
74886;4
74887;1
74888;0
74889;1
74890;0
74891;0
74892;1
74893;1
74894;0
74895;0
74896;1
74897;0
74898;0
74899;0
74900;0
74901;1
74902;55
74903;0
74904;1
74905;2
74906;0
74907;1
74908;0
74909;1
74910;0
74911;0
74912;1
74913;0
74914;0
74915;1
74916;0
74917;1
74918;35
74919;0
74920;0
74921;0
74922;36
74923;35
74924;1
74925;0
74926;0
74927;1
74928;0
74929;1
74930;0
74931;7
74932;6
74933;0
74934;0
74935;1
74936;0
74937;0
74938;1
74939;44
74940;0
74941;1
74942;0
74943;0
74944;0
74945;1
74946;0
74947;0
74948;0
74949;2
74950;0
74951;1
74952;35
74953;36
74954;0
74955;0
74956;0
74957;1
74958;52
74959;0
74960;53
74961;0
74962;53
74963;1
74964;0
74965;0
74966;1
74967;1
74968;0
74969;0
74970;0
74971;1
74972;0
74973;0
74974;0
74975;1
74976;0
74977;1
74978;6
74979;0
74980;1
74981;0
74982;0
74983;0
74984;1
74985;0
74986;1
74987;0
74988;0
74989;6
74990;0
74991;1
74992;0
74993;0
74994;1
74995;1
74996;0
74997;2
74998;35
74999;3
75000;0
75001;0
75002;1
75003;25
75004;0
75005;1
75006;0
75007;0
75008;0
75009;1
75010;0
75011;0
75012;1
75013;0
75014;0
75015;0
75016;1
75017;0
75018;1
75019;0
75020;0
75021;1
75022;1
75023;0
75024;1
75025;0
75026;0
75027;1
75028;0
75029;1
75030;0
75031;1
75032;0
75033;1
75034;0
75035;1
75036;0
75037;35
75038;36
75039;0
75040;0
75041;0
75042;1
75043;36
75044;35
75045;1
75046;0
75047;0
75048;0
75049;0
75050;1
75051;0
75052;0
75053;1
75054;0
75055;1
75056;0
75057;0
75058;0
75059;0
75060;0
75061;1
75062;25
75063;23
75064;0
75065;1
75066;0
75067;0
75068;1
75069;0
75070;1
75071;0
75072;0
75073;1
75074;0
75075;0
75076;40
75077;1
75078;0
75079;1
75080;0
75081;2
75082;0
75083;0
75084;1
75085;0
75086;1
75087;0
75088;1
75089;0
75090;1
75091;0
75092;1
75093;0
75094;1
75095;0
75096;1
75097;0
75098;2
75099;1
75100;0
75101;1
75102;35
75103;0
75104;1
75105;0
75106;1
75107;0
75108;1
75109;0
75110;1
75111;0
75112;1
75113;0
75114;0
75115;1
75116;49
75117;0
75118;50
75119;1
75120;0
75121;1
75122;0
75123;1
75124;0
75125;1
75126;2
75127;0
75128;0
75129;1
75130;0
75131;0
75132;0
75133;2
75134;1
75135;0
75136;0
75137;1
75138;0
75139;1
75140;0
75141;1
75142;0
75143;2
75144;1
75145;0
75146;2
75147;1
75148;0
75149;1
75150;0
75151;0
75152;0
75153;0
75154;1
75155;0
75156;1
75157;2
75158;0
75159;1
75160;0
75161;0
75162;1
75163;0
75164;10
75165;21
75166;0
75167;1
75168;11
75169;0
75170;1
75171;0
75172;0
75173;33
75174;2
75175;1
75176;0
75177;1
75178;1
75179;0
75180;0
75181;1
75182;0
75183;1
75184;0
75185;2
75186;0
75187;1
75188;0
75189;1
75190;0
75191;1
75192;0
75193;0
75194;2
75195;0
75196;1
75197;0
75198;0
75199;1
75200;0
75201;1
75202;0
75203;1
75204;0
75205;0
75206;1
75207;0
75208;0
75209;1
75210;0
75211;1
75212;0
75213;0
75214;1
75215;0
75216;1
75217;2
75218;1
75219;0
75220;1
75221;0
75222;0
75223;1
75224;0
75225;2
75226;1
75227;0
75228;0
75229;1
75230;0
75231;0
75232;1
75233;1
75234;0
75235;0
75236;0
75237;0
75238;0
75239;1
75240;1
75241;0
75242;0
75243;1
75244;0
75245;0
75246;1
75247;0
75248;0
75249;1
75250;0
75251;0
75252;3
75253;4
75254;7
75255;5
75256;1
75257;0
75258;0
75259;0
75260;1
75261;0
75262;0
75263;0
75264;1
75265;0
75266;35
75267;4
75268;1
75269;0
75270;0
75271;1
75272;0
75273;1
75274;0
75275;1
75276;0
75277;1
75278;0
75279;1
75280;0
75281;1
75282;2
75283;1
75284;0
75285;0
75286;1
75287;0
75288;1
75289;10
75290;1
75291;0
75292;11
75293;0
75294;0
75295;1
75296;0
75297;1
75298;0
75299;0
75300;0
75301;0
75302;0
75303;0
75304;0
75305;1
75306;0
75307;1
75308;0
75309;1
75310;35
75311;36
75312;1
75313;0
75314;19
75315;18
75316;46
75317;0
75318;47
75319;0
75320;1
75321;0
75322;1
75323;0
75324;1
75325;0
75326;1
75327;1
75328;0
75329;0
75330;1
75331;0
75332;1
75333;0
75334;1
75335;0
75336;0
75337;1
75338;0
75339;1
75340;0
75341;0
75342;1
75343;0
75344;0
75345;1
75346;0
75347;0
75348;0
75349;0
75350;1
75351;0
75352;0
75353;0
75354;0
75355;1
75356;0
75357;0
75358;0
75359;40
75360;1
75361;41
75362;0
75363;1
75364;0
75365;1
75366;0
75367;0
75368;0
75369;0
75370;0
75371;1
75372;45
75373;0
75374;1
75375;0
75376;0
75377;0
75378;1
75379;0
75380;0
75381;36
75382;35
75383;0
75384;0
75385;0
75386;0
75387;0
75388;2
75389;1
75390;0
75391;0
75392;1
75393;0
75394;1
75395;0
75396;0
75397;0
75398;2
75399;1
75400;0
75401;0
75402;1
75403;0
75404;1
75405;0
75406;0
75407;0
75408;1
75409;0
75410;1
75411;0
75412;1
75413;0
75414;1
75415;0
75416;41
75417;1
75418;0
75419;0
75420;1
75421;0
75422;0
75423;1
75424;0
75425;1
75426;0
75427;0
75428;2
75429;0
75430;1
75431;0
75432;0
75433;0
75434;1
75435;0
75436;1
75437;0
75438;0
75439;2
75440;1
75441;1
75442;0
75443;1
75444;0
75445;1
75446;0
75447;0
75448;1
75449;0
75450;35
75451;1
75452;1
75453;0
75454;0
75455;2
75456;1
75457;0
75458;1
75459;0
75460;0
75461;0
75462;0
75463;5
75464;6
75465;2
75466;0
75467;1
75468;0
75469;1
75470;0
75471;0
75472;1
75473;0
75474;0
75475;1
75476;0
75477;0
75478;1
75479;0
75480;1
75481;0
75482;1
75483;0
75484;0
75485;1
75486;35
75487;0
75488;1
75489;2
75490;1
75491;0
75492;0
75493;1
75494;0
75495;1
75496;0
75497;1
75498;6
75499;0
75500;1
75501;0
75502;1
75503;0
75504;0
75505;1
75506;0
75507;11
75508;1
75509;0
75510;1
75511;0
75512;1
75513;0
75514;1
75515;0
75516;1
75517;30
75518;28
75519;35
75520;29
75521;0
75522;1
75523;0
75524;0
75525;1
75526;2
75527;0
75528;1
75529;0
75530;0
75531;0
75532;1
75533;2
75534;0
75535;0
75536;1
75537;2
75538;0
75539;1
75540;0
75541;0
75542;0
75543;0
75544;1
75545;0
75546;2
75547;1
75548;60
75549;0
75550;61
75551;48
75552;47
75553;0
75554;0
75555;35
75556;0
75557;0
75558;35
75559;1
75560;0
75561;0
75562;0
75563;1
75564;0
75565;1
75566;0
75567;0
75568;1
75569;0
75570;1
75571;0
75572;1
75573;0
75574;1
75575;0
75576;27
75577;26
75578;1
75579;0
75580;0
75581;0
75582;0
75583;0
75584;0
75585;1
75586;0
75587;1
75588;0
75589;1
75590;0
75591;2
75592;0
75593;1
75594;0
75595;0
75596;0
75597;1
75598;0
75599;0
75600;0
75601;1
75602;0
75603;1
75604;0
75605;1
75606;0
75607;1
75608;0
75609;1
75610;0
75611;2
75612;0
75613;1
75614;0
75615;1
75616;1
75617;0
75618;0
75619;0
75620;0
75621;1
75622;1
75623;0
75624;2
75625;0
75626;2
75627;1
75628;0
75629;1
75630;0
75631;0
75632;1
75633;0
75634;0
75635;56
75636;0
75637;0
75638;1
75639;0
75640;1
75641;0
75642;1
75643;0
75644;1
75645;0
75646;0
75647;1
75648;35
75649;36
75650;35
75651;36
75652;35
75653;36
75654;0
75655;1
75656;0
75657;1
75658;0
75659;0
75660;0
75661;0
75662;1
75663;0
75664;1
75665;0
75666;1
75667;0
75668;1
75669;0
75670;0
75671;0
75672;1
75673;0
75674;0
75675;1
75676;1
75677;0
75678;0
75679;1
75680;0
75681;1
75682;0
75683;0
75684;1
75685;0
75686;1
75687;0
75688;0
75689;1
75690;0
75691;1
75692;0
75693;0
75694;1
75695;0
75696;1
75697;0
75698;0
75699;0
75700;1
75701;0
75702;0
75703;1
75704;0
75705;1
75706;0
75707;1
75708;0
75709;40
75710;41
75711;0
75712;0
75713;1
75714;0
75715;1
75716;0
75717;1
75718;0
75719;1
75720;0
75721;0
75722;0
75723;1
75724;0
75725;0
75726;1
75727;0
75728;1
75729;0
75730;1
75731;0
75732;1
75733;1
75734;0
75735;0
75736;0
75737;1
75738;0
75739;1
75740;76
75741;0
75742;1
75743;0
75744;1
75745;0
75746;32
75747;0
75748;0
75749;1
75750;1
75751;0
75752;0
75753;0
75754;1
75755;0
75756;0
75757;1
75758;2
75759;0
75760;1
75761;35
75762;1
75763;0
75764;0
75765;0
75766;1
75767;98
75768;0
75769;1
75770;0
75771;0
75772;1
75773;0
75774;1
75775;0
75776;1
75777;2
75778;1
75779;0
75780;0
75781;1
75782;0
75783;35
75784;0
75785;1
75786;0
75787;1
75788;0
75789;0
75790;1
75791;0
75792;1
75793;0
75794;1
75795;0
75796;0
75797;1
75798;0
75799;1
75800;0
75801;1
75802;0
75803;0
75804;0
75805;1
75806;0
75807;0
75808;0
75809;1
75810;0
75811;1
75812;6
75813;0
75814;0
75815;2
75816;2
75817;0
75818;1
75819;0
75820;35
75821;37
75822;36
75823;0
75824;1
75825;51
75826;0
75827;1
75828;53
75829;0
75830;54
75831;0
75832;0
75833;0
75834;0
75835;1
75836;0
75837;0
75838;0
75839;1
75840;0
75841;0
75842;2
75843;1
75844;0
75845;1
75846;0
75847;1
75848;0
75849;1
75850;1
75851;0
75852;0
75853;0
75854;0
75855;1
75856;0
75857;0
75858;0
75859;1
75860;0
75861;1
75862;0
75863;0
75864;0
75865;35
75866;37
75867;0
75868;1
75869;0
75870;0
75871;0
75872;1
75873;0
75874;1
75875;0
75876;1
75877;0
75878;0
75879;0
75880;1
75881;1
75882;0
75883;0
75884;1
75885;0
75886;1
75887;0
75888;1
75889;2
75890;0
75891;0
75892;0
75893;1
75894;0
75895;1
75896;0
75897;0
75898;1
75899;0
75900;1
75901;0
75902;0
75903;0
75904;0
75905;1
75906;1
75907;0
75908;1
75909;0
75910;0
75911;0
75912;1
75913;0
75914;1
75915;0
75916;0
75917;1
75918;0
75919;1
75920;0
75921;47
75922;48
75923;0
75924;1
75925;0
75926;0
75927;1
75928;0
75929;0
75930;0
75931;1
75932;0
75933;1
75934;1
75935;0
75936;0
75937;2
75938;1
75939;0
75940;1
75941;0
75942;1
75943;0
75944;35
75945;36
75946;1
75947;0
75948;0
75949;35
75950;0
75951;1
75952;1
75953;0
75954;0
75955;1
75956;0
75957;1
75958;0
75959;1
75960;1
75961;0
75962;0
75963;1
75964;35
75965;0
75966;1
75967;0
75968;0
75969;1
75970;0
75971;0
75972;2
75973;1
75974;35
75975;0
75976;1
75977;0
75978;0
75979;1
75980;0
75981;0
75982;1
75983;0
75984;1
75985;0
75986;0
75987;0
75988;1
75989;1
75990;0
75991;1
75992;0
75993;1
75994;0
75995;0
75996;1
75997;0
75998;1
75999;0
76000;0
76001;0
76002;1
76003;0
76004;0
76005;0
76006;1
76007;0
76008;1
76009;0
76010;1
76011;1
76012;0
76013;0
76014;1
76015;0
76016;35
76017;36
76018;37
76019;1
76020;0
76021;0
76022;0
76023;1
76024;0
76025;1
76026;0
76027;0
76028;1
76029;0
76030;0
76031;1
76032;0
76033;1
76034;0
76035;0
76036;2
76037;1
76038;36
76039;35
76040;0
76041;0
76042;1
76043;0
76044;1
76045;0
76046;2
76047;0
76048;0
76049;1
76050;0
76051;0
76052;1
76053;35
76054;0
76055;0
76056;0
76057;1
76058;0
76059;1
76060;0
76061;1
76062;0
76063;1
76064;48
76065;61
76066;0
76067;49
76068;62
76069;0
76070;0
76071;2
76072;1
76073;0
76074;1
76075;0
76076;0
76077;1
76078;1
76079;0
76080;0
76081;1
76082;0
76083;1
76084;0
76085;2
76086;1
76087;1
76088;0
76089;0
76090;2
76091;1
76092;0
76093;0
76094;0
76095;2
76096;1
76097;0
76098;1
76099;0
76100;1
76101;0
76102;0
76103;1
76104;0
76105;0
76106;1
76107;0
76108;0
76109;0
76110;1
76111;0
76112;0
76113;0
76114;1
76115;0
76116;1
76117;1
76118;0
76119;0
76120;1
76121;0
76122;0
76123;0
76124;1
76125;0
76126;0
76127;42
76128;41
76129;0
76130;0
76131;0
76132;1
76133;2
76134;1
76135;0
76136;0
76137;1
76138;12
76139;37
76140;35
76141;0
76142;0
76143;1
76144;0
76145;1
76146;0
76147;0
76148;0
76149;0
76150;1
76151;0
76152;1
76153;0
76154;1
76155;0
76156;0
76157;2
76158;0
76159;1
76160;0
76161;1
76162;0
76163;1
76164;0
76165;2
76166;1
76167;3
76168;0
76169;0
76170;2
76171;1
76172;0
76173;1
76174;0
76175;0
76176;0
76177;1
76178;0
76179;0
76180;48
76181;0
76182;47
76183;0
76184;1
76185;0
76186;41
76187;0
76188;0
76189;1
76190;0
76191;0
76192;1
76193;0
76194;0
76195;2
76196;0
76197;3
76198;0
76199;0
76200;1
76201;0
76202;1
76203;0
76204;1
76205;0
76206;0
76207;1
76208;0
76209;1
76210;0
76211;0
76212;1
76213;0
76214;1
76215;0
76216;1
76217;0
76218;1
76219;0
76220;1
76221;1
76222;0
76223;0
76224;1
76225;0
76226;2
76227;0
76228;0
76229;1
76230;0
76231;0
76232;1
76233;42
76234;1
76235;0
76236;2
76237;0
76238;0
76239;1
76240;0
76241;1
76242;0
76243;0
76244;1
76245;47
76246;0
76247;48
76248;0
76249;1
76250;0
76251;0
76252;1
76253;0
76254;35
76255;0
76256;1
76257;1
76258;0
76259;0
76260;1
76261;0
76262;0
76263;1
76264;0
76265;0
76266;0
76267;1
76268;0
76269;1
76270;1
76271;0
76272;0
76273;1
76274;0
76275;1
76276;0
76277;1
76278;0
76279;0
76280;2
76281;1
76282;0
76283;1
76284;1
76285;0
76286;0
76287;1
76288;75
76289;76
76290;0
76291;77
76292;0
76293;0
76294;1
76295;0
76296;2
76297;1
76298;0
76299;2
76300;1
76301;0
76302;1
76303;1
76304;0
76305;0
76306;1
76307;0
76308;1
76309;0
76310;1
76311;0
76312;1
76313;0
76314;0
76315;48
76316;1
76317;1
76318;0
76319;1
76320;0
76321;0
76322;1
76323;0
76324;1
76325;0
76326;0
76327;1
76328;0
76329;0
76330;1
76331;2
76332;0
76333;0
76334;1
76335;0
76336;1
76337;0
76338;1
76339;0
76340;0
76341;1
76342;0
76343;1
76344;1
76345;0
76346;45
76347;0
76348;46
76349;1
76350;0
76351;0
76352;1
76353;0
76354;1
76355;11
76356;0
76357;1
76358;12
76359;0
76360;1
76361;0
76362;0
76363;2
76364;1
76365;0
76366;0
76367;1
76368;0
76369;1
76370;0
76371;1
76372;0
76373;1
76374;0
76375;1
76376;0
76377;0
76378;1
76379;0
76380;0
76381;0
76382;0
76383;0
76384;0
76385;0
76386;2
76387;0
76388;1
76389;1
76390;40
76391;0
76392;41
76393;0
76394;0
76395;1
76396;0
76397;1
76398;0
76399;0
76400;1
76401;14
76402;42
76403;41
76404;15
76405;0
76406;1
76407;0
76408;1
76409;1
76410;0
76411;0
76412;1
76413;0
76414;35
76415;0
76416;1
76417;0
76418;0
76419;1
76420;0
76421;0
76422;7
76423;8
76424;0
76425;0
76426;1
76427;1
76428;0
76429;0
76430;1
76431;0
76432;0
76433;1
76434;0
76435;1
76436;0
76437;0
76438;0
76439;1
76440;1
76441;0
76442;0
76443;1
76444;0
76445;0
76446;0
76447;1
76448;0
76449;2
76450;1
76451;0
76452;1
76453;0
76454;1
76455;4
76456;0
76457;1
76458;0
76459;1
76460;0
76461;35
76462;1
76463;0
76464;0
76465;1
76466;0
76467;2
76468;1
76469;1
76470;0
76471;0
76472;0
76473;0
76474;0
76475;35
76476;36
76477;37
76478;0
76479;0
76480;0
76481;1
76482;1
76483;0
76484;0
76485;1
76486;0
76487;1
76488;0
76489;0
76490;0
76491;0
76492;1
76493;1
76494;0
76495;0
76496;1
76497;0
76498;0
76499;1
76500;0
76501;0
76502;1
76503;1
76504;0
76505;0
76506;0
76507;1
76508;0
76509;1
76510;2
76511;0
76512;1
76513;1
76514;2
76515;0
76516;0
76517;1
76518;0
76519;1
76520;0
76521;1
76522;0
76523;0
76524;1
76525;0
76526;2
76527;1
76528;0
76529;1
76530;0
76531;21
76532;1
76533;2
76534;35
76535;36
76536;0
76537;0
76538;35
76539;36
76540;1
76541;0
76542;2
76543;0
76544;0
76545;0
76546;0
76547;1
76548;0
76549;0
76550;1
76551;0
76552;1
76553;0
76554;1
76555;2
76556;35
76557;37
76558;36
76559;0
76560;1
76561;35
76562;66
76563;36
76564;68
76565;0
76566;35
76567;0
76568;0
76569;0
76570;1
76571;0
76572;0
76573;0
76574;1
76575;1
76576;0
76577;1
76578;0
76579;0
76580;0
76581;0
76582;1
76583;1
76584;0
76585;0
76586;2
76587;3
76588;12
76589;1
76590;0
76591;1
76592;0
76593;1
76594;0
76595;0
76596;0
76597;0
76598;0
76599;0
76600;0
76601;0
76602;1
76603;2
76604;0
76605;1
76606;0
76607;1
76608;0
76609;1
76610;0
76611;0
76612;0
76613;1
76614;0
76615;1
76616;0
76617;1
76618;0
76619;0
76620;35
76621;37
76622;36
76623;35
76624;36
76625;37
76626;0
76627;40
76628;0
76629;0
76630;0
76631;1
76632;0
76633;1
76634;0
76635;14
76636;1
76637;0
76638;0
76639;1
76640;0
76641;0
76642;0
76643;1
76644;0
76645;0
76646;1
76647;0
76648;1
76649;49
76650;0
76651;48
76652;0
76653;1
76654;0
76655;0
76656;0
76657;0
76658;0
76659;0
76660;2
76661;0
76662;1
76663;0
76664;1
76665;0
76666;1
76667;0
76668;0
76669;0
76670;0
76671;0
76672;0
76673;2
76674;1
76675;0
76676;0
76677;1
76678;0
76679;0
76680;0
76681;1
76682;1
76683;0
76684;0
76685;1
76686;1
76687;0
76688;1
76689;0
76690;0
76691;0
76692;1
76693;2
76694;0
76695;0
76696;1
76697;1
76698;0
76699;0
76700;1
76701;0
76702;1
76703;0
76704;1
76705;1
76706;0
76707;0
76708;1
76709;1
76710;0
76711;24
76712;25
76713;0
76714;0
76715;1
76716;0
76717;1
76718;35
76719;0
76720;3
76721;1
76722;42
76723;75
76724;1
76725;0
76726;0
76727;1
76728;0
76729;16
76730;17
76731;0
76732;30
76733;28
76734;1
76735;0
76736;0
76737;1
76738;0
76739;77
76740;79
76741;0
76742;78
76743;1
76744;0
76745;0
76746;1
76747;0
76748;0
76749;1
76750;0
76751;44
76752;1
76753;0
76754;0
76755;1
76756;0
76757;1
76758;0
76759;0
76760;1
76761;0
76762;0
76763;1
76764;1
76765;0
76766;35
76767;36
76768;0
76769;1
76770;0
76771;0
76772;2
76773;0
76774;1
76775;0
76776;2
76777;0
76778;0
76779;0
76780;1
76781;0
76782;0
76783;1
76784;2
76785;0
76786;0
76787;1
76788;2
76789;0
76790;0
76791;1
76792;0
76793;1
76794;0
76795;1
76796;0
76797;0
76798;0
76799;0
76800;0
76801;0
76802;1
76803;0
76804;0
76805;1
76806;0
76807;1
76808;0
76809;0
76810;1
76811;0
76812;1
76813;0
76814;1
76815;0
76816;0
76817;1
76818;0
76819;1
76820;0
76821;0
76822;1
76823;0
76824;2
76825;1
76826;0
76827;0
76828;0
76829;2
76830;1
76831;0
76832;1
76833;0
76834;1
76835;0
76836;1
76837;0
76838;0
76839;0
76840;1
76841;35
76842;0
76843;1
76844;0
76845;1
76846;0
76847;0
76848;19
76849;22
76850;9
76851;21
76852;20
76853;43
76854;0
76855;1
76856;44
76857;0
76858;1
76859;0
76860;0
76861;0
76862;1
76863;0
76864;47
76865;0
76866;1
76867;0
76868;1
76869;0
76870;0
76871;0
76872;1
76873;0
76874;1
76875;0
76876;0
76877;1
76878;0
76879;2
76880;1
76881;0
76882;41
76883;42
76884;0
76885;1
76886;0
76887;0
76888;0
76889;0
76890;1
76891;0
76892;44
76893;51
76894;1
76895;50
76896;0
76897;1
76898;0
76899;0
76900;35
76901;36
76902;37
76903;0
76904;1
76905;1
76906;0
76907;0
76908;0
76909;1
76910;0
76911;0
76912;1
76913;0
76914;1
76915;0
76916;0
76917;0
76918;0
76919;1
76920;0
76921;0
76922;1
76923;2
76924;0
76925;1
76926;0
76927;1
76928;0
76929;1
76930;0
76931;1
76932;0
76933;35
76934;0
76935;1
76936;0
76937;1
76938;0
76939;0
76940;1
76941;40
76942;41
76943;1
76944;0
76945;1
76946;0
76947;0
76948;0
76949;1
76950;0
76951;0
76952;1
76953;0
76954;1
76955;0
76956;1
76957;0
76958;1
76959;0
76960;0
76961;1
76962;0
76963;1
76964;0
76965;0
76966;0
76967;1
76968;0
76969;0
76970;0
76971;0
76972;0
76973;1
76974;0
76975;0
76976;1
76977;0
76978;2
76979;1
76980;0
76981;1
76982;0
76983;0
76984;1
76985;0
76986;0
76987;0
76988;0
76989;0
76990;0
76991;1
76992;0
76993;1
76994;0
76995;1
76996;2
76997;0
76998;1
76999;0
77000;0
77001;0
77002;0
77003;1
77004;0
77005;1
77006;0
77007;0
77008;1
77009;0
77010;0
77011;0
77012;49
77013;40
77014;48
77015;47
77016;0
77017;0
77018;0
77019;1
77020;0
77021;0
77022;0
77023;35
77024;0
77025;1
77026;0
77027;1
77028;0
77029;1
77030;2
77031;0
77032;1
77033;41
77034;42
77035;0
77036;0
77037;0
77038;1
77039;0
77040;0
77041;1
77042;0
77043;0
77044;0
77045;0
77046;1
77047;0
77048;0
77049;1
77050;0
77051;1
77052;2
77053;0
77054;1
77055;0
77056;0
77057;1
77058;1
77059;0
77060;0
77061;0
77062;2
77063;1
77064;0
77065;0
77066;0
77067;1
77068;0
77069;1
77070;58
77071;0
77072;1
77073;0
77074;0
77075;1
77076;0
77077;1
77078;0
77079;0
77080;2
77081;1
77082;1
77083;0
77084;2
77085;0
77086;0
77087;1
77088;35
77089;0
77090;2
77091;1
77092;0
77093;1
77094;0
77095;1
77096;0
77097;35
77098;36
77099;0
77100;1
77101;2
77102;0
77103;1
77104;0
77105;0
77106;0
77107;1
77108;0
77109;0
77110;0
77111;1
77112;49
77113;0
77114;0
77115;1
77116;0
77117;1
77118;0
77119;1
77120;0
77121;1
77122;0
77123;1
77124;0
77125;0
77126;1
77127;0
77128;0
77129;44
77130;45
77131;47
77132;46
77133;0
77134;1
77135;0
77136;1
77137;1
77138;0
77139;0
77140;1
77141;0
77142;1
77143;2
77144;0
77145;1
77146;0
77147;1
77148;0
77149;0
77150;0
77151;1
77152;35
77153;0
77154;48
77155;46
77156;47
77157;1
77158;0
77159;0
77160;0
77161;1
77162;0
77163;1
77164;0
77165;0
77166;1
77167;0
77168;1
77169;0
77170;0
77171;0
77172;1
77173;0
77174;2
77175;1
77176;0
77177;1
77178;1
77179;0
77180;2
77181;35
77182;36
77183;0
77184;1
77185;46
77186;1
77187;0
77188;0
77189;1
77190;0
77191;1
77192;0
77193;1
77194;0
77195;1
77196;0
77197;0
77198;1
77199;0
77200;0
77201;1
77202;0
77203;40
77204;1
77205;0
77206;42
77207;41
77208;0
77209;0
77210;1
77211;2
77212;0
77213;1
77214;30
77215;31
77216;0
77217;39
77218;0
77219;57
77220;55
77221;0
77222;0
77223;1
77224;0
77225;1
77226;0
77227;0
77228;0
77229;0
77230;1
77231;0
77232;0
77233;1
77234;0
77235;1
77236;0
77237;1
77238;0
77239;1
77240;0
77241;1
77242;0
77243;1
77244;0
77245;1
77246;0
77247;2
77248;0
77249;1
77250;0
77251;0
77252;22
77253;23
77254;0
77255;0
77256;0
77257;0
77258;0
77259;0
77260;1
77261;0
77262;0
77263;36
77264;35
77265;1
77266;0
77267;0
77268;0
77269;35
77270;0
77271;0
77272;1
77273;0
77274;1
77275;1
77276;0
77277;35
77278;69
77279;36
77280;63
77281;0
77282;1
77283;0
77284;1
77285;0
77286;0
77287;1
77288;0
77289;1
77290;1
77291;0
77292;0
77293;1
77294;0
77295;44
77296;0
77297;1
77298;0
77299;1
77300;0
77301;0
77302;1
77303;0
77304;0
77305;2
77306;1
77307;0
77308;0
77309;1
77310;0
77311;1
77312;0
77313;2
77314;70
77315;52
77316;51
77317;0
77318;1
77319;0
77320;1
77321;0
77322;0
77323;1
77324;0
77325;0
77326;40
77327;0
77328;42
77329;41
77330;1
77331;0
77332;0
77333;0
77334;0
77335;1
77336;1
77337;0
77338;0
77339;1
77340;0
77341;2
77342;1
77343;0
77344;0
77345;1
77346;1
77347;0
77348;1
77349;0
77350;1
77351;0
77352;0
77353;0
77354;2
77355;1
77356;0
77357;0
77358;1
77359;0
77360;0
77361;1
77362;0
77363;1
77364;0
77365;0
77366;1
77367;2
77368;0
77369;1
77370;20
77371;0
77372;0
77373;1
77374;0
77375;1
77376;13
77377;0
77378;1
77379;0
77380;0
77381;1
77382;0
77383;1
77384;0
77385;0
77386;2
77387;1
77388;0
77389;1
77390;0
77391;0
77392;1
77393;0
77394;0
77395;0
77396;1
77397;2
77398;0
77399;1
77400;0
77401;0
77402;1
77403;0
77404;0
77405;2
77406;0
77407;1
77408;1
77409;0
77410;1
77411;0
77412;0
77413;1
77414;2
77415;1
77416;0
77417;0
77418;0
77419;0
77420;0
77421;1
77422;1
77423;0
77424;0
77425;2
77426;0
77427;1
77428;1
77429;0
77430;0
77431;35
77432;37
77433;0
77434;1
77435;2
77436;0
77437;1
77438;0
77439;2
77440;1
77441;0
77442;1
77443;0
77444;28
77445;5
77446;7
77447;8
77448;19
77449;24
77450;36
77451;23
77452;25
77453;0
77454;1
77455;40
77456;0
77457;0
77458;0
77459;1
77460;0
77461;1
77462;1
77463;0
77464;0
77465;0
77466;0
77467;0
77468;1
77469;0
77470;1
77471;0
77472;0
77473;2
77474;1
77475;35
77476;1
77477;0
77478;0
77479;0
77480;1
77481;0
77482;0
77483;35
77484;1
77485;46
77486;45
77487;0
77488;0
77489;1
77490;0
77491;0
77492;0
77493;0
77494;1
77495;0
77496;2
77497;0
77498;1
77499;0
77500;0
77501;0
77502;43
77503;41
77504;1
77505;0
77506;0
77507;1
77508;0
77509;0
77510;1
77511;0
77512;1
77513;0
77514;0
77515;2
77516;1
77517;0
77518;1
77519;0
77520;1
77521;0
77522;0
77523;1
77524;0
77525;2
77526;0
77527;1
77528;0
77529;1
77530;0
77531;1
77532;0
77533;0
77534;0
77535;0
77536;2
77537;0
77538;3
77539;0
77540;1
77541;0
77542;1
77543;0
77544;1
77545;2
77546;35
77547;0
77548;1
77549;0
77550;1
77551;0
77552;1
77553;0
77554;1
77555;0
77556;0
77557;0
77558;0
77559;1
77560;0
77561;1
77562;0
77563;0
77564;1
77565;0
77566;36
77567;35
77568;0
77569;1
77570;0
77571;1
77572;0
77573;1
77574;0
77575;1
77576;0
77577;1
77578;0
77579;1
77580;1
77581;0
77582;0
77583;1
77584;0
77585;1
77586;0
77587;0
77588;1
77589;0
77590;1
77591;0
77592;0
77593;1
77594;0
77595;1
77596;0
77597;0
77598;1
77599;0
77600;1
77601;0
77602;1
77603;0
77604;1
77605;0
77606;0
77607;0
77608;2
77609;1
77610;0
77611;2
77612;1
77613;0
77614;0
77615;0
77616;1
77617;0
77618;1
77619;2
77620;0
77621;1
77622;0
77623;1
77624;0
77625;1
77626;0
77627;0
77628;1
77629;1
77630;0
77631;0
77632;1
77633;0
77634;35
77635;36
77636;35
77637;36
77638;0
77639;1
77640;2
77641;1
77642;0
77643;0
77644;1
77645;0
77646;1
77647;0
77648;1
77649;0
77650;1
77651;0
77652;1
77653;0
77654;0
77655;1
77656;0
77657;0
77658;0
77659;1
77660;0
77661;1
77662;1
77663;0
77664;0
77665;1
77666;0
77667;1
77668;0
77669;1
77670;0
77671;0
77672;0
77673;0
77674;1
77675;0
77676;1
77677;2
77678;0
77679;1
77680;0
77681;0
77682;1
77683;1
77684;0
77685;0
77686;35
77687;36
77688;0
77689;1
77690;0
77691;1
77692;0
77693;1
77694;0
77695;0
77696;1
77697;0
77698;0
77699;0
77700;1
77701;2
77702;0
77703;1
77704;0
77705;0
77706;1
77707;0
77708;0
77709;0
77710;1
77711;0
77712;1
77713;0
77714;2
77715;1
77716;0
77717;1
77718;0
77719;0
77720;1
77721;0
77722;0
77723;0
77724;1
77725;0
77726;1
77727;0
77728;1
77729;41
77730;42
77731;0
77732;1
77733;0
77734;0
77735;0
77736;0
77737;35
77738;36
77739;0
77740;0
77741;0
77742;0
77743;1
77744;1
77745;0
77746;0
77747;36
77748;37
77749;35
77750;0
77751;1
77752;2
77753;1
77754;0
77755;36
77756;35
77757;0
77758;1
77759;0
77760;1
77761;5
77762;0
77763;1
77764;6
77765;7
77766;0
77767;0
77768;1
77769;0
77770;1
77771;0
77772;2
77773;1
77774;0
77775;0
77776;1
77777;0
77778;2
77779;1
77780;0
77781;0
77782;0
77783;1
77784;0
77785;0
77786;0
77787;0
77788;0
77789;1
77790;0
77791;1
77792;0
77793;1
77794;1
77795;0
77796;2
77797;0
77798;1
77799;40
77800;48
77801;0
77802;1
77803;0
77804;0
77805;1
77806;0
77807;1
77808;0
77809;0
77810;1
77811;0
77812;0
77813;42
77814;1
77815;41
77816;35
77817;36
77818;0
77819;1
77820;0
77821;1
77822;0
77823;0
77824;1
77825;1
77826;0
77827;0
77828;1
77829;0
77830;0
77831;1
77832;0
77833;0
77834;0
77835;0
77836;1
77837;2
77838;0
77839;1
77840;0
77841;1
77842;0
77843;2
77844;1
77845;0
77846;1
77847;0
77848;1
77849;0
77850;1
77851;0
77852;2
77853;0
77854;1
77855;2
77856;1
77857;0
77858;0
77859;1
77860;0
77861;1
77862;1
77863;0
77864;0
77865;1
77866;0
77867;0
77868;1
77869;1
77870;0
77871;41
77872;1
77873;42
77874;0
77875;0
77876;0
77877;38
77878;0
77879;0
77880;1
77881;0
77882;0
77883;39
77884;1
77885;4
77886;0
77887;2
77888;0
77889;0
77890;0
77891;1
77892;0
77893;0
77894;0
77895;2
77896;1
77897;0
77898;1
77899;2
77900;0
77901;0
77902;0
77903;1
77904;35
77905;0
77906;0
77907;0
77908;1
77909;0
77910;1
77911;0
77912;0
77913;0
77914;20
77915;21
77916;0
77917;1
77918;0
77919;1
77920;0
77921;1
77922;66
77923;0
77924;67
77925;0
77926;1
77927;2
77928;0
77929;2
77930;1
77931;0
77932;0
77933;0
77934;1
77935;0
77936;2
77937;1
77938;1
77939;0
77940;0
77941;0
77942;1
77943;0
77944;0
77945;1
77946;0
77947;1
77948;0
77949;0
77950;0
77951;1
77952;1
77953;0
77954;0
77955;1
77956;1
77957;0
77958;1
77959;0
77960;0
77961;0
77962;1
77963;0
77964;1
77965;1
77966;0
77967;0
77968;0
77969;35
77970;1
77971;0
77972;0
77973;1
77974;0
77975;1
77976;1
77977;0
77978;2
77979;0
77980;3
77981;1
77982;0
77983;1
77984;10
77985;9
77986;0
77987;0
77988;1
77989;0
77990;1
77991;0
77992;1
77993;0
77994;1
77995;0
77996;0
77997;1
77998;0
77999;0
78000;1
78001;0
78002;1
78003;0
78004;0
78005;1
78006;0
78007;1
78008;0
78009;10
78010;18
78011;28
78012;26
78013;0
78014;1
78015;0
78016;0
78017;1
78018;42
78019;43
78020;0
78021;1
78022;0
78023;1
78024;0
78025;0
78026;1
78027;0
78028;1
78029;1
78030;0
78031;0
78032;1
78033;0
78034;0
78035;0
78036;1
78037;1
78038;0
78039;1
78040;0
78041;0
78042;0
78043;1
78044;0
78045;1
78046;0
78047;1
78048;0
78049;1
78050;0
78051;0
78052;1
78053;0
78054;1
78055;0
78056;0
78057;1
78058;0
78059;1
78060;0
78061;0
78062;1
78063;0
78064;0
78065;48
78066;0
78067;49
78068;1
78069;0
78070;0
78071;1
78072;0
78073;1
78074;0
78075;1
78076;0
78077;1
78078;0
78079;0
78080;1
78081;0
78082;0
78083;1
78084;0
78085;0
78086;0
78087;0
78088;0
78089;1
78090;0
78091;1
78092;0
78093;1
78094;0
78095;0
78096;0
78097;1
78098;0
78099;1
78100;0
78101;2
78102;1
78103;0
78104;1
78105;0
78106;2
78107;0
78108;0
78109;0
78110;1
78111;0
78112;49
78113;39
78114;48
78115;0
78116;0
78117;19
78118;20
78119;2
78120;11
78121;18
78122;1
78123;54
78124;40
78125;52
78126;0
78127;3
78128;2
78129;1
78130;0
78131;1
78132;1
78133;0
78134;0
78135;1
78136;0
78137;1
78138;0
78139;1
78140;0
78141;1
78142;0
78143;0
78144;1
78145;0
78146;35
78147;100
78148;98
78149;0
78150;1
78151;38
78152;36
78153;39
78154;0
78155;1
78156;0
78157;0
78158;35
78159;37
78160;60
78161;36
78162;0
78163;1
78164;0
78165;1
78166;0
78167;0
78168;1
78169;0
78170;1
78171;0
78172;1
78173;42
78174;1
78175;0
78176;41
78177;40
78178;39
78179;0
78180;0
78181;1
78182;0
78183;0
78184;0
78185;0
78186;1
78187;0
78188;1
78189;1
78190;0
78191;41
78192;38
78193;43
78194;39
78195;37
78196;17
78197;18
78198;36
78199;0
78200;0
78201;1
78202;0
78203;2
78204;0
78205;1
78206;0
78207;1
78208;2
78209;0
78210;0
78211;1
78212;0
78213;0
78214;6
78215;1
78216;2
78217;0
78218;3
78219;4
78220;1
78221;0
78222;0
78223;1
78224;0
78225;1
78226;0
78227;0
78228;0
78229;0
78230;1
78231;0
78232;1
78233;0
78234;0
78235;1
78236;44
78237;1
78238;0
78239;0
78240;1
78241;35
78242;37
78243;0
78244;1
78245;0
78246;1
78247;0
78248;0
78249;0
78250;1
78251;0
78252;2
78253;1
78254;1
78255;0
78256;0
78257;1
78258;0
78259;0
78260;1
78261;31
78262;32
78263;0
78264;0
78265;0
78266;1
78267;2
78268;0
78269;1
78270;1
78271;0
78272;0
78273;0
78274;1
78275;0
78276;0
78277;1
78278;0
78279;0
78280;1
78281;0
78282;0
78283;1
78284;0
78285;0
78286;1
78287;2
78288;0
78289;0
78290;0
78291;1
78292;44
78293;0
78294;45
78295;1
78296;0
78297;0
78298;1
78299;0
78300;0
78301;1
78302;0
78303;1
78304;0
78305;0
78306;0
78307;1
78308;0
78309;2
78310;1
78311;0
78312;0
78313;0
78314;0
78315;1
78316;0
78317;0
78318;1
78319;0
78320;0
78321;1
78322;0
78323;1
78324;0
78325;0
78326;1
78327;0
78328;1
78329;0
78330;0
78331;1
78332;0
78333;0
78334;1
78335;0
78336;0
78337;35
78338;36
78339;0
78340;1
78341;0
78342;0
78343;0
78344;1
78345;0
78346;0
78347;1
78348;0
78349;1
78350;0
78351;1
78352;0
78353;1
78354;0
78355;0
78356;0
78357;0
78358;1
78359;0
78360;1
78361;2
78362;0
78363;1
78364;2
78365;0
78366;0
78367;0
78368;1
78369;0
78370;0
78371;1
78372;0
78373;0
78374;35
78375;0
78376;1
78377;35
78378;36
78379;0
78380;2
78381;1
78382;0
78383;0
78384;0
78385;1
78386;0
78387;0
78388;1
78389;0
78390;1
78391;1
78392;0
78393;0
78394;35
78395;36
78396;0
78397;1
78398;0
78399;0
78400;0
78401;1
78402;0
78403;1
78404;0
78405;1
78406;32
78407;30
78408;31
78409;0
78410;1
78411;0
78412;0
78413;1
78414;1
78415;0
78416;0
78417;1
78418;10
78419;1
78420;0
78421;0
78422;0
78423;0
78424;1
78425;0
78426;1
78427;2
78428;0
78429;0
78430;1
78431;0
78432;1
78433;0
78434;0
78435;1
78436;1
78437;0
78438;0
78439;2
78440;1
78441;35
78442;0
78443;0
78444;1
78445;0
78446;0
78447;1
78448;0
78449;0
78450;2
78451;1
78452;0
78453;1
78454;2
78455;0
78456;1
78457;0
78458;0
78459;2
78460;1
78461;0
78462;0
78463;0
78464;1
78465;0
78466;1
78467;0
78468;0
78469;1
78470;1
78471;0
78472;1
78473;0
78474;0
78475;1
78476;0
78477;1
78478;1
78479;0
78480;0
78481;1
78482;0
78483;0
78484;1
78485;35
78486;45
78487;1
78488;0
78489;0
78490;0
78491;1
78492;1
78493;0
78494;0
78495;0
78496;1
78497;4
78498;0
78499;0
78500;0
78501;1
78502;0
78503;1
78504;0
78505;1
78506;0
78507;1
78508;0
78509;0
78510;42
78511;0
78512;0
78513;1
78514;0
78515;0
78516;0
78517;0
78518;0
78519;1
78520;0
78521;0
78522;0
78523;1
78524;0
78525;1
78526;15
78527;17
78528;18
78529;0
78530;9
78531;16
78532;0
78533;0
78534;35
78535;0
78536;1
78537;40
78538;0
78539;42
78540;0
78541;0
78542;0
78543;1
78544;0
78545;0
78546;1
78547;73
78548;2
78549;0
78550;1
78551;37
78552;0
78553;1
78554;0
78555;1
78556;1
78557;0
78558;0
78559;43
78560;42
78561;1
78562;0
78563;0
78564;0
78565;0
78566;47
78567;1
78568;49
78569;48
78570;0
78571;1
78572;2
78573;0
78574;0
78575;0
78576;1
78577;0
78578;1
78579;0
78580;0
78581;2
78582;1
78583;0
78584;1
78585;0
78586;0
78587;0
78588;1
78589;35
78590;0
78591;1
78592;0
78593;1
78594;0
78595;0
78596;1
78597;0
78598;0
78599;1
78600;2
78601;0
78602;1
78603;0
78604;1
78605;0
78606;0
78607;1
78608;0
78609;0
78610;3
78611;4
78612;7
78613;5
78614;0
78615;35
78616;2
78617;0
78618;0
78619;41
78620;0
78621;0
78622;1
78623;0
78624;0
78625;0
78626;1
78627;1
78628;0
78629;1
78630;0
78631;1
78632;0
78633;2
78634;0
78635;1
78636;0
78637;1
78638;0
78639;0
78640;1
78641;40
78642;42
78643;0
78644;1
78645;0
78646;1
78647;0
78648;1
78649;0
78650;0
78651;0
78652;1
78653;0
78654;1
78655;0
78656;0
78657;0
78658;1
78659;0
78660;0
78661;1
78662;0
78663;1
78664;0
78665;1
78666;0
78667;0
78668;1
78669;0
78670;0
78671;0
78672;0
78673;1
78674;0
78675;1
78676;0
78677;2
78678;25
78679;26
78680;42
78681;41
78682;36
78683;37
78684;1
78685;0
78686;0
78687;1
78688;0
78689;1
78690;0
78691;0
78692;1
78693;0
78694;1
78695;0
78696;1
78697;0
78698;1
78699;0
78700;0
78701;0
78702;1
78703;0
78704;0
78705;1
78706;1
78707;4
78708;0
78709;1
78710;0
78711;0
78712;1
78713;35
78714;0
78715;0
78716;1
78717;0
78718;1
78719;0
78720;0
78721;0
78722;0
78723;1
78724;0
78725;1
78726;0
78727;2
78728;3
78729;0
78730;0
78731;1
78732;0
78733;1
78734;0
78735;38
78736;1
78737;0
78738;1
78739;0
78740;0
78741;0
78742;0
78743;64
78744;36
78745;35
78746;37
78747;35
78748;1
78749;0
78750;0
78751;1
78752;0
78753;0
78754;1
78755;1
78756;0
78757;0
78758;1
78759;0
78760;2
78761;1
78762;0
78763;1
78764;0
78765;1
78766;0
78767;0
78768;2
78769;1
78770;0
78771;1
78772;40
78773;41
78774;0
78775;1
78776;0
78777;0
78778;0
78779;1
78780;0
78781;0
78782;0
78783;0
78784;1
78785;2
78786;0
78787;1
78788;0
78789;1
78790;0
78791;0
78792;0
78793;0
78794;1
78795;0
78796;0
78797;1
78798;0
78799;0
78800;0
78801;1
78802;0
78803;1
78804;2
78805;0
78806;1
78807;1
78808;0
78809;0
78810;1
78811;1
78812;0
78813;0
78814;0
78815;43
78816;2
78817;1
78818;0
78819;0
78820;0
78821;1
78822;2
78823;0
78824;1
78825;0
78826;35
78827;36
78828;1
78829;0
78830;1
78831;0
78832;0
78833;1
78834;0
78835;0
78836;0
78837;0
78838;1
78839;0
78840;0
78841;1
78842;0
78843;0
78844;1
78845;0
78846;2
78847;42
78848;41
78849;0
78850;1
78851;0
78852;1
78853;1
78854;0
78855;0
78856;0
78857;1
78858;0
78859;1
78860;0
78861;1
78862;0
78863;1
78864;0
78865;1
78866;0
78867;45
78868;0
78869;0
78870;0
78871;1
78872;1
78873;0
78874;1
78875;0
78876;1
78877;0
78878;0
78879;0
78880;1
78881;0
78882;1
78883;0
78884;1
78885;0
78886;0
78887;1
78888;0
78889;0
78890;1
78891;1
78892;0
78893;0
78894;0
78895;0
78896;1
78897;0
78898;0
78899;0
78900;0
78901;1
78902;35
78903;36
78904;0
78905;1
78906;0
78907;1
78908;0
78909;0
78910;1
78911;0
78912;0
78913;0
78914;0
78915;1
78916;0
78917;0
78918;1
78919;0
78920;1
78921;0
78922;2
78923;1
78924;0
78925;0
78926;2
78927;1
78928;0
78929;0
78930;1
78931;0
78932;1
78933;0
78934;1
78935;0
78936;0
78937;0
78938;1
78939;2
78940;42
78941;0
78942;0
78943;1
78944;35
78945;36
78946;0
78947;35
78948;0
78949;1
78950;0
78951;0
78952;0
78953;1
78954;0
78955;74
78956;35
78957;47
78958;49
78959;0
78960;48
78961;0
78962;1
78963;0
78964;0
78965;0
78966;0
78967;0
78968;1
78969;0
78970;0
78971;1
78972;0
78973;49
78974;48
78975;0
78976;0
78977;0
78978;0
78979;0
78980;1
78981;44
78982;0
78983;0
78984;0
78985;1
78986;0
78987;1
78988;0
78989;0
78990;1
78991;0
78992;1
78993;4
78994;0
78995;0
78996;51
78997;54
78998;2
78999;1
79000;0
79001;1
79002;0
79003;0
79004;0
79005;2
79006;1
79007;1
79008;0
79009;0
79010;1
79011;0
79012;0
79013;0
79014;1
79015;0
79016;2
79017;1
79018;0
79019;0
79020;1
79021;0
79022;1
79023;0
79024;35
79025;36
79026;1
79027;0
79028;0
79029;0
79030;0
79031;1
79032;0
79033;0
79034;1
79035;2
79036;1
79037;0
79038;0
79039;0
79040;75
79041;76
79042;36
79043;35
79044;0
79045;1
79046;0
79047;28
79048;1
79049;29
79050;0
79051;0
79052;0
79053;1
79054;0
79055;1
79056;0
79057;1
79058;0
79059;0
79060;0
79061;2
79062;0
79063;0
79064;18
79065;20
79066;21
79067;0
79068;12
79069;19
79070;1
79071;0
79072;0
79073;1
79074;0
79075;35
79076;0
79077;1
79078;0
79079;1
79080;0
79081;0
79082;1
79083;0
79084;1
79085;0
79086;0
79087;1
79088;0
79089;1
79090;0
79091;1
79092;0
79093;1
79094;2
79095;0
79096;2
79097;1
79098;0
79099;1
79100;0
79101;1
79102;2
79103;0
79104;0
79105;1
79106;0
79107;0
79108;1
79109;0
79110;0
79111;1
79112;0
79113;1
79114;0
79115;1
79116;0
79117;8
79118;1
79119;1
79120;0
79121;2
79122;0
79123;1
79124;0
79125;1
79126;0
79127;2
79128;1
79129;0
79130;0
79131;1
79132;0
79133;1
79134;0
79135;1
79136;41
79137;42
79138;0
79139;1
79140;0
79141;1
79142;0
79143;1
79144;0
79145;1
79146;0
79147;0
79148;1
79149;0
79150;1
79151;0
79152;39
79153;1
79154;0
79155;1
79156;0
79157;1
79158;0
79159;0
79160;1
79161;0
79162;1
79163;0
79164;2
79165;0
79166;1
79167;0
79168;1
79169;0
79170;39
79171;40
79172;0
79173;0
79174;0
79175;0
79176;2
79177;1
79178;0
79179;0
79180;1
79181;0
79182;1
79183;0
79184;1
79185;1
79186;0
79187;0
79188;1
79189;0
79190;0
79191;1
79192;0
79193;0
79194;35
79195;0
79196;1
79197;0
79198;1
79199;70
79200;0
79201;1
79202;0
79203;0
79204;1
79205;0
79206;1
79207;1
79208;0
79209;0
79210;0
79211;1
79212;49
79213;1
79214;0
79215;0
79216;1
79217;0
79218;0
79219;1
79220;2
79221;0
79222;1
79223;0
79224;0
79225;1
79226;6
79227;0
79228;0
79229;2
79230;1
79231;0
79232;1
79233;36
79234;37
79235;0
79236;0
79237;0
79238;0
79239;1
79240;0
79241;0
79242;1
79243;0
79244;0
79245;1
79246;0
79247;2
79248;1
79249;0
79250;0
79251;0
79252;1
79253;0
79254;0
79255;0
79256;2
79257;1
79258;0
79259;48
79260;1
79261;47
79262;0
79263;45
79264;0
79265;46
79266;0
79267;1
79268;0
79269;1
79270;5
79271;42
79272;6
79273;2
79274;0
79275;1
79276;0
79277;44
79278;1
79279;0
79280;1
79281;1
79282;0
79283;0
79284;1
79285;0
79286;0
79287;1
79288;0
79289;0
79290;0
79291;1
79292;0
79293;2
79294;1
79295;0
79296;1
79297;1
79298;0
79299;0
79300;1
79301;0
79302;0
79303;1
79304;0
79305;2
79306;0
79307;1
79308;0
79309;0
79310;1
79311;45
79312;0
79313;48
79314;47
79315;1
79316;46
79317;0
79318;1
79319;0
79320;0
79321;1
79322;0
79323;1
79324;10
79325;0
79326;1
79327;25
79328;23
79329;0
79330;1
79331;1
79332;0
79333;2
79334;0
79335;1
79336;1
79337;0
79338;1
79339;0
79340;0
79341;0
79342;0
79343;1
79344;1
79345;0
79346;0
79347;0
79348;1
79349;1
79350;0
79351;1
79352;0
79353;1
79354;0
79355;0
79356;1
79357;0
79358;1
79359;0
79360;2
79361;1
79362;0
79363;1
79364;1
79365;0
79366;0
79367;1
79368;0
79369;1
79370;0
79371;0
79372;1
79373;0
79374;1
79375;0
79376;0
79377;0
79378;1
79379;1
79380;0
79381;1
79382;0
79383;0
79384;0
79385;0
79386;1
79387;0
79388;0
79389;1
79390;49
79391;0
79392;50
79393;1
79394;0
79395;2
79396;0
79397;1
79398;1
79399;0
79400;0
79401;0
79402;1
79403;35
79404;0
79405;1
79406;0
79407;44
79408;0
79409;1
79410;0
79411;0
79412;0
79413;1
79414;0
79415;1
79416;0
79417;0
79418;35
79419;1
79420;0
79421;0
79422;1
79423;0
79424;1
79425;0
79426;2
79427;0
79428;1
79429;0
79430;0
79431;1
79432;0
79433;1
79434;0
79435;0
79436;1
79437;35
79438;36
79439;37
79440;0
79441;1
79442;0
79443;1
79444;0
79445;1
79446;47
79447;48
79448;17
79449;18
79450;74
79451;42
79452;0
79453;0
79454;0
79455;1
79456;0
79457;1
79458;0
79459;1
79460;0
79461;1
79462;0
79463;1
79464;0
79465;0
79466;2
79467;1
79468;0
79469;0
79470;1
79471;0
79472;40
79473;1
79474;0
79475;0
79476;0
79477;30
79478;1
79479;0
79480;1
79481;0
79482;1
79483;0
79484;1
79485;0
79486;1
79487;0
79488;1
79489;0
79490;1
79491;0
79492;1
79493;1
79494;0
79495;0
79496;41
79497;1
79498;0
79499;1
79500;0
79501;1
79502;1
79503;0
79504;1
79505;0
79506;0
79507;1
79508;1
79509;0
79510;0
79511;1
79512;2
79513;35
79514;0
79515;0
79516;1
79517;35
79518;0
79519;1
79520;0
79521;1
79522;40
79523;0
79524;41
79525;0
79526;1
79527;0
79528;1
79529;0
79530;1
79531;0
79532;0
79533;1
79534;0
79535;0
79536;1
79537;0
79538;1
79539;0
79540;1
79541;0
79542;1
79543;0
79544;0
79545;1
79546;0
79547;2
79548;0
79549;0
79550;1
79551;0
79552;1
79553;1
79554;0
79555;0
79556;1
79557;1
79558;0
79559;0
79560;1
79561;0
79562;35
79563;1
79564;0
79565;0
79566;1
79567;2
79568;39
79569;74
79570;40
79571;1
79572;0
79573;0
79574;0
79575;2
79576;1
79577;0
79578;1
79579;0
79580;42
79581;0
79582;0
79583;1
79584;0
79585;1
79586;0
79587;1
79588;1
79589;0
79590;0
79591;0
79592;1
79593;0
79594;0
79595;0
79596;0
79597;1
79598;0
79599;1
79600;0
79601;0
79602;0
79603;1
79604;0
79605;1
79606;0
79607;0
79608;1
79609;0
79610;1
79611;20
79612;55
79613;50
79614;54
79615;21
79616;51
79617;0
79618;1
79619;47
79620;48
79621;0
79622;0
79623;1
79624;0
79625;0
79626;0
79627;0
79628;0
79629;1
79630;0
79631;1
79632;0
79633;1
79634;0
79635;1
79636;0
79637;1
79638;0
79639;1
79640;0
79641;0
79642;1
79643;0
79644;1
79645;0
79646;2
79647;1
79648;0
79649;0
79650;1
79651;0
79652;0
79653;0
79654;1
79655;28
79656;0
79657;0
79658;0
79659;1
79660;0
79661;0
79662;1
79663;0
79664;1
79665;0
79666;1
79667;0
79668;2
79669;1
79670;0
79671;0
79672;0
79673;0
79674;1
79675;0
79676;0
79677;35
79678;36
79679;0
79680;0
79681;0
79682;1
79683;0
79684;1
79685;0
79686;1
79687;2
79688;42
79689;25
79690;46
79691;26
79692;43
79693;44
79694;0
79695;1
79696;0
79697;0
79698;1
79699;0
79700;1
79701;0
79702;0
79703;1
79704;0
79705;0
79706;1
79707;4
79708;0
79709;3
79710;1
79711;0
79712;1
79713;0
79714;0
79715;1
79716;0
79717;0
79718;1
79719;0
79720;0
79721;0
79722;0
79723;1
79724;0
79725;1
79726;0
79727;0
79728;0
79729;0
79730;0
79731;2
79732;1
79733;1
79734;0
79735;0
79736;0
79737;1
79738;0
79739;44
79740;0
79741;0
79742;1
79743;0
79744;0
79745;1
79746;0
79747;1
79748;0
79749;63
79750;64
79751;35
79752;0
79753;1
79754;0
79755;1
79756;0
79757;0
79758;1
79759;1
79760;0
79761;0
79762;1
79763;0
79764;1
79765;24
79766;2
79767;15
79768;23
79769;25
79770;0
79771;1
79772;0
79773;1
79774;0
79775;0
79776;2
79777;0
79778;0
79779;1
79780;0
79781;1
79782;1
79783;0
79784;23
79785;21
79786;22
79787;0
79788;1
79789;0
79790;1
79791;0
79792;0
79793;0
79794;0
79795;1
79796;42
79797;0
79798;0
79799;1
79800;0
79801;0
79802;1
79803;0
79804;0
79805;0
79806;1
79807;0
79808;0
79809;1
79810;0
79811;0
79812;0
79813;0
79814;0
79815;1
79816;0
79817;1
79818;0
79819;0
79820;1
79821;0
79822;1
79823;0
79824;1
79825;0
79826;1
79827;1
79828;0
79829;0
79830;0
79831;1
79832;0
79833;0
79834;0
79835;1
79836;1
79837;0
79838;0
79839;1
79840;1
79841;0
79842;1
79843;0
79844;0
79845;0
79846;1
79847;0
79848;0
79849;2
79850;60
79851;59
79852;0
79853;0
79854;1
79855;0
79856;0
79857;1
79858;1
79859;0
79860;0
79861;1
79862;0
79863;1
79864;1
79865;0
79866;0
79867;1
79868;0
79869;50
79870;0
79871;40
79872;41
79873;42
79874;0
79875;0
79876;1
79877;0
79878;1
79879;1
79880;0
79881;0
79882;0
79883;0
79884;1
79885;0
79886;0
79887;0
79888;0
79889;1
79890;1
79891;0
79892;0
79893;1
79894;0
79895;0
79896;1
79897;0
79898;0
79899;0
79900;1
79901;0
79902;0
79903;1
79904;0
79905;0
79906;1
79907;0
79908;0
79909;1
79910;0
79911;0
79912;1
79913;0
79914;1
79915;0
79916;1
79917;0
79918;2
79919;1
79920;3
79921;0
79922;1
79923;0
79924;1
79925;1
79926;0
79927;0
79928;0
79929;35
79930;79
79931;36
79932;78
79933;0
79934;0
79935;1
79936;1
79937;0
79938;1
79939;0
79940;0
79941;1
79942;0
79943;0
79944;1
79945;0
79946;2
79947;1
79948;0
79949;1
79950;0
79951;0
79952;1
79953;0
79954;0
79955;1
79956;0
79957;0
79958;0
79959;0
79960;0
79961;0
79962;0
79963;1
79964;0
79965;0
79966;35
79967;0
79968;2
79969;0
79970;1
79971;0
79972;35
79973;1
79974;0
79975;0
79976;55
79977;56
79978;0
79979;59
79980;0
79981;1
79982;0
79983;2
79984;6
79985;0
79986;0
79987;1
79988;36
79989;37
79990;0
79991;2
79992;0
79993;0
79994;0
79995;1
79996;0
79997;1
79998;0
79999;1
80000;0
80001;0
80002;0
80003;0
80004;0
80005;1
80006;0
80007;35
80008;36
80009;1
80010;0
80011;0
80012;1
80013;0
80014;1
80015;0
80016;1
80017;0
80018;0
80019;1
80020;1
80021;0
80022;0
80023;1
80024;0
80025;1
80026;0
80027;35
80028;36
80029;37
80030;0
80031;0
80032;1
80033;0
80034;2
80035;1
80036;0
80037;0
80038;0
80039;0
80040;1
80041;0
80042;1
80043;0
80044;0
80045;1
80046;2
80047;1
80048;0
80049;1
80050;0
80051;0
80052;0
80053;2
80054;0
80055;1
80056;0
80057;0
80058;2
80059;1
80060;0
80061;1
80062;0
80063;1
80064;58
80065;0
80066;1
80067;0
80068;0
80069;1
80070;0
80071;0
80072;48
80073;47
80074;1
80075;0
80076;0
80077;0
80078;1
80079;0
80080;0
80081;1
80082;0
80083;0
80084;1
80085;1
80086;0
80087;0
80088;0
80089;1
80090;0
80091;1
80092;0
80093;1
80094;0
80095;0
80096;36
80097;35
80098;0
80099;1
80100;0
80101;1
80102;0
80103;1
80104;0
80105;1
80106;1
80107;0
80108;0
80109;1
80110;1
80111;0
80112;0
80113;1
80114;0
80115;1
80116;2
80117;0
80118;36
80119;35
80120;35
80121;0
80122;0
80123;0
80124;1
80125;1
80126;0
80127;35
80128;0
80129;1
80130;3
80131;0
80132;2
80133;1
80134;0
80135;1
80136;0
80137;0
80138;1
80139;0
80140;1
80141;0
80142;1
80143;0
80144;1
80145;1
80146;0
80147;0
80148;1
80149;0
80150;0
80151;0
80152;1
80153;0
80154;42
80155;55
80156;40
80157;0
80158;0
80159;1
80160;0
80161;0
80162;1
80163;0
80164;1
80165;2
80166;0
80167;0
80168;2
80169;0
80170;1
80171;0
80172;1
80173;0
80174;0
80175;1
80176;0
80177;0
80178;1
80179;0
80180;0
80181;1
80182;0
80183;1
80184;0
80185;1
80186;0
80187;1
80188;30
80189;35
80190;35
80191;0
80192;0
80193;1
80194;0
80195;1
80196;0
80197;39
80198;40
80199;0
80200;0
80201;0
80202;0
80203;1
80204;35
80205;0
80206;1
80207;0
80208;1
80209;2
80210;0
80211;1
80212;0
80213;2
80214;1
80215;0
80216;1
80217;0
80218;1
80219;0
80220;1
80221;0
80222;1
80223;0
80224;0
80225;0
80226;2
80227;0
80228;1
80229;0
80230;36
80231;35
80232;35
80233;0
80234;0
80235;1
80236;0
80237;0
80238;1
80239;0
80240;0
80241;1
80242;2
80243;0
80244;0
80245;0
80246;1
80247;0
80248;1
80249;0
80250;0
80251;0
80252;1
80253;0
80254;1
80255;0
80256;0
80257;1
80258;0
80259;0
80260;1
80261;0
80262;0
80263;1
80264;1
80265;0
80266;35
80267;36
80268;1
80269;0
80270;0
80271;1
80272;0
80273;0
80274;1
80275;0
80276;0
80277;1
80278;4
80279;0
80280;0
80281;1
80282;0
80283;0
80284;1
80285;0
80286;0
80287;1
80288;0
80289;1
80290;0
80291;1
80292;0
80293;0
80294;0
80295;2
80296;0
80297;0
80298;1
80299;0
80300;0
80301;1
80302;0
80303;0
80304;1
80305;0
80306;1
80307;0
80308;1
80309;0
80310;0
80311;1
80312;18
80313;19
80314;0
80315;0
80316;1
80317;0
80318;1
80319;0
80320;1
80321;0
80322;1
80323;2
80324;35
80325;36
80326;0
80327;1
80328;0
80329;0
80330;0
80331;1
80332;1
80333;0
80334;1
80335;0
80336;35
80337;0
80338;1
80339;0
80340;1
80341;0
80342;1
80343;35
80344;56
80345;0
80346;57
80347;0
80348;1
80349;1
80350;0
80351;0
80352;1
80353;35
80354;36
80355;0
80356;1
80357;0
80358;1
80359;0
80360;1
80361;0
80362;1
80363;0
80364;1
80365;0
80366;0
80367;39
80368;0
80369;50
80370;40
80371;0
80372;1
80373;0
80374;1
80375;35
80376;0
80377;0
80378;1
80379;35
80380;9
80381;38
80382;0
80383;16
80384;0
80385;0
80386;0
80387;1
80388;0
80389;0
80390;1
80391;0
80392;0
80393;0
80394;1
80395;0
80396;1
80397;0
80398;1
80399;0
80400;1
80401;0
80402;0
80403;35
80404;1
80405;2
80406;1
80407;0
80408;1
80409;0
80410;1
80411;0
80412;2
80413;1
80414;0
80415;35
80416;0
80417;1
80418;0
80419;1
80420;0
80421;1
80422;0
80423;0
80424;0
80425;1
80426;0
80427;2
80428;1
80429;0
80430;0
80431;2
80432;0
80433;0
80434;0
80435;1
80436;0
80437;2
80438;1
80439;0
80440;0
80441;2
80442;1
80443;0
80444;1
80445;1
80446;0
80447;0
80448;1
80449;0
80450;35
80451;0
80452;0
80453;1
80454;0
80455;1
80456;0
80457;2
80458;1
80459;1
80460;0
80461;0
80462;27
80463;28
80464;29
80465;1
80466;0
80467;0
80468;1
80469;2
80470;0
80471;1
80472;0
80473;1
80474;6
80475;0
80476;1
80477;0
80478;10
80479;0
80480;0
80481;2
80482;0
80483;0
80484;1
80485;0
80486;77
80487;76
80488;0
80489;35
80490;36
80491;37
80492;0
80493;0
80494;0
80495;1
80496;35
80497;36
80498;0
80499;1
80500;0
80501;1
80502;1
80503;0
80504;0
80505;1
80506;0
80507;0
80508;0
80509;48
80510;50
80511;1
80512;0
80513;1
80514;0
80515;1
80516;1
80517;0
80518;0
80519;1
80520;1
80521;0
80522;41
80523;42
80524;0
80525;0
80526;0
80527;1
80528;0
80529;1
80530;0
80531;1
80532;0
80533;0
80534;1
80535;0
80536;0
80537;0
80538;1
80539;0
80540;0
80541;1
80542;2
80543;35
80544;36
80545;0
80546;1
80547;0
80548;1
80549;0
80550;0
80551;1
80552;0
80553;1
80554;0
80555;1
80556;0
80557;1
80558;36
80559;0
80560;1
80561;0
80562;1
80563;0
80564;1
80565;40
80566;1
80567;0
80568;0
80569;0
80570;1
80571;0
80572;1
80573;0
80574;0
80575;0
80576;1
80577;0
80578;1
80579;0
80580;1
80581;0
80582;1
80583;0
80584;0
80585;0
80586;1
80587;47
80588;0
80589;49
80590;0
80591;1
80592;0
80593;0
80594;2
80595;1
80596;0
80597;0
80598;1
80599;0
80600;0
80601;1
80602;0
80603;0
80604;0
80605;1
80606;1
80607;0
80608;0
80609;0
80610;1
80611;1
80612;0
80613;1
80614;0
80615;0
80616;1
80617;0
80618;1
80619;0
80620;1
80621;0
80622;33
80623;32
80624;1
80625;0
80626;1
80627;0
80628;0
80629;0
80630;0
80631;1
80632;0
80633;1
80634;0
80635;1
80636;0
80637;1
80638;0
80639;1
80640;0
80641;1
80642;0
80643;1
80644;0
80645;1
80646;2
80647;0
80648;1
80649;0
80650;0
80651;1
80652;70
80653;6
80654;72
80655;71
80656;1
80657;0
80658;0
80659;1
80660;0
80661;1
80662;0
80663;1
80664;0
80665;36
80666;35
80667;47
80668;1
80669;0
80670;0
80671;0
80672;1
80673;0
80674;1
80675;0
80676;1
80677;0
80678;0
80679;0
80680;1
80681;0
80682;1
80683;0
80684;1
80685;0
80686;1
80687;0
80688;0
80689;1
80690;1
80691;0
80692;0
80693;1
80694;0
80695;1
80696;0
80697;0
80698;1
80699;1
80700;0
80701;11
80702;24
80703;0
80704;1
80705;1
80706;0
80707;0
80708;1
80709;1
80710;0
80711;0
80712;1
80713;0
80714;0
80715;1
80716;0
80717;0
80718;1
80719;0
80720;0
80721;1
80722;25
80723;19
80724;31
80725;0
80726;0
80727;1
80728;1
80729;0
80730;0
80731;1
80732;0
80733;1
80734;0
80735;1
80736;0
80737;0
80738;0
80739;0
80740;1
80741;0
80742;41
80743;43
80744;0
80745;42
80746;0
80747;2
80748;1
80749;0
80750;0
80751;1
80752;35
80753;73
80754;74
80755;75
80756;1
80757;0
80758;0
80759;1
80760;0
80761;47
80762;48
80763;0
80764;1
80765;0
80766;1
80767;0
80768;1
80769;1
80770;0
80771;0
80772;0
80773;35
80774;36
80775;0
80776;1
80777;0
80778;0
80779;0
80780;0
80781;0
80782;0
80783;0
80784;1
80785;0
80786;1
80787;16
80788;40
80789;31
80790;0
80791;1
80792;0
80793;2
80794;0
80795;1
80796;0
80797;0
80798;1
80799;0
80800;0
80801;0
80802;0
80803;0
80804;0
80805;1
80806;0
80807;1
80808;0
80809;0
80810;1
80811;0
80812;1
80813;0
80814;0
80815;1
80816;0
80817;0
80818;0
80819;2
80820;40
80821;1
80822;0
80823;1
80824;3
80825;2
80826;0
80827;0
80828;1
80829;0
80830;0
80831;0
80832;1
80833;2
80834;0
80835;0
80836;0
80837;1
80838;0
80839;1
80840;0
80841;1
80842;1
80843;0
80844;0
80845;0
80846;0
80847;0
80848;0
80849;0
80850;0
80851;1
80852;0
80853;0
80854;1
80855;0
80856;1
80857;1
80858;0
80859;0
80860;0
80861;1
80862;0
80863;1
80864;1
80865;0
80866;0
80867;0
80868;0
80869;1
80870;0
80871;14
80872;0
80873;0
80874;1
80875;0
80876;2
80877;1
80878;0
80879;0
80880;0
80881;1
80882;0
80883;1
80884;0
80885;1
80886;0
80887;1
80888;0
80889;1
80890;0
80891;1
80892;0
80893;1
80894;0
80895;0
80896;1
80897;0
80898;1
80899;0
80900;1
80901;2
80902;0
80903;1
80904;0
80905;1
80906;0
80907;1
80908;0
80909;0
80910;0
80911;1
80912;2
80913;0
80914;1
80915;0
80916;35
80917;36
80918;39
80919;0
80920;0
80921;1
80922;0
80923;1
80924;0
80925;1
80926;0
80927;0
80928;0
80929;1
80930;54
80931;18
80932;19
80933;20
80934;16
80935;53
80936;14
80937;0
80938;1
80939;0
80940;0
80941;3
80942;1
80943;36
80944;35
80945;0
80946;1
80947;2
80948;1
80949;0
80950;0
80951;0
80952;0
80953;0
80954;1
80955;0
80956;0
80957;1
80958;57
80959;1
80960;0
80961;0
80962;1
80963;0
80964;1
80965;0
80966;1
80967;0
80968;73
80969;74
80970;0
80971;1
80972;0
80973;1
80974;0
80975;1
80976;0
80977;0
80978;0
80979;0
80980;1
80981;0
80982;0
80983;1
80984;0
80985;0
80986;1
80987;0
80988;0
80989;0
80990;1
80991;0
80992;1
80993;0
80994;4
80995;5
80996;13
80997;0
80998;0
80999;0
81000;1
81001;0
81002;1
81003;0
81004;1
81005;0
81006;0
81007;0
81008;1
81009;0
81010;0
81011;0
81012;0
81013;1
81014;0
81015;1
81016;0
81017;1
81018;2
81019;3
81020;0
81021;1
81022;0
81023;0
81024;1
81025;0
81026;0
81027;0
81028;2
81029;1
81030;0
81031;1
81032;0
81033;0
81034;1
81035;0
81036;0
81037;53
81038;1
81039;0
81040;0
81041;0
81042;1
81043;0
81044;1
81045;0
81046;0
81047;1
81048;0
81049;1
81050;0
81051;1
81052;0
81053;1
81054;0
81055;1
81056;2
81057;1
81058;0
81059;0
81060;0
81061;1
81062;0
81063;0
81064;1
81065;0
81066;1
81067;0
81068;0
81069;1
81070;0
81071;0
81072;1
81073;0
81074;0
81075;1
81076;0
81077;1
81078;0
81079;0
81080;1
81081;1
81082;0
81083;1
81084;0
81085;21
81086;23
81087;0
81088;0
81089;1
81090;35
81091;36
81092;0
81093;35
81094;54
81095;1
81096;0
81097;1
81098;0
81099;0
81100;1
81101;0
81102;0
81103;1
81104;0
81105;2
81106;1
81107;0
81108;1
81109;0
81110;0
81111;40
81112;1
81113;0
81114;1
81115;0
81116;39
81117;0
81118;1
81119;0
81120;1
81121;0
81122;1
81123;0
81124;1
81125;1
81126;0
81127;1
81128;0
81129;0
81130;0
81131;0
81132;1
81133;0
81134;1
81135;0
81136;1
81137;0
81138;1
81139;50
81140;51
81141;41
81142;0
81143;43
81144;0
81145;0
81146;1
81147;2
81148;0
81149;2
81150;1
81151;43
81152;52
81153;6
81154;0
81155;0
81156;1
81157;0
81158;1
81159;0
81160;1
81161;0
81162;8
81163;0
81164;0
81165;0
81166;1
81167;3
81168;4
81169;1
81170;0
81171;0
81172;1
81173;36
81174;35
81175;0
81176;1
81177;0
81178;1
81179;2
81180;0
81181;0
81182;1
81183;0
81184;0
81185;1
81186;0
81187;1
81188;0
81189;0
81190;2
81191;1
81192;0
81193;1
81194;2
81195;0
81196;1
81197;0
81198;36
81199;35
81200;0
81201;12
81202;17
81203;13
81204;19
81205;1
81206;0
81207;0
81208;1
81209;2
81210;0
81211;0
81212;1
81213;2
81214;0
81215;1
81216;0
81217;1
81218;0
81219;1
81220;0
81221;1
81222;0
81223;1
81224;1
81225;0
81226;0
81227;1
81228;0
81229;1
81230;0
81231;1
81232;2
81233;0
81234;1
81235;0
81236;1
81237;0
81238;1
81239;0
81240;2
81241;1
81242;0
81243;0
81244;0
81245;0
81246;0
81247;1
81248;0
81249;36
81250;35
81251;0
81252;1
81253;41
81254;46
81255;0
81256;42
81257;1
81258;0
81259;0
81260;4
81261;1
81262;1
81263;0
81264;0
81265;1
81266;0
81267;1
81268;1
81269;0
81270;0
81271;0
81272;1
81273;0
81274;1
81275;35
81276;37
81277;36
81278;0
81279;0
81280;0
81281;0
81282;1
81283;2
81284;1
81285;0
81286;0
81287;0
81288;0
81289;1
81290;0
81291;1
81292;0
81293;1
81294;0
81295;0
81296;1
81297;1
81298;0
81299;0
81300;1
81301;0
81302;1
81303;1
81304;0
81305;0
81306;1
81307;0
81308;0
81309;35
81310;0
81311;0
81312;1
81313;1
81314;0
81315;0
81316;1
81317;0
81318;1
81319;0
81320;1
81321;2
81322;0
81323;0
81324;0
81325;2
81326;1
81327;0
81328;0
81329;1
81330;1
81331;0
81332;0
81333;1
81334;0
81335;0
81336;1
81337;0
81338;0
81339;1
81340;1
81341;0
81342;0
81343;0
81344;1
81345;1
81346;0
81347;0
81348;1
81349;0
81350;1
81351;1
81352;0
81353;1
81354;0
81355;0
81356;1
81357;1
81358;0
81359;0
81360;0
81361;1
81362;0
81363;1
81364;0
81365;0
81366;1
81367;0
81368;21
81369;18
81370;70
81371;22
81372;19
81373;0
81374;1
81375;0
81376;29
81377;0
81378;0
81379;1
81380;1
81381;0
81382;1
81383;0
81384;35
81385;0
81386;0
81387;1
81388;0
81389;0
81390;1
81391;0
81392;1
81393;0
81394;1
81395;74
81396;73
81397;75
81398;0
81399;1
81400;0
81401;1
81402;0
81403;1
81404;0
81405;35
81406;36
81407;0
81408;1
81409;0
81410;1
81411;35
81412;0
81413;0
81414;0
81415;1
81416;0
81417;1
81418;0
81419;0
81420;0
81421;1
81422;0
81423;0
81424;1
81425;38
81426;40
81427;0
81428;41
81429;0
81430;1
81431;45
81432;46
81433;42
81434;41
81435;0
81436;1
81437;0
81438;0
81439;2
81440;1
81441;0
81442;1
81443;0
81444;1
81445;0
81446;0
81447;1
81448;0
81449;1
81450;0
81451;1
81452;0
81453;1
81454;0
81455;1
81456;0
81457;0
81458;1
81459;0
81460;0
81461;2
81462;1
81463;0
81464;0
81465;0
81466;1
81467;0
81468;0
81469;1
81470;0
81471;1
81472;0
81473;1
81474;1
81475;0
81476;0
81477;0
81478;0
81479;1
81480;1
81481;0
81482;0
81483;1
81484;0
81485;0
81486;1
81487;0
81488;1
81489;0
81490;1
81491;0
81492;0
81493;0
81494;35
81495;0
81496;1
81497;0
81498;1
81499;2
81500;0
81501;1
81502;0
81503;1
81504;0
81505;1
81506;0
81507;0
81508;0
81509;1
81510;0
81511;35
81512;36
81513;1
81514;0
81515;1
81516;0
81517;0
81518;0
81519;1
81520;0
81521;1
81522;1
81523;0
81524;0
81525;3
81526;1
81527;4
81528;0
81529;1
81530;0
81531;0
81532;0
81533;1
81534;0
81535;0
81536;1
81537;1
81538;0
81539;0
81540;0
81541;0
81542;1
81543;0
81544;1
81545;0
81546;0
81547;0
81548;1
81549;45
81550;46
81551;35
81552;36
81553;0
81554;1
81555;0
81556;0
81557;40
81558;41
81559;1
81560;0
81561;1
81562;0
81563;2
81564;1
81565;0
81566;1
81567;0
81568;35
81569;0
81570;1
81571;0
81572;0
81573;1
81574;0
81575;1
81576;1
81577;0
81578;0
81579;1
81580;0
81581;1
81582;0
81583;1
81584;0
81585;0
81586;2
81587;1
81588;0
81589;1
81590;0
81591;40
81592;1
81593;0
81594;1
81595;0
81596;1
81597;0
81598;1
81599;0
81600;0
81601;0
81602;1
81603;0
81604;1
81605;35
81606;36
81607;0
81608;1
81609;0
81610;1
81611;0
81612;0
81613;1
81614;2
81615;1
81616;0
81617;0
81618;2
81619;0
81620;0
81621;1
81622;0
81623;0
81624;1
81625;0
81626;1
81627;0
81628;1
81629;0
81630;0
81631;0
81632;1
81633;0
81634;1
81635;1
81636;0
81637;0
81638;1
81639;0
81640;0
81641;41
81642;1
81643;0
81644;0
81645;1
81646;0
81647;0
81648;1
81649;0
81650;1
81651;0
81652;1
81653;2
81654;0
81655;1
81656;0
81657;1
81658;0
81659;0
81660;1
81661;0
81662;1
81663;0
81664;0
81665;0
81666;1
81667;0
81668;0
81669;14
81670;15
81671;16
81672;11
81673;12
81674;0
81675;0
81676;1
81677;0
81678;5
81679;0
81680;0
81681;1
81682;1
81683;0
81684;0
81685;1
81686;0
81687;35
81688;1
81689;0
81690;1
81691;0
81692;0
81693;0
81694;0
81695;0
81696;2
81697;0
81698;0
81699;1
81700;0
81701;1
81702;0
81703;0
81704;0
81705;1
81706;0
81707;0
81708;3
81709;2
81710;1
81711;0
81712;0
81713;0
81714;1
81715;1
81716;0
81717;0
81718;0
81719;1
81720;0
81721;0
81722;2
81723;1
81724;0
81725;1
81726;0
81727;1
81728;0
81729;1
81730;0
81731;1
81732;0
81733;1
81734;0
81735;1
81736;0
81737;1
81738;2
81739;0
81740;1
81741;0
81742;0
81743;1
81744;0
81745;1
81746;2
81747;1
81748;0
81749;0
81750;1
81751;0
81752;0
81753;0
81754;0
81755;1
81756;0
81757;1
81758;0
81759;1
81760;0
81761;0
81762;0
81763;1
81764;0
81765;1
81766;2
81767;0
81768;0
81769;0
81770;1
81771;0
81772;1
81773;0
81774;1
81775;0
81776;1
81777;0
81778;0
81779;36
81780;35
81781;0
81782;1
81783;0
81784;1
81785;0
81786;1
81787;0
81788;0
81789;1
81790;0
81791;0
81792;1
81793;0
81794;0
81795;1
81796;0
81797;0
81798;0
81799;0
81800;1
81801;0
81802;0
81803;1
81804;0
81805;0
81806;1
81807;2
81808;0
81809;1
81810;0
81811;41
81812;40
81813;0
81814;0
81815;0
81816;1
81817;0
81818;1
81819;0
81820;1
81821;2
81822;0
81823;1
81824;0
81825;0
81826;1
81827;0
81828;1
81829;0
81830;0
81831;1
81832;0
81833;0
81834;1
81835;0
81836;1
81837;0
81838;0
81839;1
81840;0
81841;0
81842;1
81843;0
81844;0
81845;1
81846;1
81847;0
81848;0
81849;1
81850;0
81851;1
81852;0
81853;1
81854;0
81855;9
81856;1
81857;0
81858;0
81859;1
81860;0
81861;1
81862;0
81863;0
81864;0
81865;1
81866;0
81867;1
81868;0
81869;2
81870;0
81871;1
81872;0
81873;1
81874;0
81875;0
81876;1
81877;1
81878;0
81879;0
81880;0
81881;1
81882;0
81883;0
81884;83
81885;0
81886;84
81887;1
81888;1
81889;0
81890;0
81891;0
81892;1
81893;1
81894;0
81895;0
81896;0
81897;1
81898;0
81899;1
81900;0
81901;0
81902;0
81903;2
81904;2
81905;0
81906;1
81907;3
81908;1
81909;0
81910;0
81911;1
81912;0
81913;1
81914;0
81915;1
81916;1
81917;0
81918;0
81919;1
81920;1
81921;0
81922;0
81923;1
81924;2
81925;0
81926;1
81927;0
81928;1
81929;0
81930;1
81931;0
81932;0
81933;1
81934;0
81935;1
81936;0
81937;0
81938;1
81939;1
81940;0
81941;35
81942;0
81943;0
81944;1
81945;0
81946;1
81947;0
81948;1
81949;0
81950;2
81951;1
81952;0
81953;1
81954;0
81955;1
81956;0
81957;0
81958;1
81959;1
81960;0
81961;20
81962;21
81963;0
81964;19
81965;1
81966;0
81967;1
81968;0
81969;1
81970;1
81971;0
81972;0
81973;0
81974;2
81975;1
81976;0
81977;0
81978;1
81979;0
81980;1
81981;35
81982;36
81983;1
81984;0
81985;0
81986;1
81987;0
81988;1
81989;0
81990;0
81991;0
81992;0
81993;1
81994;0
81995;0
81996;0
81997;0
81998;1
81999;0
82000;1
82001;0
82002;1
82003;0
82004;0
82005;1
82006;1
82007;0
82008;0
82009;1
82010;0
82011;0
82012;1
82013;0
82014;0
82015;1
82016;0
82017;0
82018;1
82019;43
82020;0
82021;46
82022;44
82023;0
82024;1
82025;35
82026;3
82027;1
82028;0
82029;4
82030;0
82031;0
82032;1
82033;2
82034;0
82035;0
82036;1
82037;2
82038;0
82039;1
82040;1
82041;0
82042;1
82043;0
82044;0
82045;0
82046;1
82047;0
82048;0
82049;1
82050;0
82051;1
82052;0
82053;2
82054;1
82055;0
82056;1
82057;0
82058;0
82059;0
82060;1
82061;0
82062;1
82063;0
82064;0
82065;1
82066;0
82067;15
82068;0
82069;35
82070;6
82071;7
82072;47
82073;0
82074;49
82075;0
82076;1
82077;2
82078;0
82079;0
82080;1
82081;1
82082;0
82083;0
82084;1
82085;0
82086;0
82087;0
82088;0
82089;1
82090;2
82091;0
82092;0
82093;1
82094;2
82095;1
82096;0
82097;1
82098;0
82099;0
82100;1
82101;2
82102;0
82103;1
82104;0
82105;1
82106;0
82107;1
82108;0
82109;35
82110;36
82111;0
82112;1
82113;0
82114;46
82115;1
82116;0
82117;0
82118;1
82119;1
82120;0
82121;0
82122;1
82123;0
82124;0
82125;1
82126;1
82127;0
82128;0
82129;1
82130;0
82131;0
82132;0
82133;1
82134;0
82135;1
82136;0
82137;1
82138;0
82139;0
82140;0
82141;1
82142;0
82143;0
82144;1
82145;0
82146;1
82147;0
82148;4
82149;0
82150;1
82151;11
82152;1
82153;0
82154;2
82155;0
82156;1
82157;0
82158;1
82159;0
82160;1
82161;0
82162;1
82163;0
82164;0
82165;0
82166;0
82167;2
82168;1
82169;0
82170;1
82171;0
82172;0
82173;1
82174;0
82175;0
82176;1
82177;0
82178;1
82179;0
82180;1
82181;0
82182;1
82183;0
82184;0
82185;0
82186;1
82187;2
82188;0
82189;0
82190;1
82191;0
82192;0
82193;1
82194;0
82195;1
82196;0
82197;0
82198;1
82199;0
82200;0
82201;0
82202;0
82203;1
82204;1
82205;0
82206;0
82207;1
82208;1
82209;0
82210;0
82211;0
82212;0
82213;1
82214;0
82215;0
82216;0
82217;1
82218;0
82219;1
82220;0
82221;1
82222;0
82223;1
82224;0
82225;1
82226;0
82227;1
82228;35
82229;36
82230;39
82231;35
82232;36
82233;0
82234;0
82235;1
82236;2
82237;35
82238;76
82239;75
82240;0
82241;0
82242;0
82243;0
82244;0
82245;0
82246;0
82247;1
82248;0
82249;1
82250;0
82251;1
82252;40
82253;0
82254;1
82255;0
82256;0
82257;0
82258;1
82259;0
82260;1
82261;0
82262;0
82263;1
82264;0
82265;1
82266;0
82267;35
82268;36
82269;0
82270;1
82271;0
82272;0
82273;1
82274;0
82275;1
82276;0
82277;9
82278;0
82279;24
82280;1
82281;0
82282;1
82283;0
82284;0
82285;1
82286;0
82287;0
82288;1
82289;0
82290;0
82291;0
82292;0
82293;0
82294;1
82295;1
82296;0
82297;0
82298;1
82299;0
82300;0
82301;0
82302;1
82303;74
82304;0
82305;75
82306;0
82307;1
82308;0
82309;1
82310;0
82311;1
82312;1
82313;0
82314;0
82315;0
82316;0
82317;1
82318;0
82319;0
82320;0
82321;1
82322;0
82323;40
82324;0
82325;1
82326;0
82327;1
82328;10
82329;0
82330;1
82331;0
82332;0
82333;0
82334;0
82335;1
82336;0
82337;0
82338;37
82339;39
82340;38
82341;0
82342;50
82343;51
82344;1
82345;0
82346;1
82347;0
82348;1
82349;1
82350;0
82351;0
82352;1
82353;0
82354;35
82355;35
82356;36
82357;0
82358;16
82359;18
82360;19
82361;0
82362;10
82363;17
82364;0
82365;1
82366;0
82367;1
82368;0
82369;1
82370;1
82371;0
82372;0
82373;0
82374;0
82375;1
82376;2
82377;0
82378;0
82379;1
82380;36
82381;35
82382;0
82383;1
82384;1
82385;0
82386;0
82387;1
82388;1
82389;0
82390;35
82391;0
82392;1
82393;35
82394;36
82395;1
82396;0
82397;1
82398;0
82399;0
82400;1
82401;0
82402;0
82403;1
82404;0
82405;1
82406;0
82407;1
82408;0
82409;0
82410;1
82411;0
82412;1
82413;0
82414;0
82415;1
82416;2
82417;0
82418;1
82419;0
82420;0
82421;0
82422;1
82423;41
82424;0
82425;1
82426;1
82427;0
82428;5
82429;0
82430;1
82431;0
82432;1
82433;40
82434;0
82435;45
82436;0
82437;1
82438;1
82439;0
82440;1
82441;0
82442;1
82443;0
82444;18
82445;17
82446;15
82447;19
82448;16
82449;0
82450;1
82451;0
82452;1
82453;0
82454;1
82455;0
82456;60
82457;0
82458;2
82459;0
82460;1
82461;0
82462;1
82463;2
82464;0
82465;0
82466;2
82467;0
82468;0
82469;31
82470;20
82471;32
82472;19
82473;0
82474;1
82475;0
82476;0
82477;1
82478;0
82479;0
82480;1
82481;11
82482;0
82483;1
82484;0
82485;0
82486;0
82487;0
82488;1
82489;0
82490;1
82491;0
82492;0
82493;2
82494;1
82495;3
82496;0
82497;0
82498;1
82499;0
82500;1
82501;0
82502;1
82503;0
82504;1
82505;0
82506;1
82507;0
82508;0
82509;0
82510;1
82511;0
82512;0
82513;0
82514;0
82515;1
82516;2
82517;0
82518;1
82519;1
82520;0
82521;35
82522;0
82523;17
82524;0
82525;19
82526;20
82527;11
82528;18
82529;0
82530;0
82531;0
82532;0
82533;1
82534;0
82535;0
82536;1
82537;0
82538;0
82539;1
82540;1
82541;0
82542;0
82543;0
82544;1
82545;0
82546;1
82547;0
82548;1
82549;0
82550;0
82551;1
82552;35
82553;36
82554;16
82555;17
82556;0
82557;1
82558;0
82559;0
82560;1
82561;0
82562;13
82563;0
82564;0
82565;1
82566;0
82567;0
82568;1
82569;1
82570;0
82571;0
82572;0
82573;0
82574;1
82575;0
82576;0
82577;1
82578;1
82579;0
82580;0
82581;1
82582;0
82583;1
82584;2
82585;0
82586;1
82587;0
82588;1
82589;0
82590;0
82591;1
82592;0
82593;37
82594;35
82595;38
82596;35
82597;36
82598;0
82599;0
82600;1
82601;0
82602;0
82603;1
82604;0
82605;1
82606;0
82607;1
82608;0
82609;1
82610;0
82611;1
82612;1
82613;0
82614;0
82615;1
82616;1
82617;0
82618;0
82619;1
82620;40
82621;0
82622;1
82623;0
82624;1
82625;0
82626;2
82627;1
82628;0
82629;1
82630;0
82631;1
82632;0
82633;0
82634;1
82635;2
82636;0
82637;1
82638;35
82639;0
82640;35
82641;36
82642;0
82643;0
82644;0
82645;0
82646;1
82647;0
82648;39
82649;0
82650;0
82651;1
82652;0
82653;0
82654;1
82655;0
82656;1
82657;0
82658;0
82659;1
82660;1
82661;0
82662;0
82663;1
82664;0
82665;1
82666;0
82667;1
82668;0
82669;1
82670;0
82671;0
82672;1
82673;0
82674;1
82675;0
82676;1
82677;0
82678;59
82679;57
82680;0
82681;49
82682;1
82683;0
82684;1
82685;0
82686;1
82687;2
82688;0
82689;1
82690;0
82691;0
82692;0
82693;1
82694;0
82695;0
82696;0
82697;1
82698;0
82699;0
82700;5
82701;1
82702;6
82703;0
82704;0
82705;0
82706;1
82707;0
82708;0
82709;0
82710;1
82711;0
82712;0
82713;10
82714;9
82715;0
82716;0
82717;1
82718;39
82719;0
82720;1
82721;0
82722;1
82723;35
82724;36
82725;0
82726;0
82727;0
82728;1
82729;0
82730;1
82731;0
82732;0
82733;0
82734;1
82735;1
82736;0
82737;0
82738;1
82739;0
82740;1
82741;0
82742;1
82743;0
82744;0
82745;2
82746;1
82747;0
82748;0
82749;1
82750;0
82751;0
82752;0
82753;0
82754;0
82755;0
82756;1
82757;2
82758;44
82759;43
82760;0
82761;1
82762;0
82763;44
82764;1
82765;45
82766;0
82767;0
82768;2
82769;1
82770;0
82771;1
82772;0
82773;0
82774;0
82775;1
82776;2
82777;0
82778;1
82779;0
82780;1
82781;0
82782;1
82783;0
82784;24
82785;36
82786;1
82787;2
82788;23
82789;25
82790;0
82791;2
82792;1
82793;43
82794;0
82795;1
82796;44
82797;0
82798;1
82799;0
82800;1
82801;0
82802;0
82803;1
82804;0
82805;1
82806;1
82807;0
82808;0
82809;1
82810;27
82811;26
82812;0
82813;1
82814;0
82815;0
82816;0
82817;35
82818;36
82819;0
82820;0
82821;0
82822;1
82823;0
82824;2
82825;1
82826;0
82827;1
82828;0
82829;2
82830;1
82831;0
82832;0
82833;1
82834;0
82835;0
82836;0
82837;1
82838;0
82839;0
82840;1
82841;0
82842;1
82843;0
82844;1
82845;0
82846;35
82847;36
82848;0
82849;37
82850;0
82851;1
82852;0
82853;1
82854;0
82855;1
82856;0
82857;1
82858;0
82859;1
82860;0
82861;1
82862;0
82863;1
82864;0
82865;1
82866;0
82867;0
82868;1
82869;0
82870;1
82871;0
82872;0
82873;1
82874;0
82875;0
82876;1
82877;0
82878;0
82879;1
82880;0
82881;1
82882;1
82883;0
82884;0
82885;1
82886;0
82887;2
82888;1
82889;0
82890;1
82891;0
82892;0
82893;0
82894;1
82895;0
82896;1
82897;0
82898;1
82899;0
82900;0
82901;0
82902;1
82903;0
82904;1
82905;2
82906;0
82907;0
82908;0
82909;1
82910;1
82911;0
82912;0
82913;1
82914;1
82915;2
82916;0
82917;0
82918;0
82919;1
82920;0
82921;1
82922;1
82923;0
82924;27
82925;0
82926;30
82927;28
82928;0
82929;1
82930;2
82931;0
82932;0
82933;0
82934;1
82935;1
82936;0
82937;0
82938;2
82939;1
82940;0
82941;0
82942;1
82943;0
82944;1
82945;0
82946;0
82947;1
82948;0
82949;1
82950;0
82951;1
82952;0
82953;1
82954;1
82955;0
82956;0
82957;1
82958;0
82959;1
82960;0
82961;1
82962;0
82963;0
82964;1
82965;0
82966;0
82967;0
82968;2
82969;1
82970;0
82971;1
82972;0
82973;35
82974;36
82975;0
82976;1
82977;1
82978;0
82979;0
82980;0
82981;1
82982;0
82983;0
82984;1
82985;0
82986;35
82987;36
82988;1
82989;0
82990;0
82991;0
82992;1
82993;2
82994;0
82995;47
82996;51
82997;48
82998;0
82999;0
83000;1
83001;0
83002;1
83003;0
83004;0
83005;47
83006;48
83007;0
83008;1
83009;0
83010;1
83011;0
83012;1
83013;2
83014;0
83015;1
83016;1
83017;0
83018;0
83019;1
83020;1
83021;0
83022;0
83023;0
83024;0
83025;1
83026;0
83027;0
83028;0
83029;1
83030;0
83031;0
83032;21
83033;22
83034;0
83035;1
83036;0
83037;0
83038;0
83039;1
83040;0
83041;0
83042;1
83043;0
83044;0
83045;1
83046;0
83047;0
83048;1
83049;0
83050;1
83051;1
83052;0
83053;36
83054;35
83055;0
83056;0
83057;1
83058;2
83059;0
83060;1
83061;0
83062;1
83063;0
83064;0
83065;1
83066;0
83067;1
83068;1
83069;0
83070;0
83071;1
83072;0
83073;1
83074;2
83075;0
83076;0
83077;0
83078;0
83079;1
83080;2
83081;44
83082;1
83083;0
83084;45
83085;0
83086;1
83087;1
83088;44
83089;0
83090;45
83091;0
83092;1
83093;0
83094;0
83095;1
83096;0
83097;0
83098;1
83099;0
83100;35
83101;1
83102;0
83103;0
83104;1
83105;0
83106;0
83107;1
83108;0
83109;0
83110;42
83111;41
83112;0
83113;0
83114;1
83115;0
83116;1
83117;0
83118;1
83119;0
83120;0
83121;0
83122;0
83123;1
83124;0
83125;1
83126;0
83127;1
83128;0
83129;1
83130;0
83131;35
83132;36
83133;35
83134;36
83135;0
83136;0
83137;1
83138;0
83139;1
83140;0
83141;0
83142;1
83143;35
83144;36
83145;0
83146;0
83147;1
83148;1
83149;0
83150;0
83151;1
83152;0
83153;1
83154;0
83155;0
83156;1
83157;1
83158;2
83159;5
83160;0
83161;1
83162;0
83163;2
83164;0
83165;1
83166;0
83167;0
83168;0
83169;1
83170;0
83171;1
83172;1
83173;0
83174;0
83175;1
83176;0
83177;1
83178;0
83179;1
83180;0
83181;1
83182;0
83183;1
83184;0
83185;1
83186;0
83187;0
83188;0
83189;1
83190;0
83191;1
83192;46
83193;0
83194;0
83195;0
83196;0
83197;0
83198;1
83199;0
83200;1
83201;2
83202;0
83203;38
83204;41
83205;39
83206;0
83207;0
83208;1
83209;0
83210;0
83211;35
83212;0
83213;0
83214;0
83215;1
83216;0
83217;1
83218;0
83219;1
83220;0
83221;1
83222;0
83223;1
83224;0
83225;1
83226;0
83227;1
83228;0
83229;0
83230;0
83231;1
83232;0
83233;1
83234;0
83235;1
83236;0
83237;1
83238;0
83239;0
83240;0
83241;1
83242;0
83243;0
83244;1
83245;0
83246;0
83247;1
83248;0
83249;0
83250;1
83251;0
83252;1
83253;0
83254;1
83255;0
83256;1
83257;0
83258;18
83259;0
83260;1
83261;0
83262;1
83263;0
83264;1
83265;0
83266;0
83267;1
83268;35
83269;37
83270;0
83271;2
83272;1
83273;0
83274;55
83275;1
83276;56
83277;35
83278;36
83279;0
83280;1
83281;1
83282;0
83283;0
83284;1
83285;0
83286;44
83287;0
83288;0
83289;1
83290;0
83291;1
83292;0
83293;1
83294;56
83295;57
83296;0
83297;0
83298;1
83299;0
83300;0
83301;0
83302;2
83303;1
83304;0
83305;35
83306;36
83307;0
83308;37
83309;0
83310;1
83311;0
83312;0
83313;1
83314;0
83315;0
83316;1
83317;0
83318;1
83319;0
83320;1
83321;0
83322;1
83323;0
83324;1
83325;1
83326;0
83327;1
83328;0
83329;0
83330;1
83331;17
83332;18
83333;10
83334;11
83335;0
83336;0
83337;1
83338;0
83339;1
83340;0
83341;1
83342;2
83343;0
83344;0
83345;1
83346;0
83347;0
83348;1
83349;0
83350;0
83351;1
83352;0
83353;2
83354;0
83355;1
83356;0
83357;1
83358;0
83359;0
83360;0
83361;1
83362;0
83363;2
83364;1
83365;0
83366;1
83367;0
83368;1
83369;0
83370;1
83371;0
83372;0
83373;1
83374;0
83375;1
83376;0
83377;1
83378;0
83379;1
83380;0
83381;0
83382;1
83383;13
83384;1
83385;0
83386;1
83387;0
83388;0
83389;1
83390;41
83391;2
83392;0
83393;1
83394;2
83395;0
83396;1
83397;0
83398;10
83399;0
83400;1
83401;0
83402;1
83403;0
83404;0
83405;1
83406;0
83407;1
83408;2
83409;0
83410;0
83411;1
83412;0
83413;0
83414;1
83415;0
83416;0
83417;0
83418;0
83419;0
83420;1
83421;1
83422;0
83423;1
83424;0
83425;0
83426;35
83427;0
83428;1
83429;0
83430;1
83431;0
83432;1
83433;0
83434;1
83435;35
83436;61
83437;36
83438;63
83439;62
83440;0
83441;1
83442;1
83443;0
83444;0
83445;0
83446;1
83447;0
83448;1
83449;46
83450;48
83451;47
83452;0
83453;35
83454;36
83455;0
83456;0
83457;1
83458;0
83459;1
83460;0
83461;0
83462;1
83463;0
83464;0
83465;1
83466;0
83467;1
83468;0
83469;1
83470;0
83471;13
83472;0
83473;1
83474;0
83475;0
83476;1
83477;0
83478;1
83479;1
83480;0
83481;0
83482;1
83483;0
83484;1
83485;0
83486;1
83487;0
83488;1
83489;2
83490;0
83491;0
83492;1
83493;0
83494;1
83495;0
83496;1
83497;0
83498;10
83499;0
83500;1
83501;11
83502;1
83503;0
83504;1
83505;0
83506;0
83507;17
83508;9
83509;0
83510;19
83511;10
83512;18
83513;35
83514;0
83515;1
83516;0
83517;0
83518;1
83519;0
83520;0
83521;1
83522;0
83523;1
83524;17
83525;2
83526;19
83527;20
83528;0
83529;11
83530;18
83531;1
83532;0
83533;1
83534;0
83535;0
83536;1
83537;2
83538;1
83539;0
83540;1
83541;0
83542;0
83543;0
83544;0
83545;1
83546;0
83547;1
83548;0
83549;1
83550;0
83551;1
83552;0
83553;1
83554;48
83555;49
83556;40
83557;0
83558;1
83559;0
83560;1
83561;2
83562;0
83563;0
83564;1
83565;0
83566;16
83567;0
83568;0
83569;1
83570;0
83571;0
83572;1
83573;0
83574;1
83575;0
83576;0
83577;0
83578;0
83579;0
83580;35
83581;0
83582;0
83583;0
83584;0
83585;1
83586;0
83587;1
83588;0
83589;1
83590;2
83591;0
83592;1
83593;1
83594;0
83595;0
83596;1
83597;0
83598;0
83599;0
83600;0
83601;1
83602;0
83603;1
83604;0
83605;1
83606;0
83607;0
83608;0
83609;1
83610;2
83611;0
83612;1
83613;0
83614;72
83615;73
83616;70
83617;1
83618;0
83619;0
83620;0
83621;1
83622;2
83623;1
83624;0
83625;0
83626;1
83627;0
83628;1
83629;0
83630;43
83631;0
83632;0
83633;1
83634;0
83635;1
83636;0
83637;1
83638;0
83639;1
83640;0
83641;0
83642;1
83643;0
83644;1
83645;0
83646;0
83647;1
83648;1
83649;4
83650;0
83651;1
83652;0
83653;0
83654;0
83655;2
83656;1
83657;0
83658;1
83659;35
83660;36
83661;0
83662;1
83663;35
83664;0
83665;1
83666;0
83667;0
83668;0
83669;0
83670;0
83671;0
83672;1
83673;0
83674;41
83675;1
83676;0
83677;0
83678;1
83679;1
83680;0
83681;50
83682;35
83683;0
83684;1
83685;2
83686;0
83687;1
83688;0
83689;0
83690;0
83691;0
83692;1
83693;0
83694;0
83695;0
83696;2
83697;0
83698;1
83699;0
83700;2
83701;1
83702;1
83703;0
83704;0
83705;0
83706;1
83707;0
83708;1
83709;1
83710;0
83711;0
83712;1
83713;0
83714;1
83715;0
83716;0
83717;1
83718;0
83719;2
83720;1
83721;0
83722;1
83723;0
83724;48
83725;2
83726;1
83727;0
83728;0
83729;1
83730;1
83731;0
83732;0
83733;1
83734;0
83735;0
83736;1
83737;66
83738;67
83739;56
83740;52
83741;0
83742;1
83743;0
83744;0
83745;1
83746;1
83747;0
83748;1
83749;0
83750;0
83751;1
83752;0
83753;0
83754;47
83755;0
83756;46
83757;0
83758;1
83759;0
83760;1
83761;0
83762;1
83763;0
83764;0
83765;0
83766;0
83767;1
83768;0
83769;1
83770;1
83771;0
83772;0
83773;1
83774;0
83775;1
83776;0
83777;0
83778;1
83779;35
83780;0
83781;1
83782;0
83783;1
83784;0
83785;0
83786;0
83787;1
83788;1
83789;0
83790;0
83791;1
83792;0
83793;0
83794;0
83795;1
83796;2
83797;3
83798;1
83799;0
83800;1
83801;0
83802;0
83803;1
83804;0
83805;0
83806;1
83807;2
83808;0
83809;1
83810;1
83811;0
83812;0
83813;1
83814;0
83815;1
83816;0
83817;1
83818;1
83819;0
83820;0
83821;0
83822;0
83823;1
83824;0
83825;0
83826;2
83827;1
83828;1
83829;0
83830;0
83831;0
83832;1
83833;0
83834;10
83835;11
83836;1
83837;0
83838;0
83839;1
83840;0
83841;0
83842;1
83843;0
83844;2
83845;1
83846;0
83847;1
83848;2
83849;0
83850;1
83851;0
83852;0
83853;0
83854;0
83855;1
83856;0
83857;0
83858;1
83859;0
83860;0
83861;40
83862;2
83863;42
83864;1
83865;41
83866;0
83867;1
83868;0
83869;1
83870;0
83871;35
83872;0
83873;1
83874;0
83875;1
83876;0
83877;0
83878;0
83879;1
83880;0
83881;0
83882;1
83883;0
83884;51
83885;0
83886;1
83887;1
83888;0
83889;0
83890;1
83891;1
83892;0
83893;0
83894;1
83895;0
83896;0
83897;1
83898;0
83899;0
83900;1
83901;0
83902;2
83903;0
83904;1
83905;0
83906;0
83907;1
83908;1
83909;0
83910;38
83911;41
83912;39
83913;0
83914;1
83915;0
83916;35
83917;1
83918;38
83919;2
83920;1
83921;0
83922;2
83923;0
83924;1
83925;0
83926;1
83927;0
83928;0
83929;1
83930;0
83931;1
83932;0
83933;0
83934;1
83935;0
83936;1
83937;1
83938;0
83939;1
83940;0
83941;0
83942;1
83943;0
83944;0
83945;0
83946;0
83947;0
83948;1
83949;0
83950;0
83951;1
83952;1
83953;0
83954;0
83955;1
83956;0
83957;1
83958;0
83959;1
83960;1
83961;0
83962;0
83963;1
83964;10
83965;0
83966;1
83967;11
83968;0
83969;1
83970;0
83971;1
83972;0
83973;0
83974;0
83975;0
83976;1
83977;0
83978;0
83979;1
83980;0
83981;0
83982;0
83983;1
83984;0
83985;1
83986;2
83987;0
83988;1
83989;0
83990;1
83991;0
83992;1
83993;42
83994;2
83995;0
83996;1
83997;0
83998;1
83999;0
84000;0
84001;1
84002;1
84003;0
84004;0
84005;1
84006;0
84007;0
84008;0
84009;1
84010;0
84011;0
84012;0
84013;1
84014;36
84015;35
84016;37
84017;0
84018;1
84019;0
84020;1
84021;2
84022;0
84023;1
84024;0
84025;2
84026;0
84027;2
84028;0
84029;1
84030;0
84031;1
84032;0
84033;41
84034;0
84035;1
84036;1
84037;0
84038;0
84039;2
84040;1
84041;0
84042;36
84043;35
84044;0
84045;1
84046;0
84047;1
84048;0
84049;1
84050;0
84051;0
84052;1
84053;0
84054;0
84055;1
84056;0
84057;1
84058;0
84059;0
84060;0
84061;1
84062;0
84063;1
84064;1
84065;0
84066;2
84067;0
84068;0
84069;0
84070;0
84071;1
84072;0
84073;1
84074;0
84075;1
84076;0
84077;1
84078;0
84079;1
84080;0
84081;0
84082;1
84083;1
84084;0
84085;46
84086;0
84087;1
84088;1
84089;0
84090;1
84091;0
84092;0
84093;0
84094;1
84095;0
84096;2
84097;1
84098;0
84099;1
84100;0
84101;0
84102;1
84103;0
84104;1
84105;0
84106;2
84107;1
84108;0
84109;1
84110;0
84111;1
84112;0
84113;0
84114;1
84115;0
84116;1
84117;0
84118;1
84119;0
84120;0
84121;0
84122;0
84123;0
84124;1
84125;0
84126;1
84127;0
84128;0
84129;1
84130;1
84131;0
84132;0
84133;0
84134;1
84135;0
84136;0
84137;1
84138;0
84139;0
84140;0
84141;1
84142;0
84143;1
84144;1
84145;0
84146;1
84147;0
84148;1
84149;0
84150;0
84151;1
84152;0
84153;0
84154;1
84155;0
84156;0
84157;0
84158;44
84159;1
84160;0
84161;0
84162;1
84163;1
84164;0
84165;0
84166;0
84167;1
84168;35
84169;36
84170;0
84171;1
84172;0
84173;1
84174;0
84175;0
84176;1
84177;0
84178;1
84179;0
84180;1
84181;1
84182;0
84183;0
84184;1
84185;0
84186;1
84187;0
84188;1
84189;0
84190;0
84191;1
84192;24
84193;0
84194;47
84195;1
84196;0
84197;1
84198;1
84199;0
84200;0
84201;0
84202;1
84203;0
84204;1
84205;0
84206;0
84207;0
84208;1
84209;21
84210;22
84211;36
84212;1
84213;0
84214;2
84215;0
84216;0
84217;1
84218;0
84219;1
84220;0
84221;1
84222;0
84223;1
84224;0
84225;0
84226;0
84227;0
84228;0
84229;0
84230;10
84231;11
84232;0
84233;1
84234;0
84235;2
84236;1
84237;0
84238;1
84239;48
84240;47
84241;0
84242;0
84243;0
84244;1
84245;0
84246;0
84247;0
84248;0
84249;1
84250;0
84251;1
84252;0
84253;0
84254;4
84255;0
84256;1
84257;0
84258;0
84259;61
84260;1
84261;0
84262;0
84263;1
84264;0
84265;1
84266;0
84267;0
84268;0
84269;16
84270;0
84271;18
84272;19
84273;1
84274;17
84275;1
84276;0
84277;0
84278;1
84279;0
84280;1
84281;0
84282;1
84283;0
84284;0
84285;1
84286;1
84287;0
84288;0
84289;1
84290;0
84291;0
84292;1
84293;0
84294;1
84295;0
84296;1
84297;0
84298;1
84299;4
84300;0
84301;0
84302;0
84303;1
84304;1
84305;0
84306;2
84307;0
84308;1
84309;0
84310;1
84311;0
84312;1
84313;0
84314;1
84315;0
84316;1
84317;44
84318;0
84319;1
84320;0
84321;0
84322;1
84323;0
84324;1
84325;0
84326;0
84327;0
84328;1
84329;0
84330;1
84331;2
84332;35
84333;0
84334;2
84335;0
84336;1
84337;0
84338;1
84339;0
84340;0
84341;1
84342;2
84343;0
84344;1
84345;0
84346;0
84347;0
84348;1
84349;0
84350;1
84351;0
84352;16
84353;15
84354;18
84355;17
84356;35
84357;0
84358;1
84359;0
84360;1
84361;0
84362;1
84363;0
84364;1
84365;0
84366;41
84367;0
84368;1
84369;0
84370;1
84371;0
84372;1
84373;0
84374;1
84375;0
84376;0
84377;1
84378;0
84379;0
84380;1
84381;0
84382;0
84383;1
84384;0
84385;39
84386;0
84387;1
84388;0
84389;0
84390;1
84391;0
84392;1
84393;0
84394;0
84395;1
84396;0
84397;1
84398;0
84399;0
84400;0
84401;0
84402;0
84403;0
84404;1
84405;0
84406;1
84407;0
84408;1
84409;0
84410;0
84411;1
84412;0
84413;1
84414;0
84415;0
84416;1
84417;0
84418;1
84419;0
84420;0
84421;1
84422;1
84423;0
84424;0
84425;1
84426;2
84427;26
84428;25
84429;0
84430;0
84431;1
84432;0
84433;35
84434;36
84435;0
84436;0
84437;1
84438;0
84439;1
84440;1
84441;0
84442;0
84443;1
84444;0
84445;1
84446;2
84447;0
84448;0
84449;0
84450;1
84451;0
84452;2
84453;0
84454;1
84455;0
84456;9
84457;0
84458;1
84459;0
84460;0
84461;2
84462;1
84463;0
84464;1
84465;1
84466;0
84467;0
84468;0
84469;1
84470;0
84471;0
84472;2
84473;1
84474;0
84475;6
84476;35
84477;1
84478;0
84479;1
84480;0
84481;1
84482;0
84483;1
84484;0
84485;1
84486;0
84487;1
84488;0
84489;1
84490;0
84491;14
84492;13
84493;0
84494;1
84495;1
84496;1
84497;0
84498;0
84499;1
84500;0
84501;0
84502;0
84503;0
84504;0
84505;1
84506;0
84507;0
84508;0
84509;29
84510;30
84511;0
84512;44
84513;45
84514;0
84515;1
84516;1
84517;0
84518;0
84519;0
84520;1
84521;0
84522;1
84523;0
84524;35
84525;1
84526;0
84527;2
84528;0
84529;1
84530;0
84531;1
84532;0
84533;1
84534;0
84535;0
84536;1
84537;0
84538;1
84539;0
84540;1
84541;0
84542;3
84543;1
84544;4
84545;0
84546;1
84547;0
84548;1
84549;1
84550;9
84551;6
84552;8
84553;0
84554;0
84555;3
84556;2
84557;1
84558;0
84559;1
84560;0
84561;0
84562;1
84563;0
84564;1
84565;1
84566;0
84567;1
84568;0
84569;0
84570;1
84571;0
84572;1
84573;0
84574;2
84575;1
84576;0
84577;1
84578;45
84579;0
84580;0
84581;0
84582;0
84583;0
84584;0
84585;0
84586;0
84587;1
84588;2
84589;1
84590;0
84591;0
84592;0
84593;0
84594;1
84595;1
84596;0
84597;1
84598;0
84599;0
84600;1
84601;0
84602;2
84603;0
84604;1
84605;0
84606;1
84607;1
84608;0
84609;0
84610;0
84611;1
84612;0
84613;0
84614;1
84615;1
84616;0
84617;0
84618;1
84619;0
84620;0
84621;0
84622;1
84623;0
84624;1
84625;0
84626;0
84627;1
84628;4
84629;0
84630;1
84631;0
84632;0
84633;0
84634;41
84635;0
84636;40
84637;42
84638;1
84639;0
84640;49
84641;48
84642;0
84643;1
84644;0
84645;1
84646;0
84647;0
84648;0
84649;1
84650;0
84651;0
84652;0
84653;1
84654;1
84655;0
84656;0
84657;0
84658;43
84659;0
84660;0
84661;0
84662;1
84663;0
84664;0
84665;0
84666;1
84667;0
84668;1
84669;0
84670;35
84671;36
84672;0
84673;0
84674;0
84675;1
84676;2
84677;0
84678;1
84679;0
84680;0
84681;0
84682;1
84683;1
84684;0
84685;0
84686;1
84687;35
84688;0
84689;1
84690;0
84691;1
84692;1
84693;0
84694;0
84695;1
84696;0
84697;1
84698;0
84699;0
84700;1
84701;1
84702;0
84703;14
84704;13
84705;36
84706;35
84707;12
84708;0
84709;0
84710;0
84711;1
84712;1
84713;0
84714;0
84715;1
84716;0
84717;1
84718;1
84719;0
84720;0
84721;1
84722;0
84723;35
84724;1
84725;0
84726;0
84727;54
84728;1
84729;0
84730;1
84731;0
84732;1
84733;0
84734;1
84735;0
84736;0
84737;0
84738;0
84739;1
84740;0
84741;1
84742;0
84743;35
84744;0
84745;0
84746;1
84747;0
84748;0
84749;1
84750;0
84751;1
84752;0
84753;1
84754;0
84755;1
84756;0
84757;1
84758;0
84759;1
84760;0
84761;1
84762;1
84763;0
84764;0
84765;1
84766;1
84767;0
84768;0
84769;0
84770;1
84771;0
84772;1
84773;0
84774;1
84775;0
84776;1
84777;1
84778;0
84779;0
84780;1
84781;0
84782;1
84783;0
84784;2
84785;1
84786;1
84787;0
84788;0
84789;1
84790;0
84791;1
84792;1
84793;0
84794;0
84795;0
84796;1
84797;0
84798;1
84799;0
84800;0
84801;1
84802;0
84803;2
84804;1
84805;0
84806;1
84807;0
84808;0
84809;1
84810;0
84811;0
84812;0
84813;1
84814;0
84815;1
84816;0
84817;1
84818;0
84819;1
84820;1
84821;0
84822;0
84823;0
84824;1
84825;0
84826;0
84827;1
84828;2
84829;0
84830;1
84831;4
84832;0
84833;1
84834;0
84835;0
84836;0
84837;1
84838;1
84839;0
84840;1
84841;0
84842;0
84843;1
84844;0
84845;1
84846;0
84847;0
84848;1
84849;0
84850;0
84851;1
84852;0
84853;1
84854;1
84855;0
84856;0
84857;2
84858;1
84859;1
84860;0
84861;1
84862;0
84863;1
84864;0
84865;0
84866;0
84867;47
84868;1
84869;48
84870;0
84871;0
84872;2
84873;1
84874;0
84875;1
84876;50
84877;41
84878;0
84879;1
84880;2
84881;0
84882;0
84883;14
84884;15
84885;0
84886;0
84887;1
84888;1
84889;0
84890;0
84891;1
84892;0
84893;0
84894;1
84895;0
84896;0
84897;1
84898;0
84899;0
84900;1
84901;0
84902;1
84903;0
84904;1
84905;1
84906;0
84907;47
84908;0
84909;0
84910;1
84911;35
84912;0
84913;0
84914;1
84915;0
84916;1
84917;0
84918;0
84919;1
84920;0
84921;0
84922;35
84923;36
84924;0
84925;2
84926;0
84927;0
84928;1
84929;0
84930;1
84931;0
84932;0
84933;1
84934;0
84935;0
84936;1
84937;0
84938;0
84939;12
84940;0
84941;0
84942;0
84943;0
84944;0
84945;2
84946;0
84947;1
84948;0
84949;1
84950;0
84951;1
84952;0
84953;1
84954;0
84955;0
84956;1
84957;35
84958;36
84959;0
84960;0
84961;0
84962;1
84963;0
84964;0
84965;1
84966;0
84967;0
84968;0
84969;2
84970;1
84971;0
84972;1
84973;0
84974;0
84975;1
84976;4
84977;1
84978;0
84979;0
84980;0
84981;1
84982;0
84983;2
84984;1
84985;0
84986;0
84987;0
84988;0
84989;1
84990;0
84991;1
84992;0
84993;0
84994;1
84995;1
84996;0
84997;0
84998;1
84999;0
85000;1
85001;0
85002;1
85003;0
85004;1
85005;0
85006;1
85007;0
85008;1
85009;0
85010;1
85011;2
85012;0
85013;1
85014;0
85015;1
85016;0
85017;1
85018;0
85019;0
85020;2
85021;0
85022;1
85023;0
85024;42
85025;0
85026;40
85027;1
85028;0
85029;1
85030;2
85031;0
85032;1
85033;2
85034;0
85035;0
85036;0
85037;1
85038;0
85039;0
85040;0
85041;48
85042;47
85043;1
85044;1
85045;0
85046;0
85047;0
85048;1
85049;0
85050;0
85051;0
85052;48
85053;2
85054;1
85055;1
85056;0
85057;0
85058;0
85059;0
85060;0
85061;0
85062;1
85063;0
85064;1
85065;0
85066;1
85067;50
85068;1
85069;0
85070;0
85071;1
85072;0
85073;0
85074;1
85075;1
85076;0
85077;58
85078;0
85079;44
85080;60
85081;0
85082;0
85083;1
85084;0
85085;0
85086;0
85087;35
85088;0
85089;1
85090;0
85091;1
85092;0
85093;1
85094;0
85095;0
85096;0
85097;2
85098;0
85099;1
85100;1
85101;0
85102;0
85103;1
85104;0
85105;1
85106;0
85107;1
85108;0
85109;1
85110;0
85111;1
85112;1
85113;0
85114;2
85115;0
85116;0
85117;1
85118;1
85119;0
85120;0
85121;0
85122;0
85123;0
85124;1
85125;0
85126;0
85127;42
85128;40
85129;1
85130;0
85131;1
85132;0
85133;0
85134;0
85135;0
85136;1
85137;0
85138;1
85139;1
85140;0
85141;0
85142;0
85143;0
85144;1
85145;0
85146;0
85147;0
85148;1
85149;0
85150;0
85151;1
85152;0
85153;1
85154;0
85155;0
85156;0
85157;0
85158;0
85159;1
85160;0
85161;0
85162;0
85163;1
85164;1
85165;0
85166;0
85167;42
85168;1
85169;0
85170;2
85171;0
85172;0
85173;1
85174;0
85175;1
85176;1
85177;0
85178;1
85179;0
85180;2
85181;0
85182;1
85183;0
85184;1
85185;2
85186;1
85187;0
85188;1
85189;0
85190;1
85191;0
85192;1
85193;0
85194;0
85195;0
85196;1
85197;0
85198;0
85199;2
85200;0
85201;1
85202;0
85203;1
85204;43
85205;42
85206;0
85207;1
85208;0
85209;1
85210;0
85211;0
85212;1
85213;35
85214;36
85215;1
85216;0
85217;0
85218;0
85219;1
85220;0
85221;1
85222;1
85223;0
85224;0
85225;1
85226;2
85227;0
85228;0
85229;1
85230;0
85231;2
85232;1
85233;0
85234;0
85235;1
85236;0
85237;23
85238;24
85239;0
85240;0
85241;1
85242;0
85243;0
85244;0
85245;0
85246;0
85247;0
85248;0
85249;1
85250;1
85251;0
85252;1
85253;0
85254;0
85255;1
85256;0
85257;1
85258;0
85259;0
85260;0
85261;0
85262;0
85263;0
85264;1
85265;0
85266;0
85267;2
85268;0
85269;1
85270;0
85271;1
85272;35
85273;1
85274;0
85275;35
85276;36
85277;0
85278;1
85279;0
85280;1
85281;0
85282;1
85283;0
85284;0
85285;2
85286;0
85287;1
85288;0
85289;0
85290;0
85291;1
85292;0
85293;4
85294;1
85295;5
85296;35
85297;0
85298;0
85299;0
85300;1
85301;0
85302;1
85303;0
85304;1
85305;0
85306;0
85307;0
85308;1
85309;0
85310;0
85311;0
85312;1
85313;0
85314;1
85315;1
85316;0
85317;1
85318;0
85319;35
85320;36
85321;0
85322;1
85323;2
85324;0
85325;0
85326;0
85327;2
85328;0
85329;1
85330;0
85331;1
85332;0
85333;0
85334;1
85335;0
85336;0
85337;0
85338;1
85339;0
85340;2
85341;1
85342;6
85343;8
85344;0
85345;0
85346;0
85347;0
85348;1
85349;1
85350;0
85351;0
85352;1
85353;2
85354;0
85355;0
85356;1
85357;0
85358;1
85359;0
85360;1
85361;0
85362;0
85363;0
85364;47
85365;48
85366;1
85367;0
85368;1
85369;0
85370;2
85371;0
85372;1
85373;0
85374;0
85375;1
85376;0
85377;0
85378;1
85379;0
85380;0
85381;1
85382;0
85383;1
85384;0
85385;1
85386;35
85387;36
85388;6
85389;36
85390;38
85391;3
85392;5
85393;4
85394;37
85395;1
85396;51
85397;52
85398;0
85399;0
85400;0
85401;1
85402;0
85403;1
85404;1
85405;0
85406;0
85407;1
85408;1
85409;0
85410;0
85411;1
85412;1
85413;0
85414;0
85415;1
85416;3
85417;0
85418;0
85419;1
85420;0
85421;1
85422;0
85423;20
85424;19
85425;0
85426;1
85427;0
85428;1
85429;0
85430;1
85431;0
85432;1
85433;0
85434;1
85435;1
85436;0
85437;0
85438;1
85439;1
85440;0
85441;0
85442;1
85443;0
85444;1
85445;0
85446;0
85447;0
85448;0
85449;0
85450;1
85451;0
85452;1
85453;0
85454;0
85455;0
85456;1
85457;0
85458;0
85459;0
85460;0
85461;1
85462;0
85463;0
85464;35
85465;36
85466;0
85467;1
85468;0
85469;1
85470;0
85471;0
85472;0
85473;1
85474;0
85475;1
85476;0
85477;1
85478;0
85479;1
85480;0
85481;0
85482;36
85483;35
85484;0
85485;1
85486;0
85487;2
85488;1
85489;0
85490;1
85491;0
85492;1
85493;0
85494;0
85495;1
85496;0
85497;2
85498;1
85499;0
85500;0
85501;1
85502;0
85503;0
85504;0
85505;0
85506;1
85507;0
85508;0
85509;0
85510;0
85511;1
85512;54
85513;0
85514;0
85515;1
85516;0
85517;1
85518;0
85519;1
85520;0
85521;0
85522;1
85523;0
85524;1
85525;0
85526;1
85527;0
85528;0
85529;0
85530;1
85531;0
85532;1
85533;0
85534;0
85535;1
85536;0
85537;0
85538;1
85539;0
85540;1
85541;0
85542;1
85543;1
85544;0
85545;0
85546;1
85547;0
85548;1
85549;0
85550;2
85551;1
85552;0
85553;0
85554;1
85555;0
85556;13
85557;14
85558;38
85559;0
85560;2
85561;0
85562;0
85563;1
85564;42
85565;0
85566;0
85567;1
85568;0
85569;2
85570;1
85571;0
85572;1
85573;0
85574;1
85575;0
85576;0
85577;0
85578;1
85579;0
85580;1
85581;0
85582;1
85583;1
85584;0
85585;43
85586;0
85587;42
85588;1
85589;0
85590;0
85591;1
85592;0
85593;2
85594;1
85595;35
85596;1
85597;0
85598;0
85599;0
85600;0
85601;1
85602;0
85603;2
85604;1
85605;0
85606;0
85607;1
85608;45
85609;0
85610;1
85611;0
85612;0
85613;1
85614;1
85615;44
85616;0
85617;0
85618;1
85619;0
85620;1
85621;0
85622;1
85623;0
85624;0
85625;2
85626;1
85627;0
85628;1
85629;35
85630;0
85631;1
85632;0
85633;0
85634;0
85635;1
85636;0
85637;0
85638;1
85639;1
85640;0
85641;1
85642;0
85643;0
85644;1
85645;0
85646;0
85647;0
85648;1
85649;0
85650;0
85651;0
85652;1
85653;0
85654;0
85655;1
85656;35
85657;36
85658;0
85659;0
85660;0
85661;0
85662;0
85663;1
85664;0
85665;1
85666;0
85667;2
85668;47
85669;1
85670;0
85671;49
85672;48
85673;0
85674;0
85675;1
85676;0
85677;0
85678;1
85679;0
85680;0
85681;44
85682;52
85683;1
85684;53
85685;51
85686;1
85687;0
85688;0
85689;0
85690;2
85691;1
85692;0
85693;1
85694;0
85695;1
85696;0
85697;0
85698;0
85699;0
85700;1
85701;30
85702;1
85703;0
85704;0
85705;1
85706;35
85707;36
85708;0
85709;1
85710;0
85711;1
85712;0
85713;1
85714;0
85715;1
85716;0
85717;1
85718;0
85719;1
85720;2
85721;0
85722;0
85723;1
85724;0
85725;1
85726;0
85727;1
85728;39
85729;0
85730;40
85731;0
85732;0
85733;2
85734;0
85735;0
85736;0
85737;2
85738;1
85739;0
85740;1
85741;0
85742;1
85743;0
85744;1
85745;0
85746;0
85747;1
85748;0
85749;1
85750;0
85751;1
85752;0
85753;1
85754;0
85755;0
85756;1
85757;0
85758;0
85759;0
85760;0
85761;0
85762;1
85763;0
85764;1
85765;1
85766;0
85767;0
85768;0
85769;0
85770;1
85771;0
85772;1
85773;0
85774;1
85775;0
85776;0
85777;1
85778;37
85779;11
85780;39
85781;12
85782;35
85783;0
85784;0
85785;0
85786;0
85787;0
85788;1
85789;0
85790;1
85791;0
85792;0
85793;0
85794;1
85795;35
85796;36
85797;0
85798;0
85799;0
85800;35
85801;36
85802;1
85803;0
85804;0
85805;1
85806;2
85807;0
85808;1
85809;0
85810;1
85811;0
85812;1
85813;0
85814;1
85815;0
85816;1
85817;0
85818;1
85819;1
85820;2
85821;0
85822;0
85823;1
85824;0
85825;1
85826;0
85827;0
85828;0
85829;0
85830;1
85831;0
85832;1
85833;0
85834;0
85835;1
85836;1
85837;0
85838;0
85839;5
85840;1
85841;0
85842;1
85843;0
85844;1
85845;0
85846;4
85847;0
85848;1
85849;1
85850;0
85851;0
85852;4
85853;0
85854;3
85855;1
85856;0
85857;0
85858;1
85859;2
85860;0
85861;1
85862;0
85863;0
85864;57
85865;2
85866;1
85867;65
85868;66
85869;0
85870;0
85871;1
85872;70
85873;72
85874;71
85875;0
85876;0
85877;1
85878;0
85879;0
85880;1
85881;0
85882;22
85883;0
85884;0
85885;1
85886;0
85887;1
85888;0
85889;1
85890;0
85891;0
85892;0
85893;0
85894;1
85895;35
85896;36
85897;1
85898;0
85899;0
85900;1
85901;1
85902;0
85903;0
85904;1
85905;1
85906;0
85907;1
85908;0
85909;0
85910;1
85911;0
85912;0
85913;1
85914;0
85915;1
85916;0
85917;1
85918;0
85919;0
85920;1
85921;0
85922;0
85923;1
85924;0
85925;1
85926;2
85927;0
85928;1
85929;0
85930;1
85931;0
85932;0
85933;0
85934;0
85935;0
85936;49
85937;0
85938;0
85939;1
85940;0
85941;1
85942;0
85943;0
85944;1
85945;0
85946;1
85947;0
85948;33
85949;1
85950;0
85951;0
85952;0
85953;1
85954;0
85955;1
85956;2
85957;1
85958;0
85959;0
85960;1
85961;0
85962;1
85963;1
85964;0
85965;70
85966;50
85967;51
85968;0
85969;1
85970;0
85971;0
85972;0
85973;1
85974;1
85975;0
85976;1
85977;0
85978;25
85979;24
85980;35
85981;37
85982;0
85983;0
85984;1
85985;0
85986;1
85987;0
85988;0
85989;6
85990;35
85991;0
85992;1
85993;0
85994;0
85995;1
85996;0
85997;1
85998;0
85999;1
86000;0
86001;0
86002;41
86003;0
86004;1
86005;0
86006;0
86007;1
86008;0
86009;1
86010;0
86011;1
86012;0
86013;0
86014;1
86015;0
86016;0
86017;2
86018;45
86019;0
86020;1
86021;2
86022;0
86023;2
86024;1
86025;0
86026;0
86027;1
86028;0
86029;0
86030;1
86031;1
86032;0
86033;0
86034;1
86035;0
86036;1
86037;0
86038;1
86039;1
86040;0
86041;0
86042;1
86043;0
86044;1
86045;0
86046;0
86047;1
86048;2
86049;0
86050;1
86051;0
86052;0
86053;1
86054;0
86055;1
86056;0
86057;1
86058;0
86059;1
86060;0
86061;5
86062;45
86063;46
86064;0
86065;4
86066;1
86067;1
86068;0
86069;2
86070;0
86071;1
86072;0
86073;1
86074;0
86075;2
86076;1
86077;0
86078;1
86079;0
86080;1
86081;0
86082;2
86083;1
86084;49
86085;0
86086;50
86087;35
86088;1
86089;0
86090;0
86091;0
86092;1
86093;0
86094;36
86095;35
86096;0
86097;0
86098;1
86099;0
86100;2
86101;1
86102;35
86103;36
86104;0
86105;1
86106;41
86107;1
86108;0
86109;0
86110;1
86111;1
86112;0
86113;0
86114;1
86115;0
86116;0
86117;0
86118;0
86119;0
86120;1
86121;0
86122;0
86123;1
86124;0
86125;1
86126;0
86127;0
86128;1
86129;40
86130;47
86131;0
86132;48
86133;0
86134;1
86135;0
86136;1
86137;0
86138;0
86139;1
86140;0
86141;0
86142;1
86143;25
86144;26
86145;1
86146;0
86147;0
86148;41
86149;2
86150;0
86151;1
86152;1
86153;0
86154;0
86155;35
86156;1
86157;0
86158;0
86159;1
86160;0
86161;1
86162;0
86163;1
86164;0
86165;0
86166;1
86167;2
86168;0
86169;1
86170;36
86171;35
86172;0
86173;0
86174;1
86175;0
86176;2
86177;1
86178;0
86179;1
86180;0
86181;1
86182;0
86183;1
86184;0
86185;0
86186;0
86187;1
86188;0
86189;1
86190;1
86191;0
86192;1
86193;0
86194;0
86195;35
86196;37
86197;0
86198;1
86199;0
86200;1
86201;1
86202;0
86203;1
86204;0
86205;1
86206;0
86207;1
86208;0
86209;0
86210;1
86211;1
86212;0
86213;0
86214;1
86215;0
86216;1
86217;0
86218;0
86219;1
86220;1
86221;0
86222;0
86223;1
86224;0
86225;1
86226;0
86227;0
86228;1
86229;0
86230;1
86231;0
86232;0
86233;1
86234;0
86235;1
86236;0
86237;1
86238;0
86239;35
86240;37
86241;0
86242;1
86243;0
86244;1
86245;0
86246;1
86247;1
86248;0
86249;1
86250;0
86251;0
86252;0
86253;1
86254;0
86255;1
86256;36
86257;35
86258;0
86259;0
86260;1
86261;0
86262;1
86263;0
86264;0
86265;1
86266;0
86267;1
86268;0
86269;1
86270;1
86271;0
86272;0
86273;0
86274;0
86275;1
86276;2
86277;0
86278;41
86279;1
86280;42
86281;1
86282;0
86283;0
86284;21
86285;18
86286;41
86287;0
86288;1
86289;0
86290;0
86291;1
86292;0
86293;0
86294;1
86295;0
86296;0
86297;1
86298;0
86299;1
86300;0
86301;1
86302;0
86303;0
86304;0
86305;1
86306;0
86307;1
86308;0
86309;1
86310;0
86311;1
86312;0
86313;0
86314;1
86315;1
86316;0
86317;0
86318;1
86319;0
86320;0
86321;1
86322;0
86323;1
86324;0
86325;0
86326;0
86327;35
86328;36
86329;0
86330;1
86331;42
86332;0
86333;1
86334;0
86335;1
86336;2
86337;0
86338;3
86339;0
86340;1
86341;0
86342;1
86343;0
86344;1
86345;0
86346;0
86347;0
86348;0
86349;2
86350;1
86351;1
86352;0
86353;0
86354;1
86355;0
86356;0
86357;0
86358;0
86359;1
86360;0
86361;0
86362;1
86363;0
86364;0
86365;1
86366;0
86367;1
86368;0
86369;0
86370;1
86371;0
86372;1
86373;1
86374;0
86375;0
86376;1
86377;0
86378;1
86379;1
86380;0
86381;0
86382;0
86383;2
86384;1
86385;12
86386;0
86387;13
86388;0
86389;1
86390;0
86391;0
86392;1
86393;0
86394;1
86395;0
86396;1
86397;0
86398;1
86399;0
86400;0
86401;1
86402;0
86403;1
86404;0
86405;0
86406;1
86407;0
86408;1
86409;0
86410;0
86411;0
86412;2
86413;1
86414;0
86415;0
86416;0
86417;0
86418;1
86419;0
86420;26
86421;27
86422;0
86423;0
86424;1
86425;0
86426;0
86427;0
86428;1
86429;0
86430;1
86431;0
86432;0
86433;1
86434;0
86435;1
86436;0
86437;1
86438;0
86439;1
86440;2
86441;35
86442;36
86443;0
86444;0
86445;0
86446;0
86447;1
86448;0
86449;1
86450;0
86451;1
86452;0
86453;0
86454;40
86455;1
86456;0
86457;0
86458;1
86459;2
86460;1
86461;0
86462;0
86463;1
86464;0
86465;2
86466;1
86467;35
86468;36
86469;0
86470;0
86471;1
86472;0
86473;0
86474;1
86475;0
86476;1
86477;0
86478;0
86479;1
86480;0
86481;0
86482;0
86483;1
86484;0
86485;1
86486;0
86487;60
86488;61
86489;1
86490;59
86491;1
86492;0
86493;2
86494;52
86495;53
86496;0
86497;27
86498;1
86499;0
86500;0
86501;1
86502;0
86503;0
86504;0
86505;0
86506;1
86507;0
86508;1
86509;0
86510;1
86511;0
86512;1
86513;0
86514;1
86515;0
86516;0
86517;0
86518;0
86519;0
86520;1
86521;1
86522;0
86523;0
86524;1
86525;0
86526;0
86527;0
86528;0
86529;0
86530;1
86531;0
86532;0
86533;49
86534;48
86535;1
86536;0
86537;41
86538;1
86539;0
86540;0
86541;1
86542;1
86543;0
86544;0
86545;1
86546;0
86547;0
86548;48
86549;1
86550;0
86551;0
86552;1
86553;0
86554;2
86555;1
86556;0
86557;0
86558;1
86559;0
86560;1
86561;0
86562;0
86563;1
86564;51
86565;44
86566;0
86567;1
86568;1
86569;0
86570;0
86571;0
86572;0
86573;1
86574;0
86575;1
86576;1
86577;0
86578;0
86579;0
86580;45
86581;0
86582;44
86583;0
86584;0
86585;1
86586;1
86587;0
86588;0
86589;1
86590;1
86591;0
86592;0
86593;0
86594;1
86595;1
86596;0
86597;2
86598;0
86599;1
86600;0
86601;1
86602;0
86603;1
86604;0
86605;0
86606;1
86607;0
86608;1
86609;0
86610;1
86611;0
86612;1
86613;0
86614;2
86615;1
86616;0
86617;1
86618;0
86619;1
86620;0
86621;1
86622;2
86623;0
86624;2
86625;0
86626;1
86627;0
86628;1
86629;2
86630;0
86631;0
86632;1
86633;0
86634;0
86635;0
86636;0
86637;0
86638;1
86639;0
86640;79
86641;1
86642;78
86643;0
86644;77
86645;0
86646;0
86647;1
86648;0
86649;1
86650;0
86651;0
86652;0
86653;1
86654;0
86655;0
86656;0
86657;1
86658;0
86659;0
86660;1
86661;0
86662;0
86663;0
86664;1
86665;0
86666;0
86667;1
86668;1
86669;0
86670;1
86671;0
86672;0
86673;1
86674;0
86675;0
86676;1
86677;0
86678;1
86679;0
86680;0
86681;1
86682;0
86683;0
86684;0
86685;1
86686;0
86687;1
86688;0
86689;1
86690;0
86691;0
86692;1
86693;2
86694;0
86695;0
86696;1
86697;0
86698;0
86699;1
86700;43
86701;45
86702;0
86703;0
86704;0
86705;1
86706;0
86707;0
86708;1
86709;0
86710;1
86711;0
86712;0
86713;1
86714;2
86715;1
86716;0
86717;1
86718;0
86719;0
86720;1
86721;0
86722;0
86723;1
86724;0
86725;0
86726;1
86727;1
86728;0
86729;0
86730;0
86731;1
86732;2
86733;0
86734;0
86735;0
86736;1
86737;0
86738;1
86739;0
86740;0
86741;0
86742;0
86743;1
86744;0
86745;0
86746;1
86747;1
86748;0
86749;1
86750;0
86751;0
86752;0
86753;0
86754;1
86755;0
86756;1
86757;2
86758;0
86759;1
86760;0
86761;1
86762;1
86763;0
86764;0
86765;1
86766;2
86767;1
86768;0
86769;0
86770;1
86771;35
86772;36
86773;37
86774;0
86775;0
86776;2
86777;1
86778;0
86779;1
86780;0
86781;1
86782;0
86783;0
86784;50
86785;0
86786;41
86787;52
86788;51
86789;0
86790;0
86791;1
86792;0
86793;1
86794;0
86795;1
86796;1
86797;0
86798;0
86799;1
86800;0
86801;0
86802;1
86803;0
86804;1
86805;0
86806;1
86807;0
86808;1
86809;0
86810;0
86811;1
86812;42
86813;41
86814;40
86815;0
86816;1
86817;0
86818;35
86819;0
86820;1
86821;0
86822;0
86823;2
86824;0
86825;1
86826;1
86827;0
86828;0
86829;2
86830;1
86831;0
86832;0
86833;38
86834;37
86835;0
86836;0
86837;1
86838;0
86839;0
86840;1
86841;0
86842;0
86843;35
86844;36
86845;0
86846;0
86847;1
86848;0
86849;1
86850;0
86851;35
86852;1
86853;0
86854;0
86855;1
86856;0
86857;0
86858;1
86859;0
86860;1
86861;0
86862;0
86863;0
86864;0
86865;0
86866;1
86867;0
86868;0
86869;0
86870;0
86871;1
86872;2
86873;1
86874;0
86875;0
86876;1
86877;0
86878;1
86879;0
86880;0
86881;0
86882;1
86883;0
86884;1
86885;1
86886;0
86887;0
86888;0
86889;1
86890;0
86891;1
86892;0
86893;0
86894;0
86895;1
86896;1
86897;0
86898;0
86899;0
86900;1
86901;0
86902;0
86903;1
86904;0
86905;1
86906;0
86907;1
86908;0
86909;1
86910;0
86911;12
86912;0
86913;1
86914;48
86915;0
86916;1
86917;0
86918;0
86919;1
86920;0
86921;1
86922;0
86923;1
86924;35
86925;0
86926;1
86927;0
86928;0
86929;1
86930;0
86931;0
86932;1
86933;0
86934;0
86935;1
86936;0
86937;1
86938;0
86939;1
86940;0
86941;0
86942;1
86943;0
86944;1
86945;0
86946;0
86947;1
86948;0
86949;0
86950;2
86951;1
86952;0
86953;1
86954;0
86955;0
86956;1
86957;0
86958;1
86959;0
86960;1
86961;0
86962;2
86963;1
86964;0
86965;40
86966;1
86967;1
86968;0
86969;0
86970;2
86971;14
86972;1
86973;0
86974;0
86975;1
86976;0
86977;1
86978;0
86979;0
86980;1
86981;35
86982;36
86983;0
86984;1
86985;1
86986;0
86987;21
86988;12
86989;20
86990;42
86991;40
86992;1
86993;0
86994;0
86995;2
86996;1
86997;1
86998;0
86999;0
87000;1
87001;0
87002;1
87003;0
87004;1
87005;0
87006;0
87007;1
87008;0
87009;1
87010;0
87011;0
87012;1
87013;0
87014;0
87015;1
87016;0
87017;1
87018;2
87019;0
87020;1
87021;0
87022;0
87023;0
87024;0
87025;1
87026;0
87027;1
87028;0
87029;1
87030;0
87031;1
87032;0
87033;0
87034;1
87035;0
87036;0
87037;1
87038;0
87039;0
87040;1
87041;0
87042;1
87043;0
87044;0
87045;1
87046;0
87047;1
87048;0
87049;0
87050;0
87051;1
87052;1
87053;44
87054;0
87055;1
87056;0
87057;0
87058;1
87059;0
87060;1
87061;0
87062;0
87063;0
87064;1
87065;0
87066;2
87067;1
87068;0
87069;1
87070;90
87071;0
87072;1
87073;0
87074;0
87075;41
87076;1
87077;42
87078;1
87079;0
87080;0
87081;0
87082;2
87083;1
87084;0
87085;1
87086;3
87087;0
87088;0
87089;1
87090;0
87091;0
87092;1
87093;6
87094;34
87095;7
87096;1
87097;0
87098;0
87099;1
87100;0
87101;1
87102;0
87103;0
87104;1
87105;2
87106;0
87107;0
87108;1
87109;0
87110;81
87111;84
87112;0
87113;82
87114;0
87115;0
87116;0
87117;0
87118;47
87119;48
87120;1
87121;0
87122;1
87123;0
87124;10
87125;0
87126;25
87127;23
87128;0
87129;1
87130;0
87131;0
87132;1
87133;0
87134;0
87135;1
87136;0
87137;0
87138;1
87139;0
87140;1
87141;0
87142;0
87143;0
87144;0
87145;0
87146;0
87147;1
87148;0
87149;0
87150;1
87151;0
87152;1
87153;0
87154;1
87155;2
87156;0
87157;1
87158;0
87159;1
87160;0
87161;1
87162;1
87163;0
87164;0
87165;1
87166;0
87167;1
87168;40
87169;0
87170;1
87171;2
87172;0
87173;1
87174;0
87175;2
87176;1
87177;0
87178;1
87179;1
87180;0
87181;0
87182;1
87183;0
87184;1
87185;0
87186;1
87187;0
87188;0
87189;0
87190;1
87191;0
87192;1
87193;0
87194;2
87195;1
87196;0
87197;1
87198;0
87199;1
87200;0
87201;1
87202;0
87203;1
87204;0
87205;1
87206;2
87207;0
87208;1
87209;0
87210;0
87211;0
87212;0
87213;0
87214;1
87215;0
87216;0
87217;1
87218;1
87219;48
87220;0
87221;0
87222;1
87223;0
87224;0
87225;0
87226;1
87227;0
87228;1
87229;0
87230;0
87231;1
87232;0
87233;2
87234;1
87235;0
87236;1
87237;0
87238;1
87239;0
87240;0
87241;1
87242;35
87243;66
87244;67
87245;0
87246;1
87247;1
87248;0
87249;0
87250;1
87251;0
87252;1
87253;0
87254;0
87255;0
87256;1
87257;2
87258;0
87259;1
87260;0
87261;0
87262;1
87263;0
87264;1
87265;1
87266;0
87267;52
87268;0
87269;1
87270;53
87271;0
87272;1
87273;0
87274;0
87275;1
87276;6
87277;1
87278;0
87279;0
87280;1
87281;0
87282;1
87283;1
87284;0
87285;0
87286;1
87287;0
87288;1
87289;0
87290;37
87291;35
87292;39
87293;13
87294;36
87295;0
87296;1
87297;1
87298;0
87299;0
87300;1
87301;1
87302;0
87303;0
87304;0
87305;1
87306;1
87307;0
87308;1
87309;0
87310;0
87311;0
87312;1
87313;0
87314;0
87315;1
87316;0
87317;0
87318;1
87319;0
87320;10
87321;1
87322;0
87323;1
87324;0
87325;1
87326;1
87327;0
87328;0
87329;1
87330;0
87331;0
87332;1
87333;0
87334;1
87335;0
87336;1
87337;40
87338;0
87339;0
87340;31
87341;33
87342;32
87343;0
87344;1
87345;0
87346;1
87347;1
87348;0
87349;0
87350;1
87351;0
87352;1
87353;0
87354;2
87355;0
87356;0
87357;1
87358;0
87359;1
87360;0
87361;1
87362;0
87363;35
87364;0
87365;1
87366;0
87367;0
87368;3
87369;4
87370;0
87371;1
87372;0
87373;0
87374;0
87375;1
87376;0
87377;0
87378;2
87379;1
87380;0
87381;1
87382;2
87383;0
87384;0
87385;0
87386;1
87387;2
87388;0
87389;1
87390;1
87391;0
87392;0
87393;0
87394;0
87395;2
87396;49
87397;1
87398;0
87399;0
87400;1
87401;0
87402;0
87403;1
87404;17
87405;18
87406;0
87407;1
87408;0
87409;0
87410;1
87411;0
87412;0
87413;1
87414;0
87415;0
87416;0
87417;0
87418;0
87419;0
87420;1
87421;0
87422;0
87423;1
87424;0
87425;0
87426;1
87427;0
87428;1
87429;0
87430;0
87431;0
87432;0
87433;1
87434;1
87435;0
87436;1
87437;0
87438;0
87439;1
87440;0
87441;1
87442;0
87443;1
87444;0
87445;0
87446;1
87447;0
87448;0
87449;1
87450;1
87451;0
87452;11
87453;36
87454;0
87455;2
87456;0
87457;1
87458;0
87459;0
87460;0
87461;1
87462;0
87463;0
87464;1
87465;0
87466;1
87467;1
87468;0
87469;0
87470;0
87471;0
87472;1
87473;0
87474;1
87475;0
87476;1
87477;0
87478;0
87479;1
87480;0
87481;0
87482;0
87483;0
87484;1
87485;40
87486;0
87487;1
87488;0
87489;1
87490;0
87491;1
87492;1
87493;0
87494;1
87495;0
87496;0
87497;0
87498;35
87499;41
87500;0
87501;42
87502;0
87503;1
87504;0
87505;0
87506;1
87507;1
87508;0
87509;0
87510;2
87511;0
87512;0
87513;0
87514;6
87515;70
87516;8
87517;7
87518;0
87519;35
87520;0
87521;1
87522;0
87523;1
87524;0
87525;1
87526;35
87527;0
87528;1
87529;0
87530;1
87531;0
87532;56
87533;55
87534;54
87535;0
87536;0
87537;1
87538;0
87539;0
87540;2
87541;0
87542;2
87543;0
87544;0
87545;1
87546;0
87547;0
87548;0
87549;1
87550;1
87551;0
87552;0
87553;1
87554;1
87555;0
87556;0
87557;1
87558;0
87559;1
87560;1
87561;0
87562;0
87563;0
87564;0
87565;2
87566;0
87567;35
87568;36
87569;0
87570;0
87571;0
87572;0
87573;0
87574;1
87575;0
87576;1
87577;0
87578;1
87579;0
87580;1
87581;1
87582;0
87583;2
87584;0
87585;1
87586;0
87587;1
87588;0
87589;0
87590;0
87591;2
87592;1
87593;0
87594;0
87595;2
87596;1
87597;0
87598;2
87599;0
87600;1
87601;1
87602;0
87603;0
87604;1
87605;1
87606;0
87607;0
87608;2
87609;0
87610;2
87611;1
87612;0
87613;2
87614;1
87615;1
87616;0
87617;0
87618;1
87619;0
87620;1
87621;0
87622;1
87623;0
87624;1
87625;0
87626;0
87627;1
87628;0
87629;1
87630;0
87631;1
87632;0
87633;1
87634;0
87635;1
87636;0
87637;0
87638;0
87639;0
87640;35
87641;36
87642;37
87643;0
87644;0
87645;1
87646;0
87647;1
87648;36
87649;35
87650;1
87651;0
87652;0
87653;0
87654;0
87655;1
87656;0
87657;1
87658;35
87659;37
87660;36
87661;0
87662;1
87663;0
87664;1
87665;1
87666;0
87667;0
87668;0
87669;2
87670;1
87671;0
87672;1
87673;0
87674;2
87675;1
87676;0
87677;0
87678;0
87679;0
87680;0
87681;1
87682;0
87683;1
87684;0
87685;0
87686;0
87687;0
87688;1
87689;0
87690;0
87691;0
87692;0
87693;1
87694;0
87695;1
87696;0
87697;1
87698;2
87699;0
87700;1
87701;0
87702;1
87703;0
87704;0
87705;0
87706;0
87707;1
87708;0
87709;0
87710;0
87711;1
87712;0
87713;1
87714;0
87715;0
87716;1
87717;0
87718;0
87719;0
87720;2
87721;1
87722;0
87723;0
87724;1
87725;0
87726;1
87727;2
87728;0
87729;0
87730;1
87731;0
87732;0
87733;1
87734;0
87735;44
87736;1
87737;53
87738;0
87739;54
87740;0
87741;1
87742;0
87743;1
87744;0
87745;1
87746;0
87747;1
87748;0
87749;0
87750;0
87751;11
87752;1
87753;0
87754;1
87755;0
87756;1
87757;0
87758;0
87759;2
87760;1
87761;0
87762;0
87763;0
87764;1
87765;0
87766;1
87767;1
87768;0
87769;0
87770;3
87771;0
87772;4
87773;0
87774;1
87775;0
87776;1
87777;0
87778;1
87779;0
87780;1
87781;35
87782;36
87783;0
87784;1
87785;0
87786;0
87787;1
87788;0
87789;1
87790;0
87791;0
87792;0
87793;1
87794;0
87795;1
87796;0
87797;0
87798;1
87799;0
87800;0
87801;1
87802;0
87803;0
87804;1
87805;0
87806;1
87807;2
87808;41
87809;43
87810;0
87811;1
87812;10
87813;1
87814;0
87815;11
87816;19
87817;13
87818;1
87819;89
87820;0
87821;2
87822;0
87823;0
87824;1
87825;0
87826;1
87827;0
87828;1
87829;0
87830;1
87831;0
87832;1
87833;0
87834;1
87835;0
87836;0
87837;0
87838;1
87839;0
87840;0
87841;0
87842;1
87843;0
87844;0
87845;1
87846;0
87847;0
87848;1
87849;0
87850;1
87851;0
87852;0
87853;1
87854;0
87855;0
87856;0
87857;1
87858;0
87859;0
87860;1
87861;0
87862;0
87863;1
87864;0
87865;0
87866;0
87867;1
87868;0
87869;1
87870;0
87871;0
87872;1
87873;0
87874;0
87875;1
87876;0
87877;1
87878;0
87879;1
87880;0
87881;0
87882;1
87883;0
87884;62
87885;2
87886;1
87887;39
87888;40
87889;0
87890;0
87891;2
87892;1
87893;51
87894;0
87895;1
87896;0
87897;1
87898;0
87899;1
87900;25
87901;23
87902;0
87903;0
87904;1
87905;0
87906;0
87907;1
87908;0
87909;1
87910;0
87911;0
87912;1
87913;0
87914;1
87915;0
87916;0
87917;1
87918;0
87919;0
87920;1
87921;1
87922;0
87923;0
87924;0
87925;0
87926;1
87927;0
87928;16
87929;0
87930;1
87931;0
87932;2
87933;0
87934;2
87935;1
87936;0
87937;1
87938;2
87939;6
87940;1
87941;41
87942;0
87943;0
87944;0
87945;0
87946;1
87947;1
87948;0
87949;0
87950;1
87951;0
87952;1
87953;0
87954;1
87955;0
87956;1
87957;0
87958;1
87959;0
87960;0
87961;1
87962;0
87963;1
87964;0
87965;0
87966;1
87967;1
87968;0
87969;0
87970;1
87971;0
87972;1
87973;0
87974;0
87975;1
87976;1
87977;0
87978;0
87979;2
87980;1
87981;0
87982;1
87983;0
87984;0
87985;0
87986;0
87987;41
87988;42
87989;0
87990;1
87991;2
87992;0
87993;44
87994;1
87995;0
87996;0
87997;1
87998;1
87999;0
88000;0
88001;1
88002;0
88003;1
88004;0
88005;0
88006;1
88007;0
88008;0
88009;1
88010;1
88011;0
88012;24
88013;0
88014;25
88015;0
88016;1
88017;0
88018;1
88019;0
88020;1
88021;25
88022;24
88023;1
88024;0
88025;0
88026;1
88027;0
88028;0
88029;0
88030;0
88031;1
88032;0
88033;0
88034;0
88035;1
88036;0
88037;1
88038;0
88039;1
88040;0
88041;0
88042;1
88043;0
88044;0
88045;1
88046;0
88047;1
88048;5
88049;10
88050;0
88051;1
88052;0
88053;0
88054;0
88055;0
88056;0
88057;1
88058;0
88059;1
88060;0
88061;0
88062;1
88063;1
88064;0
88065;26
88066;27
88067;0
88068;0
88069;0
88070;0
88071;35
88072;1
88073;0
88074;0
88075;1
88076;1
88077;0
88078;35
88079;36
88080;0
88081;0
88082;1
88083;0
88084;1
88085;0
88086;0
88087;0
88088;1
88089;0
88090;1
88091;0
88092;0
88093;1
88094;0
88095;1
88096;63
88097;61
88098;35
88099;62
88100;0
88101;1
88102;0
88103;1
88104;0
88105;1
88106;55
88107;0
88108;57
88109;46
88110;1
88111;0
88112;2
88113;1
88114;0
88115;1
88116;0
88117;2
88118;1
88119;0
88120;0
88121;0
88122;0
88123;0
88124;2
88125;1
88126;0
88127;1
88128;0
88129;0
88130;0
88131;1
88132;0
88133;0
88134;0
88135;0
88136;1
88137;0
88138;0
88139;1
88140;0
88141;0
88142;1
88143;0
88144;0
88145;1
88146;1
88147;0
88148;0
88149;0
88150;0
88151;1
88152;0
88153;2
88154;1
88155;0
88156;1
88157;0
88158;1
88159;0
88160;1
88161;36
88162;35
88163;37
88164;0
88165;0
88166;1
88167;2
88168;0
88169;35
88170;26
88171;36
88172;0
88173;0
88174;31
88175;0
88176;0
88177;1
88178;0
88179;0
88180;1
88181;0
88182;0
88183;0
88184;0
88185;1
88186;1
88187;0
88188;0
88189;1
88190;35
88191;36
88192;1
88193;0
88194;0
88195;0
88196;0
88197;1
88198;0
88199;1
88200;0
88201;1
88202;0
88203;0
88204;1
88205;1
88206;0
88207;0
88208;1
88209;1
88210;0
88211;1
88212;0
88213;1
88214;0
88215;13
88216;0
88217;14
88218;0
88219;1
88220;1
88221;0
88222;0
88223;1
88224;0
88225;0
88226;0
88227;47
88228;0
88229;48
88230;0
88231;0
88232;0
88233;0
88234;1
88235;0
88236;1
88237;0
88238;1
88239;0
88240;0
88241;1
88242;0
88243;1
88244;0
88245;0
88246;1
88247;0
88248;28
88249;29
88250;1
88251;0
88252;0
88253;1
88254;2
88255;0
88256;0
88257;1
88258;35
88259;36
88260;0
88261;1
88262;0
88263;0
88264;0
88265;0
88266;1
88267;18
88268;35
88269;36
88270;19
88271;0
88272;1
88273;0
88274;1
88275;0
88276;0
88277;1
88278;0
88279;0
88280;0
88281;2
88282;1
88283;0
88284;46
88285;1
88286;2
88287;2
88288;0
88289;1
88290;0
88291;1
88292;1
88293;0
88294;0
88295;1
88296;0
88297;1
88298;0
88299;37
88300;35
88301;36
88302;0
88303;41
88304;49
88305;1
88306;0
88307;1
88308;0
88309;1
88310;0
88311;39
88312;1
88313;0
88314;0
88315;1
88316;1
88317;0
88318;0
88319;1
88320;0
88321;0
88322;1
88323;0
88324;2
88325;1
88326;41
88327;0
88328;42
88329;1
88330;0
88331;48
88332;1
88333;0
88334;0
88335;1
88336;0
88337;2
88338;1
88339;0
88340;1
88341;1
88342;0
88343;0
88344;0
88345;1
88346;0
88347;1
88348;0
88349;0
88350;1
88351;37
88352;1
88353;0
88354;0
88355;1
88356;35
88357;0
88358;0
88359;1
88360;0
88361;0
88362;1
88363;0
88364;0
88365;0
88366;1
88367;0
88368;1
88369;0
88370;1
88371;0
88372;10
88373;11
88374;0
88375;0
88376;1
88377;1
88378;40
88379;42
88380;0
88381;0
88382;1
88383;0
88384;1
88385;20
88386;21
88387;1
88388;0
88389;1
88390;0
88391;0
88392;0
88393;0
88394;1
88395;0
88396;1
88397;1
88398;0
88399;0
88400;1
88401;35
88402;60
88403;61
88404;29
88405;0
88406;0
88407;1
88408;0
88409;0
88410;0
88411;14
88412;0
88413;0
88414;1
88415;0
88416;1
88417;0
88418;2
88419;0
88420;2
88421;0
88422;1
88423;0
88424;47
88425;48
88426;0
88427;49
88428;0
88429;0
88430;50
88431;0
88432;1
88433;0
88434;1
88435;0
88436;0
88437;0
88438;1
88439;0
88440;0
88441;1
88442;0
88443;0
88444;1
88445;43
88446;42
88447;1
88448;0
88449;2
88450;1
88451;0
88452;0
88453;0
88454;0
88455;0
88456;0
88457;0
88458;1
88459;0
88460;40
88461;1
88462;0
88463;0
88464;1
88465;35
88466;36
88467;1
88468;0
88469;0
88470;9
88471;0
88472;1
88473;24
88474;22
88475;0
88476;1
88477;0
88478;1
88479;0
88480;2
88481;1
88482;0
88483;1
88484;0
88485;1
88486;35
88487;37
88488;36
88489;0
88490;2
88491;0
88492;0
88493;0
88494;1
88495;1
88496;0
88497;0
88498;1
88499;0
88500;1
88501;0
88502;1
88503;0
88504;1
88505;0
88506;0
88507;0
88508;1
88509;0
88510;1
88511;0
88512;1
88513;48
88514;0
88515;0
88516;40
88517;42
88518;0
88519;1
88520;1
88521;0
88522;0
88523;45
88524;0
88525;1
88526;51
88527;0
88528;0
88529;1
88530;0
88531;1
88532;12
88533;13
88534;0
88535;0
88536;1
88537;0
88538;0
88539;1
88540;0
88541;1
88542;0
88543;1
88544;0
88545;0
88546;1
88547;0
88548;0
88549;0
88550;1
88551;0
88552;0
88553;0
88554;0
88555;0
88556;1
88557;0
88558;0
88559;0
88560;1
88561;44
88562;1
88563;0
88564;0
88565;1
88566;1
88567;0
88568;0
88569;35
88570;37
88571;36
88572;0
88573;2
88574;1
88575;50
88576;49
88577;1
88578;51
88579;0
88580;0
88581;1
88582;1
88583;0
88584;0
88585;1
88586;0
88587;1
88588;12
88589;23
88590;0
88591;13
88592;22
88593;0
88594;1
88595;0
88596;1
88597;0
88598;1
88599;0
88600;1
88601;0
88602;1
88603;0
88604;1
88605;17
88606;18
88607;1
88608;0
88609;0
88610;1
88611;0
88612;40
88613;1
88614;0
88615;1
88616;0
88617;1
88618;0
88619;0
88620;35
88621;36
88622;0
88623;0
88624;1
88625;0
88626;0
88627;1
88628;24
88629;35
88630;25
88631;36
88632;0
88633;1
88634;0
88635;1
88636;0
88637;0
88638;0
88639;1
88640;0
88641;1
88642;0
88643;1
88644;0
88645;1
88646;0
88647;1
88648;35
88649;1
88650;0
88651;0
88652;1
88653;0
88654;0
88655;1
88656;2
88657;0
88658;1
88659;0
88660;1
88661;0
88662;1
88663;0
88664;0
88665;0
88666;1
88667;0
88668;1
88669;0
88670;1
88671;1
88672;0
88673;0
88674;0
88675;2
88676;1
88677;0
88678;1
88679;1
88680;0
88681;0
88682;49
88683;35
88684;0
88685;1
88686;0
88687;1
88688;0
88689;2
88690;0
88691;1
88692;0
88693;2
88694;0
88695;2
88696;1
88697;0
88698;1
88699;0
88700;1
88701;0
88702;1
88703;0
88704;1
88705;2
88706;1
88707;0
88708;0
88709;0
88710;0
88711;2
88712;0
88713;1
88714;0
88715;0
88716;39
88717;0
88718;1
88719;0
88720;0
88721;2
88722;1
88723;0
88724;1
88725;2
88726;0
88727;1
88728;0
88729;0
88730;1
88731;0
88732;0
88733;1
88734;0
88735;0
88736;35
88737;31
88738;0
88739;1
88740;0
88741;0
88742;0
88743;1
88744;0
88745;1
88746;0
88747;1
88748;0
88749;1
88750;0
88751;1
88752;0
88753;0
88754;0
88755;0
88756;1
88757;2
88758;0
88759;1
88760;0
88761;1
88762;0
88763;1
88764;0
88765;1
88766;13
88767;1
88768;0
88769;0
88770;1
88771;0
88772;1
88773;0
88774;1
88775;0
88776;0
88777;1
88778;0
88779;1
88780;0
88781;1
88782;0
88783;0
88784;1
88785;0
88786;1
88787;0
88788;0
88789;0
88790;0
88791;0
88792;1
88793;0
88794;1
88795;0
88796;0
88797;0
88798;1
88799;0
88800;0
88801;0
88802;0
88803;1
88804;1
88805;0
88806;0
88807;0
88808;0
88809;1
88810;0
88811;0
88812;1
88813;18
88814;19
88815;10
88816;17
88817;0
88818;1
88819;0
88820;0
88821;1
88822;27
88823;0
88824;45
88825;1
88826;36
88827;1
88828;0
88829;0
88830;0
88831;2
88832;1
88833;0
88834;1
88835;1
88836;0
88837;0
88838;1
88839;0
88840;1
88841;2
88842;0
88843;0
88844;1
88845;0
88846;1
88847;0
88848;1
88849;0
88850;1
88851;1
88852;0
88853;0
88854;40
88855;0
88856;1
88857;42
88858;41
88859;36
88860;35
88861;0
88862;1
88863;1
88864;0
88865;35
88866;37
88867;36
88868;0
88869;1
88870;0
88871;1
88872;0
88873;1
88874;0
88875;1
88876;1
88877;0
88878;0
88879;1
88880;0
88881;0
88882;1
88883;0
88884;1
88885;1
88886;0
88887;0
88888;1
88889;0
88890;0
88891;1
88892;0
88893;1
88894;1
88895;0
88896;2
88897;3
88898;0
88899;1
88900;0
88901;0
88902;1
88903;0
88904;1
88905;0
88906;1
88907;0
88908;1
88909;0
88910;0
88911;2
88912;0
88913;1
88914;0
88915;1
88916;0
88917;1
88918;0
88919;1
88920;40
88921;0
88922;0
88923;0
88924;1
88925;0
88926;1
88927;0
88928;0
88929;2
88930;1
88931;0
88932;1
88933;0
88934;0
88935;1
88936;0
88937;1
88938;13
88939;0
88940;0
88941;1
88942;41
88943;40
88944;39
88945;38
88946;0
88947;0
88948;1
88949;1
88950;0
88951;0
88952;1
88953;0
88954;0
88955;1
88956;0
88957;0
88958;0
88959;1
88960;1
88961;0
88962;0
88963;2
88964;1
88965;0
88966;1
88967;0
88968;0
88969;0
88970;0
88971;1
88972;0
88973;19
88974;0
88975;18
88976;0
88977;0
88978;0
88979;0
88980;1
88981;0
88982;1
88983;0
88984;38
88985;20
88986;22
88987;36
88988;21
88989;35
88990;0
88991;1
88992;0
88993;0
88994;1
88995;0
88996;0
88997;42
88998;1
88999;0
89000;44
89001;41
89002;0
89003;0
89004;0
89005;1
89006;0
89007;0
89008;1
89009;0
89010;0
89011;0
89012;1
89013;0
89014;1
89015;0
89016;1
89017;0
89018;0
89019;1
89020;35
89021;36
89022;1
89023;0
89024;0
89025;1
89026;0
89027;0
89028;1
89029;0
89030;0
89031;1
89032;2
89033;59
89034;0
89035;0
89036;1
89037;4
89038;0
89039;1
89040;35
89041;0
89042;1
89043;0
89044;1
89045;0
89046;0
89047;0
89048;1
89049;36
89050;35
89051;0
89052;1
89053;1
89054;0
89055;2
89056;0
89057;0
89058;1
89059;0
89060;0
89061;1
89062;0
89063;0
89064;1
89065;0
89066;1
89067;0
89068;0
89069;1
89070;0
89071;0
89072;1
89073;0
89074;1
89075;0
89076;1
89077;1
89078;0
89079;0
89080;1
89081;0
89082;1
89083;0
89084;0
89085;0
89086;0
89087;1
89088;0
89089;0
89090;0
89091;0
89092;2
89093;1
89094;36
89095;35
89096;0
89097;0
89098;0
89099;1
89100;0
89101;0
89102;2
89103;1
89104;41
89105;42
89106;1
89107;0
89108;0
89109;1
89110;0
89111;2
89112;0
89113;0
89114;0
89115;1
89116;0
89117;1
89118;1
89119;0
89120;26
89121;0
89122;1
89123;1
89124;0
89125;0
89126;1
89127;0
89128;0
89129;1
89130;0
89131;0
89132;1
89133;0
89134;1
89135;0
89136;0
89137;1
89138;35
89139;36
89140;0
89141;1
89142;11
89143;12
89144;0
89145;1
89146;0
89147;0
89148;1
89149;0
89150;1
89151;0
89152;1
89153;0
89154;1
89155;2
89156;35
89157;0
89158;36
89159;0
89160;1
89161;2
89162;1
89163;0
89164;0
89165;1
89166;2
89167;0
89168;1
89169;0
89170;2
89171;1
89172;0
89173;1
89174;4
89175;0
89176;1
89177;0
89178;1
89179;1
89180;0
89181;0
89182;0
89183;41
89184;40
89185;0
89186;0
89187;1
89188;1
89189;0
89190;2
89191;0
89192;1
89193;0
89194;1
89195;0
89196;1
89197;35
89198;36
89199;0
89200;1
89201;0
89202;0
89203;1
89204;1
89205;0
89206;0
89207;1
89208;0
89209;0
89210;0
89211;1
89212;1
89213;0
89214;0
89215;1
89216;0
89217;1
89218;0
89219;0
89220;2
89221;3
89222;1
89223;0
89224;1
89225;0
89226;0
89227;1
89228;0
89229;1
89230;2
89231;0
89232;0
89233;0
89234;0
89235;1
89236;0
89237;0
89238;0
89239;0
89240;1
89241;0
89242;0
89243;0
89244;1
89245;0
89246;0
89247;0
89248;0
89249;0
89250;62
89251;1
89252;0
89253;2
89254;0
89255;42
89256;40
89257;1
89258;0
89259;35
89260;36
89261;0
89262;0
89263;1
89264;0
89265;0
89266;1
89267;0
89268;0
89269;1
89270;0
89271;0
89272;0
89273;1
89274;0
89275;1
89276;0
89277;0
89278;1
89279;0
89280;1
89281;0
89282;60
89283;59
89284;0
89285;1
89286;0
89287;1
89288;0
89289;0
89290;0
89291;0
89292;1
89293;0
89294;0
89295;0
89296;2
89297;0
89298;1
89299;0
89300;9
89301;10
89302;0
89303;1
89304;0
89305;1
89306;2
89307;0
89308;0
89309;1
89310;0
89311;0
89312;55
89313;35
89314;0
89315;1
89316;0
89317;0
89318;35
89319;36
89320;0
89321;0
89322;0
89323;1
89324;0
89325;0
89326;1
89327;1
89328;5
89329;0
89330;35
89331;36
89332;0
89333;1
89334;0
89335;1
89336;0
89337;1
89338;0
89339;1
89340;41
89341;0
89342;0
89343;1
89344;0
89345;1
89346;0
89347;0
89348;7
89349;1
89350;9
89351;0
89352;0
89353;0
89354;1
89355;35
89356;36
89357;0
89358;0
89359;1
89360;0
89361;1
89362;0
89363;1
89364;0
89365;0
89366;1
89367;0
89368;1
89369;59
89370;60
89371;58
89372;0
89373;0
89374;1
89375;0
89376;0
89377;0
89378;1
89379;0
89380;1
89381;0
89382;15
89383;13
89384;36
89385;35
89386;14
89387;0
89388;1
89389;0
89390;0
89391;2
89392;0
89393;1
89394;0
89395;1
89396;0
89397;0
89398;0
89399;1
89400;0
89401;0
89402;1
89403;2
89404;0
89405;1
89406;0
89407;0
89408;1
89409;0
89410;0
89411;1
89412;0
89413;1
89414;0
89415;2
89416;0
89417;1
89418;1
89419;0
89420;0
89421;1
89422;0
89423;1
89424;0
89425;1
89426;0
89427;0
89428;0
89429;1
89430;0
89431;1
89432;0
89433;1
89434;0
89435;1
89436;0
89437;0
89438;0
89439;0
89440;0
89441;0
89442;5
89443;4
89444;0
89445;1
89446;0
89447;0
89448;0
89449;0
89450;0
89451;60
89452;0
89453;45
89454;59
89455;0
89456;1
89457;0
89458;1
89459;16
89460;39
89461;0
89462;1
89463;0
89464;0
89465;1
89466;0
89467;1
89468;0
89469;2
89470;0
89471;1
89472;35
89473;36
89474;0
89475;1
89476;0
89477;1
89478;1
89479;0
89480;0
89481;1
89482;0
89483;1
89484;0
89485;0
89486;1
89487;0
89488;0
89489;0
89490;1
89491;0
89492;1
89493;0
89494;40
89495;1
89496;0
89497;1
89498;0
89499;47
89500;46
89501;48
89502;0
89503;0
89504;1
89505;0
89506;0
89507;1
89508;0
89509;0
89510;1
89511;0
89512;1
89513;0
89514;1
89515;0
89516;1
89517;0
89518;0
89519;1
89520;0
89521;1
89522;0
89523;1
89524;0
89525;1
89526;2
89527;0
89528;36
89529;35
89530;38
89531;0
89532;0
89533;1
89534;0
89535;1
89536;0
89537;1
89538;0
89539;0
89540;2
89541;1
89542;0
89543;1
89544;0
89545;1
89546;0
89547;0
89548;1
89549;35
89550;1
89551;41
89552;40
89553;0
89554;0
89555;0
89556;1
89557;0
89558;1
89559;0
89560;0
89561;47
89562;49
89563;48
89564;0
89565;0
89566;1
89567;0
89568;1
89569;0
89570;1
89571;0
89572;0
89573;0
89574;1
89575;0
89576;0
89577;0
89578;1
89579;0
89580;0
89581;1
89582;0
89583;44
89584;1
89585;10
89586;2
89587;0
89588;1
89589;0
89590;1
89591;0
89592;1
89593;0
89594;1
89595;0
89596;1
89597;0
89598;1
89599;0
89600;0
89601;1
89602;0
89603;0
89604;1
89605;2
89606;0
89607;1
89608;0
89609;1
89610;0
89611;1
89612;0
89613;1
89614;0
89615;0
89616;0
89617;35
89618;1
89619;0
89620;2
89621;0
89622;1
89623;0
89624;1
89625;0
89626;0
89627;1
89628;0
89629;1
89630;0
89631;2
89632;1
89633;0
89634;2
89635;1
89636;0
89637;1
89638;1
89639;0
89640;0
89641;1
89642;0
89643;0
89644;0
89645;0
89646;1
89647;2
89648;0
89649;0
89650;1
89651;1
89652;0
89653;2
89654;0
89655;1
89656;1
89657;0
89658;0
89659;1
89660;0
89661;1
89662;0
89663;1
89664;0
89665;0
89666;1
89667;0
89668;1
89669;2
89670;0
89671;0
89672;1
89673;0
89674;1
89675;0
89676;1
89677;0
89678;1
89679;0
89680;1
89681;1
89682;0
89683;0
89684;1
89685;1
89686;0
89687;1
89688;0
89689;35
89690;36
89691;0
89692;1
89693;0
89694;53
89695;0
89696;1
89697;2
89698;0
89699;1
89700;0
89701;1
89702;1
89703;0
89704;0
89705;1
89706;0
89707;1
89708;0
89709;0
89710;1
89711;50
89712;0
89713;1
89714;0
89715;1
89716;0
89717;0
89718;0
89719;1
89720;1
89721;0
89722;0
89723;0
89724;1
89725;0
89726;1
89727;1
89728;0
89729;0
89730;1
89731;0
89732;1
89733;1
89734;0
89735;35
89736;0
89737;1
89738;0
89739;0
89740;0
89741;1
89742;0
89743;10
89744;1
89745;0
89746;0
89747;40
89748;41
89749;0
89750;0
89751;1
89752;0
89753;1
89754;0
89755;1
89756;36
89757;37
89758;0
89759;0
89760;3
89761;2
89762;1
89763;0
89764;1
89765;47
89766;0
89767;1
89768;2
89769;0
89770;39
89771;40
89772;36
89773;35
89774;0
89775;0
89776;1
89777;0
89778;0
89779;1
89780;1
89781;0
89782;0
89783;0
89784;1
89785;1
89786;0
89787;35
89788;0
89789;0
89790;0
89791;1
89792;0
89793;1
89794;0
89795;46
89796;45
89797;0
89798;0
89799;29
89800;22
89801;37
89802;35
89803;34
89804;0
89805;1
89806;1
89807;0
89808;0
89809;1
89810;0
89811;0
89812;1
89813;0
89814;1
89815;2
89816;0
89817;1
89818;0
89819;1
89820;0
89821;1
89822;0
89823;1
89824;26
89825;33
89826;36
89827;0
89828;1
89829;0
89830;0
89831;1
89832;0
89833;0
89834;0
89835;1
89836;0
89837;1
89838;12
89839;22
89840;0
89841;21
89842;23
89843;0
89844;0
89845;1
89846;0
89847;35
89848;36
89849;0
89850;2
89851;1
89852;0
89853;2
89854;1
89855;1
89856;0
89857;0
89858;1
89859;0
89860;0
89861;0
89862;1
89863;0
89864;1
89865;2
89866;1
89867;0
89868;0
89869;0
89870;2
89871;0
89872;0
89873;1
89874;0
89875;47
89876;1
89877;0
89878;1
89879;0
89880;1
89881;0
89882;0
89883;1
89884;0
89885;0
89886;1
89887;0
89888;0
89889;1
89890;0
89891;1
89892;2
89893;0
89894;1
89895;0
89896;1
89897;0
89898;0
89899;63
89900;1
89901;2
89902;0
89903;0
89904;0
89905;1
89906;2
89907;3
89908;0
89909;1
89910;0
89911;0
89912;1
89913;1
89914;0
89915;0
89916;1
89917;1
89918;0
89919;1
89920;0
89921;0
89922;0
89923;0
89924;1
89925;2
89926;0
89927;0
89928;0
89929;1
89930;0
89931;1
89932;41
89933;42
89934;0
89935;1
89936;0
89937;76
89938;1
89939;0
89940;9
89941;20
89942;0
89943;10
89944;0
89945;0
89946;1
89947;0
89948;0
89949;1
89950;0
89951;0
89952;1
89953;0
89954;1
89955;0
89956;1
89957;35
89958;36
89959;0
89960;1
89961;23
89962;0
89963;1
89964;0
89965;0
89966;1
89967;0
89968;1
89969;0
89970;1
89971;0
89972;0
89973;1
89974;0
89975;1
89976;0
89977;0
89978;1
89979;0
89980;1
89981;0
89982;1
89983;0
89984;1
89985;1
89986;0
89987;0
89988;1
89989;0
89990;0
89991;0
89992;1
89993;1
89994;0
89995;0
89996;1
89997;2
89998;0
89999;1
90000;48
90001;2
90002;0
90003;1
90004;0
90005;0
90006;1
90007;2
90008;47
90009;0
90010;48
90011;0
90012;1
90013;0
90014;47
90015;51
90016;0
90017;1
90018;0
90019;0
90020;1
90021;0
90022;0
90023;1
90024;0
90025;1
90026;0
90027;0
90028;1
90029;0
90030;1
90031;35
90032;36
90033;37
90034;0
90035;0
90036;1
90037;0
90038;0
90039;1
90040;1
90041;0
90042;0
90043;1
90044;36
90045;35
90046;0
90047;0
90048;1
90049;0
90050;39
90051;0
90052;0
90053;1
90054;2
90055;0
90056;2
90057;1
90058;0
90059;1
90060;1
90061;0
90062;0
90063;0
90064;1
90065;0
90066;1
90067;0
90068;1
90069;2
90070;0
90071;1
90072;0
90073;1
90074;0
90075;0
90076;1
90077;2
90078;0
90079;1
90080;35
90081;36
90082;0
90083;1
90084;0
90085;3
90086;2
90087;1
90088;0
90089;0
90090;1
90091;0
90092;1
90093;0
90094;1
90095;0
90096;1
90097;0
90098;0
90099;0
90100;1
90101;0
90102;0
90103;0
90104;1
90105;3
90106;0
90107;1
90108;1
90109;0
90110;0
90111;1
90112;46
90113;35
90114;36
90115;1
90116;0
90117;25
90118;0
90119;0
90120;0
90121;0
90122;1
90123;0
90124;0
90125;1
90126;0
90127;2
90128;1
90129;0
90130;1
90131;0
90132;0
90133;0
90134;1
90135;1
90136;0
90137;0
90138;1
90139;1
90140;0
90141;1
90142;0
90143;47
90144;0
90145;50
90146;1
90147;49
90148;0
90149;1
90150;0
90151;1
90152;35
90153;36
90154;0
90155;0
90156;0
90157;0
90158;2
90159;1
90160;0
90161;1
90162;0
90163;1
90164;0
90165;1
90166;35
90167;36
90168;0
90169;0
90170;1
90171;35
90172;36
90173;1
90174;0
90175;0
90176;0
90177;1
90178;1
90179;0
90180;0
90181;1
90182;0
90183;1
90184;12
90185;0
90186;0
90187;0
90188;0
90189;0
90190;36
90191;35
90192;0
90193;0
90194;1
90195;0
90196;1
90197;0
90198;0
90199;1
90200;0
90201;1
90202;1
90203;0
90204;0
90205;1
90206;0
90207;1
90208;0
90209;1
90210;0
90211;35
90212;36
90213;0
90214;6
90215;7
90216;1
90217;0
90218;0
90219;1
90220;1
90221;0
90222;0
90223;0
90224;1
90225;0
90226;0
90227;0
90228;0
90229;1
90230;0
90231;0
90232;1
90233;0
90234;1
90235;1
90236;0
90237;0
90238;1
90239;0
90240;0
90241;0
90242;1
90243;2
90244;0
90245;1
90246;0
90247;1
90248;0
90249;0
90250;0
90251;0
90252;0
90253;0
90254;1
90255;0
90256;1
90257;2
90258;0
90259;1
90260;0
90261;0
90262;1
90263;0
90264;1
90265;0
90266;1
90267;0
90268;2
90269;1
90270;0
90271;1
90272;1
90273;0
90274;0
90275;0
90276;2
90277;1
90278;0
90279;1
90280;0
90281;0
90282;35
90283;0
90284;41
90285;1
90286;0
90287;1
90288;1
90289;0
90290;0
90291;1
90292;1
90293;0
90294;1
90295;0
90296;0
90297;58
90298;1
90299;60
90300;59
90301;1
90302;0
90303;0
90304;1
90305;0
90306;0
90307;1
90308;35
90309;36
90310;0
90311;1
90312;0
90313;0
90314;0
90315;1
90316;0
90317;0
90318;2
90319;1
90320;0
90321;1
90322;1
90323;0
90324;0
90325;37
90326;35
90327;38
90328;36
90329;0
90330;1
90331;0
90332;0
90333;9
90334;7
90335;11
90336;10
90337;0
90338;1
90339;35
90340;60
90341;59
90342;59
90343;1
90344;0
90345;60
90346;61
90347;0
90348;0
90349;1
90350;0
90351;1
90352;41
90353;0
90354;0
90355;1
90356;0
90357;0
90358;1
90359;0
90360;1
90361;0
90362;0
90363;1
90364;0
90365;1
90366;0
90367;0
90368;1
90369;0
90370;0
90371;1
90372;0
90373;1
90374;23
90375;70
90376;35
90377;71
90378;72
90379;0
90380;1
90381;0
90382;1
90383;0
90384;0
90385;1
90386;2
90387;0
90388;40
90389;0
90390;35
90391;36
90392;0
90393;2
90394;1
90395;0
90396;0
90397;0
90398;0
90399;1
90400;0
90401;0
90402;0
90403;1
90404;0
90405;0
90406;0
90407;0
90408;1
90409;0
90410;40
90411;0
90412;42
90413;35
90414;36
90415;0
90416;1
90417;0
90418;1
90419;0
90420;1
90421;0
90422;1
90423;0
90424;1
90425;0
90426;0
90427;0
90428;1
90429;0
90430;0
90431;1
90432;0
90433;1
90434;0
90435;0
90436;0
90437;0
90438;0
90439;1
90440;0
90441;0
90442;0
90443;1
90444;0
90445;0
90446;1
90447;0
90448;47
90449;0
90450;0
90451;1
90452;2
90453;41
90454;1
90455;0
90456;42
90457;0
90458;0
90459;0
90460;1
90461;2
90462;0
90463;36
90464;35
90465;0
90466;1
90467;0
90468;1
90469;0
90470;0
90471;1
90472;0
90473;0
90474;1
90475;1
90476;0
90477;39
90478;0
90479;1
90480;0
90481;1
90482;0
90483;0
90484;0
90485;0
90486;1
90487;0
90488;0
90489;2
90490;1
90491;1
90492;0
90493;0
90494;1
90495;1
90496;0
90497;1
90498;0
90499;0
90500;0
90501;0
90502;1
90503;2
90504;0
90505;1
90506;0
90507;1
90508;0
90509;70
90510;71
90511;0
90512;1
90513;0
90514;1
90515;3
90516;2
90517;0
90518;1
90519;0
90520;0
90521;1
90522;0
90523;1
90524;0
90525;1
90526;0
90527;59
90528;0
90529;40
90530;0
90531;41
90532;0
90533;2
90534;1
90535;35
90536;36
90537;0
90538;1
90539;0
90540;1
90541;1
90542;0
90543;0
90544;1
90545;0
90546;1
90547;24
90548;0
90549;1
90550;0
90551;1
90552;0
90553;1
90554;2
90555;0
90556;1
90557;0
90558;0
90559;17
90560;20
90561;35
90562;18
90563;0
90564;1
90565;0
90566;0
90567;1
90568;0
90569;1
90570;0
90571;1
90572;0
90573;2
90574;1
90575;0
90576;0
90577;0
90578;0
90579;0
90580;1
90581;0
90582;0
90583;1
90584;0
90585;0
90586;2
90587;1
90588;44
90589;0
90590;1
90591;0
90592;1
90593;0
90594;1
90595;0
90596;0
90597;0
90598;1
90599;0
90600;1
90601;0
90602;1
90603;0
90604;2
90605;0
90606;0
90607;0
90608;1
90609;0
90610;1
90611;0
90612;1
90613;0
90614;0
90615;0
90616;1
90617;0
90618;1
90619;0
90620;0
90621;0
90622;1
90623;0
90624;1
90625;0
90626;48
90627;1
90628;0
90629;1
90630;0
90631;0
90632;1
90633;1
90634;0
90635;0
90636;1
90637;2
90638;0
90639;0
90640;1
90641;0
90642;1
90643;1
90644;0
90645;0
90646;0
90647;0
90648;1
90649;0
90650;1
90651;0
90652;0
90653;1
90654;0
90655;1
90656;0
90657;35
90658;25
90659;0
90660;1
90661;0
90662;0
90663;2
90664;1
90665;0
90666;0
90667;1
90668;1
90669;0
90670;0
90671;0
90672;0
90673;1
90674;0
90675;1
90676;0
90677;1
90678;0
90679;0
90680;1
90681;0
90682;35
90683;35
90684;36
90685;1
90686;40
90687;0
90688;0
90689;1
90690;0
90691;0
90692;1
90693;0
90694;1
90695;0
90696;0
90697;0
90698;1
90699;0
90700;1
90701;2
90702;0
90703;1
90704;0
90705;1
90706;0
90707;1
90708;0
90709;1
90710;0
90711;1
90712;0
90713;1
90714;0
90715;1
90716;48
90717;47
90718;0
90719;0
90720;1
90721;0
90722;14
90723;36
90724;1
90725;0
90726;1
90727;0
90728;1
90729;0
90730;0
90731;1
90732;0
90733;1
90734;37
90735;0
90736;1
90737;1
90738;0
90739;0
90740;34
90741;0
90742;0
90743;1
90744;0
90745;0
90746;1
90747;0
90748;1
90749;0
90750;2
90751;0
90752;1
90753;0
90754;55
90755;52
90756;51
90757;1
90758;0
90759;35
90760;0
90761;0
90762;1
90763;35
90764;36
90765;2
90766;0
90767;1
90768;30
90769;0
90770;2
90771;0
90772;1
90773;0
90774;1
90775;0
90776;0
90777;1
90778;0
90779;0
90780;1
90781;0
90782;0
90783;1
90784;0
90785;1
90786;2
90787;0
90788;1
90789;0
90790;1
90791;1
90792;0
90793;0
90794;0
90795;1
90796;1
90797;0
90798;59
90799;1
90800;0
90801;58
90802;0
90803;1
90804;0
90805;0
90806;1
90807;0
90808;1
90809;2
90810;0
90811;1
90812;0
90813;0
90814;1
90815;0
90816;0
90817;0
90818;0
90819;1
90820;0
90821;1
90822;0
90823;38
90824;0
90825;0
90826;1
90827;0
90828;1
90829;0
90830;1
90831;0
90832;1
90833;0
90834;0
90835;0
90836;1
90837;0
90838;0
90839;1
90840;0
90841;1
90842;0
90843;1
90844;0
90845;1
90846;0
90847;76
90848;1
90849;2
90850;0
90851;1
90852;0
90853;42
90854;1
90855;41
90856;0
90857;1
90858;0
90859;1
90860;0
90861;0
90862;1
90863;0
90864;1
90865;0
90866;1
90867;0
90868;0
90869;1
90870;0
90871;0
90872;35
90873;0
90874;0
90875;1
90876;0
90877;1
90878;0
90879;0
90880;1
90881;0
90882;1
90883;40
90884;0
90885;1
90886;0
90887;0
90888;2
90889;3
90890;0
90891;1
90892;0
90893;0
90894;1
90895;0
90896;0
90897;1
90898;0
90899;14
90900;0
90901;0
90902;1
90903;1
90904;0
90905;0
90906;0
90907;0
90908;1
90909;0
90910;1
90911;0
90912;1
90913;0
90914;0
90915;0
90916;1
90917;0
90918;1
90919;2
90920;0
90921;1
90922;2
90923;1
90924;0
90925;1
90926;0
90927;1
90928;0
90929;0
90930;0
90931;0
90932;1
90933;4
90934;0
90935;0
90936;0
90937;1
90938;0
90939;44
90940;0
90941;1
90942;0
90943;1
90944;45
90945;0
90946;1
90947;0
90948;1
90949;0
90950;1
90951;58
90952;2
90953;0
90954;0
90955;1
90956;0
90957;0
90958;2
90959;1
90960;0
90961;0
90962;1
90963;4
90964;0
90965;1
90966;0
90967;1
90968;35
90969;36
90970;0
90971;0
90972;1
90973;0
90974;35
90975;0
90976;0
90977;1
90978;44
90979;0
90980;0
90981;1
90982;0
90983;0
90984;1
90985;0
90986;1
90987;0
90988;1
90989;4
90990;5
90991;35
90992;0
90993;1
90994;0
90995;1
90996;0
90997;1
90998;1
90999;0
91000;0
91001;1
91002;0
91003;1
91004;0
91005;1
91006;0
91007;1
91008;0
91009;0
91010;0
91011;1
91012;0
91013;0
91014;1
91015;0
91016;0
91017;0
91018;1
91019;0
91020;1
91021;36
91022;62
91023;35
91024;0
91025;1
91026;0
91027;48
91028;47
91029;0
91030;1
91031;0
91032;0
91033;0
91034;1
91035;2
91036;1
91037;0
91038;1
91039;0
91040;0
91041;1
91042;49
91043;0
91044;1
91045;0
91046;0
91047;0
91048;1
91049;1
91050;0
91051;2
91052;0
91053;0
91054;2
91055;1
91056;0
91057;0
91058;0
91059;1
91060;2
91061;0
91062;0
91063;2
91064;0
91065;1
91066;0
91067;15
91068;16
91069;36
91070;0
91071;1
91072;0
91073;0
91074;1
91075;0
91076;48
91077;1
91078;0
91079;1
91080;0
91081;0
91082;1
91083;0
91084;0
91085;1
91086;0
91087;1
91088;0
91089;1
91090;0
91091;0
91092;1
91093;1
91094;0
91095;2
91096;0
91097;0
91098;1
91099;1
91100;0
91101;0
91102;1
91103;2
91104;0
91105;1
91106;1
91107;0
91108;0
91109;1
91110;2
91111;0
91112;0
91113;0
91114;0
91115;1
91116;0
91117;0
91118;39
91119;0
91120;1
91121;0
91122;0
91123;1
91124;0
91125;1
91126;0
91127;0
91128;1
91129;0
91130;0
91131;0
91132;1
91133;0
91134;0
91135;0
91136;0
91137;0
91138;1
91139;0
91140;1
91141;0
91142;1
91143;1
91144;0
91145;1
91146;0
91147;0
91148;1
91149;0
91150;2
91151;1
91152;0
91153;1
91154;1
91155;0
91156;0
91157;0
91158;0
91159;1
91160;0
91161;0
91162;1
91163;2
91164;0
91165;1
91166;10
91167;0
91168;1
91169;0
91170;1
91171;2
91172;0
91173;0
91174;0
91175;1
91176;0
91177;0
91178;1
91179;0
91180;0
91181;0
91182;1
91183;1
91184;0
91185;0
91186;1
91187;0
91188;0
91189;1
91190;0
91191;2
91192;0
91193;0
91194;2
91195;1
91196;0
91197;1
91198;0
91199;1
91200;0
91201;1
91202;1
91203;0
91204;5
91205;6
91206;0
91207;1
91208;0
91209;1
91210;1
91211;0
91212;0
91213;1
91214;0
91215;0
91216;1
91217;1
91218;0
91219;0
91220;0
91221;0
91222;1
91223;0
91224;2
91225;1
91226;1
91227;0
91228;0
91229;2
91230;1
91231;36
91232;35
91233;0
91234;1
91235;0
91236;2
91237;0
91238;0
91239;0
91240;1
91241;1
91242;0
91243;0
91244;1
91245;0
91246;0
91247;1
91248;2
91249;0
91250;1
91251;0
91252;2
91253;0
91254;1
91255;0
91256;0
91257;1
91258;0
91259;0
91260;0
91261;0
91262;1
91263;35
91264;1
91265;0
91266;0
91267;1
91268;0
91269;1
91270;1
91271;0
91272;1
91273;0
91274;59
91275;1
91276;60
91277;0
91278;27
91279;26
91280;0
91281;0
91282;1
91283;0
91284;1
91285;0
91286;0
91287;0
91288;1
91289;0
91290;1
91291;0
91292;0
91293;1
91294;20
91295;0
91296;22
91297;1
91298;14
91299;21
91300;2
91301;0
91302;0
91303;1
91304;0
91305;1
91306;40
91307;0
91308;1
91309;0
91310;1
91311;0
91312;1
91313;0
91314;1
91315;0
91316;0
91317;1
91318;0
91319;1
91320;1
91321;0
91322;0
91323;1
91324;0
91325;1
91326;0
91327;1
91328;0
91329;1
91330;2
91331;0
91332;1
91333;0
91334;2
91335;1
91336;0
91337;0
91338;0
91339;1
91340;0
91341;0
91342;0
91343;1
91344;1
91345;0
91346;0
91347;1
91348;0
91349;18
91350;0
91351;35
91352;0
91353;1
91354;2
91355;0
91356;1
91357;0
91358;0
91359;1
91360;0
91361;0
91362;0
91363;0
91364;0
91365;1
91366;0
91367;1
91368;0
91369;20
91370;0
91371;1
91372;1
91373;0
91374;0
91375;0
91376;1
91377;0
91378;0
91379;2
91380;1
91381;0
91382;47
91383;0
91384;1
91385;0
91386;1
91387;0
91388;1
91389;0
91390;1
91391;0
91392;1
91393;0
91394;0
91395;0
91396;0
91397;0
91398;1
91399;0
91400;20
91401;0
91402;0
91403;1
91404;0
91405;1
91406;0
91407;0
91408;2
91409;1
91410;48
91411;49
91412;47
91413;0
91414;0
91415;1
91416;0
91417;2
91418;3
91419;0
91420;0
91421;1
91422;0
91423;1
91424;0
91425;0
91426;1
91427;0
91428;1
91429;0
91430;2
91431;1
91432;1
91433;0
91434;0
91435;1
91436;1
91437;0
91438;0
91439;1
91440;2
91441;0
91442;0
91443;1
91444;0
91445;20
91446;1
91447;0
91448;1
91449;2
91450;0
91451;1
91452;1
91453;0
91454;0
91455;1
91456;0
91457;0
91458;1
91459;1
91460;0
91461;0
91462;35
91463;36
91464;0
91465;1
91466;0
91467;0
91468;1
91469;0
91470;1
91471;0
91472;35
91473;0
91474;2
91475;30
91476;0
91477;32
91478;1
91479;31
91480;0
91481;0
91482;50
91483;51
91484;1
91485;0
91486;0
91487;35
91488;36
91489;1
91490;0
91491;0
91492;0
91493;0
91494;1
91495;0
91496;0
91497;0
91498;1
91499;2
91500;0
91501;0
91502;1
91503;0
91504;1
91505;0
91506;0
91507;0
91508;0
91509;0
91510;1
91511;0
91512;1
91513;0
91514;25
91515;27
91516;2
91517;35
91518;76
91519;36
91520;0
91521;1
91522;75
91523;76
91524;0
91525;1
91526;0
91527;0
91528;0
91529;0
91530;1
91531;0
91532;1
91533;1
91534;0
91535;0
91536;1
91537;0
91538;1
91539;0
91540;0
91541;1
91542;0
91543;2
91544;0
91545;0
91546;1
91547;0
91548;0
91549;0
91550;1
91551;0
91552;1
91553;0
91554;1
91555;0
91556;1
91557;0
91558;0
91559;1
91560;0
91561;1
91562;0
91563;0
91564;1
91565;0
91566;0
91567;0
91568;1
91569;0
91570;0
91571;27
91572;25
91573;28
91574;0
91575;1
91576;0
91577;1
91578;0
91579;1
91580;0
91581;0
91582;1
91583;48
91584;0
91585;0
91586;1
91587;0
91588;0
91589;2
91590;1
91591;0
91592;1
91593;0
91594;1
91595;0
91596;0
91597;0
91598;0
91599;0
91600;0
91601;0
91602;1
91603;0
91604;0
91605;0
91606;1
91607;1
91608;0
91609;0
91610;41
91611;42
91612;0
91613;1
91614;0
91615;1
91616;1
91617;0
91618;0
91619;1
91620;0
91621;1
91622;2
91623;0
91624;0
91625;0
91626;1
91627;0
91628;0
91629;0
91630;1
91631;1
91632;0
91633;0
91634;1
91635;0
91636;1
91637;0
91638;0
91639;0
91640;0
91641;1
91642;0
91643;0
91644;1
91645;0
91646;1
91647;0
91648;1
91649;0
91650;0
91651;1
91652;0
91653;0
91654;42
91655;1
91656;41
91657;0
91658;43
91659;2
91660;1
91661;44
91662;0
91663;0
91664;1
91665;0
91666;1
91667;0
91668;0
91669;1
91670;0
91671;1
91672;1
91673;0
91674;37
91675;0
91676;39
91677;38
91678;40
91679;0
91680;1
91681;0
91682;1
91683;0
91684;0
91685;0
91686;0
91687;1
91688;0
91689;1
91690;0
91691;0
91692;1
91693;0
91694;0
91695;1
91696;0
91697;39
91698;35
91699;0
91700;1
91701;0
91702;0
91703;0
91704;0
91705;1
91706;0
91707;0
91708;10
91709;1
91710;1
91711;0
91712;0
91713;1
91714;0
91715;1
91716;0
91717;0
91718;0
91719;0
91720;2
91721;1
91722;0
91723;1
91724;0
91725;0
91726;1
91727;0
91728;2
91729;1
91730;0
91731;1
91732;0
91733;0
91734;1
91735;0
91736;1
91737;0
91738;1
91739;0
91740;2
91741;1
91742;0
91743;0
91744;1
91745;2
91746;0
91747;2
91748;0
91749;35
91750;36
91751;1
91752;0
91753;0
91754;0
91755;1
91756;40
91757;0
91758;1
91759;0
91760;41
91761;40
91762;0
91763;1
91764;2
91765;0
91766;1
91767;1
91768;0
91769;0
91770;0
91771;1
91772;0
91773;35
91774;0
91775;1
91776;0
91777;1
91778;0
91779;1
91780;0
91781;1
91782;0
91783;1
91784;0
91785;1
91786;1
91787;0
91788;0
91789;1
91790;1
91791;0
91792;0
91793;1
91794;0
91795;1
91796;0
91797;0
91798;0
91799;0
91800;0
91801;1
91802;1
91803;40
91804;0
91805;0
91806;1
91807;0
91808;1
91809;0
91810;1
91811;0
91812;1
91813;41
91814;40
91815;0
91816;1
91817;0
91818;0
91819;1
91820;56
91821;0
91822;55
91823;54
91824;0
91825;1
91826;1
91827;0
91828;0
91829;0
91830;0
91831;39
91832;40
91833;41
91834;0
91835;1
91836;1
91837;0
91838;0
91839;2
91840;1
91841;0
91842;1
91843;0
91844;1
91845;0
91846;0
91847;1
91848;0
91849;1
91850;0
91851;0
91852;0
91853;0
91854;1
91855;35
91856;0
91857;0
91858;1
91859;0
91860;1
91861;0
91862;1
91863;0
91864;0
91865;1
91866;0
91867;1
91868;0
91869;1
91870;0
91871;0
91872;0
91873;1
91874;0
91875;1
91876;0
91877;1
91878;0
91879;0
91880;0
91881;0
91882;1
91883;0
91884;1
91885;10
91886;1
91887;20
91888;11
91889;19
91890;0
91891;0
91892;10
91893;11
91894;0
91895;0
91896;0
91897;1
91898;0
91899;1
91900;1
91901;0
91902;0
91903;0
91904;1
91905;1
91906;0
91907;0
91908;1
91909;0
91910;0
91911;1
91912;0
91913;1
91914;0
91915;1
91916;0
91917;1
91918;0
91919;0
91920;1
91921;1
91922;0
91923;42
91924;44
91925;0
91926;40
91927;1
91928;47
91929;0
91930;0
91931;0
91932;1
91933;0
91934;0
91935;1
91936;0
91937;1
91938;0
91939;0
91940;1
91941;0
91942;0
91943;1
91944;0
91945;1
91946;0
91947;0
91948;1
91949;0
91950;1
91951;0
91952;1
91953;0
91954;0
91955;1
91956;1
91957;0
91958;1
91959;0
91960;0
91961;0
91962;10
91963;1
91964;0
91965;1
91966;0
91967;1
91968;0
91969;1
91970;0
91971;0
91972;1
91973;0
91974;0
91975;0
91976;1
91977;0
91978;0
91979;1
91980;1
91981;0
91982;40
91983;0
91984;1
91985;0
91986;0
91987;0
91988;0
91989;1
91990;0
91991;36
91992;1
91993;0
91994;0
91995;1
91996;0
91997;35
91998;36
91999;0
92000;1
92001;1
92002;0
92003;0
92004;18
92005;19
92006;1
92007;0
92008;0
92009;1
92010;0
92011;0
92012;1
92013;0
92014;1
92015;0
92016;0
92017;1
92018;0
92019;0
92020;1
92021;0
92022;1
92023;35
92024;0
92025;1
92026;37
92027;0
92028;1
92029;0
92030;1
92031;0
92032;2
92033;43
92034;0
92035;0
92036;0
92037;1
92038;41
92039;0
92040;1
92041;40
92042;0
92043;0
92044;1
92045;0
92046;0
92047;1
92048;1
92049;0
92050;1
92051;0
92052;0
92053;1
92054;15
92055;0
92056;0
92057;1
92058;0
92059;0
92060;1
92061;0
92062;1
92063;0
92064;2
92065;4
92066;3
92067;5
92068;0
92069;0
92070;1
92071;0
92072;1
92073;2
92074;0
92075;1
92076;0
92077;1
92078;1
92079;0
92080;0
92081;1
92082;35
92083;1
92084;0
92085;0
92086;42
92087;1
92088;0
92089;0
92090;49
92091;0
92092;0
92093;1
92094;1
92095;0
92096;0
92097;1
92098;4
92099;0
92100;35
92101;0
92102;1
92103;0
92104;0
92105;1
92106;2
92107;0
92108;1
92109;36
92110;39
92111;35
92112;1
92113;0
92114;0
92115;0
92116;1
92117;1
92118;0
92119;0
92120;0
92121;0
92122;0
92123;2
92124;0
92125;1
92126;0
92127;1
92128;0
92129;0
92130;1
92131;3
92132;0
92133;0
92134;1
92135;1
92136;0
92137;1
92138;0
92139;0
92140;0
92141;1
92142;0
92143;0
92144;1
92145;0
92146;0
92147;0
92148;1
92149;0
92150;0
92151;2
92152;1
92153;0
92154;0
92155;0
92156;1
92157;0
92158;1
92159;4
92160;0
92161;0
92162;1
92163;0
92164;1
92165;0
92166;0
92167;1
92168;0
92169;0
92170;1
92171;0
92172;2
92173;1
92174;0
92175;0
92176;0
92177;1
92178;0
92179;0
92180;1
92181;0
92182;1
92183;0
92184;1
92185;0
92186;0
92187;1
92188;0
92189;1
92190;2
92191;0
92192;1
92193;35
92194;36
92195;0
92196;1
92197;0
92198;0
92199;1
92200;0
92201;1
92202;0
92203;1
92204;0
92205;1
92206;0
92207;0
92208;0
92209;0
92210;1
92211;0
92212;3
92213;4
92214;6
92215;0
92216;1
92217;0
92218;0
92219;0
92220;0
92221;41
92222;1
92223;38
92224;39
92225;0
92226;1
92227;0
92228;1
92229;0
92230;0
92231;1
92232;0
92233;0
92234;1
92235;0
92236;0
92237;35
92238;0
92239;1
92240;0
92241;1
92242;0
92243;47
92244;0
92245;49
92246;48
92247;0
92248;1
92249;0
92250;0
92251;1
92252;2
92253;0
92254;1
92255;1
92256;0
92257;0
92258;0
92259;1
92260;0
92261;0
92262;1
92263;0
92264;2
92265;1
92266;1
92267;0
92268;0
92269;1
92270;0
92271;35
92272;0
92273;1
92274;0
92275;0
92276;1
92277;0
92278;2
92279;0
92280;1
92281;0
92282;0
92283;1
92284;0
92285;0
92286;1
92287;0
92288;1
92289;0
92290;2
92291;0
92292;0
92293;1
92294;0
92295;1
92296;0
92297;1
92298;35
92299;36
92300;37
92301;0
92302;1
92303;0
92304;0
92305;0
92306;2
92307;0
92308;1
92309;0
92310;1
92311;0
92312;1
92313;0
92314;0
92315;1
92316;2
92317;0
92318;0
92319;1
92320;0
92321;0
92322;1
92323;0
92324;0
92325;0
92326;1
92327;0
92328;1
92329;0
92330;2
92331;0
92332;1
92333;0
92334;1
92335;0
92336;1
92337;1
92338;0
92339;1
92340;0
92341;35
92342;36
92343;0
92344;1
92345;0
92346;2
92347;1
92348;0
92349;1
92350;0
92351;0
92352;0
92353;1
92354;0
92355;1
92356;0
92357;35
92358;0
92359;36
92360;0
92361;0
92362;1
92363;0
92364;1
92365;0
92366;1
92367;1
92368;0
92369;0
92370;1
92371;1
92372;0
92373;0
92374;1
92375;0
92376;1
92377;0
92378;0
92379;1
92380;46
92381;48
92382;0
92383;47
92384;45
92385;0
92386;0
92387;0
92388;1
92389;0
92390;0
92391;0
92392;1
92393;0
92394;0
92395;0
92396;1
92397;0
92398;0
92399;0
92400;0
92401;1
92402;0
92403;1
92404;42
92405;40
92406;0
92407;41
92408;1
92409;0
92410;39
92411;0
92412;40
92413;36
92414;18
92415;35
92416;0
92417;1
92418;0
92419;0
92420;0
92421;1
92422;0
92423;1
92424;1
92425;0
92426;0
92427;1
92428;1
92429;0
92430;0
92431;2
92432;1
92433;0
92434;1
92435;0
92436;0
92437;35
92438;36
92439;37
92440;1
92441;0
92442;0
92443;0
92444;0
92445;0
92446;1
92447;1
92448;0
92449;28
92450;29
92451;36
92452;1
92453;0
92454;0
92455;0
92456;2
92457;1
92458;0
92459;1
92460;2
92461;0
92462;0
92463;1
92464;0
92465;0
92466;1
92467;0
92468;0
92469;36
92470;29
92471;28
92472;35
92473;13
92474;14
92475;0
92476;1
92477;1
92478;0
92479;35
92480;36
92481;0
92482;0
92483;1
92484;37
92485;36
92486;35
92487;0
92488;0
92489;1
92490;37
92491;19
92492;35
92493;36
92494;0
92495;0
92496;2
92497;1
92498;0
92499;0
92500;0
92501;0
92502;1
92503;0
92504;15
92505;27
92506;16
92507;34
92508;33
92509;0
92510;0
92511;0
92512;1
92513;0
92514;1
92515;0
92516;1
92517;2
92518;0
92519;1
92520;0
92521;0
92522;0
92523;35
92524;1
92525;0
92526;1
92527;0
92528;1
92529;0
92530;2
92531;1
92532;0
92533;1
92534;0
92535;1
92536;0
92537;0
92538;1
92539;0
92540;0
92541;0
92542;0
92543;1
92544;0
92545;1
92546;0
92547;1
92548;0
92549;0
92550;1
92551;42
92552;41
92553;0
92554;0
92555;2
92556;0
92557;1
92558;1
92559;48
92560;47
92561;49
92562;0
92563;35
92564;0
92565;2
92566;1
92567;0
92568;1
92569;0
92570;1
92571;0
92572;1
92573;0
92574;1
92575;0
92576;0
92577;1
92578;0
92579;1
92580;0
92581;1
92582;1
92583;0
92584;1
92585;0
92586;0
92587;1
92588;0
92589;1
92590;0
92591;0
92592;1
92593;0
92594;1
92595;0
92596;1
92597;0
92598;0
92599;0
92600;1
92601;0
92602;47
92603;48
92604;0
92605;2
92606;1
92607;49
92608;0
92609;1
92610;0
92611;1
92612;0
92613;1
92614;0
92615;0
92616;2
92617;1
92618;0
92619;1
92620;0
92621;1
92622;0
92623;1
92624;0
92625;1
92626;0
92627;1
92628;0
92629;1
92630;0
92631;2
92632;0
92633;2
92634;0
92635;0
92636;1
92637;0
92638;2
92639;1
92640;0
92641;1
92642;1
92643;0
92644;0
92645;0
92646;0
92647;0
92648;0
92649;1
92650;0
92651;0
92652;1
92653;0
92654;0
92655;0
92656;55
92657;56
92658;0
92659;1
92660;35
92661;0
92662;0
92663;1
92664;2
92665;1
92666;0
92667;0
92668;1
92669;0
92670;1
92671;0
92672;1
92673;0
92674;0
92675;2
92676;0
92677;0
92678;1
92679;0
92680;1
92681;0
92682;1
92683;0
92684;1
92685;0
92686;0
92687;0
92688;0
92689;0
92690;1
92691;0
92692;1
92693;1
92694;0
92695;0
92696;1
92697;0
92698;1
92699;1
92700;0
92701;35
92702;0
92703;1
92704;0
92705;0
92706;0
92707;1
92708;0
92709;0
92710;1
92711;0
92712;0
92713;0
92714;0
92715;0
92716;0
92717;0
92718;0
92719;1
92720;0
92721;1
92722;0
92723;44
92724;45
92725;0
92726;0
92727;1
92728;0
92729;0
92730;2
92731;1
92732;0
92733;1
92734;0
92735;1
92736;0
92737;1
92738;44
92739;0
92740;45
92741;0
92742;1
92743;44
92744;0
92745;0
92746;0
92747;1
92748;0
92749;2
92750;1
92751;0
92752;0
92753;0
92754;1
92755;2
92756;1
92757;0
92758;0
92759;1
92760;0
92761;1
92762;0
92763;1
92764;0
92765;6
92766;1
92767;40
92768;0
92769;39
92770;1
92771;0
92772;0
92773;2
92774;1
92775;48
92776;1
92777;0
92778;47
92779;0
92780;0
92781;0
92782;1
92783;4
92784;0
92785;1
92786;2
92787;0
92788;1
92789;1
92790;0
92791;0
92792;1
92793;0
92794;1
92795;0
92796;0
92797;1
92798;49
92799;48
92800;47
92801;0
92802;0
92803;1
92804;0
92805;1
92806;0
92807;0
92808;0
92809;1
92810;0
92811;0
92812;1
92813;0
92814;1
92815;0
92816;44
92817;1
92818;0
92819;0
92820;1
92821;0
92822;1
92823;0
92824;0
92825;2
92826;1
92827;0
92828;1
92829;0
92830;1
92831;0
92832;0
92833;1
92834;0
92835;1
92836;0
92837;0
92838;1
92839;0
92840;1
92841;2
92842;0
92843;3
92844;0
92845;2
92846;1
92847;1
92848;39
92849;0
92850;35
92851;36
92852;0
92853;1
92854;0
92855;1
92856;1
92857;0
92858;2
92859;0
92860;1
92861;0
92862;1
92863;0
92864;0
92865;1
92866;0
92867;41
92868;1
92869;0
92870;1
92871;0
92872;1
92873;0
92874;1
92875;1
92876;0
92877;0
92878;1
92879;0
92880;1
92881;0
92882;1
92883;36
92884;35
92885;1
92886;0
92887;0
92888;1
92889;0
92890;1
92891;0
92892;1
92893;40
92894;0
92895;0
92896;1
92897;0
92898;2
92899;1
92900;0
92901;0
92902;1
92903;0
92904;0
92905;40
92906;41
92907;1
92908;1
92909;0
92910;1
92911;0
92912;0
92913;1
92914;0
92915;0
92916;1
92917;0
92918;0
92919;1
92920;0
92921;0
92922;0
92923;1
92924;0
92925;0
92926;1
92927;0
92928;0
92929;1
92930;0
92931;0
92932;0
92933;0
92934;0
92935;0
92936;1
92937;0
92938;0
92939;1
92940;0
92941;1
92942;0
92943;0
92944;0
92945;1
92946;0
92947;1
92948;0
92949;1
92950;0
92951;35
92952;0
92953;1
92954;0
92955;0
92956;1
92957;0
92958;1
92959;0
92960;1
92961;0
92962;1
92963;0
92964;0
92965;35
92966;0
92967;1
92968;0
92969;1
92970;0
92971;1
92972;0
92973;1
92974;0
92975;0
92976;0
92977;2
92978;50
92979;42
92980;1
92981;0
92982;1
92983;0
92984;1
92985;0
92986;1
92987;0
92988;1
92989;0
92990;1
92991;0
92992;0
92993;1
92994;0
92995;1
92996;0
92997;1
92998;0
92999;1
93000;0
93001;1
93002;1
93003;0
93004;0
93005;1
93006;0
93007;0
93008;36
93009;35
93010;0
93011;1
93012;0
93013;1
93014;0
93015;0
93016;1
93017;1
93018;0
93019;0
93020;1
93021;0
93022;1
93023;0
93024;1
93025;0
93026;1
93027;0
93028;0
93029;0
93030;1
93031;0
93032;1
93033;0
93034;1
93035;0
93036;1
93037;0
93038;1
93039;0
93040;1
93041;0
93042;1
93043;2
93044;0
93045;1
93046;0
93047;1
93048;0
93049;1
93050;0
93051;1
93052;0
93053;0
93054;0
93055;1
93056;0
93057;1
93058;0
93059;0
93060;0
93061;0
93062;0
93063;1
93064;0
93065;0
93066;1
93067;0
93068;1
93069;0
93070;0
93071;0
93072;0
93073;0
93074;1
93075;0
93076;1
93077;0
93078;1
93079;0
93080;1
93081;0
93082;0
93083;1
93084;0
93085;1
93086;38
93087;36
93088;35
93089;37
93090;0
93091;0
93092;39
93093;1
93094;0
93095;1
93096;2
93097;0
93098;1
93099;0
93100;1
93101;41
93102;1
93103;0
93104;0
93105;1
93106;36
93107;35
93108;1
93109;0
93110;1
93111;0
93112;2
93113;1
93114;0
93115;0
93116;0
93117;1
93118;1
93119;0
93120;0
93121;1
93122;1
93123;0
93124;1
93125;0
93126;0
93127;1
93128;0
93129;1
93130;0
93131;0
93132;1
93133;0
93134;1
93135;1
93136;0
93137;2
93138;0
93139;0
93140;1
93141;0
93142;0
93143;0
93144;1
93145;0
93146;0
93147;1
93148;0
93149;0
93150;0
93151;1
93152;0
93153;1
93154;0
93155;1
93156;0
93157;1
93158;0
93159;35
93160;36
93161;0
93162;1
93163;0
93164;0
93165;1
93166;0
93167;0
93168;1
93169;1
93170;0
93171;0
93172;0
93173;0
93174;1
93175;0
93176;1
93177;0
93178;0
93179;0
93180;1
93181;35
93182;0
93183;1
93184;0
93185;0
93186;0
93187;1
93188;40
93189;41
93190;0
93191;1
93192;0
93193;0
93194;1
93195;0
93196;1
93197;0
93198;0
93199;49
93200;48
93201;0
93202;36
93203;35
93204;0
93205;0
93206;1
93207;1
93208;0
93209;0
93210;1
93211;0
93212;0
93213;1
93214;0
93215;17
93216;0
93217;1
93218;0
93219;0
93220;0
93221;0
93222;1
93223;0
93224;1
93225;35
93226;0
93227;1
93228;0
93229;0
93230;0
93231;1
93232;0
93233;1
93234;0
93235;0
93236;1
93237;0
93238;0
93239;0
93240;1
93241;0
93242;0
93243;0
93244;1
93245;0
93246;0
93247;2
93248;1
93249;0
93250;1
93251;0
93252;1
93253;1
93254;0
93255;0
93256;0
93257;1
93258;2
93259;0
93260;1
93261;0
93262;1
93263;0
93264;0
93265;1
93266;0
93267;1
93268;1
93269;0
93270;0
93271;0
93272;0
93273;1
93274;0
93275;1
93276;0
93277;1
93278;1
93279;0
93280;0
93281;0
93282;0
93283;2
93284;0
93285;1
93286;4
93287;35
93288;36
93289;0
93290;0
93291;1
93292;0
93293;1
93294;1
93295;0
93296;0
93297;70
93298;71
93299;0
93300;0
93301;1
93302;0
93303;0
93304;1
93305;0
93306;0
93307;1
93308;1
93309;0
93310;0
93311;1
93312;1
93313;0
93314;0
93315;1
93316;0
93317;1
93318;1
93319;0
93320;0
93321;1
93322;0
93323;35
93324;36
93325;0
93326;1
93327;1
93328;0
93329;0
93330;1
93331;0
93332;1
93333;0
93334;1
93335;0
93336;0
93337;1
93338;0
93339;1
93340;0
93341;1
93342;43
93343;42
93344;35
93345;0
93346;1
93347;0
93348;1
93349;0
93350;1
93351;0
93352;1
93353;1
93354;0
93355;0
93356;1
93357;2
93358;0
93359;1
93360;0
93361;1
93362;0
93363;13
93364;0
93365;2
93366;1
93367;1
93368;0
93369;1
93370;0
93371;0
93372;1
93373;0
93374;1
93375;0
93376;1
93377;35
93378;0
93379;1
93380;0
93381;0
93382;1
93383;0
93384;1
93385;0
93386;41
93387;0
93388;0
93389;1
93390;0
93391;1
93392;0
93393;0
93394;1
93395;0
93396;0
93397;0
93398;1
93399;0
93400;1
93401;0
93402;1
93403;0
93404;1
93405;0
93406;70
93407;1
93408;40
93409;41
93410;0
93411;1
93412;0
93413;0
93414;0
93415;0
93416;1
93417;0
93418;1
93419;0
93420;0
93421;1
93422;0
93423;0
93424;1
93425;0
93426;0
93427;1
93428;0
93429;1
93430;2
93431;0
93432;1
93433;3
93434;0
93435;1
93436;1
93437;0
93438;0
93439;0
93440;1
93441;0
93442;1
93443;0
93444;0
93445;1
93446;2
93447;0
93448;1
93449;0
93450;1
93451;1
93452;0
93453;0
93454;0
93455;0
93456;0
93457;1
93458;0
93459;1
93460;0
93461;0
93462;1
93463;24
93464;0
93465;0
93466;40
93467;0
93468;36
93469;35
93470;0
93471;1
93472;0
93473;2
93474;0
93475;1
93476;0
93477;0
93478;1
93479;0
93480;0
93481;0
93482;0
93483;1
93484;0
93485;0
93486;0
93487;40
93488;1
93489;0
93490;0
93491;0
93492;1
93493;35
93494;37
93495;0
93496;0
93497;1
93498;1
93499;0
93500;1
93501;0
93502;0
93503;1
93504;38
93505;40
93506;37
93507;0
93508;0
93509;1
93510;0
93511;1
93512;0
93513;2
93514;1
93515;0
93516;1
93517;0
93518;2
93519;1
93520;0
93521;1
93522;0
93523;10
93524;0
93525;0
93526;0
93527;1
93528;0
93529;1
93530;0
93531;0
93532;1
93533;0
93534;1
93535;1
93536;0
93537;0
93538;1
93539;1
93540;0
93541;0
93542;0
93543;0
93544;1
93545;2
93546;40
93547;1
93548;0
93549;0
93550;1
93551;1
93552;0
93553;1
93554;0
93555;1
93556;0
93557;0
93558;0
93559;0
93560;1
93561;0
93562;1
93563;0
93564;1
93565;2
93566;0
93567;54
93568;56
93569;55
93570;35
93571;36
93572;0
93573;0
93574;0
93575;1
93576;0
93577;0
93578;1
93579;0
93580;0
93581;1
93582;0
93583;0
93584;0
93585;1
93586;1
93587;0
93588;0
93589;1
93590;35
93591;0
93592;0
93593;1
93594;80
93595;81
93596;0
93597;0
93598;1
93599;0
93600;0
93601;1
93602;2
93603;0
93604;1
93605;0
93606;1
93607;0
93608;0
93609;1
93610;0
93611;1
93612;2
93613;0
93614;1
93615;1
93616;0
93617;1
93618;0
93619;16
93620;18
93621;15
93622;17
93623;0
93624;1
93625;0
93626;1
93627;0
93628;0
93629;1
93630;1
93631;0
93632;0
93633;1
93634;0
93635;0
93636;1
93637;0
93638;1
93639;0
93640;0
93641;1
93642;1
93643;0
93644;0
93645;1
93646;0
93647;1
93648;0
93649;1
93650;2
93651;0
93652;1
93653;1
93654;6
93655;0
93656;0
93657;1
93658;0
93659;18
93660;0
93661;1
93662;0
93663;0
93664;1
93665;0
93666;1
93667;0
93668;0
93669;44
93670;1
93671;1
93672;0
93673;0
93674;0
93675;1
93676;1
93677;0
93678;48
93679;47
93680;0
93681;0
93682;0
93683;1
93684;35
93685;36
93686;35
93687;36
93688;0
93689;1
93690;0
93691;1
93692;0
93693;0
93694;1
93695;0
93696;1
93697;0
93698;0
93699;0
93700;2
93701;0
93702;0
93703;1
93704;1
93705;0
93706;0
93707;1
93708;0
93709;1
93710;0
93711;1
93712;0
93713;1
93714;1
93715;0
93716;0
93717;1
93718;0
93719;0
93720;0
93721;1
93722;0
93723;0
93724;1
93725;0
93726;1
93727;2
93728;0
93729;0
93730;1
93731;0
93732;0
93733;1
93734;0
93735;0
93736;1
93737;0
93738;0
93739;1
93740;79
93741;0
93742;0
93743;1
93744;0
93745;1
93746;0
93747;0
93748;1
93749;1
93750;0
93751;0
93752;0
93753;1
93754;40
93755;0
93756;1
93757;0
93758;1
93759;0
93760;0
93761;1
93762;2
93763;0
93764;1
93765;1
93766;0
93767;0
93768;1
93769;0
93770;1
93771;0
93772;0
93773;1
93774;0
93775;1
93776;0
93777;0
93778;1
93779;0
93780;0
93781;1
93782;0
93783;1
93784;0
93785;1
93786;0
93787;0
93788;30
93789;1
93790;0
93791;1
93792;0
93793;0
93794;1
93795;2
93796;0
93797;1
93798;0
93799;0
93800;1
93801;0
93802;0
93803;1
93804;0
93805;0
93806;35
93807;0
93808;0
93809;1
93810;0
93811;1
93812;0
93813;0
93814;1
93815;0
93816;1
93817;0
93818;35
93819;0
93820;2
93821;0
93822;2
93823;1
93824;1
93825;0
93826;0
93827;1
93828;0
93829;1
93830;0
93831;1
93832;1
93833;0
93834;1
93835;0
93836;0
93837;1
93838;0
93839;0
93840;0
93841;1
93842;0
93843;0
93844;1
93845;0
93846;0
93847;1
93848;0
93849;1
93850;0
93851;1
93852;0
93853;0
93854;1
93855;0
93856;1
93857;0
93858;0
93859;1
93860;0
93861;1
93862;0
93863;0
93864;0
93865;1
93866;0
93867;1
93868;0
93869;1
93870;0
93871;1
93872;0
93873;1
93874;0
93875;1
93876;0
93877;1
93878;47
93879;28
93880;25
93881;29
93882;48
93883;0
93884;1
93885;0
93886;1
93887;1
93888;0
93889;74
93890;0
93891;73
93892;0
93893;1
93894;2
93895;0
93896;1
93897;0
93898;0
93899;0
93900;1
93901;0
93902;1
93903;2
93904;0
93905;1
93906;1
93907;0
93908;0
93909;1
93910;0
93911;1
93912;0
93913;1
93914;0
93915;1
93916;0
93917;1
93918;0
93919;0
93920;1
93921;0
93922;1
93923;0
93924;0
93925;0
93926;0
93927;1
93928;1
93929;0
93930;0
93931;1
93932;0
93933;1
93934;0
93935;1
93936;0
93937;1
93938;0
93939;0
93940;2
93941;1
93942;1
93943;0
93944;9
93945;0
93946;24
93947;22
93948;0
93949;0
93950;1
93951;2
93952;0
93953;0
93954;1
93955;0
93956;1
93957;0
93958;1
93959;0
93960;0
93961;0
93962;1
93963;2
93964;0
93965;35
93966;0
93967;36
93968;39
93969;35
93970;0
93971;1
93972;0
93973;1
93974;0
93975;1
93976;7
93977;0
93978;0
93979;2
93980;0
93981;1
93982;0
93983;1
93984;0
93985;1
93986;0
93987;1
93988;0
93989;2
93990;1
93991;0
93992;1
93993;0
93994;0
93995;0
93996;1
93997;0
93998;1
93999;0
94000;0
94001;1
94002;0
94003;1
94004;0
94005;1
94006;0
94007;14
94008;0
94009;2
94010;15
94011;1
94012;0
94013;1
94014;1
94015;0
94016;2
94017;1
94018;0
94019;1
94020;0
94021;0
94022;1
94023;0
94024;0
94025;1
94026;0
94027;0
94028;15
94029;16
94030;0
94031;0
94032;1
94033;0
94034;0
94035;1
94036;0
94037;1
94038;0
94039;1
94040;0
94041;1
94042;0
94043;1
94044;0
94045;0
94046;1
94047;0
94048;0
94049;1
94050;0
94051;0
94052;1
94053;1
94054;0
94055;0
94056;0
94057;1
94058;0
94059;1
94060;0
94061;1
94062;0
94063;1
94064;0
94065;0
94066;48
94067;47
94068;2
94069;1
94070;0
94071;2
94072;1
94073;0
94074;0
94075;1
94076;0
94077;35
94078;0
94079;1
94080;0
94081;1
94082;0
94083;1
94084;0
94085;1
94086;0
94087;0
94088;1
94089;2
94090;0
94091;1
94092;0
94093;0
94094;0
94095;1
94096;2
94097;0
94098;0
94099;1
94100;0
94101;0
94102;1
94103;0
94104;0
94105;1
94106;2
94107;0
94108;0
94109;1
94110;1
94111;0
94112;0
94113;1
94114;0
94115;0
94116;1
94117;0
94118;0
94119;1
94120;1
94121;0
94122;0
94123;0
94124;46
94125;70
94126;48
94127;0
94128;1
94129;0
94130;1
94131;0
94132;1
94133;0
94134;0
94135;0
94136;1
94137;1
94138;0
94139;0
94140;1
94141;0
94142;0
94143;0
94144;0
94145;1
94146;1
94147;0
94148;0
94149;2
94150;1
94151;0
94152;1
94153;0
94154;1
94155;0
94156;1
94157;0
94158;1
94159;0
94160;1
94161;0
94162;2
94163;1
94164;1
94165;0
94166;0
94167;1
94168;0
94169;2
94170;30
94171;1
94172;0
94173;0
94174;1
94175;0
94176;1
94177;0
94178;1
94179;0
94180;1
94181;0
94182;0
94183;0
94184;0
94185;1
94186;0
94187;14
94188;0
94189;1
94190;0
94191;1
94192;2
94193;1
94194;0
94195;0
94196;0
94197;0
94198;0
94199;0
94200;0
94201;0
94202;0
94203;1
94204;0
94205;0
94206;1
94207;0
94208;2
94209;0
94210;1
94211;0
94212;2
94213;1
94214;0
94215;0
94216;1
94217;0
94218;1
94219;0
94220;0
94221;0
94222;1
94223;0
94224;1
94225;0
94226;1
94227;2
94228;0
94229;1
94230;0
94231;1
94232;0
94233;0
94234;0
94235;1
94236;0
94237;0
94238;1
94239;1
94240;0
94241;0
94242;1
94243;0
94244;1
94245;0
94246;1
94247;0
94248;1
94249;0
94250;0
94251;1
94252;35
94253;36
94254;0
94255;53
94256;55
94257;1
94258;54
94259;0
94260;0
94261;1
94262;0
94263;0
94264;1
94265;0
94266;1
94267;0
94268;0
94269;2
94270;40
94271;1
94272;1
94273;0
94274;0
94275;0
94276;35
94277;36
94278;0
94279;1
94280;0
94281;1
94282;0
94283;1
94284;0
94285;1
94286;0
94287;1
94288;0
94289;26
94290;35
94291;0
94292;0
94293;0
94294;1
94295;0
94296;0
94297;1
94298;0
94299;1
94300;0
94301;1
94302;0
94303;0
94304;0
94305;0
94306;1
94307;0
94308;1
94309;0
94310;1
94311;0
94312;0
94313;0
94314;1
94315;0
94316;1
94317;0
94318;1
94319;0
94320;1
94321;0
94322;0
94323;0
94324;1
94325;0
94326;1
94327;1
94328;0
94329;0
94330;35
94331;67
94332;0
94333;1
94334;0
94335;1
94336;0
94337;1
94338;0
94339;0
94340;1
94341;0
94342;1
94343;39
94344;2
94345;38
94346;0
94347;1
94348;0
94349;0
94350;1
94351;0
94352;0
94353;1
94354;0
94355;0
94356;1
94357;0
94358;1
94359;2
94360;0
94361;1
94362;0
94363;1
94364;0
94365;0
94366;0
94367;1
94368;0
94369;0
94370;1
94371;0
94372;1
94373;0
94374;1
94375;0
94376;1
94377;0
94378;1
94379;0
94380;1
94381;0
94382;1
94383;0
94384;1
94385;2
94386;0
94387;1
94388;0
94389;0
94390;1
94391;0
94392;0
94393;0
94394;2
94395;1
94396;0
94397;1
94398;1
94399;0
94400;1
94401;0
94402;1
94403;0
94404;3
94405;0
94406;0
94407;1
94408;0
94409;0
94410;0
94411;2
94412;0
94413;0
94414;1
94415;0
94416;1
94417;0
94418;0
94419;1
94420;0
94421;1
94422;0
94423;1
94424;0
94425;1
94426;0
94427;0
94428;1
94429;0
94430;0
94431;1
94432;0
94433;1
94434;1
94435;0
94436;0
94437;1
94438;0
94439;0
94440;0
94441;2
94442;0
94443;1
94444;0
94445;1
94446;15
94447;0
94448;17
94449;18
94450;9
94451;16
94452;0
94453;0
94454;2
94455;1
94456;0
94457;1
94458;0
94459;1
94460;1
94461;0
94462;23
94463;1
94464;0
94465;0
94466;1
94467;0
94468;0
94469;0
94470;1
94471;0
94472;1
94473;0
94474;1
94475;0
94476;0
94477;1
94478;0
94479;1
94480;0
94481;1
94482;0
94483;0
94484;0
94485;0
94486;1
94487;0
94488;0
94489;0
94490;1
94491;0
94492;1
94493;0
94494;1
94495;0
94496;15
94497;17
94498;18
94499;0
94500;9
94501;16
94502;0
94503;1
94504;0
94505;0
94506;1
94507;0
94508;0
94509;1
94510;0
94511;0
94512;0
94513;1
94514;0
94515;1
94516;0
94517;0
94518;1
94519;0
94520;0
94521;1
94522;0
94523;0
94524;1
94525;52
94526;0
94527;1
94528;53
94529;0
94530;1
94531;0
94532;2
94533;0
94534;1
94535;1
94536;0
94537;1
94538;0
94539;0
94540;0
94541;1
94542;2
94543;0
94544;0
94545;0
94546;0
94547;0
94548;1
94549;0
94550;1
94551;35
94552;0
94553;0
94554;1
94555;0
94556;1
94557;0
94558;39
94559;38
94560;1
94561;0
94562;35
94563;0
94564;1
94565;0
94566;0
94567;1
94568;0
94569;1
94570;0
94571;0
94572;0
94573;0
94574;0
94575;1
94576;0
94577;1
94578;1
94579;0
94580;0
94581;1
94582;54
94583;1
94584;0
94585;55
94586;2
94587;0
94588;0
94589;1
94590;0
94591;0
94592;1
94593;0
94594;1
94595;0
94596;0
94597;0
94598;1
94599;35
94600;36
94601;0
94602;1
94603;0
94604;1
94605;1
94606;0
94607;0
94608;1
94609;0
94610;0
94611;0
94612;39
94613;42
94614;1
94615;17
94616;20
94617;37
94618;18
94619;23
94620;22
94621;1
94622;4
94623;0
94624;0
94625;1
94626;0
94627;0
94628;1
94629;0
94630;1
94631;0
94632;1
94633;92
94634;93
94635;34
94636;0
94637;1
94638;0
94639;0
94640;1
94641;0
94642;1
94643;0
94644;1
94645;0
94646;0
94647;0
94648;0
94649;1
94650;1
94651;0
94652;0
94653;1
94654;0
94655;1
94656;3
94657;0
94658;1
94659;0
94660;1
94661;0
94662;1
94663;1
94664;0
94665;0
94666;0
94667;1
94668;0
94669;0
94670;1
94671;0
94672;1
94673;0
94674;35
94675;36
94676;0
94677;1
94678;0
94679;0
94680;0
94681;44
94682;1
94683;0
94684;0
94685;1
94686;0
94687;0
94688;6
94689;1
94690;0
94691;0
94692;1
94693;2
94694;0
94695;1
94696;0
94697;0
94698;0
94699;1
94700;0
94701;1
94702;0
94703;0
94704;0
94705;1
94706;0
94707;1
94708;0
94709;3
94710;1
94711;19
94712;0
94713;22
94714;13
94715;1
94716;0
94717;2
94718;1
94719;0
94720;0
94721;0
94722;1
94723;0
94724;42
94725;41
94726;50
94727;43
94728;0
94729;10
94730;21
94731;0
94732;20
94733;11
94734;1
94735;0
94736;0
94737;1
94738;1
94739;0
94740;1
94741;0
94742;0
94743;1
94744;35
94745;0
94746;1
94747;0
94748;1
94749;0
94750;1
94751;0
94752;0
94753;0
94754;0
94755;0
94756;1
94757;0
94758;1
94759;0
94760;1
94761;0
94762;1
94763;0
94764;1
94765;2
94766;0
94767;0
94768;1
94769;0
94770;1
94771;0
94772;0
94773;0
94774;1
94775;0
94776;1
94777;0
94778;1
94779;0
94780;1
94781;1
94782;0
94783;0
94784;1
94785;0
94786;1
94787;0
94788;1
94789;0
94790;0
94791;0
94792;0
94793;1
94794;0
94795;0
94796;0
94797;1
94798;0
94799;1
94800;0
94801;1
94802;0
94803;0
94804;1
94805;0
94806;0
94807;0
94808;0
94809;0
94810;0
94811;0
94812;46
94813;0
94814;1
94815;0
94816;0
94817;0
94818;1
94819;0
94820;1
94821;41
94822;0
94823;0
94824;1
94825;0
94826;1
94827;0
94828;1
94829;0
94830;1
94831;0
94832;0
94833;0
94834;0
94835;1
94836;0
94837;0
94838;1
94839;0
94840;0
94841;1
94842;1
94843;0
94844;0
94845;0
94846;1
94847;2
94848;1
94849;0
94850;0
94851;1
94852;1
94853;0
94854;2
94855;0
94856;1
94857;0
94858;1
94859;35
94860;36
94861;0
94862;1
94863;0
94864;1
94865;35
94866;36
94867;1
94868;0
94869;0
94870;1
94871;1
94872;0
94873;2
94874;0
94875;1
94876;0
94877;1
94878;0
94879;1
94880;0
94881;1
94882;1
94883;0
94884;0
94885;0
94886;0
94887;1
94888;2
94889;0
94890;1
94891;0
94892;1
94893;0
94894;0
94895;1
94896;0
94897;1
94898;0
94899;0
94900;0
94901;47
94902;0
94903;39
94904;40
94905;1
94906;41
94907;2
94908;0
94909;1
94910;0
94911;0
94912;1
94913;0
94914;0
94915;1
94916;0
94917;0
94918;1
94919;0
94920;1
94921;0
94922;1
94923;0
94924;1
94925;2
94926;0
94927;0
94928;1
94929;0
94930;1
94931;0
94932;1
94933;48
94934;0
94935;35
94936;0
94937;1
94938;2
94939;0
94940;40
94941;1
94942;0
94943;1
94944;2
94945;0
94946;1
94947;0
94948;0
94949;0
94950;1
94951;49
94952;48
94953;0
94954;0
94955;2
94956;1
94957;0
94958;1
94959;2
94960;0
94961;0
94962;1
94963;2
94964;0
94965;2
94966;0
94967;0
94968;1
94969;0
94970;1
94971;35
94972;0
94973;0
94974;0
94975;0
94976;1
94977;35
94978;36
94979;0
94980;1
94981;40
94982;0
94983;41
94984;51
94985;1
94986;0
94987;1
94988;0
94989;0
94990;1
94991;0
94992;1
94993;0
94994;1
94995;0
94996;1
94997;0
94998;1
94999;0
95000;0
95001;0
95002;1
95003;0
95004;44
95005;0
95006;0
95007;2
95008;42
95009;0
95010;0
95011;1
95012;0
95013;1
95014;0
95015;1
95016;0
95017;41
95018;0
95019;49
95020;50
95021;1
95022;0
95023;1
95024;0
95025;0
95026;1
95027;0
95028;0
95029;32
95030;40
95031;0
95032;42
95033;1
95034;41
95035;0
95036;2
95037;1
95038;0
95039;1
95040;0
95041;1
95042;35
95043;36
95044;1
95045;0
95046;17
95047;0
95048;1
95049;0
95050;0
95051;1
95052;1
95053;0
95054;0
95055;1
95056;0
95057;1
95058;1
95059;0
95060;0
95061;0
95062;0
95063;1
95064;0
95065;0
95066;0
95067;1
95068;0
95069;0
95070;0
95071;1
95072;1
95073;0
95074;1
95075;0
95076;0
95077;1
95078;0
95079;0
95080;0
95081;1
95082;0
95083;1
95084;36
95085;35
95086;0
95087;0
95088;1
95089;0
95090;0
95091;1
95092;0
95093;1
95094;0
95095;0
95096;1
95097;0
95098;0
95099;1
95100;0
95101;0
95102;0
95103;2
95104;1
95105;0
95106;0
95107;1
95108;0
95109;1
95110;1
95111;0
95112;0
95113;1
95114;0
95115;0
95116;0
95117;2
95118;38
95119;20
95120;21
95121;37
95122;40
95123;0
95124;1
95125;1
95126;0
95127;0
95128;1
95129;0
95130;1
95131;0
95132;0
95133;1
95134;0
95135;1
95136;0
95137;0
95138;2
95139;1
95140;0
95141;1
95142;0
95143;1
95144;0
95145;1
95146;0
95147;35
95148;61
95149;0
95150;60
95151;1
95152;0
95153;1
95154;0
95155;0
95156;1
95157;0
95158;0
95159;0
95160;0
95161;1
95162;0
95163;1
95164;0
95165;1
95166;36
95167;35
95168;13
95169;0
95170;24
95171;14
95172;1
95173;0
95174;1
95175;46
95176;66
95177;0
95178;0
95179;0
95180;1
95181;0
95182;0
95183;1
95184;0
95185;1
95186;0
95187;0
95188;1
95189;2
95190;0
95191;1
95192;0
95193;0
95194;39
95195;0
95196;0
95197;1
95198;0
95199;0
95200;2
95201;1
95202;0
95203;1
95204;0
95205;1
95206;0
95207;19
95208;20
95209;11
95210;18
95211;1
95212;0
95213;0
95214;0
95215;1
95216;1
95217;0
95218;0
95219;1
95220;0
95221;1
95222;0
95223;0
95224;2
95225;1
95226;40
95227;41
95228;1
95229;0
95230;0
95231;1
95232;0
95233;1
95234;0
95235;0
95236;4
95237;3
95238;0
95239;1
95240;0
95241;0
95242;1
95243;0
95244;0
95245;1
95246;0
95247;0
95248;1
95249;0
95250;0
95251;2
95252;1
95253;39
95254;0
95255;1
95256;35
95257;0
95258;2
95259;1
95260;0
95261;1
95262;0
95263;1
95264;0
95265;0
95266;1
95267;0
95268;0
95269;1
95270;2
95271;0
95272;1
95273;0
95274;1
95275;0
95276;0
95277;2
95278;1
95279;0
95280;1
95281;0
95282;1
95283;0
95284;0
95285;0
95286;0
95287;2
95288;0
95289;1
95290;0
95291;0
95292;1
95293;0
95294;16
95295;20
95296;21
95297;17
95298;1
95299;46
95300;0
95301;0
95302;1
95303;0
95304;1
95305;43
95306;0
95307;1
95308;0
95309;1
95310;0
95311;2
95312;1
95313;0
95314;0
95315;0
95316;0
95317;2
95318;3
95319;1
95320;0
95321;0
95322;1
95323;0
95324;1
95325;0
95326;0
95327;0
95328;1
95329;0
95330;3
95331;1
95332;0
95333;1
95334;0
95335;3
95336;1
95337;0
95338;0
95339;1
95340;47
95341;0
95342;0
95343;0
95344;1
95345;1
95346;0
95347;2
95348;0
95349;1
95350;0
95351;0
95352;1
95353;1
95354;0
95355;0
95356;0
95357;1
95358;0
95359;0
95360;0
95361;1
95362;0
95363;1
95364;2
95365;0
95366;0
95367;1
95368;0
95369;1
95370;0
95371;0
95372;1
95373;0
95374;1
95375;0
95376;1
95377;1
95378;0
95379;35
95380;1
95381;0
95382;0
95383;1
95384;0
95385;0
95386;0
95387;0
95388;1
95389;0
95390;1
95391;0
95392;58
95393;35
95394;59
95395;57
95396;0
95397;0
95398;1
95399;1
95400;0
95401;0
95402;1
95403;0
95404;1
95405;0
95406;1
95407;0
95408;1
95409;0
95410;1
95411;30
95412;8
95413;37
95414;9
95415;10
95416;0
95417;1
95418;2
95419;0
95420;1
95421;0
95422;0
95423;1
95424;0
95425;1
95426;0
95427;1
95428;0
95429;0
95430;0
95431;0
95432;1
95433;0
95434;39
95435;0
95436;1
95437;0
95438;0
95439;1
95440;0
95441;0
95442;0
95443;1
95444;2
95445;0
95446;0
95447;0
95448;1
95449;0
95450;1
95451;0
95452;0
95453;35
95454;36
95455;0
95456;1
95457;0
95458;1
95459;1
95460;0
95461;0
95462;0
95463;1
95464;62
95465;65
95466;64
95467;36
95468;35
95469;63
95470;0
95471;0
95472;1
95473;0
95474;1
95475;0
95476;1
95477;0
95478;1
95479;0
95480;1
95481;0
95482;0
95483;0
95484;1
95485;0
95486;1
95487;11
95488;1
95489;0
95490;1
95491;0
95492;0
95493;0
95494;1
95495;40
95496;42
95497;41
95498;0
95499;1
95500;0
95501;8
95502;6
95503;7
95504;0
95505;0
95506;0
95507;35
95508;0
95509;1
95510;0
95511;0
95512;2
95513;0
95514;1
95515;0
95516;0
95517;1
95518;0
95519;0
95520;0
95521;1
95522;0
95523;1
95524;4
95525;13
95526;0
95527;0
95528;1
95529;0
95530;0
95531;1
95532;0
95533;1
95534;0
95535;1
95536;0
95537;0
95538;1
95539;1
95540;0
95541;35
95542;36
95543;24
95544;0
95545;25
95546;0
95547;0
95548;0
95549;0
95550;44
95551;45
95552;0
95553;1
95554;0
95555;1
95556;2
95557;0
95558;3
95559;1
95560;2
95561;1
95562;0
95563;0
95564;1
95565;0
95566;1
95567;2
95568;36
95569;35
95570;0
95571;1
95572;0
95573;0
95574;1
95575;0
95576;1
95577;35
95578;36
95579;11
95580;39
95581;42
95582;40
95583;0
95584;2
95585;1
95586;0
95587;1
95588;0
95589;1
95590;0
95591;0
95592;0
95593;1
95594;0
95595;1
95596;0
95597;0
95598;1
95599;0
95600;1
95601;0
95602;1
95603;0
95604;44
95605;0
95606;45
95607;0
95608;0
95609;1
95610;0
95611;1
95612;1
95613;0
95614;4
95615;53
95616;40
95617;0
95618;0
95619;1
95620;0
95621;1
95622;0
95623;1
95624;8
95625;35
95626;9
95627;0
95628;0
95629;1
95630;2
95631;0
95632;0
95633;1
95634;2
95635;1
95636;0
95637;0
95638;0
95639;0
95640;2
95641;0
95642;0
95643;1
95644;0
95645;0
95646;0
95647;1
95648;0
95649;0
95650;1
95651;2
95652;0
95653;39
95654;1
95655;0
95656;1
95657;64
95658;0
95659;1
95660;0
95661;1
95662;41
95663;40
95664;0
95665;2
95666;0
95667;1
95668;0
95669;1
95670;0
95671;1
95672;0
95673;0
95674;0
95675;2
95676;1
95677;1
95678;0
95679;0
95680;0
95681;41
95682;1
95683;0
95684;1
95685;1
95686;0
95687;0
95688;0
95689;1
95690;0
95691;1
95692;0
95693;1
95694;0
95695;0
95696;1
95697;0
95698;1
95699;0
95700;1
95701;0
95702;1
95703;0
95704;0
95705;0
95706;35
95707;0
95708;1
95709;0
95710;0
95711;1
95712;0
95713;1
95714;1
95715;0
95716;62
95717;1
95718;0
95719;64
95720;63
95721;0
95722;1
95723;0
95724;1
95725;0
95726;1
95727;0
95728;1
95729;35
95730;0
95731;1
95732;0
95733;1
95734;0
95735;1
95736;1
95737;0
95738;70
95739;73
95740;0
95741;74
95742;71
95743;72
95744;0
95745;0
95746;0
95747;1
95748;0
95749;1
95750;0
95751;1
95752;0
95753;1
95754;0
95755;1
95756;0
95757;0
95758;1
95759;0
95760;1
95761;1
95762;0
95763;0
95764;0
95765;0
95766;1
95767;1
95768;0
95769;0
95770;0
95771;0
95772;2
95773;1
95774;0
95775;0
95776;0
95777;1
95778;1
95779;0
95780;0
95781;1
95782;1
95783;0
95784;0
95785;1
95786;1
95787;0
95788;12
95789;35
95790;0
95791;1
95792;0
95793;0
95794;0
95795;1
95796;2
95797;0
95798;53
95799;21
95800;0
95801;1
95802;0
95803;35
95804;0
95805;1
95806;0
95807;19
95808;21
95809;22
95810;1
95811;13
95812;0
95813;0
95814;1
95815;0
95816;0
95817;0
95818;0
95819;0
95820;1
95821;0
95822;0
95823;1
95824;0
95825;0
95826;1
95827;0
95828;1
95829;0
95830;1
95831;0
95832;1
95833;0
95834;1
95835;1
95836;0
95837;0
95838;0
95839;36
95840;38
95841;37
95842;0
95843;0
95844;1
95845;0
95846;1
95847;0
95848;1
95849;2
95850;0
95851;1
95852;0
95853;2
95854;1
95855;0
95856;0
95857;1
95858;0
95859;1
95860;0
95861;0
95862;1
95863;0
95864;1
95865;0
95866;0
95867;1
95868;0
95869;0
95870;1
95871;0
95872;0
95873;0
95874;1
95875;0
95876;1
95877;0
95878;1
95879;0
95880;1
95881;0
95882;0
95883;0
95884;1
95885;0
95886;1
95887;0
95888;0
95889;1
95890;0
95891;1
95892;0
95893;1
95894;0
95895;28
95896;35
95897;36
95898;0
95899;1
95900;0
95901;0
95902;1
95903;0
95904;1
95905;0
95906;1
95907;1
95908;0
95909;0
95910;0
95911;1
95912;0
95913;0
95914;1
95915;0
95916;1
95917;0
95918;13
95919;18
95920;39
95921;37
95922;36
95923;0
95924;1
95925;36
95926;35
95927;37
95928;1
95929;0
95930;0
95931;1
95932;0
95933;1
95934;0
95935;0
95936;1
95937;0
95938;1
95939;0
95940;0
95941;0
95942;0
95943;1
95944;0
95945;1
95946;0
95947;1
95948;1
95949;0
95950;0
95951;1
95952;0
95953;1
95954;0
95955;0
95956;0
95957;48
95958;47
95959;2
95960;1
95961;0
95962;1
95963;1
95964;0
95965;0
95966;0
95967;1
95968;0
95969;1
95970;0
95971;0
95972;0
95973;0
95974;0
95975;2
95976;1
95977;0
95978;0
95979;0
95980;2
95981;1
95982;0
95983;1
95984;0
95985;1
95986;1
95987;0
95988;0
95989;2
95990;1
95991;1
95992;0
95993;0
95994;0
95995;0
95996;1
95997;0
95998;0
95999;0
96000;0
96001;1
96002;0
96003;0
96004;1
96005;1
96006;0
96007;0
96008;1
96009;0
96010;1
96011;35
96012;36
96013;0
96014;0
96015;0
96016;0
96017;1
96018;0
96019;0
96020;1
96021;0
96022;1
96023;0
96024;0
96025;0
96026;1
96027;0
96028;0
96029;1
96030;2
96031;1
96032;0
96033;0
96034;0
96035;0
96036;0
96037;0
96038;1
96039;0
96040;1
96041;42
96042;0
96043;1
96044;0
96045;0
96046;1
96047;2
96048;1
96049;0
96050;0
96051;1
96052;0
96053;0
96054;0
96055;42
96056;1
96057;0
96058;0
96059;0
96060;1
96061;0
96062;1
96063;0
96064;0
96065;1
96066;1
96067;0
96068;0
96069;0
96070;1
96071;0
96072;1
96073;0
96074;0
96075;0
96076;0
96077;0
96078;1
96079;1
96080;0
96081;67
96082;0
96083;1
96084;66
96085;0
96086;1
96087;0
96088;1
96089;0
96090;0
96091;0
96092;1
96093;1
96094;0
96095;0
96096;1
96097;0
96098;2
96099;1
96100;0
96101;0
96102;0
96103;0
96104;0
96105;1
96106;0
96107;0
96108;0
96109;1
96110;0
96111;1
96112;2
96113;0
96114;0
96115;1
96116;0
96117;1
96118;0
96119;1
96120;0
96121;0
96122;0
96123;0
96124;1
96125;0
96126;1
96127;49
96128;0
96129;0
96130;1
96131;21
96132;36
96133;35
96134;0
96135;0
96136;0
96137;1
96138;2
96139;0
96140;0
96141;1
96142;0
96143;0
96144;1
96145;40
96146;0
96147;1
96148;0
96149;1
96150;0
96151;1
96152;0
96153;0
96154;1
96155;0
96156;1
96157;0
96158;1
96159;0
96160;2
96161;1
96162;0
96163;1
96164;35
96165;37
96166;36
96167;0
96168;1
96169;0
96170;1
96171;2
96172;0
96173;1
96174;0
96175;0
96176;1
96177;0
96178;1
96179;0
96180;1
96181;0
96182;0
96183;1
96184;0
96185;0
96186;1
96187;0
96188;0
96189;1
96190;0
96191;1
96192;1
96193;0
96194;0
96195;0
96196;44
96197;2
96198;1
96199;0
96200;0
96201;3
96202;1
96203;4
96204;0
96205;0
96206;0
96207;1
96208;0
96209;48
96210;47
96211;0
96212;0
96213;0
96214;0
96215;4
96216;1
96217;1
96218;0
96219;0
96220;47
96221;39
96222;2
96223;1
96224;0
96225;0
96226;1
96227;0
96228;0
96229;35
96230;0
96231;0
96232;1
96233;0
96234;1
96235;0
96236;1
96237;0
96238;2
96239;0
96240;1
96241;0
96242;0
96243;0
96244;1
96245;0
96246;1
96247;0
96248;0
96249;1
96250;0
96251;0
96252;1
96253;0
96254;1
96255;2
96256;0
96257;65
96258;40
96259;44
96260;0
96261;0
96262;1
96263;0
96264;0
96265;1
96266;0
96267;0
96268;1
96269;1
96270;0
96271;1
96272;0
96273;1
96274;0
96275;0
96276;28
96277;27
96278;0
96279;0
96280;0
96281;0
96282;1
96283;35
96284;55
96285;36
96286;0
96287;0
96288;1
96289;0
96290;0
96291;2
96292;1
96293;0
96294;0
96295;0
96296;1
96297;0
96298;2
96299;1
96300;0
96301;1
96302;0
96303;4
96304;0
96305;1
96306;0
96307;0
96308;1
96309;0
96310;1
96311;0
96312;0
96313;1
96314;0
96315;0
96316;40
96317;1
96318;0
96319;0
96320;1
96321;0
96322;1
96323;0
96324;1
96325;47
96326;0
96327;1
96328;1
96329;0
96330;0
96331;0
96332;1
96333;0
96334;0
96335;0
96336;0
96337;0
96338;0
96339;1
96340;0
96341;0
96342;1
96343;0
96344;2
96345;0
96346;2
96347;1
96348;0
96349;3
96350;2
96351;1
96352;0
96353;2
96354;1
96355;0
96356;0
96357;0
96358;1
96359;1
96360;0
96361;0
96362;1
96363;20
96364;1
96365;0
96366;0
96367;1
96368;0
96369;1
96370;0
96371;0
96372;1
96373;0
96374;1
96375;0
96376;0
96377;1
96378;0
96379;1
96380;0
96381;0
96382;1
96383;0
96384;48
96385;49
96386;0
96387;1
96388;0
96389;1
96390;0
96391;0
96392;1
96393;6
96394;0
96395;1
96396;0
96397;0
96398;48
96399;1
96400;49
96401;0
96402;1
96403;1
96404;0
96405;0
96406;0
96407;0
96408;1
96409;0
96410;0
96411;1
96412;0
96413;1
96414;2
96415;0
96416;1
96417;0
96418;2
96419;1
96420;0
96421;0
96422;0
96423;1
96424;0
96425;1
96426;0
96427;0
96428;2
96429;1
96430;0
96431;1
96432;0
96433;0
96434;1
96435;0
96436;0
96437;0
96438;0
96439;0
96440;1
96441;0
96442;1
96443;0
96444;1
96445;0
96446;1
96447;0
96448;1
96449;35
96450;36
96451;0
96452;1
96453;0
96454;1
96455;0
96456;0
96457;1
96458;0
96459;49
96460;1
96461;0
96462;0
96463;0
96464;1
96465;0
96466;0
96467;1
96468;0
96469;1
96470;0
96471;1
96472;0
96473;1
96474;0
96475;1
96476;2
96477;0
96478;0
96479;1
96480;0
96481;1
96482;0
96483;23
96484;36
96485;35
96486;0
96487;40
96488;0
96489;2
96490;45
96491;41
96492;0
96493;1
96494;0
96495;2
96496;1
96497;1
96498;47
96499;0
96500;0
96501;1
96502;0
96503;0
96504;1
96505;0
96506;2
96507;1
96508;0
96509;0
96510;0
96511;0
96512;2
96513;1
96514;0
96515;0
96516;1
96517;0
96518;1
96519;41
96520;0
96521;40
96522;1
96523;42
96524;0
96525;1
96526;0
96527;0
96528;0
96529;1
96530;1
96531;0
96532;46
96533;0
96534;1
96535;0
96536;1
96537;0
96538;0
96539;0
96540;1
96541;0
96542;0
96543;1
96544;1
96545;0
96546;0
96547;1
96548;1
96549;0
96550;23
96551;25
96552;0
96553;0
96554;1
96555;0
96556;1
96557;0
96558;45
96559;44
96560;0
96561;6
96562;0
96563;8
96564;7
96565;1
96566;0
96567;0
96568;2
96569;1
96570;0
96571;1
96572;0
96573;1
96574;0
96575;0
96576;1
96577;0
96578;0
96579;0
96580;35
96581;0
96582;1
96583;0
96584;1
96585;0
96586;0
96587;0
96588;47
96589;48
96590;0
96591;2
96592;0
96593;1
96594;0
96595;1
96596;37
96597;0
96598;38
96599;0
96600;35
96601;0
96602;35
96603;37
96604;36
96605;0
96606;1
96607;0
96608;2
96609;1
96610;0
96611;1
96612;0
96613;0
96614;3
96615;1
96616;4
96617;0
96618;1
96619;2
96620;1
96621;0
96622;0
96623;1
96624;0
96625;0
96626;0
96627;1
96628;0
96629;0
96630;0
96631;1
96632;0
96633;11
96634;0
96635;0
96636;53
96637;0
96638;1
96639;0
96640;1
96641;0
96642;44
96643;0
96644;1
96645;0
96646;0
96647;1
96648;0
96649;0
96650;0
96651;1
96652;0
96653;1
96654;1
96655;0
96656;0
96657;45
96658;0
96659;1
96660;0
96661;1
96662;0
96663;1
96664;0
96665;1
96666;0
96667;1
96668;0
96669;1
96670;1
96671;0
96672;0
96673;2
96674;1
96675;0
96676;2
96677;1
96678;0
96679;0
96680;47
96681;48
96682;0
96683;1
96684;0
96685;0
96686;12
96687;23
96688;22
96689;0
96690;13
96691;0
96692;1
96693;0
96694;1
96695;0
96696;0
96697;1
96698;1
96699;0
96700;0
96701;0
96702;1
96703;0
96704;0
96705;0
96706;0
96707;0
96708;0
96709;1
96710;0
96711;1
96712;0
96713;1
96714;0
96715;1
96716;0
96717;0
96718;1
96719;0
96720;0
96721;1
96722;0
96723;35
96724;37
96725;36
96726;0
96727;1
96728;0
96729;42
96730;39
96731;0
96732;0
96733;1
96734;82
96735;35
96736;84
96737;83
96738;0
96739;1
96740;2
96741;0
96742;0
96743;1
96744;0
96745;54
96746;56
96747;55
96748;0
96749;51
96750;50
96751;0
96752;1
96753;0
96754;0
96755;2
96756;1
96757;0
96758;1
96759;0
96760;1
96761;0
96762;0
96763;1
96764;0
96765;1
96766;46
96767;0
96768;1
96769;0
96770;1
96771;0
96772;0
96773;1
96774;1
96775;0
96776;0
96777;0
96778;1
96779;1
96780;0
96781;0
96782;1
96783;4
96784;0
96785;1
96786;1
96787;0
96788;0
96789;1
96790;2
96791;0
96792;1
96793;2
96794;0
96795;0
96796;1
96797;0
96798;1
96799;0
96800;0
96801;1
96802;0
96803;0
96804;1
96805;1
96806;0
96807;0
96808;0
96809;1
96810;0
96811;0
96812;0
96813;1
96814;1
96815;0
96816;2
96817;0
96818;1
96819;0
96820;1
96821;0
96822;1
96823;1
96824;0
96825;0
96826;1
96827;0
96828;1
96829;0
96830;0
96831;1
96832;41
96833;0
96834;0
96835;0
96836;0
96837;1
96838;0
96839;0
96840;1
96841;0
96842;1
96843;0
96844;0
96845;0
96846;1
96847;2
96848;0
96849;1
96850;43
96851;42
96852;0
96853;0
96854;0
96855;0
96856;0
96857;0
96858;0
96859;0
96860;1
96861;0
96862;1
96863;1
96864;0
96865;0
96866;2
96867;1
96868;0
96869;0
96870;0
96871;0
96872;0
96873;1
96874;9
96875;2
96876;0
96877;0
96878;1
96879;0
96880;1
96881;0
96882;1
96883;0
96884;36
96885;35
96886;47
96887;0
96888;48
96889;1
96890;0
96891;0
96892;1
96893;0
96894;1
96895;0
96896;0
96897;48
96898;49
96899;0
96900;1
96901;0
96902;1
96903;0
96904;1
96905;0
96906;1
96907;0
96908;1
96909;0
96910;1
96911;0
96912;0
96913;0
96914;0
96915;1
96916;0
96917;0
96918;0
96919;1
96920;0
96921;1
96922;1
96923;0
96924;0
96925;1
96926;0
96927;0
96928;1
96929;0
96930;1
96931;0
96932;1
96933;1
96934;0
96935;0
96936;0
96937;0
96938;0
96939;1
96940;2
96941;3
96942;0
96943;1
96944;0
96945;0
96946;0
96947;1
96948;0
96949;1
96950;0
96951;0
96952;1
96953;1
96954;0
96955;0
96956;1
96957;0
96958;0
96959;1
96960;0
96961;1
96962;0
96963;2
96964;0
96965;1
96966;0
96967;0
96968;0
96969;1
96970;0
96971;1
96972;0
96973;1
96974;0
96975;0
96976;0
96977;1
96978;0
96979;0
96980;0
96981;1
96982;0
96983;0
96984;0
96985;1
96986;0
96987;1
96988;0
96989;1
96990;0
96991;0
96992;0
96993;1
96994;0
96995;2
96996;1
96997;1
96998;0
96999;0
97000;1
97001;35
97002;1
97003;0
97004;0
97005;1
97006;2
97007;0
97008;0
97009;0
97010;0
97011;0
97012;1
97013;0
97014;1
97015;0
97016;0
97017;0
97018;0
97019;1
97020;2
97021;0
97022;0
97023;1
97024;2
97025;0
97026;1
97027;0
97028;1
97029;0
97030;1
97031;0
97032;1
97033;0
97034;1
97035;0
97036;1
97037;0
97038;0
97039;1
97040;0
97041;0
97042;35
97043;0
97044;1
97045;0
97046;47
97047;1
97048;0
97049;1
97050;0
97051;1
97052;35
97053;0
97054;1
97055;0
97056;2
97057;0
97058;1
97059;0
97060;1
97061;0
97062;1
97063;2
97064;0
97065;0
97066;1
97067;0
97068;0
97069;1
97070;35
97071;0
97072;1
97073;0
97074;1
97075;1
97076;0
97077;1
97078;0
97079;9
97080;20
97081;0
97082;19
97083;10
97084;0
97085;1
97086;0
97087;0
97088;4
97089;0
97090;1
97091;1
97092;0
97093;0
97094;1
97095;1
97096;0
97097;2
97098;35
97099;0
97100;1
97101;0
97102;1
97103;0
97104;0
97105;1
97106;0
97107;0
97108;1
97109;47
97110;46
97111;0
97112;2
97113;1
97114;0
97115;1
97116;0
97117;1
97118;0
97119;2
97120;1
97121;0
97122;0
97123;1
97124;2
97125;0
97126;1
97127;0
97128;1
97129;0
97130;1
97131;1
97132;0
97133;0
97134;1
97135;0
97136;1
97137;0
97138;0
97139;1
97140;0
97141;42
97142;1
97143;2
97144;0
97145;1
97146;0
97147;0
97148;1
97149;0
97150;2
97151;1
97152;0
97153;1
97154;0
97155;1
97156;52
97157;51
97158;0
97159;0
97160;1
97161;0
97162;1
97163;0
97164;1
97165;0
97166;1
97167;0
97168;0
97169;0
97170;1
97171;0
97172;1
97173;0
97174;1
97175;0
97176;0
97177;0
97178;1
97179;0
97180;1
97181;0
97182;1
97183;0
97184;1
97185;0
97186;1
97187;1
97188;0
97189;0
97190;1
97191;1
97192;0
97193;2
97194;1
97195;0
97196;0
97197;1
97198;0
97199;0
97200;0
97201;1
97202;0
97203;2
97204;1
97205;0
97206;0
97207;1
97208;0
97209;0
97210;1
97211;0
97212;1
97213;0
97214;0
97215;1
97216;0
97217;1
97218;0
97219;1
97220;0
97221;0
97222;1
97223;0
97224;0
97225;1
97226;0
97227;1
97228;0
97229;1
97230;0
97231;1
97232;0
97233;1
97234;35
97235;0
97236;1
97237;0
97238;0
97239;1
97240;0
97241;0
97242;0
97243;0
97244;1
97245;0
97246;1
97247;0
97248;0
97249;0
97250;2
97251;1
97252;0
97253;1
97254;0
97255;1
97256;40
97257;41
97258;0
97259;1
97260;0
97261;0
97262;1
97263;0
97264;1
97265;1
97266;0
97267;0
97268;0
97269;2
97270;1
97271;1
97272;0
97273;0
97274;1
97275;2
97276;0
97277;1
97278;0
97279;0
97280;1
97281;2
97282;1
97283;0
97284;0
97285;0
97286;0
97287;0
97288;1
97289;0
97290;1
97291;0
97292;26
97293;0
97294;27
97295;1
97296;0
97297;1
97298;0
97299;1
97300;0
97301;0
97302;1
97303;0
97304;0
97305;1
97306;0
97307;1
97308;0
97309;0
97310;1
97311;0
97312;46
97313;0
97314;0
97315;0
97316;2
97317;0
97318;0
97319;0
97320;1
97321;1
97322;0
97323;0
97324;1
97325;0
97326;1
97327;0
97328;0
97329;1
97330;0
97331;1
97332;1
97333;0
97334;0
97335;1
97336;2
97337;0
97338;1
97339;0
97340;1
97341;1
97342;0
97343;0
97344;51
97345;0
97346;49
97347;41
97348;0
97349;1
97350;0
97351;47
97352;49
97353;48
97354;0
97355;1
97356;0
97357;0
97358;1
97359;0
97360;0
97361;1
97362;0
97363;1
97364;0
97365;2
97366;1
97367;0
97368;0
97369;1
97370;0
97371;0
97372;1
97373;0
97374;0
97375;1
97376;0
97377;0
97378;1
97379;0
97380;0
97381;1
97382;0
97383;1
97384;0
97385;1
97386;1
97387;0
97388;0
97389;1
97390;0
97391;0
97392;1
97393;0
97394;1
97395;0
97396;0
97397;0
97398;1
97399;2
97400;0
97401;1
97402;0
97403;0
97404;0
97405;1
97406;1
97407;0
97408;0
97409;1
97410;0
97411;0
97412;0
97413;1
97414;5
97415;6
97416;1
97417;0
97418;39
97419;0
97420;48
97421;49
97422;0
97423;0
97424;0
97425;1
97426;0
97427;35
97428;36
97429;0
97430;1
97431;2
97432;14
97433;34
97434;36
97435;35
97436;0
97437;1
97438;0
97439;1
97440;1
97441;0
97442;1
97443;0
97444;0
97445;0
97446;1
97447;0
97448;0
97449;1
97450;0
97451;0
97452;0
97453;1
97454;0
97455;1
97456;0
97457;1
97458;0
97459;0
97460;0
97461;1
97462;0
97463;0
97464;1
97465;0
97466;1
97467;0
97468;1
97469;0
97470;1
97471;0
97472;0
97473;1
97474;0
97475;1
97476;0
97477;0
97478;1
97479;0
97480;0
97481;1
97482;0
97483;0
97484;1
97485;0
97486;0
97487;0
97488;1
97489;0
97490;2
97491;1
97492;0
97493;1
97494;0
97495;31
97496;0
97497;0
97498;1
97499;0
97500;0
97501;1
97502;0
97503;1
97504;0
97505;1
97506;0
97507;41
97508;0
97509;1
97510;0
97511;1
97512;0
97513;0
97514;1
97515;0
97516;0
97517;1
97518;0
97519;1
97520;0
97521;1
97522;0
97523;2
97524;1
97525;0
97526;1
97527;1
97528;0
97529;0
97530;2
97531;1
97532;0
97533;2
97534;1
97535;0
97536;1
97537;0
97538;1
97539;0
97540;0
97541;1
97542;1
97543;0
97544;0
97545;1
97546;0
97547;0
97548;1
97549;0
97550;1
97551;1
97552;0
97553;2
97554;0
97555;1
97556;0
97557;26
97558;0
97559;0
97560;0
97561;48
97562;1
97563;0
97564;0
97565;1
97566;0
97567;0
97568;22
97569;1
97570;14
97571;21
97572;0
97573;0
97574;0
97575;0
97576;1
97577;0
97578;48
97579;0
97580;47
97581;1
97582;70
97583;71
97584;0
97585;0
97586;1
97587;0
97588;0
97589;0
97590;0
97591;1
97592;1
97593;0
97594;0
97595;1
97596;0
97597;0
97598;1
97599;0
97600;1
97601;0
97602;1
97603;1
97604;0
97605;0
97606;0
97607;1
97608;0
97609;1
97610;6
97611;0
97612;0
97613;1
97614;0
97615;2
97616;1
97617;0
97618;1
97619;0
97620;0
97621;1
97622;0
97623;1
97624;1
97625;0
97626;1
97627;0
97628;0
97629;0
97630;1
97631;2
97632;13
97633;14
97634;0
97635;0
97636;0
97637;1
97638;0
97639;0
97640;1
97641;0
97642;0
97643;1
97644;1
97645;0
97646;0
97647;1
97648;0
97649;1
97650;0
97651;1
97652;0
97653;1
97654;0
97655;1
97656;0
97657;1
97658;0
97659;0
97660;1
97661;0
97662;2
97663;47
97664;1
97665;0
97666;0
97667;1
97668;0
97669;0
97670;1
97671;0
97672;0
97673;1
97674;24
97675;0
97676;1
97677;0
97678;2
97679;1
97680;1
97681;0
97682;0
97683;1
97684;1
97685;0
97686;0
97687;1
97688;0
97689;0
97690;2
97691;1
97692;0
97693;1
97694;0
97695;1
97696;0
97697;0
97698;1
97699;0
97700;1
97701;0
97702;1
97703;0
97704;1
97705;8
97706;0
97707;0
97708;1
97709;1
97710;0
97711;0
97712;1
97713;0
97714;1
97715;0
97716;0
97717;0
97718;1
97719;2
97720;0
97721;1
97722;0
97723;1
97724;2
97725;0
97726;1
97727;0
97728;1
97729;2
97730;0
97731;0
97732;18
97733;1
97734;0
97735;0
97736;1
97737;1
97738;0
97739;2
97740;0
97741;34
97742;1
97743;32
97744;0
97745;1
97746;0
97747;1
97748;0
97749;0
97750;0
97751;1
97752;14
97753;12
97754;13
97755;0
97756;1
97757;0
97758;0
97759;0
97760;1
97761;35
97762;36
97763;0
97764;2
97765;1
97766;0
97767;1
97768;1
97769;0
97770;0
97771;0
97772;1
97773;0
97774;0
97775;0
97776;1
97777;1
97778;0
97779;0
97780;1
97781;3
97782;2
97783;0
97784;2
97785;1
97786;0
97787;1
97788;0
97789;0
97790;1
97791;0
97792;0
97793;1
97794;0
97795;0
97796;1
97797;0
97798;1
97799;0
97800;48
97801;49
97802;0
97803;1
97804;0
97805;1
97806;0
97807;0
97808;1
97809;0
97810;0
97811;0
97812;1
97813;0
97814;3
97815;1
97816;0
97817;1
97818;0
97819;1
97820;0
97821;0
97822;1
97823;1
97824;0
97825;1
97826;0
97827;0
97828;1
97829;0
97830;1
97831;0
97832;1
97833;0
97834;1
97835;0
97836;0
97837;0
97838;1
97839;0
97840;0
97841;1
97842;0
97843;1
97844;0
97845;42
97846;0
97847;2
97848;14
97849;1
97850;41
97851;0
97852;1
97853;0
97854;1
97855;0
97856;0
97857;36
97858;35
97859;35
97860;36
97861;0
97862;1
97863;1
97864;0
97865;17
97866;16
97867;1
97868;0
97869;39
97870;0
97871;1
97872;0
97873;35
97874;36
97875;0
97876;0
97877;1
97878;0
97879;1
97880;0
97881;0
97882;1
97883;1
97884;0
97885;0
97886;2
97887;1
97888;1
97889;0
97890;0
97891;1
97892;0
97893;1
97894;0
97895;1
97896;0
97897;0
97898;0
97899;0
97900;0
97901;1
97902;0
97903;18
97904;19
97905;0
97906;1
97907;40
97908;41
97909;0
97910;1
97911;0
97912;1
97913;0
97914;0
97915;1
97916;0
97917;0
97918;0
97919;0
97920;0
97921;1
97922;0
97923;0
97924;2
97925;1
97926;0
97927;1
97928;0
97929;1
97930;0
97931;0
97932;0
97933;0
97934;1
97935;0
97936;0
97937;1
97938;0
97939;0
97940;1
97941;0
97942;35
97943;1
97944;0
97945;1
97946;0
97947;1
97948;2
97949;0
97950;38
97951;0
97952;0
97953;1
97954;0
97955;1
97956;40
97957;0
97958;1
97959;0
97960;0
97961;0
97962;1
97963;0
97964;0
97965;0
97966;1
97967;0
97968;0
97969;40
97970;0
97971;41
97972;43
97973;0
97974;54
97975;52
97976;42
97977;0
97978;0
97979;1
97980;0
97981;1
97982;4
97983;0
97984;1
97985;0
97986;0
97987;2
97988;1
97989;0
97990;0
97991;1
97992;0
97993;1
97994;0
97995;2
97996;1
97997;1
97998;0
97999;1
98000;0
98001;0
98002;0
98003;1
98004;0
98005;1
98006;0
98007;1
98008;2
98009;0
98010;12
98011;1
98012;0
98013;0
98014;1
98015;0
98016;0
98017;1
98018;0
98019;0
98020;1
98021;0
98022;42
98023;0
98024;0
98025;0
98026;1
98027;35
98028;36
98029;1
98030;0
98031;43
98032;41
98033;0
98034;42
98035;0
98036;0
98037;1
98038;1
98039;0
98040;0
98041;1
98042;0
98043;1
98044;0
98045;0
98046;0
98047;1
98048;0
98049;0
98050;1
98051;0
98052;0
98053;0
98054;1
98055;0
98056;0
98057;0
98058;1
98059;1
98060;0
98061;0
98062;0
98063;0
98064;0
98065;1
98066;0
98067;1
98068;0
98069;0
98070;1
98071;0
98072;13
98073;14
98074;23
98075;15
98076;28
98077;0
98078;1
98079;0
98080;0
98081;40
98082;41
98083;1
98084;0
98085;1
98086;0
98087;1
98088;1
98089;0
98090;0
98091;1
98092;0
98093;0
98094;45
98095;44
98096;0
98097;1
98098;0
98099;0
98100;0
98101;0
98102;1
98103;0
98104;0
98105;35
98106;0
98107;1
98108;0
98109;1
98110;0
98111;0
98112;0
98113;1
98114;2
98115;0
98116;1
98117;0
98118;1
98119;0
98120;0
98121;1
98122;0
98123;1
98124;0
98125;0
98126;1
98127;0
98128;1
98129;35
98130;52
98131;0
98132;1
98133;0
98134;0
98135;1
98136;0
98137;0
98138;35
98139;1
98140;1
98141;0
98142;0
98143;1
98144;0
98145;1
98146;0
98147;0
98148;1
98149;0
98150;0
98151;1
98152;0
98153;0
98154;0
98155;0
98156;0
98157;1
98158;0
98159;0
98160;1
98161;0
98162;1
98163;1
98164;0
98165;0
98166;1
98167;0
98168;0
98169;1
98170;0
98171;35
98172;1
98173;0
98174;2
98175;0
98176;1
98177;0
98178;1
98179;0
98180;1
98181;0
98182;1
98183;2
98184;35
98185;0
98186;1
98187;70
98188;39
98189;41
98190;71
98191;40
98192;0
98193;0
98194;1
98195;0
98196;0
98197;0
98198;0
98199;0
98200;1
98201;0
98202;1
98203;0
98204;0
98205;22
98206;0
98207;0
98208;0
98209;1
98210;0
98211;1
98212;0
98213;0
98214;0
98215;0
98216;1
98217;0
98218;0
98219;0
98220;1
98221;0
98222;2
98223;1
98224;0
98225;0
98226;1
98227;0
98228;0
98229;0
98230;0
98231;0
98232;0
98233;19
98234;0
98235;1
98236;22
98237;13
98238;20
98239;0
98240;0
98241;1
98242;0
98243;1
98244;2
98245;0
98246;0
98247;0
98248;1
98249;0
98250;0
98251;1
98252;18
98253;1
98254;0
98255;0
98256;0
98257;2
98258;1
98259;0
98260;1
98261;0
98262;0
98263;1
98264;0
98265;0
98266;1
98267;0
98268;1
98269;0
98270;1
98271;2
98272;0
98273;0
98274;1
98275;0
98276;1
98277;0
98278;0
98279;0
98280;0
98281;2
98282;1
98283;0
98284;1
98285;0
98286;1
98287;0
98288;0
98289;77
98290;76
98291;0
98292;0
98293;42
98294;1
98295;1
98296;0
98297;0
98298;1
98299;0
98300;1
98301;0
98302;5
98303;1
98304;0
98305;0
98306;0
98307;0
98308;0
98309;47
98310;1
98311;0
98312;1
98313;12
98314;0
98315;0
98316;1
98317;0
98318;1
98319;0
98320;0
98321;1
98322;0
98323;0
98324;1
98325;0
98326;0
98327;2
98328;0
98329;1
98330;0
98331;0
98332;1
98333;2
98334;0
98335;1
98336;0
98337;0
98338;1
98339;0
98340;0
98341;1
98342;0
98343;28
98344;26
98345;0
98346;0
98347;1
98348;0
98349;0
98350;0
98351;1
98352;0
98353;0
98354;0
98355;1
98356;0
98357;0
98358;0
98359;1
98360;0
98361;1
98362;0
98363;1
98364;1
98365;0
98366;0
98367;1
98368;0
98369;0
98370;1
98371;2
98372;0
98373;1
98374;0
98375;1
98376;0
98377;37
98378;38
98379;0
98380;1
98381;0
98382;0
98383;1
98384;2
98385;0
98386;0
98387;1
98388;0
98389;1
98390;0
98391;1
98392;0
98393;0
98394;1
98395;1
98396;0
98397;0
98398;1
98399;1
98400;0
98401;1
98402;0
98403;0
98404;0
98405;1
98406;0
98407;0
98408;1
98409;0
98410;1
98411;0
98412;1
98413;18
98414;0
98415;0
98416;0
98417;1
98418;1
98419;0
98420;0
98421;0
98422;1
98423;4
98424;0
98425;0
98426;0
98427;0
98428;2
98429;1
98430;0
98431;1
98432;0
98433;2
98434;1
98435;0
98436;1
98437;0
98438;0
98439;1
98440;0
98441;1
98442;0
98443;1
98444;0
98445;1
98446;0
98447;1
98448;0
98449;1
98450;0
98451;1
98452;2
98453;0
98454;33
98455;31
98456;0
98457;0
98458;1
98459;1
98460;0
98461;0
98462;1
98463;0
98464;0
98465;1
98466;40
98467;0
98468;1
98469;0
98470;1
98471;0
98472;1
98473;0
98474;1
98475;0
98476;14
98477;37
98478;15
98479;36
98480;0
98481;1
98482;0
98483;1
98484;0
98485;0
98486;1
98487;0
98488;1
98489;0
98490;41
98491;42
98492;0
98493;43
98494;35
98495;1
98496;0
98497;1
98498;0
98499;0
98500;2
98501;1
98502;0
98503;1
98504;0
98505;0
98506;1
98507;0
98508;1
98509;18
98510;11
98511;0
98512;19
98513;20
98514;1
98515;10
98516;0
98517;1
98518;0
98519;2
98520;1
98521;12
98522;0
98523;0
98524;0
98525;1
98526;0
98527;0
98528;0
98529;0
98530;0
98531;1
98532;0
98533;1
98534;0
98535;0
98536;1
98537;0
98538;1
98539;0
98540;1
98541;0
98542;0
98543;1
98544;1
98545;0
98546;2
98547;0
98548;0
98549;1
98550;36
98551;35
98552;0
98553;1
98554;46
98555;1
98556;0
98557;0
98558;1
98559;0
98560;1
98561;15
98562;0
98563;36
98564;35
98565;0
98566;2
98567;1
98568;35
98569;0
98570;0
98571;40
98572;2
98573;1
98574;0
98575;0
98576;0
98577;0
98578;0
98579;0
98580;1
98581;0
98582;0
98583;0
98584;0
98585;1
98586;0
98587;0
98588;1
98589;16
98590;0
98591;19
98592;1
98593;10
98594;17
98595;0
98596;1
98597;2
98598;0
98599;35
98600;1
98601;0
98602;0
98603;0
98604;1
98605;0
98606;1
98607;0
98608;0
98609;0
98610;0
98611;1
98612;0
98613;1
98614;0
98615;1
98616;1
98617;0
98618;27
98619;0
98620;0
98621;1
98622;0
98623;0
98624;1
98625;0
98626;0
98627;1
98628;0
98629;1
98630;0
98631;1
98632;0
98633;1
98634;0
98635;1
98636;2
98637;0
98638;1
98639;0
98640;1
98641;1
98642;0
98643;5
98644;4
98645;0
98646;1
98647;0
98648;0
98649;1
98650;0
98651;0
98652;1
98653;35
98654;36
98655;0
98656;1
98657;2
98658;0
98659;0
98660;1
98661;0
98662;0
98663;1
98664;0
98665;1
98666;0
98667;1
98668;0
98669;0
98670;1
98671;0
98672;1
98673;0
98674;0
98675;0
98676;44
98677;0
98678;60
98679;45
98680;0
98681;0
98682;1
98683;0
98684;1
98685;0
98686;1
98687;0
98688;0
98689;1
98690;0
98691;1
98692;0
98693;47
98694;48
98695;49
98696;1
98697;0
98698;1
98699;0
98700;1
98701;0
98702;1
98703;0
98704;1
98705;0
98706;0
98707;1
98708;0
98709;1
98710;0
98711;0
98712;1
98713;0
98714;1
98715;0
98716;0
98717;1
98718;0
98719;1
98720;0
98721;1
98722;1
98723;0
98724;1
98725;0
98726;0
98727;1
98728;35
98729;1
98730;0
98731;0
98732;1
98733;1
98734;0
98735;0
98736;1
98737;0
98738;0
98739;1
98740;0
98741;1
98742;0
98743;1
98744;0
98745;1
98746;0
98747;1
98748;1
98749;0
98750;0
98751;12
98752;1
98753;0
98754;0
98755;1
98756;0
98757;1
98758;0
98759;1
98760;0
98761;51
98762;52
98763;70
98764;40
98765;0
98766;1
98767;0
98768;1
98769;0
98770;2
98771;0
98772;0
98773;0
98774;0
98775;0
98776;0
98777;1
98778;0
98779;1
98780;0
98781;0
98782;16
98783;15
98784;14
98785;0
98786;0
98787;1
98788;0
98789;1
98790;10
98791;0
98792;1
98793;0
98794;0
98795;1
98796;0
98797;2
98798;0
98799;1
98800;0
98801;1
98802;0
98803;1
98804;0
98805;0
98806;1
98807;0
98808;1
98809;0
98810;1
98811;2
98812;0
98813;0
98814;1
98815;0
98816;1
98817;0
98818;1
98819;0
98820;1
98821;0
98822;0
98823;1
98824;0
98825;1
98826;0
98827;1
98828;40
98829;0
98830;1
98831;0
98832;0
98833;0
98834;1
98835;0
98836;1
98837;0
98838;0
98839;1
98840;0
98841;0
98842;1
98843;0
98844;0
98845;2
98846;1
98847;0
98848;0
98849;1
98850;0
98851;0
98852;0
98853;0
98854;1
98855;2
98856;1
98857;0
98858;0
98859;1
98860;1
98861;0
98862;0
98863;1
98864;0
98865;35
98866;36
98867;0
98868;0
98869;1
98870;1
98871;0
98872;0
98873;1
98874;0
98875;0
98876;1
98877;0
98878;0
98879;3
98880;1
98881;4
98882;0
98883;1
98884;0
98885;0
98886;0
98887;1
98888;0
98889;1
98890;1
98891;0
98892;0
98893;0
98894;1
98895;0
98896;1
98897;0
98898;0
98899;1
98900;0
98901;1
98902;0
98903;1
98904;1
98905;0
98906;0
98907;0
98908;1
98909;0
98910;1
98911;0
98912;0
98913;1
98914;0
98915;1
98916;0
98917;0
98918;0
98919;0
98920;1
98921;0
98922;0
98923;1
98924;0
98925;1
98926;0
98927;28
98928;30
98929;49
98930;48
98931;1
98932;0
98933;27
98934;1
98935;0
98936;0
98937;1
98938;4
98939;63
98940;62
98941;35
98942;0
98943;1
98944;0
98945;0
98946;2
98947;1
98948;1
98949;0
98950;0
98951;2
98952;1
98953;0
98954;0
98955;1
98956;0
98957;1
98958;0
98959;1
98960;0
98961;0
98962;1
98963;2
98964;3
98965;0
98966;0
98967;0
98968;1
98969;0
98970;0
98971;0
98972;0
98973;1
98974;2
98975;0
98976;0
98977;1
98978;0
98979;0
98980;0
98981;1
98982;0
98983;0
98984;0
98985;1
98986;1
98987;0
98988;0
98989;1
98990;0
98991;0
98992;1
98993;0
98994;0
98995;0
98996;0
98997;0
98998;1
98999;0
99000;1
99001;0
99002;1
99003;2
99004;0
99005;0
99006;0
99007;1
99008;40
99009;0
99010;41
99011;0
99012;65
99013;64
99014;0
99015;0
99016;1
99017;1
99018;0
99019;0
99020;1
99021;0
99022;0
99023;1
99024;0
99025;1
99026;0
99027;1
99028;0
99029;1
99030;0
99031;0
99032;1
99033;0
99034;0
99035;0
99036;0
99037;1
99038;0
99039;1
99040;0
99041;1
99042;0
99043;1
99044;0
99045;1
99046;1
99047;0
99048;0
99049;1
99050;1
99051;0
99052;0
99053;33
99054;1
99055;0
99056;1
99057;0
99058;1
99059;4
99060;0
99061;1
99062;0
99063;0
99064;0
99065;1
99066;0
99067;0
99068;1
99069;39
99070;41
99071;0
99072;40
99073;0
99074;2
99075;0
99076;44
99077;1
99078;0
99079;59
99080;57
99081;58
99082;35
99083;0
99084;0
99085;10
99086;0
99087;1
99088;0
99089;1
99090;0
99091;1
99092;1
99093;0
99094;0
99095;1
99096;36
99097;35
99098;0
99099;1
99100;0
99101;0
99102;1
99103;0
99104;0
99105;0
99106;0
99107;0
99108;0
99109;1
99110;0
99111;1
99112;0
99113;1
99114;0
99115;1
99116;0
99117;1
99118;0
99119;1
99120;0
99121;1
99122;0
99123;0
99124;0
99125;1
99126;35
99127;7
99128;0
99129;0
99130;0
99131;1
99132;0
99133;1
99134;0
99135;1
99136;0
99137;0
99138;1
99139;0
99140;0
99141;1
99142;0
99143;42
99144;0
99145;38
99146;39
99147;35
99148;36
99149;0
99150;1
99151;0
99152;1
99153;0
99154;0
99155;3
99156;1
99157;0
99158;1
99159;0
99160;1
99161;0
99162;0
99163;0
99164;0
99165;0
99166;2
99167;1
99168;1
99169;0
99170;0
99171;1
99172;0
99173;0
99174;1
99175;35
99176;36
99177;37
99178;0
99179;1
99180;0
99181;0
99182;1
99183;0
99184;1
99185;0
99186;1
99187;1
99188;0
99189;1
99190;0
99191;1
99192;0
99193;0
99194;1
99195;12
99196;0
99197;0
99198;1
99199;0
99200;0
99201;0
99202;0
99203;1
99204;0
99205;1
99206;0
99207;0
99208;3
99209;1
99210;0
99211;0
99212;0
99213;1
99214;0
99215;47
99216;48
99217;49
99218;0
99219;1
99220;0
99221;1
99222;2
99223;0
99224;0
99225;3
99226;2
99227;1
99228;1
99229;0
99230;0
99231;1
99232;0
99233;0
99234;0
99235;1
99236;1
99237;0
99238;0
99239;2
99240;60
99241;59
99242;0
99243;2
99244;1
99245;0
99246;0
99247;1
99248;0
99249;1
99250;35
99251;0
99252;0
99253;1
99254;0
99255;1
99256;0
99257;1
99258;1
99259;0
99260;0
99261;0
99262;1
99263;0
99264;1
99265;0
99266;1
99267;2
99268;1
99269;0
99270;1
99271;0
99272;1
99273;0
99274;0
99275;1
99276;0
99277;0
99278;0
99279;0
99280;0
99281;1
99282;0
99283;0
99284;0
99285;1
99286;0
99287;0
99288;1
99289;2
99290;0
99291;1
99292;0
99293;0
99294;0
99295;1
99296;0
99297;1
99298;0
99299;1
99300;0
99301;0
99302;0
99303;0
99304;0
99305;1
99306;0
99307;0
99308;1
99309;0
99310;1
99311;0
99312;0
99313;1
99314;0
99315;1
99316;0
99317;1
99318;2
99319;1
99320;0
99321;1
99322;0
99323;0
99324;1
99325;0
99326;1
99327;2
99328;0
99329;0
99330;35
99331;36
99332;0
99333;0
99334;0
99335;0
99336;0
99337;1
99338;2
99339;1
99340;0
99341;1
99342;0
99343;0
99344;1
99345;0
99346;0
99347;1
99348;0
99349;0
99350;0
99351;53
99352;52
99353;0
99354;1
99355;0
99356;1
99357;1
99358;0
99359;0
99360;1
99361;0
99362;1
99363;10
99364;13
99365;38
99366;40
99367;35
99368;0
99369;0
99370;0
99371;1
99372;0
99373;2
99374;1
99375;0
99376;1
99377;0
99378;46
99379;0
99380;1
99381;0
99382;1
99383;0
99384;1
99385;0
99386;0
99387;0
99388;0
99389;0
99390;1
99391;0
99392;0
99393;1
99394;2
99395;1
99396;0
99397;0
99398;0
99399;0
99400;1
99401;0
99402;0
99403;1
99404;2
99405;0
99406;4
99407;3
99408;0
99409;2
99410;1
99411;35
99412;0
99413;1
99414;0
99415;0
99416;0
99417;1
99418;0
99419;1
99420;0
99421;1
99422;0
99423;0
99424;0
99425;1
99426;0
99427;1
99428;0
99429;1
99430;0
99431;1
99432;0
99433;1
99434;0
99435;2
99436;1
99437;0
99438;1
99439;0
99440;0
99441;0
99442;1
99443;0
99444;0
99445;1
99446;1
99447;0
99448;0
99449;41
99450;40
99451;0
99452;1
99453;0
99454;1
99455;0
99456;0
99457;2
99458;1
99459;0
99460;1
99461;0
99462;2
99463;0
99464;1
99465;0
99466;1
99467;0
99468;0
99469;0
99470;0
99471;0
99472;1
99473;0
99474;0
99475;0
99476;1
99477;1
99478;0
99479;0
99480;0
99481;1
99482;0
99483;1
99484;0
99485;0
99486;2
99487;1
99488;0
99489;0
99490;0
99491;1
99492;0
99493;0
99494;2
99495;1
99496;0
99497;1
99498;0
99499;1
99500;0
99501;1
99502;0
99503;2
99504;1
99505;0
99506;0
99507;0
99508;2
99509;35
99510;0
99511;0
99512;0
99513;1
99514;2
99515;0
99516;1
99517;0
99518;1
99519;0
99520;0
99521;1
99522;0
99523;1
99524;0
99525;0
99526;1
99527;1
99528;0
99529;0
99530;1
99531;1
99532;0
99533;1
99534;0
99535;0
99536;1
99537;0
99538;1
99539;0
99540;1
99541;0
99542;0
99543;0
99544;42
99545;40
99546;0
99547;1
99548;0
99549;1
99550;0
99551;1
99552;0
99553;0
99554;1
99555;0
99556;0
99557;1
99558;0
99559;2
99560;0
99561;1
99562;0
99563;1
99564;0
99565;0
99566;1
99567;0
99568;0
99569;0
99570;1
99571;0
99572;1
99573;1
99574;0
99575;0
99576;0
99577;0
99578;1
99579;0
99580;1
99581;0
99582;0
99583;0
99584;1
99585;0
99586;0
99587;0
99588;1
99589;0
99590;0
99591;1
99592;0
99593;1
99594;0
99595;1
99596;0
99597;1
99598;0
99599;1
99600;2
99601;0
99602;0
99603;1
99604;4
99605;0
99606;1
99607;0
99608;1
99609;0
99610;1
99611;48
99612;1
99613;0
99614;0
99615;0
99616;1
99617;0
99618;0
99619;0
99620;1
99621;35
99622;0
99623;1
99624;0
99625;1
99626;0
99627;1
99628;0
99629;0
99630;1
99631;0
99632;23
99633;24
99634;0
99635;1
99636;0
99637;33
99638;32
99639;0
99640;1
99641;0
99642;1
99643;1
99644;0
99645;44
99646;0
99647;1
99648;2
99649;1
99650;0
99651;1
99652;0
99653;0
99654;13
99655;1
99656;14
99657;0
99658;0
99659;1
99660;0
99661;1
99662;0
99663;0
99664;1
99665;0
99666;0
99667;1
99668;0
99669;41
99670;49
99671;0
99672;1
99673;0
99674;0
99675;0
99676;1
99677;0
99678;1
99679;35
99680;36
99681;0
99682;0
99683;0
99684;40
99685;0
99686;1
99687;0
99688;0
99689;1
99690;1
99691;0
99692;0
99693;1
99694;0
99695;0
99696;1
99697;1
99698;0
99699;0
99700;0
99701;1
99702;0
99703;0
99704;1
99705;0
99706;0
99707;1
99708;0
99709;0
99710;1
99711;0
99712;1
99713;0
99714;1
99715;7
99716;9
99717;8
99718;0
99719;0
99720;1
99721;0
99722;1
99723;0
99724;1
99725;0
99726;0
99727;0
99728;1
99729;0
99730;0
99731;1
99732;0
99733;0
99734;1
99735;0
99736;1
99737;2
99738;1
99739;0
99740;0
99741;1
99742;0
99743;1
99744;40
99745;0
99746;1
99747;42
99748;0
99749;1
99750;0
99751;1
99752;1
99753;0
99754;0
99755;1
99756;1
99757;0
99758;0
99759;0
99760;0
99761;0
99762;1
99763;1
99764;0
99765;0
99766;1
99767;0
99768;0
99769;2
99770;1
99771;0
99772;0
99773;1
99774;49
99775;1
99776;50
99777;0
99778;0
99779;1
99780;1
99781;0
99782;0
99783;0
99784;1
99785;5
99786;0
99787;1
99788;0
99789;1
99790;0
99791;2
99792;1
99793;0
99794;0
99795;0
99796;1
99797;1
99798;0
99799;0
99800;1
99801;0
99802;1
99803;0
99804;1
99805;0
99806;0
99807;1
99808;6
99809;2
99810;7
99811;0
99812;1
99813;0
99814;0
99815;47
99816;1
99817;48
99818;0
99819;36
99820;35
99821;0
99822;43
99823;44
99824;2
99825;1
99826;0
99827;1
99828;0
99829;36
99830;35
99831;0
99832;1
99833;2
99834;35
99835;36
99836;0
99837;19
99838;0
99839;0
99840;1
99841;0
99842;1
99843;0
99844;1
99845;0
99846;0
99847;1
99848;0
99849;1
99850;40
99851;0
99852;0
99853;1
99854;0
99855;1
99856;0
99857;1
99858;0
99859;0
99860;1
99861;0
99862;0
99863;1
99864;0
99865;0
99866;2
99867;1
99868;0
99869;35
99870;36
99871;0
99872;1
99873;0
99874;0
99875;0
99876;0
99877;1
99878;0
99879;1
99880;0
99881;1
99882;0
99883;0
99884;1
99885;0
99886;1
99887;0
99888;1
99889;0
99890;1
99891;1
99892;0
99893;0
99894;2
99895;1
99896;0
99897;1
99898;0
99899;1
99900;1
99901;0
99902;0
99903;1
99904;0
99905;35
99906;0
99907;1
99908;0
99909;1
99910;1
99911;0
99912;0
99913;0
99914;0
99915;1
99916;0
99917;1
99918;1
99919;0
99920;0
99921;0
99922;0
99923;1
99924;0
99925;0
99926;0
99927;1
99928;57
99929;0
99930;59
99931;1
99932;58
99933;0
99934;1
99935;0
99936;1
99937;0
99938;1
99939;36
99940;35
99941;0
99942;1
99943;17
99944;9
99945;10
99946;0
99947;18
99948;1
99949;0
99950;0
99951;1
99952;0
99953;0
99954;1
99955;2
99956;0
99957;1
99958;1
99959;0
99960;1
99961;0
99962;0
99963;0
99964;0
99965;1
99966;1
99967;0
99968;0
99969;1
99970;0
99971;1
99972;0
99973;0
99974;1
99975;0
99976;0
99977;1
99978;0
99979;1
99980;0
99981;1
99982;1
99983;0
99984;0
99985;1
99986;0
99987;1
99988;0
99989;1
99990;0
99991;40
99992;41
99993;0
99994;1
99995;30
99996;32
99997;23
99998;0
99999;0
100000;0
100001;35
100002;16
100003;0
100004;1
100005;35
100006;0
100007;1
100008;1
100009;0
100010;0
100011;0
100012;1
100013;0
100014;1
100015;0
100016;1
100017;0
100018;0
100019;0
100020;2
100021;23
100022;14
100023;21
100024;0
100025;0
100026;1
100027;1
100028;0
100029;0
100030;1
100031;0
100032;1
100033;0
100034;1
100035;0
100036;0
100037;1
100038;0
100039;0
100040;0
100041;0
100042;1
100043;50
100044;1
100045;0
100046;51
100047;49
100048;0
100049;0
100050;1
100051;0
100052;0
100053;1
100054;0
100055;1
100056;0
100057;1
100058;0
100059;41
100060;1
100061;42
100062;1
100063;0
100064;0
100065;1
100066;0
100067;0
100068;0
100069;1
100070;0
100071;0
100072;1
100073;0
100074;0
100075;40
100076;1
100077;46
100078;42
100079;0
100080;1
100081;0
100082;1
100083;40
100084;0
100085;41
100086;1
100087;0
100088;1
100089;0
100090;1
100091;0
100092;1
100093;0
100094;1
100095;0
100096;0
100097;1
100098;0
100099;0
100100;1
100101;0
100102;0
100103;0
100104;1
100105;0
100106;1
100107;0
100108;0
100109;0
100110;0
100111;1
100112;0
100113;1
100114;0
100115;0
100116;1
100117;0
100118;1
100119;0
100120;0
100121;1
100122;0
100123;1
100124;2
100125;0
100126;0
100127;1
100128;0
100129;0
100130;1
100131;0
100132;1
100133;0
100134;0
100135;1
100136;0
100137;1
100138;0
100139;1
100140;0
100141;1
100142;0
100143;1
100144;1
100145;0
100146;0
100147;1
100148;0
100149;0
100150;1
100151;0
100152;1
100153;0
100154;0
100155;1
100156;0
100157;1
100158;0
100159;0
100160;45
100161;1
100162;0
100163;1
100164;1
100165;0
100166;0
100167;1
100168;0
100169;0
100170;0
100171;1
100172;0
100173;1
100174;2
100175;0
100176;1
100177;0
100178;1
100179;0
100180;0
100181;35
100182;0
100183;1
100184;0
100185;0
100186;1
100187;0
100188;0
100189;0
100190;1
100191;0
100192;1
100193;0
100194;1
100195;0
100196;35
100197;63
100198;61
100199;62
100200;0
100201;0
100202;0
100203;0
100204;1
100205;0
100206;0
100207;59
100208;58
100209;1
100210;0
100211;1
100212;0
100213;35
100214;0
100215;0
100216;1
100217;0
100218;1
100219;0
100220;2
100221;1
100222;0
100223;0
100224;1
100225;0
100226;0
100227;4
100228;1
100229;0
100230;1
100231;0
100232;0
100233;1
100234;0
100235;1
100236;0
100237;1
100238;0
100239;0
100240;60
100241;1
100242;0
100243;35
100244;36
100245;0
100246;0
100247;1
100248;1
100249;0
100250;0
100251;0
100252;1
100253;0
100254;0
100255;0
100256;10
100257;11
100258;0
100259;0
100260;1
100261;0
100262;1
100263;0
100264;0
100265;0
100266;2
100267;0
100268;44
100269;0
100270;1
100271;0
100272;0
100273;0
100274;1
100275;0
100276;1
100277;0
100278;1
100279;0
100280;1
100281;1
100282;0
100283;0
100284;0
100285;0
100286;35
100287;36
100288;0
100289;1
100290;0
100291;1
100292;0
100293;1
100294;36
100295;35
100296;0
100297;37
100298;38
100299;1
100300;0
100301;1
100302;0
100303;0
100304;1
100305;0
100306;1
100307;0
100308;0
100309;59
100310;1
100311;58
100312;1
100313;0
100314;1
100315;0
100316;0
100317;0
100318;0
100319;0
100320;0
100321;0
100322;1
100323;0
100324;0
100325;1
100326;0
100327;1
100328;2
100329;0
100330;1
100331;0
100332;1
100333;0
100334;3
100335;1
100336;4
100337;0
100338;0
100339;1
100340;0
100341;0
100342;0
100343;1
100344;0
100345;1
100346;0
100347;1
100348;0
100349;1
100350;1
100351;0
100352;1
100353;0
100354;1
100355;0
100356;0
100357;1
100358;0
100359;0
100360;1
100361;0
100362;1
100363;42
100364;0
100365;1
100366;0
100367;1
100368;0
100369;0
100370;1
100371;0
100372;0
100373;1
100374;0
100375;50
100376;59
100377;60
100378;0
100379;0
100380;0
100381;0
100382;1
100383;0
100384;1
100385;35
100386;0
100387;11
100388;35
100389;39
100390;0
100391;1
100392;0
100393;1
100394;1
100395;0
100396;0
100397;1
100398;2
100399;0
100400;1
100401;2
100402;0
100403;1
100404;0
100405;0
100406;0
100407;1
100408;0
100409;0
100410;0
100411;1
100412;0
100413;1
100414;0
100415;0
100416;1
100417;0
100418;0
100419;1
100420;0
100421;0
100422;1
100423;55
100424;0
100425;1
100426;0
100427;1
100428;0
100429;0
100430;0
100431;1
100432;0
100433;2
100434;0
100435;0
100436;1
100437;1
100438;0
100439;2
100440;0
100441;0
100442;1
100443;0
100444;0
100445;0
100446;1
100447;0
100448;1
100449;0
100450;0
100451;1
100452;0
100453;0
100454;0
100455;1
100456;0
100457;1
100458;0
100459;0
100460;2
100461;0
100462;1
100463;0
100464;1
100465;0
100466;1
100467;0
100468;0
100469;1
100470;0
100471;1
100472;0
100473;1
100474;0
100475;1
100476;0
100477;20
100478;0
100479;1
100480;1
100481;0
100482;0
100483;1
100484;20
100485;0
100486;1
100487;56
100488;2
100489;0
100490;0
100491;1
100492;0
100493;1
100494;1
100495;0
100496;0
100497;0
100498;0
100499;0
100500;0
100501;1
100502;0
100503;1
100504;0
100505;1
100506;0
100507;0
100508;1
100509;0
100510;1
100511;0
100512;0
100513;1
100514;0
100515;1
100516;0
100517;0
100518;1
100519;35
100520;36
100521;0
100522;0
100523;1
100524;0
100525;1
100526;0
100527;0
100528;1
100529;0
100530;1
100531;0
100532;1
100533;0
100534;1
100535;0
100536;1
100537;0
100538;1
100539;1
100540;0
100541;1
100542;0
100543;0
100544;1
100545;0
100546;0
100547;0
100548;36
100549;35
100550;0
100551;0
100552;0
100553;0
100554;0
100555;1
100556;0
100557;0
100558;1
100559;0
100560;1
100561;0
100562;0
100563;1
100564;1
100565;0
100566;0
100567;0
100568;0
100569;0
100570;1
100571;0
100572;0
100573;0
100574;1
100575;0
100576;0
100577;0
100578;1
100579;0
100580;0
100581;0
100582;0
100583;1
100584;0
100585;1
100586;0
100587;1
100588;1
100589;0
100590;0
100591;1
100592;0
100593;0
100594;0
100595;1
100596;2
100597;0
100598;0
100599;0
100600;1
100601;0
100602;1
100603;0
100604;1
100605;35
100606;36
100607;0
100608;0
100609;0
100610;1
100611;1
100612;0
100613;0
100614;1
100615;0
100616;3
100617;1
100618;10
100619;0
100620;11
100621;1
100622;0
100623;1
100624;0
100625;15
100626;35
100627;37
100628;38
100629;36
100630;0
100631;1
100632;0
100633;0
100634;1
100635;0
100636;1
100637;0
100638;0
100639;1
100640;52
100641;51
100642;0
100643;0
100644;0
100645;1
100646;0
100647;0
100648;1
100649;0
100650;0
100651;2
100652;0
100653;0
100654;1
100655;0
100656;1
100657;0
100658;35
100659;29
100660;36
100661;31
100662;30
100663;0
100664;1
100665;0
100666;0
100667;1
100668;0
100669;2
100670;1
100671;0
100672;1
100673;0
100674;2
100675;1
100676;35
100677;36
100678;35
100679;36
100680;0
100681;0
100682;1
100683;0
100684;18
100685;0
100686;0
100687;1
100688;0
100689;0
100690;1
100691;0
100692;0
100693;1
100694;0
100695;1
100696;0
100697;30
100698;28
100699;29
100700;0
100701;1
100702;2
100703;0
100704;1
100705;1
100706;0
100707;0
100708;1
100709;0
100710;1
100711;18
100712;35
100713;37
100714;0
100715;0
100716;0
100717;1
100718;0
100719;1
100720;0
100721;1
100722;0
100723;0
100724;1
100725;0
100726;0
100727;1
100728;0
100729;1
100730;0
100731;0
100732;0
100733;0
100734;35
100735;27
100736;0
100737;1
100738;2
100739;0
100740;47
100741;1
100742;0
100743;0
100744;0
100745;0
100746;2
100747;1
100748;0
100749;1
100750;2
100751;0
100752;1
100753;0
100754;1
100755;1
100756;0
100757;0
100758;0
100759;1
100760;0
100761;1
100762;0
100763;1
100764;0
100765;0
100766;1
100767;0
100768;0
100769;15
100770;37
100771;36
100772;39
100773;0
100774;1
100775;0
100776;1
100777;0
100778;2
100779;1
100780;0
100781;1
100782;0
100783;1
100784;0
100785;0
100786;1
100787;0
100788;1
100789;0
100790;1
100791;0
100792;1
100793;0
100794;0
100795;1
100796;1
100797;0
100798;0
100799;20
100800;0
100801;1
100802;35
100803;37
100804;36
100805;1
100806;0
100807;1
100808;0
100809;0
100810;1
100811;0
100812;1
100813;2
100814;1
100815;0
100816;0
100817;1
100818;0
100819;1
100820;38
100821;37
100822;0
100823;39
100824;0
100825;1
100826;0
100827;1
100828;0
100829;0
100830;2
100831;1
100832;0
100833;41
100834;0
100835;1
100836;2
100837;0
100838;1
100839;0
100840;0
100841;0
100842;1
100843;0
100844;0
100845;1
100846;0
100847;1
100848;0
100849;1
100850;0
100851;1
100852;0
100853;1
100854;1
100855;0
100856;35
100857;37
100858;36
100859;0
100860;1
100861;0
100862;1
100863;0
100864;0
100865;0
100866;1
100867;0
100868;0
100869;0
100870;39
100871;2
100872;0
100873;1
100874;0
100875;1
100876;2
100877;0
100878;1
100879;0
100880;0
100881;1
100882;1
100883;0
100884;0
100885;0
100886;1
100887;0
100888;1
100889;2
100890;0
100891;1
100892;0
100893;1
100894;0
100895;1
100896;0
100897;0
100898;1
100899;1
100900;0
100901;0
100902;1
100903;0
100904;0
100905;1
100906;0
100907;1
100908;0
100909;1
100910;0
100911;1
100912;1
100913;0
100914;0
100915;1
100916;0
100917;1
100918;0
100919;0
100920;1
100921;0
100922;40
100923;0
100924;0
100925;1
100926;0
100927;0
100928;1
100929;0
100930;0
100931;1
100932;0
100933;1
100934;0
100935;0
100936;0
100937;0
100938;1
100939;0
100940;1
100941;0
100942;1
100943;2
100944;0
100945;1
100946;0
100947;1
100948;0
100949;1
100950;0
100951;1
100952;0
100953;0
100954;1
100955;0
100956;1
100957;0
100958;0
100959;0
100960;1
100961;0
100962;0
100963;1
100964;0
100965;1
100966;0
100967;1
100968;1
100969;0
100970;0
100971;1
100972;0
100973;0
100974;0
100975;1
100976;0
100977;0
100978;1
100979;0
100980;1
100981;0
100982;1
100983;0
100984;2
100985;1
100986;0
100987;1
100988;0
100989;2
100990;0
100991;43
100992;42
100993;0
100994;1
100995;74
100996;78
100997;79
100998;77
100999;0
101000;1
101001;0
101002;1
101003;0
101004;1
101005;0
101006;2
101007;1
101008;0
101009;0
101010;0
101011;1
101012;0
101013;1
101014;0
101015;0
101016;0
101017;1
101018;0
101019;0
101020;1
101021;0
101022;1
101023;0
101024;1
101025;0
101026;1
101027;1
101028;0
101029;0
101030;0
101031;0
101032;0
101033;2
101034;36
101035;35
101036;37
101037;0
101038;1
101039;0
101040;1
101041;0
101042;1
101043;0
101044;1
101045;0
101046;47
101047;48
101048;0
101049;1
101050;0
101051;1
101052;0
101053;1
101054;0
101055;2
101056;1
101057;0
101058;0
101059;0
101060;1
101061;0
101062;1
101063;0
101064;0
101065;0
101066;1
101067;0
101068;0
101069;1
101070;0
101071;2
101072;1
101073;0
101074;0
101075;1
101076;0
101077;0
101078;0
101079;1
101080;0
101081;1
101082;0
101083;1
101084;0
101085;1
101086;0
101087;0
101088;1
101089;0
101090;1
101091;0
101092;1
101093;3
101094;0
101095;1
101096;0
101097;0
101098;1
101099;0
101100;1
101101;0
101102;0
101103;1
101104;0
101105;1
101106;0
101107;0
101108;1
101109;0
101110;0
101111;1
101112;0
101113;1
101114;42
101115;0
101116;1
101117;40
101118;0
101119;2
101120;1
101121;0
101122;1
101123;40
101124;0
101125;0
101126;0
101127;1
101128;0
101129;35
101130;36
101131;0
101132;1
101133;0
101134;0
101135;0
101136;1
101137;0
101138;0
101139;1
101140;0
101141;1
101142;0
101143;0
101144;1
101145;0
101146;0
101147;1
101148;0
101149;1
101150;35
101151;36
101152;0
101153;1
101154;0
101155;0
101156;1
101157;0
101158;1
101159;0
101160;0
101161;1
101162;1
101163;0
101164;0
101165;0
101166;1
101167;0
101168;1
101169;0
101170;1
101171;35
101172;36
101173;37
101174;0
101175;22
101176;1
101177;0
101178;1
101179;0
101180;1
101181;0
101182;0
101183;1
101184;0
101185;1
101186;0
101187;0
101188;1
101189;0
101190;1
101191;0
101192;1
101193;0
101194;1
101195;0
101196;0
101197;1
101198;1
101199;0
101200;35
101201;0
101202;1
101203;0
101204;1
101205;0
101206;4
101207;0
101208;52
101209;0
101210;53
101211;0
101212;0
101213;0
101214;1
101215;0
101216;0
101217;1
101218;0
101219;0
101220;1
101221;0
101222;1
101223;0
101224;1
101225;66
101226;0
101227;0
101228;0
101229;0
101230;1
101231;0
101232;0
101233;1
101234;0
101235;1
101236;0
101237;1
101238;0
101239;1
101240;0
101241;1
101242;0
101243;1
101244;35
101245;36
101246;0
101247;0
101248;1
101249;0
101250;1
101251;0
101252;1
101253;0
101254;0
101255;1
101256;0
101257;0
101258;1
101259;0
101260;0
101261;1
101262;0
101263;0
101264;1
101265;0
101266;0
101267;1
101268;2
101269;0
101270;1
101271;0
101272;1
101273;1
101274;0
101275;0
101276;1
101277;0
101278;1
101279;0
101280;0
101281;1
101282;35
101283;0
101284;52
101285;0
101286;1
101287;0
101288;1
101289;1
101290;0
101291;0
101292;1
101293;0
101294;0
101295;1
101296;0
101297;0
101298;1
101299;1
101300;0
101301;35
101302;0
101303;0
101304;0
101305;1
101306;44
101307;0
101308;0
101309;1
101310;2
101311;0
101312;1
101313;0
101314;1
101315;0
101316;0
101317;0
101318;1
101319;0
101320;1
101321;0
101322;1
101323;0
101324;1
101325;0
101326;0
101327;0
101328;1
101329;0
101330;1
101331;0
101332;0
101333;0
101334;1
101335;1
101336;0
101337;0
101338;1
101339;1
101340;0
101341;2
101342;0
101343;1
101344;0
101345;0
101346;1
101347;0
101348;11
101349;1
101350;0
101351;1
101352;47
101353;0
101354;48
101355;0
101356;1
101357;0
101358;0
101359;0
101360;0
101361;1
101362;0
101363;1
101364;2
101365;0
101366;0
101367;1
101368;0
101369;0
101370;1
101371;0
101372;1
101373;1
101374;2
101375;0
101376;1
101377;0
101378;1
101379;0
101380;0
101381;1
101382;0
101383;0
101384;1
101385;0
101386;1
101387;1
101388;0
101389;1
101390;0
101391;0
101392;1
101393;35
101394;0
101395;26
101396;0
101397;1
101398;0
101399;1
101400;0
101401;0
101402;1
101403;0
101404;1
101405;0
101406;1
101407;1
101408;0
101409;0
101410;0
101411;1
101412;0
101413;0
101414;1
101415;0
101416;0
101417;1
101418;0
101419;1
101420;0
101421;0
101422;1
101423;0
101424;1
101425;35
101426;36
101427;0
101428;0
101429;1
101430;0
101431;0
101432;0
101433;1
101434;47
101435;0
101436;48
101437;0
101438;1
101439;0
101440;1
101441;0
101442;0
101443;0
101444;1
101445;0
101446;2
101447;1
101448;0
101449;0
101450;1
101451;1
101452;0
101453;0
101454;1
101455;0
101456;0
101457;1
101458;0
101459;1
101460;0
101461;36
101462;35
101463;0
101464;0
101465;0
101466;0
101467;1
101468;0
101469;1
101470;0
101471;1
101472;0
101473;0
101474;0
101475;1
101476;0
101477;1
101478;0
101479;0
101480;0
101481;1
101482;1
101483;0
101484;39
101485;37
101486;1
101487;0
101488;0
101489;0
101490;1
101491;0
101492;0
101493;0
101494;1
101495;0
101496;0
101497;1
101498;0
101499;1
101500;1
101501;0
101502;0
101503;1
101504;0
101505;0
101506;1
101507;0
101508;0
101509;1
101510;2
101511;36
101512;35
101513;0
101514;1
101515;0
101516;1
101517;0
101518;0
101519;1
101520;1
101521;0
101522;0
101523;0
101524;2
101525;1
101526;29
101527;28
101528;0
101529;1
101530;2
101531;0
101532;2
101533;1
101534;0
101535;1
101536;0
101537;0
101538;1
101539;0
101540;0
101541;1
101542;1
101543;0
101544;0
101545;1
101546;0
101547;0
101548;1
101549;0
101550;1
101551;0
101552;0
101553;0
101554;1
101555;0
101556;0
101557;1
101558;0
101559;1
101560;1
101561;0
101562;0
101563;2
101564;1
101565;0
101566;23
101567;0
101568;1
101569;24
101570;25
101571;1
101572;0
101573;1
101574;0
101575;0
101576;1
101577;0
101578;1
101579;0
101580;1
101581;0
101582;0
101583;0
101584;0
101585;0
101586;1
101587;0
101588;0
101589;1
101590;1
101591;0
101592;0
101593;0
101594;1
101595;0
101596;0
101597;0
101598;0
101599;0
101600;1
101601;0
101602;0
101603;0
101604;1
101605;2
101606;4
101607;1
101608;0
101609;0
101610;37
101611;1
101612;38
101613;0
101614;1
101615;0
101616;0
101617;39
101618;42
101619;41
101620;1
101621;0
101622;1
101623;26
101624;0
101625;0
101626;0
101627;1
101628;0
101629;0
101630;1
101631;0
101632;1
101633;0
101634;0
101635;0
101636;1
101637;0
101638;1
101639;0
101640;2
101641;0
101642;2
101643;1
101644;0
101645;0
101646;0
101647;1
101648;36
101649;35
101650;1
101651;0
101652;0
101653;1
101654;0
101655;0
101656;18
101657;1
101658;10
101659;17
101660;1
101661;0
101662;0
101663;2
101664;3
101665;1
101666;0
101667;0
101668;1
101669;1
101670;0
101671;0
101672;1
101673;1
101674;0
101675;0
101676;1
101677;0
101678;1
101679;0
101680;1
101681;0
101682;1
101683;0
101684;1
101685;0
101686;0
101687;1
101688;0
101689;1
101690;0
101691;1
101692;0
101693;1
101694;0
101695;1
101696;0
101697;1
101698;0
101699;0
101700;0
101701;1
101702;2
101703;0
101704;1
101705;35
101706;0
101707;0
101708;0
101709;0
101710;1
101711;0
101712;1
101713;42
101714;43
101715;0
101716;1
101717;0
101718;0
101719;0
101720;1
101721;0
101722;1
101723;46
101724;0
101725;0
101726;0
101727;40
101728;41
101729;1
101730;36
101731;35
101732;37
101733;1
101734;4
101735;0
101736;0
101737;0
101738;0
101739;0
101740;0
101741;1
101742;1
101743;0
101744;0
101745;35
101746;1
101747;0
101748;0
101749;35
101750;0
101751;1
101752;0
101753;1
101754;0
101755;0
101756;1
101757;0
101758;0
101759;1
101760;2
101761;0
101762;1
101763;1
101764;0
101765;0
101766;1
101767;0
101768;1
101769;4
101770;0
101771;0
101772;0
101773;1
101774;0
101775;1
101776;0
101777;1
101778;0
101779;0
101780;1
101781;0
101782;0
101783;0
101784;1
101785;0
101786;0
101787;1
101788;0
101789;0
101790;0
101791;1
101792;2
101793;0
101794;0
101795;1
101796;64
101797;0
101798;0
101799;0
101800;0
101801;1
101802;0
101803;0
101804;1
101805;0
101806;1
101807;0
101808;0
101809;0
101810;1
101811;0
101812;1
101813;0
101814;1
101815;1
101816;0
101817;0
101818;1
101819;0
101820;1
101821;1
101822;0
101823;0
101824;0
101825;1
101826;1
101827;0
101828;0
101829;1
101830;0
101831;1
101832;0
101833;1
101834;0
101835;0
101836;0
101837;2
101838;0
101839;1
101840;0
101841;0
101842;1
101843;0
101844;0
101845;1
101846;0
101847;1
101848;0
101849;1
101850;0
101851;1
101852;1
101853;0
101854;1
101855;0
101856;1
101857;0
101858;0
101859;0
101860;2
101861;0
101862;1
101863;0
101864;0
101865;1
101866;0
101867;0
101868;1
101869;13
101870;0
101871;1
101872;0
101873;1
101874;0
101875;0
101876;1
101877;0
101878;1
101879;0
101880;1
101881;0
101882;1
101883;1
101884;0
101885;0
101886;1
101887;0
101888;1
101889;0
101890;1
101891;0
101892;0
101893;0
101894;1
101895;0
101896;1
101897;35
101898;0
101899;1
101900;0
101901;0
101902;70
101903;40
101904;41
101905;71
101906;1
101907;0
101908;0
101909;1
101910;0
101911;1
101912;0
101913;1
101914;70
101915;42
101916;0
101917;1
101918;0
101919;0
101920;1
101921;1
101922;0
101923;0
101924;1
101925;0
101926;0
101927;0
101928;1
101929;0
101930;2
101931;0
101932;1
101933;0
101934;42
101935;1
101936;1
101937;0
101938;0
101939;1
101940;0
101941;1
101942;1
101943;0
101944;0
101945;0
101946;0
101947;1
101948;0
101949;1
101950;0
101951;1
101952;61
101953;35
101954;0
101955;1
101956;0
101957;1
101958;2
101959;1
101960;0
101961;1
101962;0
101963;3
101964;0
101965;2
101966;0
101967;0
101968;1
101969;0
101970;1
101971;0
101972;0
101973;0
101974;1
101975;0
101976;1
101977;0
101978;0
101979;0
101980;1
101981;0
101982;40
101983;0
101984;1
101985;0
101986;0
101987;0
101988;1
101989;2
101990;0
101991;0
101992;1
101993;1
101994;0
101995;1
101996;0
101997;1
101998;0
101999;0
102000;0
102001;0
102002;0
102003;0
102004;0
102005;1
102006;0
102007;0
102008;1
102009;0
102010;0
102011;0
102012;1
102013;0
102014;0
102015;1
102016;40
102017;0
102018;41
102019;1
102020;0
102021;1
102022;0
102023;0
102024;0
102025;1
102026;0
102027;1
102028;2
102029;1
102030;0
102031;0
102032;0
102033;0
102034;1
102035;0
102036;0
102037;2
102038;0
102039;1
102040;0
102041;0
102042;0
102043;1
102044;0
102045;1
102046;2
102047;14
102048;0
102049;1
102050;1
102051;0
102052;0
102053;1
102054;0
102055;0
102056;22
102057;36
102058;35
102059;0
102060;0
102061;1
102062;0
102063;1
102064;1
102065;0
102066;0
102067;1
102068;0
102069;14
102070;0
102071;0
102072;1
102073;36
102074;0
102075;35
102076;60
102077;0
102078;62
102079;1
102080;22
102081;28
102082;27
102083;0
102084;0
102085;1
102086;2
102087;0
102088;0
102089;1
102090;1
102091;0
102092;0
102093;0
102094;1
102095;0
102096;2
102097;1
102098;0
102099;0
102100;1
102101;0
102102;1
102103;1
102104;0
102105;0
102106;1
102107;1
102108;0
102109;0
102110;1
102111;0
102112;1
102113;1
102114;0
102115;1
102116;0
102117;0
102118;1
102119;0
102120;0
102121;0
102122;1
102123;0
102124;1
102125;0
102126;1
102127;0
102128;1
102129;0
102130;35
102131;36
102132;1
102133;0
102134;1
102135;0
102136;0
102137;1
102138;0
102139;1
102140;0
102141;2
102142;1
102143;0
102144;0
102145;1
102146;0
102147;45
102148;1
102149;1
102150;0
102151;0
102152;0
102153;0
102154;1
102155;0
102156;1
102157;0
102158;1
102159;0
102160;1
102161;0
102162;1
102163;48
102164;0
102165;47
102166;0
102167;0
102168;0
102169;0
102170;1
102171;23
102172;37
102173;36
102174;12
102175;0
102176;0
102177;0
102178;1
102179;0
102180;1
102181;0
102182;35
102183;36
102184;1
102185;0
102186;0
102187;1
102188;0
102189;1
102190;0
102191;0
102192;0
102193;0
102194;1
102195;0
102196;1
102197;1
102198;2
102199;0
102200;0
102201;2
102202;1
102203;0
102204;0
102205;0
102206;0
102207;0
102208;0
102209;0
102210;1
102211;10
102212;0
102213;1
102214;0
102215;1
102216;0
102217;1
102218;0
102219;1
102220;0
102221;1
102222;1
102223;0
102224;0
102225;1
102226;0
102227;44
102228;0
102229;1
102230;0
102231;0
102232;0
102233;1
102234;0
102235;0
102236;0
102237;1
102238;0
102239;0
102240;0
102241;1
102242;2
102243;0
102244;0
102245;0
102246;1
102247;0
102248;0
102249;1
102250;0
102251;2
102252;0
102253;1
102254;0
102255;1
102256;0
102257;0
102258;1
102259;1
102260;0
102261;0
102262;0
102263;0
102264;1
102265;0
102266;1
102267;1
102268;0
102269;0
102270;1
102271;0
102272;0
102273;39
102274;37
102275;1
102276;0
102277;0
102278;1
102279;0
102280;0
102281;0
102282;1
102283;0
102284;0
102285;0
102286;1
102287;0
102288;1
102289;1
102290;0
102291;0
102292;1
102293;0
102294;0
102295;46
102296;0
102297;2
102298;1
102299;35
102300;36
102301;0
102302;2
102303;1
102304;0
102305;2
102306;1
102307;0
102308;0
102309;0
102310;1
102311;0
102312;1
102313;1
102314;0
102315;0
102316;1
102317;0
102318;0
102319;1
102320;0
102321;1
102322;1
102323;0
102324;0
102325;1
102326;0
102327;1
102328;0
102329;1
102330;0
102331;1
102332;0
102333;3
102334;0
102335;1
102336;0
102337;0
102338;1
102339;0
102340;1
102341;1
102342;0
102343;2
102344;0
102345;1
102346;0
102347;0
102348;1
102349;36
102350;0
102351;1
102352;2
102353;49
102354;1
102355;0
102356;51
102357;0
102358;1
102359;2
102360;0
102361;1
102362;0
102363;1
102364;0
102365;1
102366;0
102367;40
102368;41
102369;1
102370;0
102371;0
102372;1
102373;0
102374;2
102375;1
102376;0
102377;0
102378;1
102379;0
102380;0
102381;0
102382;1
102383;0
102384;1
102385;0
102386;1
102387;0
102388;0
102389;0
102390;1
102391;1
102392;0
102393;0
102394;1
102395;0
102396;0
102397;0
102398;0
102399;1
102400;1
102401;6
102402;0
102403;0
102404;0
102405;1
102406;0
102407;0
102408;1
102409;0
102410;0
102411;1
102412;1
102413;0
102414;0
102415;0
102416;0
102417;0
102418;35
102419;36
102420;0
102421;0
102422;1
102423;0
102424;42
102425;41
102426;2
102427;0
102428;1
102429;0
102430;0
102431;1
102432;0
102433;1
102434;35
102435;38
102436;36
102437;0
102438;0
102439;1
102440;0
102441;1
102442;1
102443;0
102444;0
102445;0
102446;1
102447;0
102448;0
102449;0
102450;1
102451;0
102452;1
102453;0
102454;0
102455;1
102456;0
102457;1
102458;27
102459;0
102460;0
102461;0
102462;35
102463;1
102464;2
102465;0
102466;0
102467;1
102468;0
102469;1
102470;60
102471;1
102472;0
102473;64
102474;1
102475;0
102476;2
102477;0
102478;1
102479;0
102480;1
102481;2
102482;1
102483;0
102484;0
102485;1
102486;0
102487;1
102488;0
102489;0
102490;0
102491;0
102492;35
102493;36
102494;0
102495;1
102496;0
102497;0
102498;1
102499;0
102500;2
102501;1
102502;0
102503;0
102504;1
102505;0
102506;0
102507;1
102508;0
102509;1
102510;0
102511;1
102512;0
102513;1
102514;49
102515;48
102516;0
102517;0
102518;0
102519;1
102520;1
102521;0
102522;0
102523;0
102524;1
102525;0
102526;0
102527;36
102528;35
102529;1
102530;0
102531;0
102532;1
102533;0
102534;1
102535;0
102536;1
102537;0
102538;0
102539;1
102540;1
102541;0
102542;35
102543;0
102544;1
102545;54
102546;0
102547;1
102548;0
102549;37
102550;1
102551;0
102552;1
102553;0
102554;1
102555;2
102556;14
102557;0
102558;1
102559;0
102560;1
102561;2
102562;35
102563;0
102564;1
102565;0
102566;53
102567;54
102568;10
102569;0
102570;1
102571;0
102572;0
102573;1
102574;0
102575;0
102576;1
102577;0
102578;1
102579;2
102580;0
102581;0
102582;1
102583;0
102584;1
102585;0
102586;1
102587;35
102588;36
102589;0
102590;1
102591;0
102592;1
102593;0
102594;1
102595;0
102596;1
102597;0
102598;1
102599;0
102600;2
102601;1
102602;0
102603;1
102604;0
102605;1
102606;0
102607;1
102608;0
102609;0
102610;1
102611;0
102612;1
102613;0
102614;0
102615;0
102616;1
102617;0
102618;0
102619;0
102620;0
102621;1
102622;0
102623;1
102624;0
102625;0
102626;1
102627;0
102628;1
102629;0
102630;1
102631;0
102632;2
102633;1
102634;0
102635;0
102636;1
102637;0
102638;1
102639;0
102640;1
102641;0
102642;1
102643;0
102644;1
102645;1
102646;0
102647;0
102648;0
102649;1
102650;0
102651;0
102652;1
102653;1
102654;0
102655;66
102656;64
102657;35
102658;36
102659;0
102660;0
102661;0
102662;1
102663;2
102664;0
102665;0
102666;1
102667;2
102668;0
102669;1
102670;1
102671;0
102672;0
102673;1
102674;0
102675;2
102676;1
102677;0
102678;1
102679;0
102680;0
102681;2
102682;0
102683;1
102684;0
102685;1
102686;0
102687;1
102688;0
102689;1
102690;0
102691;0
102692;0
102693;1
102694;1
102695;0
102696;0
102697;0
102698;1
102699;0
102700;1
102701;0
102702;0
102703;0
102704;0
102705;0
102706;0
102707;1
102708;0
102709;0
102710;1
102711;0
102712;1
102713;0
102714;0
102715;2
102716;0
102717;1
102718;0
102719;1
102720;0
102721;0
102722;1
102723;0
102724;26
102725;33
102726;34
102727;0
102728;17
102729;9
102730;19
102731;0
102732;18
102733;0
102734;1
102735;1
102736;0
102737;0
102738;0
102739;0
102740;0
102741;1
102742;0
102743;1
102744;0
102745;2
102746;0
102747;0
102748;0
102749;1
102750;0
102751;5
102752;1
102753;6
102754;0
102755;1
102756;0
102757;1
102758;0
102759;0
102760;0
102761;0
102762;2
102763;1
102764;1
102765;0
102766;0
102767;0
102768;1
102769;0
102770;0
102771;0
102772;1
102773;0
102774;1
102775;0
102776;0
102777;0
102778;1
102779;2
102780;0
102781;1
102782;0
102783;0
102784;1
102785;0
102786;1
102787;0
102788;1
102789;0
102790;1
102791;0
102792;0
102793;1
102794;0
102795;1
102796;1
102797;0
102798;0
102799;0
102800;16
102801;0
102802;17
102803;1
102804;0
102805;1
102806;0
102807;1
102808;2
102809;0
102810;1
102811;0
102812;46
102813;1
102814;1
102815;0
102816;31
102817;0
102818;1
102819;0
102820;0
102821;1
102822;0
102823;0
102824;0
102825;0
102826;1
102827;0
102828;0
102829;0
102830;0
102831;1
102832;0
102833;1
102834;0
102835;1
102836;0
102837;0
102838;2
102839;0
102840;1
102841;1
102842;0
102843;0
102844;0
102845;1
102846;0
102847;1
102848;0
102849;0
102850;1
102851;1
102852;0
102853;0
102854;1
102855;0
102856;0
102857;0
102858;0
102859;1
102860;0
102861;59
102862;1
102863;57
102864;0
102865;1
102866;0
102867;1
102868;0
102869;0
102870;45
102871;0
102872;1
102873;0
102874;0
102875;1
102876;0
102877;0
102878;1
102879;0
102880;0
102881;1
102882;0
102883;1
102884;0
102885;0
102886;0
102887;1
102888;0
102889;0
102890;0
102891;1
102892;35
102893;53
102894;44
102895;52
102896;51
102897;36
102898;64
102899;37
102900;0
102901;1
102902;0
102903;1
102904;0
102905;1
102906;0
102907;1
102908;36
102909;35
102910;29
102911;1
102912;0
102913;0
102914;0
102915;1
102916;2
102917;1
102918;2
102919;0
102920;0
102921;0
102922;0
102923;0
102924;1
102925;18
102926;0
102927;1
102928;0
102929;1
102930;0
102931;0
102932;1
102933;0
102934;0
102935;0
102936;1
102937;0
102938;0
102939;1
102940;0
102941;0
102942;0
102943;0
102944;1
102945;0
102946;0
102947;1
102948;0
102949;0
102950;1
102951;0
102952;1
102953;0
102954;0
102955;1
102956;41
102957;1
102958;0
102959;1
102960;0
102961;2
102962;0
102963;1
102964;0
102965;1
102966;1
102967;0
102968;0
102969;1
102970;0
102971;1
102972;1
102973;0
102974;0
102975;1
102976;0
102977;0
102978;0
102979;0
102980;0
102981;1
102982;0
102983;0
102984;2
102985;14
102986;0
102987;35
102988;0
102989;1
102990;0
102991;0
102992;1
102993;35
102994;36
102995;1
102996;0
102997;0
102998;1
102999;0
103000;1
103001;0
103002;0
103003;0
103004;2
103005;1
103006;0
103007;1
103008;0
103009;1
103010;1
103011;0
103012;0
103013;1
103014;0
103015;1
103016;0
103017;0
103018;1
103019;0
103020;1
103021;41
103022;40
103023;0
103024;0
103025;1
103026;1
103027;0
103028;0
103029;1
103030;0
103031;0
103032;0
103033;0
103034;0
103035;1
103036;0
103037;1
103038;0
103039;1
103040;1
103041;0
103042;25
103043;9
103044;0
103045;6
103046;1
103047;0
103048;1
103049;0
103050;1
103051;0
103052;0
103053;9
103054;0
103055;10
103056;0
103057;0
103058;0
103059;0
103060;0
103061;0
103062;1
103063;0
103064;0
103065;1
103066;0
103067;0
103068;1
103069;1
103070;0
103071;0
103072;1
103073;0
103074;1
103075;1
103076;0
103077;0
103078;1
103079;0
103080;1
103081;2
103082;0
103083;0
103084;0
103085;1
103086;0
103087;2
103088;0
103089;1
103090;0
103091;1
103092;0
103093;1
103094;0
103095;2
103096;1
103097;0
103098;0
103099;0
103100;1
103101;0
103102;41
103103;0
103104;42
103105;1
103106;0
103107;1
103108;35
103109;36
103110;0
103111;1
103112;0
103113;1
103114;0
103115;1
103116;0
103117;1
103118;1
103119;0
103120;0
103121;0
103122;1
103123;0
103124;1
103125;2
103126;0
103127;1
103128;2
103129;0
103130;0
103131;0
103132;1
103133;2
103134;0
103135;2
103136;1
103137;0
103138;1
103139;0
103140;1
103141;0
103142;56
103143;1
103144;0
103145;1
103146;0
103147;1
103148;0
103149;0
103150;0
103151;1
103152;0
103153;0
103154;40
103155;42
103156;1
103157;41
103158;0
103159;0
103160;1
103161;2
103162;0
103163;0
103164;1
103165;0
103166;1
103167;0
103168;1
103169;0
103170;1
103171;0
103172;1
103173;2
103174;1
103175;0
103176;0
103177;1
103178;2
103179;0
103180;0
103181;0
103182;1
103183;0
103184;0
103185;1
103186;0
103187;1
103188;0
103189;1
103190;0
103191;1
103192;0
103193;1
103194;0
103195;0
103196;1
103197;0
103198;0
103199;44
103200;0
103201;1
103202;0
103203;0
103204;0
103205;0
103206;0
103207;46
103208;0
103209;0
103210;1
103211;0
103212;0
103213;1
103214;0
103215;0
103216;0
103217;1
103218;0
103219;0
103220;0
103221;0
103222;1
103223;0
103224;1
103225;0
103226;0
103227;1
103228;0
103229;0
103230;0
103231;0
103232;52
103233;44
103234;53
103235;0
103236;1
103237;0
103238;0
103239;0
103240;1
103241;0
103242;1
103243;0
103244;1
103245;0
103246;1
103247;0
103248;1
103249;0
103250;1
103251;0
103252;1
103253;0
103254;1
103255;0
103256;0
103257;0
103258;2
103259;1
103260;0
103261;0
103262;40
103263;0
103264;1
103265;0
103266;1
103267;1
103268;0
103269;0
103270;0
103271;1
103272;0
103273;1
103274;0
103275;1
103276;0
103277;13
103278;40
103279;0
103280;39
103281;0
103282;0
103283;0
103284;1
103285;45
103286;0
103287;61
103288;1
103289;62
103290;0
103291;0
103292;1
103293;0
103294;4
103295;6
103296;3
103297;0
103298;1
103299;0
103300;1
103301;0
103302;0
103303;0
103304;0
103305;40
103306;0
103307;41
103308;0
103309;1
103310;0
103311;0
103312;1
103313;0
103314;1
103315;0
103316;1
103317;0
103318;0
103319;0
103320;2
103321;1
103322;0
103323;0
103324;1
103325;0
103326;0
103327;0
103328;35
103329;1
103330;1
103331;0
103332;6
103333;40
103334;0
103335;41
103336;0
103337;1
103338;0
103339;0
103340;0
103341;1
103342;0
103343;0
103344;1
103345;0
103346;0
103347;0
103348;1
103349;0
103350;1
103351;2
103352;0
103353;1
103354;0
103355;1
103356;0
103357;1
103358;2
103359;0
103360;0
103361;0
103362;0
103363;2
103364;1
103365;1
103366;0
103367;0
103368;1
103369;0
103370;2
103371;5
103372;44
103373;45
103374;3
103375;4
103376;0
103377;1
103378;1
103379;45
103380;0
103381;0
103382;1
103383;0
103384;1
103385;0
103386;0
103387;1
103388;1
103389;0
103390;0
103391;0
103392;0
103393;0
103394;0
103395;2
103396;1
103397;0
103398;1
103399;0
103400;1
103401;2
103402;1
103403;0
103404;2
103405;0
103406;0
103407;1
103408;0
103409;1
103410;0
103411;1
103412;35
103413;1
103414;0
103415;0
103416;2
103417;0
103418;1
103419;0
103420;0
103421;1
103422;0
103423;0
103424;1
103425;0
103426;2
103427;1
103428;0
103429;0
103430;0
103431;1
103432;0
103433;1
103434;0
103435;0
103436;0
103437;0
103438;1
103439;0
103440;0
103441;1
103442;35
103443;0
103444;0
103445;1
103446;0
103447;0
103448;1
103449;1
103450;0
103451;0
103452;1
103453;0
103454;1
103455;0
103456;0
103457;0
103458;1
103459;1
103460;0
103461;0
103462;1
103463;1
103464;0
103465;1
103466;0
103467;0
103468;0
103469;35
103470;0
103471;1
103472;0
103473;1
103474;1
103475;0
103476;0
103477;0
103478;1
103479;1
103480;0
103481;0
103482;1
103483;2
103484;0
103485;0
103486;1
103487;0
103488;1
103489;2
103490;0
103491;35
103492;0
103493;0
103494;0
103495;0
103496;49
103497;1
103498;48
103499;0
103500;1
103501;0
103502;0
103503;0
103504;0
103505;0
103506;1
103507;0
103508;0
103509;0
103510;0
103511;1
103512;0
103513;0
103514;0
103515;0
103516;0
103517;1
103518;0
103519;1
103520;0
103521;1
103522;0
103523;1
103524;2
103525;0
103526;1
103527;35
103528;36
103529;0
103530;0
103531;1
103532;0
103533;0
103534;1
103535;0
103536;1
103537;0
103538;0
103539;1
103540;0
103541;1
103542;0
103543;0
103544;1
103545;0
103546;0
103547;2
103548;1
103549;1
103550;0
103551;0
103552;1
103553;0
103554;0
103555;1
103556;0
103557;0
103558;0
103559;0
103560;0
103561;1
103562;0
103563;0
103564;0
103565;1
103566;0
103567;1
103568;0
103569;1
103570;0
103571;0
103572;27
103573;26
103574;0
103575;1
103576;0
103577;1
103578;0
103579;1
103580;0
103581;0
103582;0
103583;1
103584;1
103585;2
103586;0
103587;0
103588;1
103589;35
103590;0
103591;1
103592;0
103593;0
103594;2
103595;1
103596;0
103597;0
103598;1
103599;0
103600;0
103601;1
103602;36
103603;0
103604;1
103605;38
103606;37
103607;0
103608;35
103609;0
103610;0
103611;0
103612;0
103613;0
103614;0
103615;1
103616;0
103617;0
103618;1
103619;0
103620;1
103621;0
103622;0
103623;1
103624;0
103625;0
103626;20
103627;1
103628;0
103629;44
103630;43
103631;9
103632;27
103633;10
103634;0
103635;1
103636;0
103637;0
103638;1
103639;1
103640;0
103641;0
103642;2
103643;0
103644;0
103645;0
103646;0
103647;0
103648;1
103649;0
103650;21
103651;0
103652;1
103653;0
103654;0
103655;0
103656;0
103657;1
103658;0
103659;1
103660;0
103661;0
103662;1
103663;2
103664;0
103665;0
103666;1
103667;0
103668;0
103669;1
103670;0
103671;0
103672;1
103673;0
103674;49
103675;41
103676;48
103677;0
103678;81
103679;96
103680;21
103681;88
103682;60
103683;76
103684;97
103685;0
103686;1
103687;0
103688;1
103689;0
103690;0
103691;0
103692;1
103693;21
103694;0
103695;1
103696;0
103697;1
103698;1
103699;0
103700;0
103701;1
103702;35
103703;36
103704;0
103705;1
103706;0
103707;0
103708;1
103709;0
103710;0
103711;1
103712;0
103713;1
103714;0
103715;1
103716;0
103717;1
103718;0
103719;0
103720;1
103721;0
103722;1
103723;1
103724;0
103725;0
103726;1
103727;0
103728;1
103729;0
103730;1
103731;0
103732;2
103733;0
103734;1
103735;0
103736;1
103737;0
103738;0
103739;1
103740;2
103741;1
103742;0
103743;0
103744;1
103745;20
103746;0
103747;1
103748;0
103749;1
103750;0
103751;1
103752;0
103753;0
103754;1
103755;35
103756;0
103757;0
103758;0
103759;2
103760;1
103761;0
103762;1
103763;0
103764;1
103765;0
103766;0
103767;1
103768;0
103769;0
103770;1
103771;1
103772;0
103773;0
103774;1
103775;0
103776;0
103777;1
103778;0
103779;0
103780;1
103781;0
103782;1
103783;0
103784;0
103785;1
103786;0
103787;1
103788;1
103789;0
103790;36
103791;35
103792;0
103793;41
103794;42
103795;1
103796;0
103797;1
103798;0
103799;0
103800;1
103801;0
103802;1
103803;0
103804;1
103805;0
103806;0
103807;0
103808;1
103809;0
103810;1
103811;0
103812;1
103813;1
103814;0
103815;0
103816;4
103817;1
103818;0
103819;1
103820;0
103821;1
103822;0
103823;1
103824;0
103825;1
103826;0
103827;35
103828;13
103829;14
103830;35
103831;0
103832;1
103833;0
103834;1
103835;0
103836;0
103837;0
103838;2
103839;0
103840;1
103841;0
103842;0
103843;1
103844;35
103845;0
103846;1
103847;0
103848;1
103849;0
103850;0
103851;0
103852;1
103853;0
103854;0
103855;1
103856;0
103857;1
103858;1
103859;0
103860;0
103861;0
103862;1
103863;2
103864;1
103865;0
103866;0
103867;1
103868;2
103869;0
103870;1
103871;0
103872;2
103873;1
103874;0
103875;35
103876;36
103877;0
103878;1
103879;0
103880;1
103881;45
103882;0
103883;1
103884;0
103885;1
103886;0
103887;0
103888;0
103889;2
103890;1
103891;0
103892;0
103893;1
103894;0
103895;1
103896;0
103897;0
103898;1
103899;0
103900;0
103901;1
103902;1
103903;0
103904;0
103905;0
103906;0
103907;2
103908;1
103909;0
103910;1
103911;0
103912;1
103913;2
103914;0
103915;1
103916;35
103917;36
103918;0
103919;1
103920;1
103921;0
103922;1
103923;0
103924;0
103925;1
103926;0
103927;0
103928;1
103929;0
103930;0
103931;0
103932;1
103933;0
103934;0
103935;1
103936;0
103937;0
103938;1
103939;54
103940;41
103941;1
103942;40
103943;0
103944;1
103945;0
103946;1
103947;0
103948;2
103949;0
103950;1
103951;0
103952;1
103953;0
103954;1
103955;0
103956;0
103957;1
103958;0
103959;0
103960;1
103961;0
103962;1
103963;0
103964;0
103965;1
103966;0
103967;0
103968;2
103969;1
103970;1
103971;0
103972;0
103973;1
103974;0
103975;2
103976;0
103977;1
103978;1
103979;0
103980;0
103981;1
103982;1
103983;0
103984;47
103985;0
103986;59
103987;35
103988;36
103989;0
103990;1
103991;0
103992;1
103993;0
103994;1
103995;0
103996;2
103997;0
103998;1
103999;0
104000;1
104001;0
104002;35
104003;36
104004;84
104005;83
104006;0
104007;1
104008;1
104009;0
104010;0
104011;1
104012;0
104013;0
104014;1
104015;0
104016;1
104017;2
104018;1
104019;0
104020;2
104021;0
104022;1
104023;0
104024;0
104025;12
104026;0
104027;1
104028;0
104029;1
104030;0
104031;0
104032;0
104033;2
104034;1
104035;0
104036;1
104037;0
104038;1
104039;43
104040;0
104041;44
104042;0
104043;2
104044;1
104045;0
104046;1
104047;0
104048;2
104049;0
104050;1
104051;0
104052;30
104053;28
104054;35
104055;29
104056;0
104057;0
104058;0
104059;1
104060;1
104061;0
104062;1
104063;0
104064;0
104065;0
104066;0
104067;1
104068;0
104069;35
104070;0
104071;1
104072;0
104073;1
104074;0
104075;1
104076;1
104077;0
104078;0
104079;0
104080;1
104081;0
104082;1
104083;0
104084;1
104085;2
104086;0
104087;0
104088;1
104089;1
104090;0
104091;0
104092;0
104093;0
104094;2
104095;1
104096;0
104097;1
104098;0
104099;2
104100;1
104101;0
104102;0
104103;0
104104;2
104105;1
104106;0
104107;1
104108;0
104109;0
104110;1
104111;1
104112;0
104113;0
104114;11
104115;0
104116;1
104117;1
104118;0
104119;0
104120;1
104121;0
104122;0
104123;0
104124;1
104125;0
104126;0
104127;0
104128;0
104129;2
104130;1
104131;1
104132;0
104133;0
104134;1
104135;0
104136;0
104137;0
104138;1
104139;2
104140;0
104141;1
104142;1
104143;0
104144;1
104145;0
104146;1
104147;0
104148;40
104149;50
104150;0
104151;1
104152;2
104153;0
104154;1
104155;0
104156;1
104157;0
104158;0
104159;15
104160;17
104161;0
104162;9
104163;16
104164;0
104165;2
104166;1
104167;0
104168;36
104169;35
104170;0
104171;1
104172;0
104173;2
104174;0
104175;1
104176;0
104177;1
104178;1
104179;0
104180;1
104181;0
104182;35
104183;36
104184;0
104185;1
104186;0
104187;1
104188;2
104189;0
104190;0
104191;1
104192;0
104193;0
104194;1
104195;2
104196;0
104197;1
104198;0
104199;1
104200;0
104201;54
104202;0
104203;56
104204;1
104205;55
104206;0
104207;1
104208;2
104209;0
104210;0
104211;0
104212;1
104213;0
104214;0
104215;0
104216;1
104217;0
104218;0
104219;0
104220;0
104221;1
104222;0
104223;0
104224;1
104225;0
104226;0
104227;1
104228;0
104229;0
104230;0
104231;0
104232;1
104233;1
104234;0
104235;0
104236;1
104237;0
104238;2
104239;2
104240;1
104241;0
104242;1
104243;0
104244;0
104245;0
104246;0
104247;0
104248;1
104249;1
104250;0
104251;0
104252;1
104253;0
104254;1
104255;0
104256;0
104257;1
104258;1
104259;0
104260;0
104261;1
104262;0
104263;0
104264;1
104265;0
104266;1
104267;0
104268;1
104269;0
104270;0
104271;1
104272;0
104273;1
104274;0
104275;1
104276;0
104277;2
104278;1
104279;0
104280;1
104281;2
104282;0
104283;0
104284;1
104285;2
104286;1
104287;0
104288;0
104289;0
104290;1
104291;0
104292;1
104293;16
104294;17
104295;0
104296;0
104297;1
104298;0
104299;1
104300;0
104301;0
104302;1
104303;0
104304;1
104305;0
104306;0
104307;0
104308;1
104309;0
104310;1
104311;0
104312;0
104313;1
104314;0
104315;0
104316;1
104317;0
104318;0
104319;1
104320;0
104321;1
104322;0
104323;1
104324;0
104325;0
104326;0
104327;0
104328;0
104329;1
104330;0
104331;0
104332;0
104333;1
104334;0
104335;1
104336;0
104337;1
104338;48
104339;49
104340;53
104341;45
104342;52
104343;0
104344;1
104345;0
104346;1
104347;0
104348;1
104349;0
104350;1
104351;0
104352;2
104353;1
104354;1
104355;0
104356;0
104357;1
104358;0
104359;1
104360;0
104361;0
104362;1
104363;31
104364;0
104365;1
104366;0
104367;1
104368;0
104369;1
104370;2
104371;0
104372;1
104373;0
104374;0
104375;0
104376;0
104377;0
104378;1
104379;0
104380;1
104381;0
104382;0
104383;1
104384;0
104385;1
104386;0
104387;0
104388;1
104389;0
104390;2
104391;0
104392;0
104393;0
104394;1
104395;0
104396;0
104397;0
104398;0
104399;1
104400;0
104401;1
104402;0
104403;1
104404;1
104405;0
104406;0
104407;0
104408;0
104409;1
104410;0
104411;0
104412;1
104413;0
104414;1
104415;0
104416;1
104417;0
104418;7
104419;8
104420;10
104421;9
104422;18
104423;19
104424;0
104425;0
104426;1
104427;0
104428;1
104429;0
104430;1
104431;14
104432;0
104433;16
104434;17
104435;8
104436;15
104437;0
104438;1
104439;0
104440;1
104441;0
104442;1
104443;0
104444;4
104445;0
104446;1
104447;0
104448;0
104449;1
104450;0
104451;1
104452;2
104453;0
104454;1
104455;0
104456;0
104457;55
104458;47
104459;35
104460;48
104461;56
104462;0
104463;0
104464;1
104465;0
104466;1
104467;0
104468;1
104469;0
104470;1
104471;1
104472;0
104473;1
104474;0
104475;0
104476;1
104477;0
104478;1
104479;0
104480;1
104481;0
104482;0
104483;1
104484;4
104485;0
104486;0
104487;0
104488;1
104489;0
104490;2
104491;0
104492;0
104493;0
104494;1
104495;0
104496;1
104497;0
104498;1
104499;0
104500;1
104501;1
104502;0
104503;1
104504;0
104505;0
104506;1
104507;0
104508;0
104509;0
104510;0
104511;1
104512;0
104513;0
104514;0
104515;0
104516;1
104517;0
104518;1
104519;0
104520;1
104521;0
104522;0
104523;1
104524;1
104525;0
104526;1
104527;0
104528;0
104529;1
104530;0
104531;1
104532;0
104533;0
104534;1
104535;0
104536;0
104537;0
104538;1
104539;0
104540;0
104541;0
104542;0
104543;0
104544;1
104545;0
104546;1
104547;0
104548;1
104549;2
104550;0
104551;0
104552;1
104553;0
104554;35
104555;0
104556;1
104557;0
104558;1
104559;0
104560;0
104561;1
104562;35
104563;36
104564;0
104565;1
104566;0
104567;20
104568;21
104569;2
104570;3
104571;19
104572;1
104573;0
104574;0
104575;1
104576;1
104577;0
104578;0
104579;0
104580;0
104581;1
104582;1
104583;0
104584;0
104585;1
104586;0
104587;1
104588;0
104589;0
104590;1
104591;0
104592;0
104593;1
104594;0
104595;0
104596;1
104597;0
104598;37
104599;0
104600;0
104601;1
104602;0
104603;1
104604;0
104605;2
104606;0
104607;1
104608;0
104609;2
104610;1
104611;0
104612;1
104613;0
104614;1
104615;0
104616;1
104617;2
104618;0
104619;1
104620;0
104621;0
104622;1
104623;0
104624;51
104625;0
104626;1
104627;0
104628;1
104629;0
104630;0
104631;2
104632;1
104633;0
104634;1
104635;0
104636;0
104637;0
104638;1
104639;0
104640;1
104641;0
104642;0
104643;0
104644;2
104645;1
104646;0
104647;0
104648;3
104649;1
104650;0
104651;1
104652;0
104653;1
104654;0
104655;1
104656;0
104657;0
104658;1
104659;0
104660;0
104661;0
104662;0
104663;0
104664;0
104665;2
104666;1
104667;47
104668;0
104669;41
104670;0
104671;0
104672;1
104673;0
104674;0
104675;1
104676;0
104677;35
104678;59
104679;36
104680;58
104681;0
104682;40
104683;1
104684;0
104685;1
104686;0
104687;0
104688;0
104689;0
104690;1
104691;2
104692;0
104693;1
104694;0
104695;1
104696;0
104697;0
104698;2
104699;1
104700;0
104701;2
104702;0
104703;1
104704;0
104705;0
104706;0
104707;0
104708;2
104709;1
104710;0
104711;0
104712;0
104713;0
104714;1
104715;40
104716;41
104717;0
104718;1
104719;1
104720;0
104721;0
104722;1
104723;0
104724;0
104725;1
104726;0
104727;2
104728;1
104729;0
104730;1
104731;0
104732;1
104733;0
104734;0
104735;0
104736;1
104737;1
104738;0
104739;1
104740;0
104741;0
104742;1
104743;0
104744;1
104745;0
104746;0
104747;0
104748;1
104749;35
104750;0
104751;0
104752;0
104753;2
104754;1
104755;0
104756;1
104757;0
104758;1
104759;0
104760;0
104761;1
104762;0
104763;1
104764;0
104765;0
104766;35
104767;36
104768;37
104769;0
104770;1
104771;2
104772;0
104773;1
104774;48
104775;1
104776;0
104777;40
104778;0
104779;1
104780;0
104781;0
104782;1
104783;0
104784;0
104785;1
104786;0
104787;0
104788;0
104789;0
104790;1
104791;1
104792;0
104793;0
104794;1
104795;48
104796;49
104797;39
104798;0
104799;41
104800;0
104801;0
104802;1
104803;0
104804;1
104805;0
104806;0
104807;1
104808;0
104809;0
104810;1
104811;0
104812;1
104813;35
104814;36
104815;0
104816;1
104817;0
104818;0
104819;1
104820;0
104821;1
104822;0
104823;1
104824;0
104825;1
104826;2
104827;0
104828;0
104829;0
104830;1
104831;9
104832;10
104833;0
104834;1
104835;47
104836;0
104837;48
104838;49
104839;35
104840;0
104841;2
104842;0
104843;2
104844;0
104845;1
104846;1
104847;0
104848;0
104849;1
104850;0
104851;0
104852;1
104853;0
104854;0
104855;1
104856;0
104857;1
104858;0
104859;41
104860;49
104861;40
104862;0
104863;1
104864;0
104865;2
104866;0
104867;0
104868;0
104869;0
104870;0
104871;0
104872;0
104873;0
104874;0
104875;1
104876;0
104877;1
104878;1
104879;0
104880;0
104881;40
104882;0
104883;43
104884;42
104885;41
104886;0
104887;44
104888;41
104889;2
104890;42
104891;0
104892;1
104893;0
104894;1
104895;0
104896;1
104897;2
104898;9
104899;20
104900;0
104901;10
104902;48
104903;0
104904;0
104905;1
104906;0
104907;1
104908;0
104909;1
104910;0
104911;1
104912;0
104913;0
104914;2
104915;1
104916;0
104917;1
104918;0
104919;1
104920;0
104921;0
104922;0
104923;2
104924;1
104925;0
104926;0
104927;1
104928;0
104929;0
104930;1
104931;2
104932;37
104933;38
104934;35
104935;52
104936;51
104937;0
104938;0
104939;0
104940;1
104941;0
104942;1
104943;0
104944;0
104945;0
104946;1
104947;0
104948;1
104949;0
104950;0
104951;42
104952;40
104953;41
104954;0
104955;1
104956;0
104957;0
104958;0
104959;1
104960;0
104961;1
104962;0
104963;1
104964;0
104965;46
104966;39
104967;2
104968;1
104969;0
104970;0
104971;1
104972;2
104973;0
104974;0
104975;0
104976;1
104977;1
104978;0
104979;0
104980;0
104981;1
104982;0
104983;1
104984;0
104985;0
104986;1
104987;0
104988;0
104989;1
104990;1
104991;0
104992;0
104993;0
104994;1
104995;0
104996;1
104997;0
104998;0
104999;1
105000;1
105001;0
105002;0
105003;1
105004;0
105005;0
105006;1
105007;0
105008;35
105009;0
105010;0
105011;1
105012;4
105013;0
105014;1
105015;0
105016;0
105017;1
105018;1
105019;0
105020;0
105021;0
105022;1
105023;0
105024;0
105025;1
105026;35
105027;36
105028;0
105029;1
105030;0
105031;1
105032;0
105033;0
105034;0
105035;1
105036;0
105037;1
105038;0
105039;1
105040;0
105041;1
105042;1
105043;0
105044;0
105045;0
105046;1
105047;0
105048;0
105049;1
105050;4
105051;0
105052;1
105053;0
105054;1
105055;0
105056;1
105057;0
105058;1
105059;1
105060;0
105061;36
105062;39
105063;0
105064;35
105065;37
105066;0
105067;0
105068;0
105069;35
105070;37
105071;0
105072;1
105073;0
105074;1
105075;0
105076;1
105077;0
105078;1
105079;0
105080;0
105081;0
105082;2
105083;1
105084;0
105085;0
105086;1
105087;0
105088;1
105089;0
105090;1
105091;0
105092;0
105093;1
105094;0
105095;0
105096;1
105097;1
105098;0
105099;2
105100;0
105101;0
105102;35
105103;36
105104;0
105105;1
105106;0
105107;44
105108;1
105109;0
105110;45
105111;0
105112;1
105113;0
105114;1
105115;20
105116;0
105117;1
105118;0
105119;0
105120;1
105121;0
105122;0
105123;1
105124;0
105125;1
105126;0
105127;2
105128;0
105129;0
105130;1
105131;0
105132;0
105133;0
105134;1
105135;0
105136;1
105137;70
105138;71
105139;0
105140;0
105141;0
105142;1
105143;0
105144;0
105145;1
105146;0
105147;41
105148;0
105149;2
105150;1
105151;0
105152;0
105153;0
105154;2
105155;0
105156;1
105157;0
105158;1
105159;0
105160;1
105161;0
105162;1
105163;0
105164;1
105165;0
105166;0
105167;0
105168;1
105169;0
105170;1
105171;0
105172;0
105173;1
105174;0
105175;0
105176;1
105177;0
105178;1
105179;0
105180;0
105181;0
105182;1
105183;0
105184;0
105185;1
105186;0
105187;1
105188;0
105189;1
105190;0
105191;0
105192;0
105193;1
105194;0
105195;0
105196;0
105197;1
105198;53
105199;0
105200;1
105201;0
105202;2
105203;1
105204;0
105205;0
105206;35
105207;36
105208;0
105209;1
105210;0
105211;1
105212;40
105213;1
105214;0
105215;0
105216;0
105217;1
105218;0
105219;1
105220;0
105221;1
105222;0
105223;1
105224;0
105225;0
105226;1
105227;0
105228;1
105229;0
105230;0
105231;1
105232;0
105233;0
105234;49
105235;48
105236;1
105237;0
105238;1
105239;0
105240;0
105241;0
105242;1
105243;0
105244;1
105245;0
105246;1
105247;0
105248;1
105249;0
105250;1
105251;0
105252;0
105253;0
105254;0
105255;1
105256;0
105257;1
105258;0
105259;1
105260;0
105261;1
105262;0
105263;0
105264;0
105265;1
105266;47
105267;50
105268;0
105269;49
105270;48
105271;0
105272;1
105273;0
105274;0
105275;1
105276;0
105277;0
105278;1
105279;0
105280;0
105281;1
105282;0
105283;1
105284;0
105285;0
105286;0
105287;1
105288;0
105289;1
105290;0
105291;3
105292;1
105293;0
105294;0
105295;1
105296;0
105297;1
105298;0
105299;1
105300;0
105301;1
105302;0
105303;0
105304;1
105305;0
105306;1
105307;0
105308;1
105309;0
105310;1
105311;0
105312;1
105313;1
105314;0
105315;0
105316;0
105317;1
105318;40
105319;0
105320;1
105321;0
105322;0
105323;2
105324;1
105325;1
105326;0
105327;0
105328;0
105329;1
105330;0
105331;1
105332;0
105333;1
105334;0
105335;1
105336;0
105337;1
105338;0
105339;1
105340;0
105341;1
105342;0
105343;1
105344;0
105345;0
105346;1
105347;15
105348;1
105349;0
105350;0
105351;1
105352;0
105353;1
105354;0
105355;1
105356;0
105357;46
105358;0
105359;47
105360;0
105361;1
105362;0
105363;2
105364;1
105365;0
105366;0
105367;1
105368;0
105369;1
105370;0
105371;1
105372;1
105373;0
105374;0
105375;1
105376;0
105377;1
105378;0
105379;1
105380;0
105381;2
105382;1
105383;1
105384;0
105385;0
105386;1
105387;0
105388;1
105389;1
105390;2
105391;0
105392;0
105393;35
105394;37
105395;0
105396;1
105397;0
105398;0
105399;1
105400;0
105401;0
105402;1
105403;0
105404;0
105405;1
105406;0
105407;0
105408;1
105409;0
105410;1
105411;0
105412;0
105413;0
105414;2
105415;1
105416;0
105417;0
105418;1
105419;0
105420;1
105421;0
105422;1
105423;0
105424;1
105425;0
105426;1
105427;0
105428;0
105429;2
105430;1
105431;1
105432;0
105433;0
105434;1
105435;0
105436;1
105437;0
105438;1
105439;0
105440;0
105441;0
105442;1
105443;0
105444;0
105445;0
105446;0
105447;2
105448;0
105449;1
105450;0
105451;0
105452;1
105453;0
105454;2
105455;1
105456;1
105457;0
105458;0
105459;1
105460;0
105461;2
105462;0
105463;0
105464;1
105465;0
105466;0
105467;1
105468;0
105469;2
105470;0
105471;1
105472;0
105473;1
105474;0
105475;1
105476;0
105477;1
105478;0
105479;1
105480;0
105481;1
105482;0
105483;1
105484;0
105485;1
105486;17
105487;22
105488;0
105489;1
105490;0
105491;2
105492;1
105493;0
105494;1
105495;0
105496;0
105497;1
105498;0
105499;1
105500;2
105501;0
105502;0
105503;0
105504;1
105505;0
105506;1
105507;1
105508;0
105509;0
105510;1
105511;0
105512;1
105513;0
105514;1
105515;0
105516;2
105517;1
105518;1
105519;0
105520;0
105521;2
105522;1
105523;0
105524;48
105525;47
105526;0
105527;1
105528;0
105529;0
105530;0
105531;0
105532;0
105533;0
105534;1
105535;0
105536;1
105537;0
105538;0
105539;1
105540;1
105541;0
105542;0
105543;0
105544;0
105545;1
105546;0
105547;1
105548;0
105549;1
105550;0
105551;1
105552;0
105553;0
105554;1
105555;1
105556;0
105557;35
105558;1
105559;0
105560;0
105561;2
105562;1
105563;0
105564;0
105565;1
105566;0
105567;1
105568;0
105569;2
105570;1
105571;0
105572;1
105573;0
105574;0
105575;0
105576;37
105577;0
105578;39
105579;40
105580;0
105581;1
105582;24
105583;26
105584;0
105585;25
105586;0
105587;1
105588;10
105589;0
105590;1
105591;11
105592;0
105593;0
105594;1
105595;0
105596;1
105597;2
105598;0
105599;1
105600;0
105601;0
105602;0
105603;1
105604;0
105605;0
105606;1
105607;0
105608;2
105609;1
105610;0
105611;1
105612;0
105613;1
105614;0
105615;1
105616;0
105617;1
105618;0
105619;1
105620;0
105621;45
105622;42
105623;43
105624;0
105625;62
105626;44
105627;55
105628;0
105629;64
105630;63
105631;1
105632;35
105633;0
105634;0
105635;0
105636;1
105637;1
105638;0
105639;0
105640;1
105641;1
105642;0
105643;0
105644;1
105645;0
105646;0
105647;1
105648;47
105649;0
105650;42
105651;2
105652;1
105653;49
105654;50
105655;53
105656;51
105657;1
105658;0
105659;35
105660;36
105661;0
105662;1
105663;0
105664;1
105665;0
105666;0
105667;1
105668;0
105669;1
105670;0
105671;1
105672;0
105673;0
105674;0
105675;1
105676;0
105677;0
105678;1
105679;0
105680;0
105681;1
105682;0
105683;1
105684;2
105685;0
105686;35
105687;0
105688;1
105689;4
105690;0
105691;1
105692;0
105693;1
105694;0
105695;1
105696;0
105697;0
105698;1
105699;0
105700;1
105701;0
105702;0
105703;1
105704;0
105705;0
105706;1
105707;0
105708;0
105709;1
105710;0
105711;1
105712;0
105713;0
105714;1
105715;0
105716;1
105717;0
105718;0
105719;1
105720;0
105721;1
105722;0
105723;1
105724;49
105725;48
105726;0
105727;0
105728;1
105729;0
105730;0
105731;1
105732;1
105733;0
105734;0
105735;0
105736;0
105737;2
105738;1
105739;0
105740;1
105741;0
105742;1
105743;35
105744;36
105745;0
105746;1
105747;0
105748;0
105749;1
105750;0
105751;0
105752;0
105753;0
105754;0
105755;1
105756;0
105757;1
105758;0
105759;1
105760;2
105761;0
105762;0
105763;1
105764;0
105765;1
105766;0
105767;0
105768;1
105769;0
105770;1
105771;2
105772;2
105773;0
105774;1
105775;0
105776;1
105777;0
105778;1
105779;2
105780;0
105781;72
105782;88
105783;70
105784;71
105785;0
105786;1
105787;0
105788;0
105789;1
105790;0
105791;1
105792;0
105793;1
105794;0
105795;35
105796;37
105797;0
105798;36
105799;0
105800;1
105801;0
105802;0
105803;0
105804;0
105805;1
105806;52
105807;35
105808;36
105809;46
105810;53
105811;45
105812;1
105813;0
105814;0
105815;1
105816;0
105817;1
105818;1
105819;0
105820;9
105821;10
105822;0
105823;1
105824;36
105825;35
105826;0
105827;1
105828;40
105829;0
105830;1
105831;41
105832;0
105833;0
105834;0
105835;1
105836;0
105837;1
105838;0
105839;1
105840;0
105841;1
105842;0
105843;1
105844;0
105845;0
105846;1
105847;0
105848;35
105849;0
105850;0
105851;1
105852;0
105853;0
105854;0
105855;0
105856;0
105857;1
105858;0
105859;1
105860;0
105861;35
105862;0
105863;0
105864;44
105865;45
105866;0
105867;1
105868;0
105869;0
105870;1
105871;0
105872;1
105873;0
105874;0
105875;1
105876;0
105877;1
105878;0
105879;1
105880;0
105881;0
105882;1
105883;35
105884;37
105885;0
105886;1
105887;1
105888;0
105889;82
105890;2
105891;0
105892;1
105893;1
105894;0
105895;2
105896;0
105897;0
105898;0
105899;1
105900;0
105901;1
105902;39
105903;0
105904;1
105905;35
105906;36
105907;0
105908;0
105909;0
105910;1
105911;0
105912;1
105913;0
105914;0
105915;1
105916;1
105917;0
105918;0
105919;0
105920;1
105921;0
105922;1
105923;1
105924;0
105925;0
105926;1
105927;1
105928;0
105929;0
105930;1
105931;0
105932;1
105933;0
105934;1
105935;0
105936;1
105937;0
105938;0
105939;0
105940;0
105941;1
105942;0
105943;42
105944;1
105945;2
105946;0
105947;1
105948;0
105949;0
105950;1
105951;18
105952;20
105953;21
105954;12
105955;0
105956;0
105957;1
105958;1
105959;0
105960;0
105961;0
105962;1
105963;1
105964;0
105965;0
105966;0
105967;1
105968;0
105969;1
105970;1
105971;0
105972;0
105973;1
105974;0
105975;1
105976;0
105977;0
105978;0
105979;2
105980;1
105981;0
105982;1
105983;36
105984;35
105985;0
105986;0
105987;1
105988;0
105989;0
105990;0
105991;0
105992;1
105993;0
105994;71
105995;12
105996;35
105997;0
105998;27
105999;25
106000;41
106001;39
106002;0
106003;40
106004;1
106005;0
106006;1
106007;1
106008;0
106009;0
106010;0
106011;1
106012;0
106013;1
106014;0
106015;0
106016;1
106017;0
106018;0
106019;0
106020;1
106021;0
106022;1
106023;35
106024;36
106025;0
106026;1
106027;0
106028;1
106029;0
106030;2
106031;1
106032;0
106033;0
106034;1
106035;0
106036;1
106037;2
106038;40
106039;0
106040;0
106041;1
106042;0
106043;1
106044;0
106045;0
106046;1
106047;0
106048;1
106049;0
106050;35
106051;0
106052;0
106053;0
106054;40
106055;1
106056;0
106057;1
106058;0
106059;0
106060;1
106061;0
106062;1
106063;0
106064;0
106065;40
106066;42
106067;41
106068;1
106069;0
106070;0
106071;1
106072;0
106073;1
106074;0
106075;0
106076;2
106077;1
106078;1
106079;0
106080;1
106081;0
106082;1
106083;0
106084;1
106085;0
106086;2
106087;0
106088;1
106089;0
106090;0
106091;1
106092;0
106093;0
106094;1
106095;0
106096;0
106097;1
106098;0
106099;41
106100;0
106101;0
106102;1
106103;0
106104;2
106105;1
106106;0
106107;1
106108;0
106109;1
106110;0
106111;1
106112;0
106113;1
106114;0
106115;2
106116;41
106117;0
106118;1
106119;0
106120;1
106121;0
106122;0
106123;0
106124;1
106125;0
106126;2
106127;0
106128;0
106129;0
106130;0
106131;0
106132;23
106133;24
106134;0
106135;1
106136;0
106137;1
106138;0
106139;0
106140;1
106141;0
106142;0
106143;1
106144;0
106145;1
106146;0
106147;1
106148;0
106149;38
106150;1
106151;0
106152;0
106153;0
106154;2
106155;1
106156;0
106157;1
106158;0
106159;0
106160;0
106161;1
106162;0
106163;1
106164;0
106165;0
106166;1
106167;0
106168;0
106169;1
106170;0
106171;1
106172;0
106173;1
106174;0
106175;0
106176;1
106177;0
106178;1
106179;81
106180;45
106181;0
106182;1
106183;0
106184;0
106185;1
106186;0
106187;0
106188;35
106189;6
106190;36
106191;0
106192;0
106193;35
106194;36
106195;0
106196;0
106197;1
106198;0
106199;1
106200;0
106201;0
106202;1
106203;0
106204;0
106205;0
106206;2
106207;1
106208;0
106209;0
106210;1
106211;26
106212;0
106213;25
106214;0
106215;1
106216;0
106217;0
106218;1
106219;0
106220;36
106221;1
106222;40
106223;0
106224;1
106225;0
106226;0
106227;1
106228;0
106229;1
106230;0
106231;19
106232;1
106233;1
106234;0
106235;36
106236;35
106237;0
106238;35
106239;1
106240;0
106241;0
106242;0
106243;0
106244;0
106245;1
106246;0
106247;0
106248;1
106249;1
106250;0
106251;0
106252;2
106253;0
106254;36
106255;35
106256;0
106257;1
106258;0
106259;0
106260;1
106261;0
106262;1
106263;0
106264;0
106265;2
106266;1
106267;0
106268;1
106269;0
106270;0
106271;1
106272;2
106273;1
106274;0
106275;1
106276;0
106277;1
106278;0
106279;50
106280;0
106281;52
106282;39
106283;0
106284;1
106285;1
106286;0
106287;0
106288;1
106289;0
106290;1
106291;0
106292;2
106293;0
106294;0
106295;1
106296;0
106297;1
106298;1
106299;0
106300;0
106301;0
106302;0
106303;1
106304;0
106305;0
106306;1
106307;0
106308;1
106309;0
106310;1
106311;0
106312;1
106313;0
106314;1
106315;39
106316;0
106317;1
106318;41
106319;0
106320;42
106321;0
106322;1
106323;2
106324;3
106325;0
106326;1
106327;0
106328;1
106329;1
106330;0
106331;0
106332;1
106333;2
106334;1
106335;0
106336;0
106337;1
106338;0
106339;0
106340;1
106341;1
106342;0
106343;0
106344;0
106345;0
106346;1
106347;1
106348;0
106349;0
106350;12
106351;0
106352;2
106353;1
106354;1
106355;0
106356;35
106357;0
106358;0
106359;6
106360;8
106361;1
106362;0
106363;0
106364;0
106365;1
106366;0
106367;0
106368;1
106369;13
106370;0
106371;15
106372;0
106373;1
106374;0
106375;1
106376;1
106377;0
106378;2
106379;0
106380;1
106381;0
106382;1
106383;0
106384;0
106385;0
106386;1
106387;0
106388;0
106389;1
106390;0
106391;0
106392;1
106393;0
106394;1
106395;0
106396;0
106397;0
106398;0
106399;2
106400;1
106401;0
106402;0
106403;0
106404;1
106405;0
106406;1
106407;1
106408;0
106409;0
106410;1
106411;0
106412;1
106413;0
106414;0
106415;1
106416;0
106417;1
106418;0
106419;0
106420;1
106421;0
106422;1
106423;0
106424;1
106425;0
106426;2
106427;1
106428;0
106429;17
106430;1
106431;2
106432;0
106433;0
106434;0
106435;1
106436;0
106437;1
106438;46
106439;47
106440;0
106441;0
106442;1
106443;0
106444;0
106445;1
106446;0
106447;0
106448;1
106449;0
106450;1
106451;0
106452;20
106453;11
106454;19
106455;21
106456;0
106457;35
106458;1
106459;0
106460;0
106461;1
106462;1
106463;0
106464;0
106465;1
106466;0
106467;0
106468;1
106469;0
106470;1
106471;2
106472;0
106473;1
106474;0
106475;1
106476;0
106477;1
106478;1
106479;0
106480;1
106481;0
106482;0
106483;35
106484;36
106485;1
106486;0
106487;0
106488;1
106489;0
106490;0
106491;1
106492;44
106493;60
106494;62
106495;0
106496;61
106497;0
106498;1
106499;0
106500;1
106501;0
106502;1
106503;0
106504;4
106505;3
106506;1
106507;7
106508;9
106509;8
106510;0
106511;0
106512;0
106513;0
106514;2
106515;0
106516;0
106517;0
106518;1
106519;0
106520;0
106521;1
106522;0
106523;0
106524;1
106525;0
106526;0
106527;1
106528;0
106529;0
106530;1
106531;0
106532;0
106533;2
106534;1
106535;1
106536;0
106537;0
106538;0
106539;1
106540;3
106541;72
106542;4
106543;0
106544;1
106545;0
106546;47
106547;0
106548;56
106549;1
106550;54
106551;0
106552;0
106553;0
106554;0
106555;1
106556;0
106557;1
106558;1
106559;0
106560;0
106561;1
106562;1
106563;0
106564;1
106565;0
106566;0
106567;0
106568;1
106569;0
106570;2
106571;1
106572;40
106573;0
106574;1
106575;2
106576;41
106577;0
106578;1
106579;1
106580;0
106581;0
106582;1
106583;35
106584;36
106585;0
106586;1
106587;35
106588;38
106589;36
106590;0
106591;1
106592;0
106593;1
106594;0
106595;0
106596;1
106597;0
106598;1
106599;0
106600;0
106601;1
106602;2
106603;0
106604;0
106605;35
106606;36
106607;0
106608;1
106609;2
106610;0
106611;1
106612;0
106613;1
106614;0
106615;1
106616;0
106617;0
106618;2
106619;1
106620;1
106621;0
106622;0
106623;6
106624;35
106625;60
106626;0
106627;5
106628;1
106629;61
106630;0
106631;1
106632;0
106633;2
106634;0
106635;0
106636;0
106637;0
106638;1
106639;0
106640;1
106641;0
106642;1
106643;2
106644;1
106645;0
106646;0
106647;0
106648;1
106649;0
106650;1
106651;0
106652;1
106653;0
106654;0
106655;0
106656;35
106657;36
106658;0
106659;1
106660;0
106661;1
106662;0
106663;0
106664;1
106665;0
106666;0
106667;0
106668;1
106669;0
106670;1
106671;0
106672;0
106673;1
106674;1
106675;0
106676;0
106677;2
106678;0
106679;1
106680;0
106681;1
106682;0
106683;1
106684;0
106685;1
106686;0
106687;0
106688;0
106689;1
106690;0
106691;0
106692;0
106693;1
106694;0
106695;1
106696;0
106697;1
106698;0
106699;0
106700;1
106701;2
106702;0
106703;1
106704;0
106705;0
106706;1
106707;0
106708;1
106709;0
106710;2
106711;0
106712;0
106713;0
106714;1
106715;0
106716;1
106717;0
106718;1
106719;4
106720;0
106721;3
106722;1
106723;0
106724;0
106725;2
106726;0
106727;1
106728;0
106729;1
106730;0
106731;1
106732;0
106733;1
106734;35
106735;36
106736;0
106737;0
106738;0
106739;1
106740;1
106741;0
106742;13
106743;0
106744;6
106745;0
106746;0
106747;1
106748;15
106749;17
106750;18
106751;0
106752;16
106753;0
106754;1
106755;0
106756;1
106757;0
106758;0
106759;1
106760;0
106761;0
106762;0
106763;1
106764;0
106765;0
106766;1
106767;0
106768;1
106769;0
106770;1
106771;1
106772;2
106773;0
106774;0
106775;49
106776;1
106777;0
106778;2
106779;0
106780;1
106781;0
106782;0
106783;0
106784;1
106785;0
106786;0
106787;0
106788;1
106789;0
106790;0
106791;2
106792;1
106793;0
106794;1
106795;0
106796;0
106797;1
106798;0
106799;1
106800;0
106801;0
106802;0
106803;1
106804;0
106805;1
106806;0
106807;0
106808;0
106809;0
106810;1
106811;0
106812;1
106813;0
106814;1
106815;0
106816;28
106817;29
106818;0
106819;27
106820;1
106821;1
106822;0
106823;1
106824;0
106825;0
106826;40
106827;39
106828;0
106829;0
106830;0
106831;1
106832;0
106833;0
106834;1
106835;0
106836;1
106837;0
106838;1
106839;35
106840;0
106841;47
106842;48
106843;1
106844;0
106845;0
106846;1
106847;3
106848;0
106849;0
106850;2
106851;0
106852;1
106853;0
106854;26
106855;0
106856;0
106857;1
106858;0
106859;0
106860;0
106861;1
106862;0
106863;1
106864;0
106865;0
106866;0
106867;0
106868;1
106869;0
106870;1
106871;0
106872;0
106873;46
106874;1
106875;2
106876;35
106877;0
106878;0
106879;0
106880;1
106881;2
106882;0
106883;1
106884;0
106885;1
106886;0
106887;0
106888;1
106889;0
106890;0
106891;0
106892;1
106893;0
106894;1
106895;0
106896;0
106897;0
106898;35
106899;0
106900;36
106901;37
106902;0
106903;2
106904;1
106905;0
106906;1
106907;0
106908;1
106909;1
106910;0
106911;0
106912;0
106913;1
106914;0
106915;1
106916;21
106917;0
106918;0
106919;1
106920;1
106921;0
106922;0
106923;1
106924;2
106925;1
106926;0
106927;0
106928;1
106929;35
106930;36
106931;32
106932;36
106933;1
106934;0
106935;0
106936;1
106937;0
106938;1
106939;1
106940;0
106941;0
106942;1
106943;0
106944;1
106945;14
106946;25
106947;20
106948;2
106949;0
106950;1
106951;0
106952;1
106953;0
106954;0
106955;1
106956;0
106957;0
106958;1
106959;1
106960;0
106961;0
106962;0
106963;1
106964;0
106965;2
106966;1
106967;0
106968;1
106969;40
106970;41
106971;0
106972;0
106973;1
106974;1
106975;0
106976;45
106977;0
106978;1
106979;49
106980;0
106981;1
106982;0
106983;0
106984;1
106985;2
106986;0
106987;1
106988;0
106989;1
106990;1
106991;0
106992;0
106993;1
106994;0
106995;1
106996;0
106997;1
106998;0
106999;1
107000;0
107001;1
107002;1
107003;0
107004;0
107005;1
107006;1
107007;0
107008;0
107009;1
107010;0
107011;1
107012;2
107013;0
107014;0
107015;1
107016;0
107017;1
107018;0
107019;1
107020;0
107021;1
107022;0
107023;1
107024;2
107025;0
107026;0
107027;0
107028;1
107029;0
107030;1
107031;0
107032;1
107033;0
107034;1
107035;0
107036;1
107037;0
107038;1
107039;0
107040;1
107041;35
107042;0
107043;0
107044;1
107045;0
107046;0
107047;1
107048;2
107049;0
107050;0
107051;0
107052;0
107053;0
107054;1
107055;0
107056;0
107057;0
107058;0
107059;1
107060;0
107061;0
107062;1
107063;0
107064;0
107065;1
107066;0
107067;2
107068;0
107069;1
107070;0
107071;0
107072;0
107073;42
107074;7
107075;0
107076;41
107077;44
107078;1
107079;42
107080;0
107081;0
107082;1
107083;0
107084;1
107085;0
107086;0
107087;1
107088;0
107089;0
107090;0
107091;0
107092;1
107093;1
107094;0
107095;0
107096;1
107097;0
107098;1
107099;0
107100;0
107101;1
107102;2
107103;3
107104;0
107105;1
107106;1
107107;0
107108;1
107109;0
107110;35
107111;37
107112;0
107113;0
107114;0
107115;1
107116;0
107117;0
107118;2
107119;1
107120;0
107121;1
107122;0
107123;1
107124;0
107125;1
107126;0
107127;1
107128;0
107129;2
107130;1
107131;0
107132;47
107133;0
107134;0
107135;0
107136;0
107137;1
107138;1
107139;0
107140;0
107141;0
107142;1
107143;0
107144;1
107145;0
107146;1
107147;0
107148;1
107149;0
107150;1
107151;0
107152;0
107153;1
107154;0
107155;0
107156;1
107157;0
107158;0
107159;1
107160;0
107161;1
107162;0
107163;0
107164;0
107165;0
107166;1
107167;0
107168;0
107169;1
107170;48
107171;0
107172;35
107173;36
107174;12
107175;42
107176;59
107177;60
107178;0
107179;0
107180;4
107181;0
107182;3
107183;1
107184;0
107185;0
107186;36
107187;35
107188;0
107189;0
107190;1
107191;1
107192;39
107193;0
107194;40
107195;0
107196;1
107197;0
107198;1
107199;0
107200;1
107201;2
107202;0
107203;1
107204;0
107205;1
107206;1
107207;0
107208;0
107209;1
107210;0
107211;0
107212;1
107213;0
107214;1
107215;0
107216;0
107217;1
107218;0
107219;1
107220;0
107221;1
107222;0
107223;0
107224;0
107225;1
107226;0
107227;0
107228;1
107229;2
107230;0
107231;1
107232;0
107233;1
107234;16
107235;0
107236;18
107237;19
107238;10
107239;1
107240;0
107241;1
107242;0
107243;1
107244;0
107245;1
107246;0
107247;1
107248;0
107249;1
107250;0
107251;1
107252;1
107253;0
107254;0
107255;2
107256;1
107257;0
107258;1
107259;0
107260;1
107261;0
107262;2
107263;1
107264;0
107265;0
107266;0
107267;1
107268;0
107269;0
107270;1
107271;0
107272;1
107273;0
107274;1
107275;0
107276;1
107277;49
107278;0
107279;50
107280;0
107281;1
107282;0
107283;1
107284;1
107285;0
107286;0
107287;1
107288;0
107289;0
107290;1
107291;0
107292;1
107293;0
107294;1
107295;0
107296;1
107297;2
107298;0
107299;0
107300;1
107301;2
107302;1
107303;0
107304;0
107305;1
107306;0
107307;0
107308;0
107309;0
107310;1
107311;0
107312;0
107313;1
107314;0
107315;1
107316;1
107317;0
107318;0
107319;0
107320;1
107321;0
107322;1
107323;1
107324;0
107325;0
107326;56
107327;0
107328;58
107329;57
107330;0
107331;0
107332;1
107333;0
107334;1
107335;0
107336;0
107337;1
107338;1
107339;0
107340;21
107341;22
107342;13
107343;20
107344;0
107345;1
107346;35
107347;36
107348;0
107349;2
107350;1
107351;0
107352;42
107353;43
107354;0
107355;0
107356;1
107357;0
107358;1
107359;0
107360;1
107361;0
107362;0
107363;0
107364;1
107365;0
107366;0
107367;1
107368;1
107369;0
107370;0
107371;0
107372;2
107373;0
107374;0
107375;1
107376;0
107377;1
107378;5
107379;35
107380;36
107381;6
107382;0
107383;1
107384;0
107385;1
107386;0
107387;1
107388;0
107389;1
107390;0
107391;1
107392;0
107393;0
107394;1
107395;0
107396;0
107397;0
107398;0
107399;0
107400;0
107401;0
107402;1
107403;2
107404;0
107405;0
107406;1
107407;0
107408;1
107409;0
107410;1
107411;0
107412;0
107413;0
107414;1
107415;0
107416;1
107417;0
107418;1
107419;0
107420;31
107421;36
107422;1
107423;37
107424;0
107425;1
107426;0
107427;1
107428;0
107429;0
107430;0
107431;0
107432;0
107433;0
107434;1
107435;0
107436;1
107437;0
107438;1
107439;0
107440;40
107441;0
107442;0
107443;1
107444;0
107445;1
107446;0
107447;0
107448;1
107449;0
107450;1
107451;0
107452;0
107453;0
107454;35
107455;0
107456;1
107457;0
107458;1
107459;0
107460;1
107461;0
107462;1
107463;0
107464;0
107465;1
107466;0
107467;39
107468;0
107469;1
107470;0
107471;0
107472;0
107473;0
107474;1
107475;39
107476;0
107477;42
107478;40
107479;41
107480;1
107481;0
107482;0
107483;0
107484;1
107485;0
107486;1
107487;0
107488;0
107489;1
107490;40
107491;1
107492;0
107493;83
107494;82
107495;0
107496;38
107497;0
107498;1
107499;0
107500;0
107501;0
107502;0
107503;39
107504;1
107505;0
107506;0
107507;1
107508;0
107509;1
107510;0
107511;1
107512;0
107513;35
107514;0
107515;1
107516;2
107517;0
107518;1
107519;0
107520;1
107521;0
107522;1
107523;0
107524;0
107525;1
107526;0
107527;0
107528;0
107529;0
107530;1
107531;0
107532;0
107533;1
107534;0
107535;0
107536;1
107537;0
107538;0
107539;0
107540;1
107541;0
107542;1
107543;0
107544;1
107545;0
107546;0
107547;1
107548;0
107549;0
107550;1
107551;0
107552;0
107553;1
107554;0
107555;0
107556;1
107557;0
107558;0
107559;1
107560;0
107561;1
107562;0
107563;0
107564;2
107565;0
107566;45
107567;46
107568;0
107569;2
107570;0
107571;1
107572;9
107573;0
107574;0
107575;0
107576;0
107577;1
107578;0
107579;21
107580;39
107581;36
107582;38
107583;22
107584;35
107585;0
107586;0
107587;0
107588;0
107589;1
107590;35
107591;0
107592;1
107593;0
107594;35
107595;36
107596;0
107597;1
107598;0
107599;35
107600;0
107601;0
107602;2
107603;1
107604;11
107605;0
107606;21
107607;12
107608;20
107609;0
107610;1
107611;0
107612;1
107613;0
107614;2
107615;1
107616;0
107617;0
107618;2
107619;1
107620;0
107621;1
107622;0
107623;0
107624;42
107625;43
107626;46
107627;44
107628;47
107629;0
107630;0
107631;1
107632;0
107633;0
107634;1
107635;39
107636;0
107637;1
107638;0
107639;0
107640;0
107641;0
107642;1
107643;0
107644;1
107645;0
107646;0
107647;0
107648;0
107649;1
107650;0
107651;1
107652;1
107653;0
107654;0
107655;2
107656;1
107657;0
107658;1
107659;0
107660;1
107661;0
107662;1
107663;3
107664;69
107665;36
107666;70
107667;1
107668;0
107669;0
107670;2
107671;1
107672;0
107673;1
107674;6
107675;35
107676;36
107677;0
107678;0
107679;35
107680;31
107681;36
107682;0
107683;1
107684;0
107685;0
107686;1
107687;0
107688;1
107689;36
107690;35
107691;0
107692;0
107693;48
107694;47
107695;0
107696;1
107697;0
107698;0
107699;0
107700;0
107701;1
107702;0
107703;1
107704;0
107705;0
107706;0
107707;2
107708;1
107709;0
107710;1
107711;0
107712;0
107713;0
107714;1
107715;0
107716;1
107717;0
107718;1
107719;0
107720;2
107721;0
107722;1
107723;0
107724;1
107725;1
107726;0
107727;1
107728;0
107729;0
107730;1
107731;1
107732;0
107733;0
107734;0
107735;2
107736;1
107737;0
107738;0
107739;1
107740;0
107741;0
107742;1
107743;1
107744;0
107745;0
107746;1
107747;0
107748;0
107749;0
107750;1
107751;0
107752;1
107753;1
107754;0
107755;0
107756;0
107757;1
107758;0
107759;0
107760;1
107761;0
107762;0
107763;0
107764;0
107765;0
107766;0
107767;1
107768;0
107769;26
107770;27
107771;1
107772;1
107773;0
107774;0
107775;1
107776;0
107777;0
107778;1
107779;0
107780;1
107781;1
107782;0
107783;52
107784;0
107785;41
107786;51
107787;0
107788;2
107789;1
107790;0
107791;1
107792;1
107793;0
107794;0
107795;0
107796;1
107797;2
107798;0
107799;0
107800;0
107801;0
107802;1
107803;0
107804;1
107805;0
107806;0
107807;0
107808;1
107809;0
107810;1
107811;0
107812;1
107813;0
107814;1
107815;0
107816;1
107817;0
107818;0
107819;0
107820;0
107821;0
107822;0
107823;0
107824;0
107825;1
107826;1
107827;0
107828;0
107829;0
107830;1
107831;2
107832;0
107833;1
107834;2
107835;0
107836;1
107837;0
107838;0
107839;1
107840;1
107841;0
107842;0
107843;0
107844;35
107845;36
107846;26
107847;0
107848;1
107849;36
107850;30
107851;35
107852;28
107853;29
107854;0
107855;42
107856;43
107857;0
107858;0
107859;1
107860;1
107861;0
107862;2
107863;0
107864;0
107865;2
107866;1
107867;0
107868;1
107869;0
107870;1
107871;0
107872;0
107873;1
107874;0
107875;1
107876;0
107877;0
107878;1
107879;0
107880;1
107881;0
107882;1
107883;2
107884;0
107885;0
107886;0
107887;1
107888;0
107889;0
107890;0
107891;1
107892;0
107893;1
107894;0
107895;1
107896;0
107897;1
107898;0
107899;0
107900;0
107901;0
107902;1
107903;0
107904;0
107905;1
107906;0
107907;46
107908;42
107909;0
107910;0
107911;1
107912;0
107913;1
107914;2
107915;0
107916;1
107917;0
107918;1
107919;0
107920;1
107921;0
107922;1
107923;0
107924;0
107925;1
107926;0
107927;1
107928;2
107929;0
107930;1
107931;0
107932;0
107933;1
107934;48
107935;47
107936;0
107937;1
107938;0
107939;1
107940;0
107941;1
107942;12
107943;0
107944;13
107945;0
107946;1
107947;0
107948;1
107949;0
107950;1
107951;1
107952;0
107953;0
107954;13
107955;14
107956;0
107957;0
107958;0
107959;1
107960;0
107961;0
107962;1
107963;0
107964;1
107965;0
107966;1
107967;2
107968;0
107969;0
107970;1
107971;1
107972;0
107973;47
107974;49
107975;0
107976;1
107977;0
107978;1
107979;0
107980;1
107981;0
107982;0
107983;0
107984;0
107985;0
107986;1
107987;0
107988;0
107989;2
107990;1
107991;0
107992;0
107993;1
107994;0
107995;1
107996;0
107997;35
107998;0
107999;0
108000;0
108001;0
108002;25
108003;24
108004;35
108005;0
108006;0
108007;0
108008;0
108009;0
108010;1
108011;0
108012;1
108013;0
108014;1
108015;0
108016;0
108017;0
108018;0
108019;1
108020;0
108021;0
108022;1
108023;0
108024;0
108025;0
108026;1
108027;4
108028;0
108029;1
108030;0
108031;0
108032;1
108033;0
108034;0
108035;1
108036;0
108037;1
108038;0
108039;0
108040;1
108041;0
108042;1
108043;0
108044;0
108045;0
108046;0
108047;1
108048;0
108049;0
108050;1
108051;0
108052;1
108053;0
108054;0
108055;0
108056;1
108057;0
108058;0
108059;1
108060;0
108061;41
108062;0
108063;0
108064;0
108065;1
108066;0
108067;1
108068;11
108069;0
108070;1
108071;0
108072;1
108073;0
108074;65
108075;66
108076;0
108077;1
108078;0
108079;0
108080;0
108081;1
108082;1
108083;0
108084;0
108085;0
108086;0
108087;1
108088;0
108089;0
108090;1
108091;0
108092;0
108093;0
108094;0
108095;1
108096;0
108097;1
108098;0
108099;1
108100;0
108101;0
108102;1
108103;0
108104;1
108105;0
108106;0
108107;1
108108;0
108109;0
108110;0
108111;1
108112;0
108113;0
108114;1
108115;0
108116;0
108117;1
108118;1
108119;0
108120;0
108121;1
108122;0
108123;1
108124;0
108125;0
108126;0
108127;21
108128;0
108129;1
108130;2
108131;0
108132;35
108133;36
108134;0
108135;1
108136;0
108137;1
108138;0
108139;1
108140;0
108141;1
108142;0
108143;0
108144;22
108145;1
108146;0
108147;0
108148;1
108149;0
108150;0
108151;1
108152;0
108153;48
108154;0
108155;0
108156;40
108157;42
108158;41
108159;0
108160;1
108161;1
108162;0
108163;0
108164;0
108165;1
108166;0
108167;0
108168;0
108169;1
108170;0
108171;0
108172;0
108173;1
108174;0
108175;1
108176;0
108177;1
108178;0
108179;1
108180;0
108181;0
108182;1
108183;0
108184;1
108185;0
108186;1
108187;0
108188;0
108189;0
108190;0
108191;40
108192;41
108193;1
108194;0
108195;1
108196;1
108197;0
108198;1
108199;0
108200;0
108201;1
108202;60
108203;0
108204;44
108205;61
108206;1
108207;0
108208;0
108209;0
108210;0
108211;0
108212;0
108213;0
108214;1
108215;0
108216;1
108217;0
108218;1
108219;0
108220;0
108221;1
108222;6
108223;35
108224;0
108225;1
108226;0
108227;0
108228;0
108229;1
108230;0
108231;1
108232;0
108233;1
108234;0
108235;2
108236;0
108237;1
108238;0
108239;0
108240;1
108241;40
108242;0
108243;0
108244;2
108245;1
108246;0
108247;1
108248;0
108249;1
108250;0
108251;0
108252;1
108253;0
108254;0
108255;1
108256;29
108257;0
108258;48
108259;0
108260;0
108261;1
108262;2
108263;3
108264;0
108265;2
108266;0
108267;1
108268;0
108269;0
108270;1
108271;0
108272;0
108273;1
108274;0
108275;1
108276;0
108277;2
108278;1
108279;0
108280;61
108281;1
108282;52
108283;2
108284;62
108285;61
108286;0
108287;0
108288;2
108289;1
108290;0
108291;1
108292;2
108293;0
108294;1
108295;0
108296;1
108297;0
108298;0
108299;0
108300;1
108301;0
108302;0
108303;1
108304;0
108305;1
108306;0
108307;2
108308;1
108309;0
108310;1
108311;0
108312;0
108313;1
108314;35
108315;36
108316;0
108317;1
108318;0
108319;1
108320;1
108321;0
108322;0
108323;0
108324;1
108325;0
108326;1
108327;0
108328;1
108329;0
108330;0
108331;0
108332;70
108333;71
108334;0
108335;0
108336;0
108337;0
108338;0
108339;1
108340;18
108341;1
108342;0
108343;20
108344;21
108345;12
108346;19
108347;0
108348;1
108349;0
108350;18
108351;20
108352;21
108353;0
108354;12
108355;19
108356;0
108357;0
108358;0
108359;0
108360;35
108361;36
108362;0
108363;37
108364;1
108365;0
108366;1
108367;0
108368;1
108369;0
108370;1
108371;0
108372;1
108373;0
108374;1
108375;0
108376;1
108377;41
108378;42
108379;0
108380;0
108381;43
108382;1
108383;2
108384;0
108385;1
108386;1
108387;0
108388;0
108389;1
108390;0
108391;0
108392;1
108393;0
108394;1
108395;0
108396;0
108397;1
108398;0
108399;0
108400;2
108401;1
108402;0
108403;0
108404;0
108405;0
108406;0
108407;0
108408;1
108409;1
108410;0
108411;0
108412;0
108413;1
108414;0
108415;1
108416;0
108417;1
108418;0
108419;1
108420;0
108421;0
108422;2
108423;1
108424;0
108425;35
108426;36
108427;1
108428;2
108429;0
108430;60
108431;13
108432;0
108433;1
108434;28
108435;26
108436;0
108437;1
108438;0
108439;1
108440;1
108441;0
108442;0
108443;2
108444;0
108445;1
108446;0
108447;0
108448;1
108449;1
108450;0
108451;0
108452;1
108453;0
108454;1
108455;0
108456;1
108457;1
108458;0
108459;0
108460;41
108461;1
108462;0
108463;0
108464;1
108465;0
108466;1
108467;0
108468;0
108469;1
108470;0
108471;1
108472;43
108473;22
108474;20
108475;0
108476;44
108477;1
108478;52
108479;0
108480;1
108481;0
108482;1
108483;0
108484;1
108485;1
108486;0
108487;0
108488;0
108489;1
108490;0
108491;0
108492;1
108493;0
108494;0
108495;0
108496;38
108497;1
108498;0
108499;1
108500;0
108501;1
108502;0
108503;1
108504;0
108505;0
108506;1
108507;0
108508;0
108509;1
108510;0
108511;1
108512;0
108513;1
108514;0
108515;1
108516;0
108517;1
108518;0
108519;1
108520;2
108521;0
108522;1
108523;0
108524;0
108525;1
108526;0
108527;1
108528;0
108529;0
108530;1
108531;0
108532;1
108533;1
108534;0
108535;0
108536;1
108537;0
108538;1
108539;0
108540;0
108541;39
108542;0
108543;41
108544;40
108545;0
108546;1
108547;0
108548;1
108549;48
108550;8
108551;9
108552;49
108553;0
108554;1
108555;0
108556;0
108557;0
108558;1
108559;2
108560;0
108561;0
108562;1
108563;2
108564;1
108565;0
108566;0
108567;1
108568;35
108569;0
108570;1
108571;0
108572;0
108573;0
108574;0
108575;0
108576;0
108577;0
108578;1
108579;0
108580;1
108581;42
108582;41
108583;45
108584;46
108585;0
108586;0
108587;1
108588;0
108589;1
108590;2
108591;0
108592;1
108593;0
108594;1
108595;0
108596;0
108597;0
108598;0
108599;1
108600;0
108601;0
108602;1
108603;0
108604;0
108605;1
108606;35
108607;36
108608;41
108609;0
108610;0
108611;2
108612;1
108613;0
108614;1
108615;0
108616;0
108617;0
108618;1
108619;0
108620;1
108621;0
108622;0
108623;1
108624;0
108625;1
108626;0
108627;0
108628;1
108629;0
108630;1
108631;0
108632;0
108633;31
108634;0
108635;1
108636;20
108637;0
108638;1
108639;0
108640;1
108641;0
108642;1
108643;0
108644;1
108645;1
108646;0
108647;0
108648;1
108649;0
108650;0
108651;1
108652;47
108653;2
108654;0
108655;0
108656;1
108657;35
108658;0
108659;1
108660;1
108661;0
108662;0
108663;1
108664;1
108665;0
108666;0
108667;1
108668;2
108669;1
108670;0
108671;1
108672;0
108673;0
108674;0
108675;1
108676;0
108677;1
108678;0
108679;0
108680;1
108681;0
108682;0
108683;1
108684;1
108685;0
108686;0
108687;1
108688;0
108689;0
108690;1
108691;0
108692;0
108693;1
108694;2
108695;0
108696;1
108697;0
108698;0
108699;0
108700;0
108701;0
108702;2
108703;1
108704;0
108705;0
108706;1
108707;0
108708;0
108709;1
108710;0
108711;1
108712;1
108713;0
108714;35
108715;0
108716;0
108717;0
108718;0
108719;1
108720;1
108721;0
108722;39
108723;35
108724;0
108725;2
108726;1
108727;14
108728;1
108729;0
108730;0
108731;1
108732;0
108733;1
108734;0
108735;0
108736;1
108737;1
108738;0
108739;0
108740;1
108741;0
108742;1
108743;0
108744;0
108745;52
108746;57
108747;21
108748;53
108749;22
108750;54
108751;0
108752;1
108753;0
108754;0
108755;1
108756;0
108757;1
108758;0
108759;1
108760;0
108761;1
108762;0
108763;1
108764;0
108765;0
108766;0
108767;1
108768;0
108769;82
108770;0
108771;84
108772;1
108773;83
108774;0
108775;1
108776;0
108777;1
108778;0
108779;0
108780;35
108781;1
108782;0
108783;1
108784;0
108785;0
108786;1
108787;0
108788;0
108789;1
108790;1
108791;0
108792;0
108793;1
108794;0
108795;1
108796;0
108797;0
108798;0
108799;0
108800;0
108801;1
108802;35
108803;0
108804;0
108805;1
108806;0
108807;0
108808;1
108809;2
108810;1
108811;0
108812;0
108813;1
108814;0
108815;1
108816;0
108817;1
108818;0
108819;0
108820;1
108821;0
108822;0
108823;0
108824;1
108825;0
108826;1
108827;0
108828;1
108829;70
108830;72
108831;71
108832;0
108833;1
108834;0
108835;1
108836;0
108837;0
108838;0
108839;2
108840;1
108841;0
108842;1
108843;0
108844;1
108845;1
108846;0
108847;0
108848;1
108849;0
108850;1
108851;0
108852;1
108853;0
108854;1
108855;1
108856;0
108857;0
108858;1
108859;0
108860;1
108861;0
108862;1
108863;0
108864;1
108865;1
108866;0
108867;1
108868;0
108869;0
108870;0
108871;1
108872;2
108873;9
108874;19
108875;10
108876;0
108877;20
108878;0
108879;1
108880;0
108881;40
108882;35
108883;0
108884;2
108885;0
108886;0
108887;1
108888;0
108889;0
108890;1
108891;0
108892;1
108893;35
108894;0
108895;1
108896;0
108897;2
108898;1
108899;0
108900;2
108901;1
108902;1
108903;0
108904;0
108905;0
108906;2
108907;1
108908;3
108909;0
108910;2
108911;1
108912;0
108913;1
108914;0
108915;1
108916;0
108917;1
108918;0
108919;0
108920;1
108921;0
108922;0
108923;1
108924;0
108925;1
108926;0
108927;1
108928;35
108929;37
108930;36
108931;0
108932;0
108933;1
108934;0
108935;1
108936;0
108937;0
108938;1
108939;0
108940;0
108941;44
108942;45
108943;0
108944;1
108945;1
108946;0
108947;0
108948;1
108949;0
108950;1
108951;0
108952;1
108953;0
108954;0
108955;0
108956;1
108957;0
108958;0
108959;1
108960;0
108961;35
108962;14
108963;36
108964;37
108965;0
108966;1
108967;1
108968;0
108969;0
108970;2
108971;1
108972;0
108973;0
108974;0
108975;1
108976;0
108977;1
108978;0
108979;1
108980;0
108981;0
108982;1
108983;0
108984;0
108985;0
108986;35
108987;76
108988;75
108989;77
108990;0
108991;0
108992;1
108993;0
108994;0
108995;0
108996;0
108997;1
108998;0
108999;1
109000;1
109001;0
109002;0
109003;1
109004;35
109005;1
109006;0
109007;0
109008;2
109009;1
109010;0
109011;0
109012;0
109013;1
109014;2
109015;0
109016;0
109017;0
109018;1
109019;0
109020;1
109021;0
109022;1
109023;0
109024;1
109025;0
109026;0
109027;1
109028;0
109029;1
109030;0
109031;1
109032;0
109033;1
109034;0
109035;1
109036;0
109037;0
109038;1
109039;0
109040;1
109041;10
109042;11
109043;0
109044;1
109045;0
109046;0
109047;2
109048;0
109049;2
109050;1
109051;0
109052;0
109053;0
109054;42
109055;43
109056;0
109057;0
109058;2
109059;1
109060;0
109061;1
109062;0
109063;0
109064;1
109065;0
109066;0
109067;35
109068;0
109069;16
109070;0
109071;18
109072;19
109073;10
109074;17
109075;1
109076;0
109077;0
109078;0
109079;13
109080;1
109081;0
109082;0
109083;1
109084;0
109085;1
109086;0
109087;1
109088;0
109089;1
109090;0
109091;1
109092;2
109093;1
109094;0
109095;0
109096;0
109097;40
109098;51
109099;0
109100;1
109101;0
109102;2
109103;1
109104;0
109105;0
109106;1
109107;0
109108;1
109109;0
109110;1
109111;0
109112;0
109113;2
109114;1
109115;0
109116;1
109117;0
109118;1
109119;2
109120;0
109121;0
109122;2
109123;1
109124;0
109125;0
109126;1
109127;0
109128;1
109129;35
109130;37
109131;36
109132;1
109133;0
109134;0
109135;3
109136;2
109137;0
109138;1
109139;0
109140;1
109141;0
109142;1
109143;40
109144;38
109145;0
109146;0
109147;1
109148;0
109149;0
109150;1
109151;0
109152;1
109153;35
109154;36
109155;37
109156;0
109157;0
109158;1
109159;35
109160;36
109161;0
109162;1
109163;2
109164;0
109165;0
109166;1
109167;1
109168;40
109169;0
109170;41
109171;35
109172;0
109173;0
109174;1
109175;0
109176;0
109177;0
109178;1
109179;0
109180;1
109181;0
109182;0
109183;1
109184;0
109185;0
109186;1
109187;0
109188;0
109189;1
109190;66
109191;1
109192;0
109193;2
109194;0
109195;1
109196;0
109197;1
109198;0
109199;35
109200;0
109201;0
109202;1
109203;0
109204;1
109205;0
109206;1
109207;2
109208;0
109209;2
109210;0
109211;0
109212;1
109213;0
109214;0
109215;1
109216;0
109217;0
109218;2
109219;1
109220;1
109221;0
109222;0
109223;0
109224;1
109225;0
109226;1
109227;1
109228;0
109229;0
109230;1
109231;0
109232;1
109233;0
109234;0
109235;0
109236;0
109237;1
109238;2
109239;0
109240;1
109241;0
109242;1
109243;0
109244;0
109245;0
109246;0
109247;0
109248;1
109249;0
109250;0
109251;0
109252;0
109253;1
109254;2
109255;36
109256;35
109257;0
109258;1
109259;0
109260;1
109261;1
109262;0
109263;0
109264;1
109265;0
109266;1
109267;0
109268;0
109269;1
109270;0
109271;1
109272;0
109273;1
109274;0
109275;1
109276;0
109277;1
109278;0
109279;1
109280;0
109281;1
109282;0
109283;1
109284;0
109285;0
109286;0
109287;1
109288;0
109289;2
109290;1
109291;0
109292;0
109293;1
109294;0
109295;1
109296;0
109297;1
109298;0
109299;0
109300;0
109301;1
109302;1
109303;0
109304;0
109305;1
109306;0
109307;0
109308;1
109309;0
109310;0
109311;1
109312;0
109313;1
109314;2
109315;0
109316;1
109317;0
109318;1
109319;0
109320;2
109321;0
109322;35
109323;36
109324;0
109325;27
109326;1
109327;0
109328;1
109329;2
109330;1
109331;0
109332;0
109333;0
109334;0
109335;0
109336;1
109337;0
109338;1
109339;0
109340;1
109341;0
109342;0
109343;2
109344;1
109345;0
109346;1
109347;1
109348;0
109349;1
109350;0
109351;0
109352;2
109353;1
109354;0
109355;1
109356;0
109357;1
109358;0
109359;1
109360;0
109361;0
109362;1
109363;0
109364;0
109365;1
109366;0
109367;2
109368;1
109369;0
109370;0
109371;1
109372;0
109373;1
109374;0
109375;0
109376;0
109377;0
109378;0
109379;1
109380;0
109381;0
109382;1
109383;0
109384;1
109385;0
109386;0
109387;1
109388;0
109389;0
109390;1
109391;35
109392;27
109393;28
109394;0
109395;1
109396;0
109397;0
109398;0
109399;0
109400;1
109401;2
109402;0
109403;1
109404;0
109405;1
109406;1
109407;0
109408;0
109409;0
109410;0
109411;0
109412;0
109413;1
109414;0
109415;0
109416;1
109417;1
109418;0
109419;35
109420;0
109421;1
109422;0
109423;1
109424;0
109425;0
109426;0
109427;0
109428;1
109429;0
109430;1
109431;0
109432;1
109433;0
109434;1
109435;0
109436;1
109437;20
109438;22
109439;0
109440;0
109441;1
109442;0
109443;0
109444;0
109445;1
109446;2
109447;0
109448;4
109449;0
109450;0
109451;0
109452;1
109453;35
109454;34
109455;36
109456;37
109457;1
109458;0
109459;1
109460;0
109461;0
109462;0
109463;0
109464;1
109465;1
109466;0
109467;0
109468;1
109469;0
109470;4
109471;0
109472;0
109473;0
109474;0
109475;1
109476;0
109477;1
109478;0
109479;1
109480;1
109481;0
109482;0
109483;1
109484;0
109485;1
109486;0
109487;1
109488;0
109489;0
109490;1
109491;0
109492;1
109493;0
109494;1
109495;0
109496;1
109497;0
109498;1
109499;0
109500;0
109501;1
109502;0
109503;0
109504;0
109505;1
109506;0
109507;0
109508;1
109509;0
109510;0
109511;0
109512;1
109513;1
109514;0
109515;0
109516;1
109517;0
109518;1
109519;0
109520;0
109521;1
109522;0
109523;36
109524;35
109525;1
109526;0
109527;0
109528;0
109529;1
109530;0
109531;1
109532;0
109533;35
109534;21
109535;38
109536;39
109537;37
109538;1
109539;0
109540;0
109541;1
109542;0
109543;42
109544;41
109545;1
109546;0
109547;0
109548;0
109549;0
109550;0
109551;1
109552;1
109553;0
109554;0
109555;1
109556;0
109557;1
109558;0
109559;1
109560;0
109561;1
109562;39
109563;0
109564;1
109565;0
109566;1
109567;0
109568;0
109569;1
109570;0
109571;1
109572;0
109573;0
109574;0
109575;0
109576;1
109577;0
109578;0
109579;0
109580;0
109581;1
109582;0
109583;0
109584;0
109585;0
109586;1
109587;2
109588;0
109589;1
109590;0
109591;1
109592;1
109593;0
109594;35
109595;0
109596;0
109597;1
109598;0
109599;0
109600;1
109601;0
109602;1
109603;0
109604;1
109605;35
109606;36
109607;37
109608;0
109609;1
109610;0
109611;0
109612;1
109613;0
109614;0
109615;1
109616;0
109617;1
109618;1
109619;0
109620;0
109621;1
109622;0
109623;0
109624;0
109625;1
109626;1
109627;0
109628;0
109629;0
109630;39
109631;11
109632;0
109633;0
109634;0
109635;2
109636;1
109637;0
109638;2
109639;1
109640;0
109641;1
109642;0
109643;1
109644;0
109645;1
109646;0
109647;1
109648;1
109649;0
109650;0
109651;1
109652;0
109653;0
109654;1
109655;1
109656;0
109657;0
109658;1
109659;0
109660;0
109661;1
109662;0
109663;0
109664;1
109665;0
109666;1
109667;35
109668;1
109669;0
109670;0
109671;0
109672;1
109673;0
109674;36
109675;13
109676;35
109677;5
109678;4
109679;2
109680;0
109681;0
109682;1
109683;4
109684;39
109685;0
109686;1
109687;0
109688;0
109689;0
109690;1
109691;0
109692;1
109693;0
109694;1
109695;1
109696;0
109697;0
109698;0
109699;0
109700;1
109701;0
109702;0
109703;1
109704;0
109705;35
109706;36
109707;0
109708;1
109709;0
109710;1
109711;0
109712;0
109713;0
109714;1
109715;0
109716;1
109717;0
109718;0
109719;1
109720;0
109721;48
109722;49
109723;0
109724;1
109725;0
109726;0
109727;1
109728;0
109729;1
109730;1
109731;0
109732;0
109733;0
109734;1
109735;0
109736;40
109737;1
109738;0
109739;0
109740;1
109741;0
109742;0
109743;1
109744;2
109745;0
109746;0
109747;1
109748;0
109749;1
109750;0
109751;1
109752;0
109753;1
109754;0
109755;1
109756;1
109757;0
109758;0
109759;40
109760;0
109761;0
109762;0
109763;1
109764;0
109765;1
109766;0
109767;0
109768;1
109769;0
109770;1
109771;0
109772;1
109773;0
109774;0
109775;2
109776;0
109777;0
109778;2
109779;1
109780;0
109781;1
109782;0
109783;1
109784;0
109785;0
109786;1
109787;4
109788;42
109789;0
109790;1
109791;0
109792;0
109793;1
109794;0
109795;16
109796;20
109797;13
109798;0
109799;2
109800;0
109801;1
109802;0
109803;1
109804;2
109805;0
109806;1
109807;16
109808;0
109809;0
109810;0
109811;0
109812;0
109813;1
109814;0
109815;2
109816;0
109817;1
109818;0
109819;1
109820;0
109821;0
109822;1
109823;0
109824;0
109825;1
109826;0
109827;0
109828;0
109829;0
109830;0
109831;0
109832;0
109833;1
109834;0
109835;1
109836;2
109837;0
109838;0
109839;6
109840;0
109841;35
109842;38
109843;36
109844;12
109845;39
109846;0
109847;0
109848;1
109849;1
109850;0
109851;1
109852;0
109853;0
109854;1
109855;0
109856;1
109857;0
109858;58
109859;40
109860;1
109861;57
109862;0
109863;0
109864;1
109865;3
109866;0
109867;1
109868;1
109869;0
109870;42
109871;0
109872;43
109873;1
109874;0
109875;0
109876;0
109877;0
109878;0
109879;1
109880;1
109881;0
109882;0
109883;1
109884;0
109885;1
109886;0
109887;0
109888;0
109889;1
109890;2
109891;0
109892;1
109893;0
109894;0
109895;1
109896;0
109897;0
109898;1
109899;0
109900;1
109901;0
109902;0
109903;1
109904;0
109905;0
109906;1
109907;1
109908;0
109909;0
109910;1
109911;0
109912;1
109913;0
109914;1
109915;0
109916;1
109917;40
109918;0
109919;41
109920;1
109921;0
109922;0
109923;1
109924;1
109925;0
109926;0
109927;1
109928;0
109929;1
109930;37
109931;35
109932;0
109933;1
109934;1
109935;0
109936;0
109937;1
109938;0
109939;0
109940;1
109941;0
109942;1
109943;0
109944;1
109945;0
109946;1
109947;0
109948;0
109949;1
109950;1
109951;0
109952;0
109953;0
109954;1
109955;0
109956;1
109957;1
109958;0
109959;0
109960;1
109961;1
109962;0
109963;0
109964;1
109965;0
109966;1
109967;0
109968;1
109969;0
109970;1
109971;0
109972;0
109973;0
109974;0
109975;1
109976;0
109977;0
109978;1
109979;0
109980;0
109981;0
109982;1
109983;0
109984;1
109985;0
109986;0
109987;2
109988;0
109989;1
109990;13
109991;0
109992;12
109993;0
109994;2
109995;1
109996;1
109997;0
109998;0
109999;1
110000;0
110001;0
110002;1
110003;0
110004;1
110005;0
110006;1
110007;0
110008;1
110009;0
110010;1
110011;0
110012;1
110013;0
110014;1
110015;0
110016;1
110017;0
110018;0
110019;0
110020;1
110021;0
110022;1
110023;0
110024;1
110025;3
110026;1
110027;0
110028;4
110029;0
110030;0
110031;1
110032;0
110033;1
110034;0
110035;1
110036;0
110037;0
110038;0
110039;1
110040;1
110041;0
110042;37
110043;23
110044;35
110045;22
110046;36
110047;38
110048;2
110049;0
110050;0
110051;0
110052;0
110053;0
110054;35
110055;0
110056;60
110057;61
110058;1
110059;0
110060;0
110061;1
110062;0
110063;1
110064;1
110065;0
110066;0
110067;0
110068;1
110069;0
110070;0
110071;1
110072;0
110073;1
110074;0
110075;1
110076;0
110077;1
110078;0
110079;1
110080;0
110081;1
110082;0
110083;1
110084;2
110085;0
110086;0
110087;1
110088;1
110089;0
110090;0
110091;1
110092;0
110093;4
110094;1
110095;0
110096;0
110097;1
110098;10
110099;0
110100;0
110101;1
110102;0
110103;1
110104;0
110105;1
110106;0
110107;40
110108;41
110109;1
110110;0
110111;0
110112;1
110113;1
110114;0
110115;0
110116;24
110117;25
110118;0
110119;0
110120;2
110121;1
110122;0
110123;1
110124;0
110125;0
110126;1
110127;0
110128;1
110129;0
110130;2
110131;1
110132;0
110133;1
110134;1
110135;0
110136;0
110137;1
110138;0
110139;0
110140;0
110141;0
110142;1
110143;0
110144;4
110145;39
110146;41
110147;1
110148;37
110149;0
110150;38
110151;0
110152;0
110153;1
110154;0
110155;0
110156;1
110157;0
110158;0
110159;1
110160;0
110161;0
110162;0
110163;0
110164;1
110165;0
110166;1
110167;0
110168;0
110169;0
110170;0
110171;1
110172;0
110173;1
110174;0
110175;0
110176;35
110177;37
110178;36
110179;0
110180;0
110181;1
110182;1
110183;0
110184;0
110185;0
110186;1
110187;0
110188;1
110189;0
110190;0
110191;0
110192;0
110193;0
110194;1
110195;1
110196;0
110197;0
110198;0
110199;1
110200;0
110201;1
110202;0
110203;0
110204;0
110205;1
110206;0
110207;1
110208;0
110209;0
110210;1
110211;0
110212;0
110213;1
110214;0
110215;1
110216;0
110217;1
110218;0
110219;2
110220;0
110221;41
110222;0
110223;42
110224;1
110225;0
110226;1
110227;0
110228;0
110229;0
110230;1
110231;0
110232;0
110233;0
110234;0
110235;1
110236;2
110237;0
110238;41
110239;0
110240;1
110241;0
110242;1
110243;0
110244;1
110245;0
110246;9
110247;0
110248;10
110249;0
110250;0
110251;0
110252;0
110253;0
110254;0
110255;0
110256;0
110257;1
110258;0
110259;0
110260;1
110261;0
110262;0
110263;1
110264;0
110265;1
110266;1
110267;0
110268;0
110269;1
110270;0
110271;0
110272;1
110273;0
110274;1
110275;2
110276;0
110277;1
110278;0
110279;1
110280;0
110281;1
110282;0
110283;0
110284;0
110285;1
110286;0
110287;1
110288;0
110289;0
110290;1
110291;0
110292;2
110293;1
110294;1
110295;0
110296;0
110297;1
110298;0
110299;1
110300;0
110301;0
110302;2
110303;3
110304;0
110305;1
110306;0
110307;0
110308;1
110309;2
110310;0
110311;0
110312;0
110313;1
110314;1
110315;0
110316;0
110317;1
110318;35
110319;1
110320;0
110321;12
110322;35
110323;36
110324;13
110325;38
110326;0
110327;0
110328;0
110329;35
110330;0
110331;36
110332;0
110333;0
110334;1
110335;2
110336;1
110337;0
110338;2
110339;49
110340;0
110341;0
110342;1
110343;0
110344;1
110345;17
110346;0
110347;19
110348;20
110349;11
110350;18
110351;0
110352;1
110353;0
110354;1
110355;2
110356;0
110357;1
110358;0
110359;0
110360;0
110361;1
110362;0
110363;1
110364;0
110365;0
110366;0
110367;1
110368;2
110369;36
110370;35
110371;37
110372;0
110373;1
110374;0
110375;35
110376;1
110377;0
110378;0
110379;0
110380;1
110381;0
110382;1
110383;0
110384;1
110385;0
110386;1
110387;1
110388;0
110389;0
110390;41
110391;40
110392;0
110393;0
110394;1
110395;0
110396;0
110397;1
110398;2
110399;0
110400;1
110401;60
110402;35
110403;0
110404;1
110405;0
110406;1
110407;0
110408;0
110409;1
110410;2
110411;0
110412;1
110413;2
110414;0
110415;2
110416;0
110417;2
110418;0
110419;0
110420;7
110421;36
110422;35
110423;36
110424;0
110425;1
110426;0
110427;0
110428;1
110429;0
110430;1
110431;0
110432;0
110433;0
110434;1
110435;1
110436;0
110437;1
110438;0
110439;4
110440;35
110441;35
110442;36
110443;0
110444;1
110445;0
110446;1
110447;0
110448;1
110449;0
110450;2
110451;0
110452;1
110453;71
110454;77
110455;78
110456;70
110457;0
110458;0
110459;40
110460;0
110461;1
110462;2
110463;1
110464;0
110465;0
110466;1
110467;1
110468;0
110469;0
110470;1
110471;1
110472;0
110473;0
110474;1
110475;0
110476;1
110477;0
110478;1
110479;0
110480;1
110481;0
110482;0
110483;0
110484;0
110485;1
110486;10
110487;0
110488;1
110489;0
110490;1
110491;0
110492;0
110493;1
110494;2
110495;0
110496;1
110497;0
110498;1
110499;0
110500;1
110501;0
110502;0
110503;1
110504;0
110505;40
110506;1
110507;43
110508;41
110509;42
110510;0
110511;0
110512;1
110513;0
110514;1
110515;0
110516;0
110517;1
110518;0
110519;1
110520;0
110521;1
110522;0
110523;0
110524;0
110525;0
110526;1
110527;0
110528;1
110529;0
110530;1
110531;0
110532;1
110533;0
110534;0
110535;1
110536;2
110537;1
110538;0
110539;0
110540;1
110541;0
110542;2
110543;1
110544;0
110545;2
110546;1
110547;1
110548;0
110549;0
110550;0
110551;1
110552;0
110553;0
110554;1
110555;1
110556;0
110557;1
110558;0
110559;0
110560;1
110561;0
110562;1
110563;2
110564;0
110565;0
110566;1
110567;0
110568;42
110569;0
110570;40
110571;41
110572;0
110573;0
110574;0
110575;45
110576;36
110577;35
110578;46
110579;1
110580;0
110581;0
110582;1
110583;0
110584;44
110585;1
110586;47
110587;1
110588;0
110589;0
110590;1
110591;0
110592;1
110593;0
110594;0
110595;1
110596;0
110597;0
110598;1
110599;0
110600;1
110601;1
110602;0
110603;30
110604;31
110605;35
110606;0
110607;1
110608;0
110609;0
110610;1
110611;0
110612;1
110613;0
110614;0
110615;0
110616;0
110617;1
110618;0
110619;1
110620;0
110621;1
110622;0
110623;1
110624;0
110625;1
110626;35
110627;0
110628;0
110629;1
110630;0
110631;1
110632;2
110633;35
110634;36
110635;37
110636;1
110637;0
110638;1
110639;0
110640;0
110641;0
110642;1
110643;1
110644;0
110645;0
110646;39
110647;0
110648;49
110649;1
110650;0
110651;1
110652;0
110653;1
110654;0
110655;1
110656;2
110657;0
110658;48
110659;0
110660;1
110661;0
110662;2
110663;1
110664;0
110665;1
110666;1
110667;0
110668;0
110669;1
110670;0
110671;0
110672;1
110673;0
110674;0
110675;1
110676;0
110677;1
110678;0
110679;44
110680;42
110681;43
110682;0
110683;1
110684;0
110685;0
110686;1
110687;1
110688;0
110689;0
110690;1
110691;0
110692;0
110693;0
110694;0
110695;55
110696;57
110697;0
110698;0
110699;1
110700;0
110701;0
110702;1
110703;0
110704;1
110705;0
110706;0
110707;5
110708;0
110709;0
110710;1
110711;0
110712;0
110713;1
110714;0
110715;1
110716;0
110717;1
110718;0
110719;0
110720;1
110721;6
110722;35
110723;36
110724;0
110725;1
110726;0
110727;1
110728;2
110729;0
110730;1
110731;0
110732;1
110733;52
110734;48
110735;47
110736;53
110737;0
110738;0
110739;1
110740;2
110741;0
110742;1
110743;41
110744;45
110745;12
110746;42
110747;0
110748;0
110749;0
110750;1
110751;4
110752;0
110753;0
110754;0
110755;2
110756;0
110757;1
110758;0
110759;2
110760;0
110761;1
110762;0
110763;1
110764;0
110765;0
110766;1
110767;0
110768;1
110769;0
110770;1
110771;50
110772;1
110773;51
110774;0
110775;0
110776;1
110777;35
110778;36
110779;0
110780;0
110781;1
110782;0
110783;0
110784;1
110785;1
110786;0
110787;0
110788;1
110789;0
110790;0
110791;1
110792;0
110793;1
110794;0
110795;1
110796;0
110797;1
110798;1
110799;0
110800;0
110801;0
110802;0
110803;0
110804;1
110805;0
110806;0
110807;1
110808;0
110809;35
110810;0
110811;2
110812;0
110813;1
110814;0
110815;1
110816;0
110817;2
110818;1
110819;2
110820;1
110821;0
110822;0
110823;1
110824;0
110825;1
110826;0
110827;1
110828;0
110829;0
110830;0
110831;1
110832;0
110833;1
110834;0
110835;0
110836;1
110837;0
110838;0
110839;1
110840;0
110841;0
110842;1
110843;0
110844;1
110845;1
110846;0
110847;0
110848;0
110849;1
110850;0
110851;1
110852;0
110853;2
110854;1
110855;41
110856;0
110857;1
110858;1
110859;0
110860;0
110861;0
110862;0
110863;1
110864;0
110865;0
110866;1
110867;0
110868;0
110869;1
110870;1
110871;0
110872;0
110873;1
110874;2
110875;0
110876;0
110877;0
110878;1
110879;0
110880;0
110881;0
110882;0
110883;1
110884;0
110885;0
110886;0
110887;1
110888;1
110889;0
110890;1
110891;0
110892;35
110893;25
110894;22
110895;2
110896;0
110897;1
110898;0
110899;1
110900;0
110901;0
110902;0
110903;1
110904;0
110905;1
110906;0
110907;1
110908;1
110909;0
110910;1
110911;0
110912;35
110913;36
110914;1
110915;53
110916;0
110917;35
110918;36
110919;0
110920;1
110921;0
110922;1
110923;2
110924;0
110925;0
110926;1
110927;1
110928;0
110929;0
110930;1
110931;0
110932;0
110933;1
110934;1
110935;0
110936;39
110937;0
110938;1
110939;0
110940;1
110941;0
110942;1
110943;48
110944;0
110945;47
110946;0
110947;0
110948;1
110949;1
110950;0
110951;0
110952;1
110953;0
110954;1
110955;0
110956;0
110957;0
110958;1
110959;0
110960;0
110961;1
110962;0
110963;1
110964;1
110965;47
110966;0
110967;48
110968;0
110969;1
110970;61
110971;0
110972;0
110973;0
110974;1
110975;0
110976;1
110977;0
110978;71
110979;70
110980;0
110981;0
110982;0
110983;1
110984;1
110985;0
110986;0
110987;0
110988;1
110989;0
110990;0
110991;0
110992;1
110993;0
110994;1
110995;2
110996;0
110997;1
110998;0
110999;1
111000;0
111001;0
111002;1
111003;0
111004;1
111005;0
111006;0
111007;1
111008;2
111009;0
111010;48
111011;47
111012;1
111013;0
111014;0
111015;1
111016;0
111017;0
111018;1
111019;0
111020;0
111021;1
111022;0
111023;1
111024;0
111025;1
111026;0
111027;0
111028;0
111029;1
111030;0
111031;1
111032;0
111033;0
111034;1
111035;0
111036;1
111037;0
111038;0
111039;1
111040;0
111041;0
111042;0
111043;1
111044;28
111045;0
111046;30
111047;1
111048;29
111049;0
111050;1
111051;0
111052;0
111053;0
111054;1
111055;0
111056;0
111057;1
111058;0
111059;0
111060;1
111061;2
111062;0
111063;0
111064;2
111065;0
111066;0
111067;0
111068;0
111069;0
111070;2
111071;1
111072;0
111073;1
111074;0
111075;0
111076;1
111077;0
111078;35
111079;36
111080;1
111081;0
111082;60
111083;0
111084;0
111085;0
111086;1
111087;0
111088;1
111089;0
111090;1
111091;1
111092;0
111093;0
111094;1
111095;0
111096;1
111097;0
111098;0
111099;1
111100;0
111101;0
111102;0
111103;0
111104;1
111105;35
111106;36
111107;0
111108;0
111109;0
111110;0
111111;1
111112;45
111113;0
111114;44
111115;47
111116;46
111117;0
111118;0
111119;1
111120;1
111121;0
111122;0
111123;0
111124;1
111125;3
111126;6
111127;4
111128;7
111129;0
111130;1
111131;0
111132;1
111133;0
111134;1
111135;0
111136;0
111137;1
111138;0
111139;1
111140;0
111141;1
111142;0
111143;1
111144;0
111145;0
111146;1
111147;0
111148;1
111149;0
111150;0
111151;1
111152;0
111153;1
111154;0
111155;1
111156;0
111157;1
111158;0
111159;0
111160;1
111161;55
111162;0
111163;2
111164;56
111165;1
111166;0
111167;1
111168;0
111169;1
111170;0
111171;1
111172;0
111173;0
111174;1
111175;0
111176;1
111177;0
111178;1
111179;0
111180;1
111181;0
111182;1
111183;0
111184;1
111185;0
111186;2
111187;1
111188;0
111189;1
111190;0
111191;0
111192;1
111193;0
111194;0
111195;1
111196;0
111197;1
111198;0
111199;0
111200;0
111201;1
111202;0
111203;0
111204;1
111205;1
111206;0
111207;0
111208;0
111209;0
111210;1
111211;0
111212;1
111213;0
111214;1
111215;0
111216;13
111217;23
111218;1
111219;0
111220;22
111221;24
111222;0
111223;1
111224;35
111225;0
111226;0
111227;1
111228;0
111229;0
111230;1
111231;0
111232;0
111233;1
111234;0
111235;1
111236;0
111237;0
111238;0
111239;1
111240;1
111241;0
111242;0
111243;1
111244;0
111245;1
111246;0
111247;0
111248;1
111249;0
111250;0
111251;0
111252;0
111253;0
111254;1
111255;0
111256;35
111257;36
111258;39
111259;0
111260;1
111261;0
111262;0
111263;0
111264;1
111265;0
111266;1
111267;41
111268;42
111269;9
111270;10
111271;0
111272;1
111273;0
111274;0
111275;0
111276;0
111277;0
111278;1
111279;35
111280;16
111281;36
111282;15
111283;0
111284;1
111285;0
111286;0
111287;1
111288;0
111289;0
111290;0
111291;1
111292;2
111293;1
111294;0
111295;35
111296;36
111297;0
111298;1
111299;2
111300;52
111301;0
111302;1
111303;0
111304;2
111305;0
111306;1
111307;0
111308;0
111309;1
111310;47
111311;0
111312;48
111313;0
111314;2
111315;50
111316;48
111317;0
111318;49
111319;0
111320;0
111321;1
111322;0
111323;2
111324;1
111325;0
111326;1
111327;0
111328;1
111329;0
111330;1
111331;0
111332;0
111333;1
111334;0
111335;1
111336;0
111337;0
111338;1
111339;0
111340;0
111341;1
111342;0
111343;0
111344;1
111345;0
111346;1
111347;4
111348;0
111349;22
111350;23
111351;14
111352;2
111353;0
111354;0
111355;0
111356;35
111357;0
111358;1
111359;0
111360;0
111361;1
111362;0
111363;0
111364;1
111365;0
111366;1
111367;0
111368;1
111369;0
111370;0
111371;0
111372;1
111373;0
111374;1
111375;0
111376;5
111377;8
111378;9
111379;1
111380;0
111381;0
111382;1
111383;0
111384;0
111385;0
111386;0
111387;1
111388;0
111389;1
111390;0
111391;0
111392;1
111393;36
111394;65
111395;35
111396;67
111397;66
111398;1
111399;0
111400;0
111401;1
111402;0
111403;1
111404;0
111405;0
111406;1
111407;0
111408;1
111409;0
111410;0
111411;2
111412;0
111413;1
111414;0
111415;1
111416;0
111417;1
111418;0
111419;62
111420;44
111421;55
111422;0
111423;64
111424;63
111425;1
111426;0
111427;35
111428;36
111429;0
111430;1
111431;2
111432;0
111433;35
111434;77
111435;36
111436;0
111437;1
111438;0
111439;0
111440;1
111441;0
111442;0
111443;0
111444;1
111445;0
111446;1
111447;0
111448;1
111449;0
111450;1
111451;0
111452;0
111453;1
111454;0
111455;1
111456;2
111457;0
111458;1
111459;0
111460;1
111461;0
111462;1
111463;1
111464;0
111465;0
111466;0
111467;0
111468;0
111469;1
111470;0
111471;0
111472;0
111473;0
111474;1
111475;42
111476;40
111477;0
111478;0
111479;0
111480;1
111481;0
111482;1
111483;1
111484;0
111485;0
111486;0
111487;0
111488;1
111489;0
111490;0
111491;1
111492;0
111493;1
111494;0
111495;1
111496;0
111497;1
111498;0
111499;1
111500;0
111501;1
111502;0
111503;0
111504;1
111505;0
111506;2
111507;1
111508;0
111509;35
111510;0
111511;1
111512;4
111513;0
111514;1
111515;35
111516;0
111517;0
111518;1
111519;0
111520;2
111521;1
111522;0
111523;1
111524;0
111525;1
111526;0
111527;2
111528;0
111529;1
111530;1
111531;0
111532;0
111533;1
111534;0
111535;0
111536;0
111537;1
111538;0
111539;1
111540;1
111541;0
111542;0
111543;1
111544;0
111545;1
111546;0
111547;0
111548;4
111549;1
111550;0
111551;1
111552;1
111553;47
111554;0
111555;49
111556;48
111557;0
111558;1
111559;0
111560;1
111561;0
111562;0
111563;0
111564;1
111565;70
111566;0
111567;1
111568;0
111569;2
111570;1
111571;0
111572;1
111573;0
111574;21
111575;2
111576;0
111577;1
111578;0
111579;1
111580;0
111581;1
111582;0
111583;0
111584;0
111585;1
111586;0
111587;0
111588;1
111589;36
111590;35
111591;0
111592;40
111593;41
111594;0
111595;40
111596;42
111597;1
111598;1
111599;0
111600;0
111601;1
111602;0
111603;1
111604;0
111605;0
111606;1
111607;0
111608;1
111609;1
111610;0
111611;0
111612;1
111613;0
111614;40
111615;41
111616;0
111617;0
111618;0
111619;0
111620;1
111621;0
111622;1
111623;0
111624;82
111625;0
111626;2
111627;0
111628;1
111629;0
111630;0
111631;0
111632;1
111633;0
111634;1
111635;0
111636;0
111637;0
111638;0
111639;1
111640;0
111641;1
111642;0
111643;1
111644;0
111645;0
111646;0
111647;0
111648;0
111649;1
111650;0
111651;0
111652;1
111653;42
111654;0
111655;1
111656;40
111657;41
111658;1
111659;0
111660;0
111661;1
111662;0
111663;1
111664;0
111665;1
111666;0
111667;1
111668;0
111669;0
111670;1
111671;0
111672;1
111673;1
111674;0
111675;0
111676;0
111677;1
111678;0
111679;0
111680;39
111681;1
111682;48
111683;0
111684;0
111685;2
111686;1
111687;0
111688;1
111689;0
111690;1
111691;36
111692;35
111693;1
111694;0
111695;0
111696;1
111697;0
111698;40
111699;0
111700;38
111701;1
111702;39
111703;1
111704;0
111705;0
111706;0
111707;0
111708;1
111709;0
111710;1
111711;2
111712;0
111713;1
111714;0
111715;0
111716;0
111717;1
111718;0
111719;0
111720;1
111721;0
111722;1
111723;0
111724;1
111725;0
111726;0
111727;0
111728;1
111729;41
111730;0
111731;0
111732;1
111733;0
111734;2
111735;0
111736;1
111737;0
111738;1
111739;0
111740;0
111741;2
111742;1
111743;0
111744;21
111745;1
111746;20
111747;11
111748;0
111749;1
111750;0
111751;1
111752;0
111753;0
111754;1
111755;0
111756;1
111757;0
111758;1
111759;0
111760;0
111761;0
111762;1
111763;1
111764;0
111765;2
111766;0
111767;1
111768;0
111769;1
111770;0
111771;0
111772;1
111773;48
111774;46
111775;0
111776;47
111777;0
111778;1
111779;0
111780;43
111781;41
111782;0
111783;1
111784;0
111785;1
111786;0
111787;1
111788;0
111789;1
111790;0
111791;1
111792;1
111793;0
111794;58
111795;59
111796;0
111797;44
111798;0
111799;1
111800;0
111801;0
111802;1
111803;0
111804;0
111805;0
111806;1
111807;0
111808;1
111809;0
111810;47
111811;0
111812;48
111813;1
111814;49
111815;0
111816;0
111817;0
111818;1
111819;0
111820;1
111821;0
111822;0
111823;1
111824;58
111825;35
111826;36
111827;60
111828;59
111829;0
111830;0
111831;1
111832;1
111833;0
111834;1
111835;0
111836;0
111837;0
111838;0
111839;1
111840;0
111841;1
111842;0
111843;1
111844;0
111845;0
111846;1
111847;0
111848;1
111849;1
111850;0
111851;4
111852;0
111853;19
111854;21
111855;20
111856;0
111857;1
111858;1
111859;0
111860;0
111861;0
111862;0
111863;1
111864;0
111865;1
111866;0
111867;0
111868;0
111869;0
111870;2
111871;35
111872;36
111873;0
111874;0
111875;0
111876;1
111877;2
111878;0
111879;0
111880;1
111881;0
111882;1
111883;57
111884;1
111885;0
111886;55
111887;56
111888;1
111889;0
111890;1
111891;0
111892;1
111893;0
111894;0
111895;1
111896;1
111897;0
111898;0
111899;1
111900;0
111901;1
111902;0
111903;1
111904;2
111905;0
111906;1
111907;0
111908;0
111909;40
111910;0
111911;1
111912;0
111913;1
111914;0
111915;0
111916;1
111917;0
111918;0
111919;3
111920;1
111921;0
111922;0
111923;1
111924;0
111925;1
111926;0
111927;2
111928;0
111929;0
111930;1
111931;0
111932;2
111933;1
111934;0
111935;0
111936;1
111937;0
111938;1
111939;0
111940;0
111941;1
111942;0
111943;1
111944;2
111945;48
111946;1
111947;0
