;0
0;3
1;3
2;3
3;3
4;3
5;3
6;3
7;4
8;2
9;3
10;5
11;3
12;3
13;4
14;2
15;2
16;2
17;3
18;38
19;20
20;18
21;2
22;3
23;3
24;3
25;3
26;3
27;2
28;2
29;2
30;2
31;2
32;5
33;2
34;2
35;7
36;3
37;2
38;2
39;3
40;2
41;3
42;2
43;3
44;3
45;3
46;3
47;2
48;3
49;3
50;16
51;2
52;2
53;2
54;12
55;3
56;4
57;4
58;2
59;3
60;3
61;3
62;3
63;3
64;4
65;2
66;3
67;2
68;4
69;3
70;12
71;19
72;38
73;3
74;11
75;3
76;3
77;3
78;2
79;11
80;3
81;3
82;3
83;3
84;3
85;3
86;4
87;4
88;3
89;3
90;3
91;4
92;3
93;4
94;44
95;4
96;4
97;3
98;3
99;39
100;3
101;2
102;3
103;3
104;0
105;2
106;2
107;12
108;3
109;3
110;4
111;3
112;3
113;3
114;4
115;3
116;3
117;3
118;4
119;4
120;2
121;2
122;4
123;3
124;47
125;38
126;3
127;3
128;3
129;3
130;2
131;6
132;3
133;16
134;16
135;2
136;39
137;3
138;3
139;2
140;3
141;2
142;7
143;4
144;4
145;3
146;3
147;19
148;38
149;38
150;2
151;2
152;3
153;3
154;3
155;2
156;4
157;2
158;3
159;2
160;2
161;38
162;3
163;3
164;3
165;4
166;2
167;2
168;7
169;2
170;2
171;3
172;2
173;14
174;4
175;4
176;4
177;3
178;14
179;3
180;3
181;3
182;3
183;7
184;17
185;2
186;3
187;3
188;3
189;3
190;3
191;8
192;2
193;2
194;2
195;3
196;50
197;3
198;3
199;3
200;37
201;3
202;3
203;3
204;38
205;21
206;3
207;2
208;2
209;2
210;4
211;3
212;2
213;3
214;3
215;2
216;4
217;3
218;2
219;2
220;2
221;3
222;3
223;3
224;3
225;3
226;3
227;2
228;3
229;7
230;20
231;4
232;4
233;2
234;2
235;2
236;3
237;3
238;2
239;2
240;2
241;9
242;3
243;6
244;3
245;4
246;2
247;2
248;3
249;3
250;3
251;3
252;0
253;2
254;3
255;4
256;3
257;3
258;3
259;2
260;2
261;6
262;3
263;3
264;3
265;3
266;4
267;3
268;19
269;3
270;3
271;2
272;3
273;3
274;2
275;2
276;3
277;3
278;4
279;3
280;3
281;2
282;2
283;3
284;3
285;2
286;2
287;2
288;10
289;2
290;3
291;3
292;2
293;2
294;3
295;2
296;2
297;3
298;2
299;2
300;2
301;2
302;3
303;3
304;18
305;2
306;3
307;3
308;2
309;3
310;3
311;3
312;2
313;2
314;2
315;2
316;2
317;2
318;3
319;3
320;3
321;3
322;3
323;3
324;3
325;3
326;2
327;2
328;2
329;3
330;3
331;3
332;2
333;3
334;2
335;3
336;39
337;3
338;3
339;3
340;3
341;4
342;17
343;17
344;2
345;3
346;2
347;4
348;3
349;2
350;2
351;5
352;6
353;2
354;2
355;2
356;37
357;51
358;3
359;7
360;7
361;7
362;2
363;2
364;2
365;3
366;4
367;4
368;3
369;3
370;3
371;2
372;2
373;3
374;3
375;6
376;3
377;3
378;3
379;2
380;2
381;2
382;2
383;3
384;3
385;3
386;3
387;4
388;3
389;3
390;3
391;3
392;3
393;2
394;2
395;2
396;2
397;2
398;2
399;2
400;3
401;4
402;2
403;2
404;2
405;3
406;3
407;3
408;3
409;3
410;2
411;50
412;3
413;3
414;3
415;3
416;3
417;3
418;3
419;3
420;3
421;3
422;12
423;3
424;3
425;8
426;8
427;4
428;3
429;2
430;3
431;2
432;2
433;16
434;2
435;2
436;2
437;3
438;3
439;7
440;3
441;4
442;2
443;4
444;3
445;3
446;3
447;3
448;3
449;3
450;3
451;38
452;3
453;2
454;2
455;2
456;3
457;3
458;3
459;3
460;3
461;3
462;3
463;4
464;3
465;3
466;7
467;17
468;2
469;2
470;2
471;6
472;20
473;3
474;37
475;3
476;3
477;3
478;3
479;3
480;3
481;2
482;2
483;13
484;2
485;2
486;6
487;12
488;2
489;2
490;3
491;37
492;3
493;3
494;3
495;2
496;3
497;3
498;4
499;3
500;3
501;35
502;3
503;2
504;2
505;3
506;3
507;16
508;3
509;2
510;4
511;3
512;0
513;3
514;3
515;3
516;8
517;8
518;2
519;3
520;2
521;2
522;2
523;4
524;17
525;2
526;3
527;3
528;3
529;3
530;3
531;3
532;2
533;3
534;3
535;2
536;4
537;2
538;12
539;3
540;4
541;4
542;3
543;2
544;2
545;2
546;3
547;3
548;2
549;3
550;3
551;3
552;3
553;2
554;2
555;14
556;2
557;2
558;7
559;7
560;6
561;2
562;3
563;3
564;3
565;3
566;38
567;3
568;3
569;3
570;2
571;3
572;3
573;4
574;4
575;4
576;35
577;35
578;3
579;3
580;3
581;7
582;3
583;3
584;3
585;3
586;2
587;7
588;4
589;2
590;2
591;3
592;3
593;3
594;5
595;2
596;4
597;4
598;2
599;2
600;6
601;3
602;3
603;3
604;3
605;2
606;2
607;3
608;3
609;2
610;3
611;59
612;3
613;3
614;3
615;3
616;3
617;3
618;3
619;37
620;2
621;20
622;3
623;5
624;3
625;3
626;2
627;3
628;2
629;2
630;7
631;3
632;18
633;2
634;2
635;2
636;2
637;0
638;38
639;38
640;11
641;3
642;3
643;3
644;3
645;10
646;4
647;3
648;2
649;2
650;3
651;3
652;4
653;2
654;3
655;3
656;21
657;2
658;3
659;3
660;3
661;3
662;10
663;4
664;3
665;3
666;2
667;2
668;4
669;4
670;35
671;35
672;3
673;42
674;2
675;2
676;2
677;3
678;3
679;3
680;3
681;3
682;3
683;35
684;2
685;17
686;2
687;2
688;3
689;13
690;4
691;4
692;2
693;3
694;3
695;3
696;2
697;3
698;4
699;6
700;3
701;3
702;4
703;35
704;2
705;2
706;37
707;2
708;2
709;2
710;2
711;2
712;2
713;3
714;3
715;3
716;3
717;2
718;2
719;16
720;3
721;3
722;4
723;2
724;3
725;3
726;3
727;3
728;3
729;3
730;2
731;2
732;3
733;3
734;3
735;3
736;2
737;2
738;2
739;4
740;3
741;3
742;2
743;3
744;3
745;3
746;3
747;3
748;4
749;3
750;3
751;3
752;4
753;3
754;2
755;3
756;3
757;3
758;7
759;3
760;4
761;2
762;2
763;3
764;3
765;2
766;2
767;2
768;3
769;4
770;2
771;2
772;2
773;3
774;3
775;3
776;3
777;2
778;3
779;24
780;3
781;3
782;3
783;3
784;3
785;4
786;4
787;3
788;2
789;3
790;12
791;3
792;12
793;12
794;3
795;3
796;3
797;6
798;6
799;3
800;3
801;3
802;3
803;3
804;3
805;2
806;23
807;3
808;3
809;3
810;3
811;10
812;3
813;4
814;2
815;2
816;3
817;3
818;38
819;22
820;53
821;3
822;3
823;3
824;3
825;7
826;2
827;3
828;3
829;3
830;2
831;4
832;3
833;3
834;3
835;2
836;3
837;38
838;6
839;3
840;3
841;6
842;2
843;3
844;3
845;3
846;3
847;3
848;3
849;3
850;3
851;2
852;2
853;3
854;3
855;4
856;17
857;17
858;3
859;3
860;3
861;3
862;2
863;3
864;3
865;3
866;3
867;3
868;3
869;3
870;3
871;3
872;2
873;2
874;38
875;38
876;2
877;19
878;8
879;3
880;2
881;2
882;38
883;3
884;7
885;39
886;35
887;3
888;4
889;3
890;3
891;3
892;2
893;3
894;3
895;3
896;0
897;2
898;3
899;3
900;3
901;2
902;2
903;9
904;3
905;7
906;3
907;2
908;2
909;3
910;2
911;3
912;3
913;3
914;6
915;2
916;4
917;4
918;3
919;3
920;4
921;14
922;3
923;3
924;3
925;3
926;3
927;3
928;3
929;2
930;2
931;2
932;4
933;4
934;4
935;4
936;4
937;3
938;3
939;2
940;2
941;2
942;2
943;2
944;2
945;4
946;2
947;3
948;3
949;3
950;3
951;2
952;39
953;3
954;2
955;2
956;3
957;3
958;3
959;3
960;3
961;7
962;3
963;36
964;2
965;2
966;2
967;6
968;2
969;41
970;52
971;35
972;35
973;3
974;9
975;2
976;3
977;3
978;3
979;3
980;4
981;4
982;6
983;3
984;2
985;2
986;3
987;44
988;3
989;0
990;0
991;3
992;4
993;2
994;2
995;7
996;3
997;3
998;3
999;3
1000;3
1001;3
1002;2
1003;2
1004;2
1005;3
1006;2
1007;3
1008;3
1009;3
1010;2
1011;3
1012;3
1013;3
1014;3
1015;3
1016;2
1017;3
1018;5
1019;3
1020;4
1021;3
1022;3
1023;3
1024;3
1025;2
1026;2
1027;2
1028;3
1029;3
1030;36
1031;3
1032;3
1033;3
1034;2
1035;3
1036;7
1037;3
1038;15
1039;7
1040;6
1041;3
1042;3
1043;3
1044;2
1045;3
1046;2
1047;3
1048;2
1049;3
1050;2
1051;3
1052;3
1053;3
1054;3
1055;10
1056;6
1057;3
1058;5
1059;2
1060;3
1061;3
1062;3
1063;4
1064;41
1065;2
1066;2
1067;2
1068;2
1069;3
1070;3
1071;3
1072;2
1073;2
1074;2
1075;3
1076;3
1077;3
1078;3
1079;4
1080;2
1081;3
1082;6
1083;3
1084;2
1085;3
1086;3
1087;3
1088;3
1089;9
1090;2
1091;3
1092;3
1093;3
1094;3
1095;7
1096;6
1097;2
1098;2
1099;4
1100;3
1101;2
1102;2
1103;7
1104;3
1105;6
1106;3
1107;3
1108;2
1109;2
1110;3
1111;2
1112;3
1113;2
1114;3
1115;7
1116;2
1117;3
1118;2
1119;2
1120;4
1121;3
1122;3
1123;9
1124;3
1125;3
1126;3
1127;7
1128;7
1129;3
1130;3
1131;5
1132;3
1133;3
1134;2
1135;3
1136;3
1137;4
1138;3
1139;3
1140;2
1141;3
1142;2
1143;4
1144;2
1145;39
1146;3
1147;3
1148;2
1149;0
1150;38
1151;38
1152;3
1153;0
1154;10
1155;6
1156;6
1157;3
1158;2
1159;3
1160;3
1161;2
1162;3
1163;4
1164;2
1165;3
1166;3
1167;3
1168;3
1169;3
1170;3
1171;3
1172;3
1173;3
1174;3
1175;3
1176;7
1177;12
1178;2
1179;2
1180;2
1181;3
1182;3
1183;3
1184;1
1185;1
1186;37
1187;37
1188;3
1189;3
1190;3
1191;3
1192;3
1193;3
1194;39
1195;3
1196;2
1197;2
1198;2
1199;3
1200;3
1201;3
1202;3
1203;2
1204;3
1205;2
1206;2
1207;2
1208;3
1209;3
1210;2
1211;3
1212;0
1213;3
1214;2
1215;2
1216;3
1217;2
1218;2
1219;4
1220;4
1221;4
1222;2
1223;3
1224;3
1225;3
1226;3
1227;3
1228;6
1229;4
1230;54
1231;7
1232;2
1233;2
1234;3
1235;2
1236;3
1237;2
1238;7
1239;3
1240;3
1241;7
1242;2
1243;15
1244;3
1245;3
1246;3
1247;3
1248;2
1249;3
1250;4
1251;4
1252;2
1253;54
1254;3
1255;40
1256;3
1257;3
1258;5
1259;3
1260;3
1261;4
1262;3
1263;2
1264;4
1265;2
1266;2
1267;3
1268;3
1269;3
1270;2
1271;3
1272;3
1273;7
1274;2
1275;3
1276;3
1277;4
1278;4
1279;3
1280;3
1281;2
1282;7
1283;3
1284;2
1285;2
1286;42
1287;2
1288;2
1289;8
1290;2
1291;3
1292;3
1293;3
1294;38
1295;2
1296;2
1297;3
1298;3
1299;3
1300;3
1301;3
1302;3
1303;38
1304;38
1305;2
1306;2
1307;3
1308;3
1309;3
1310;2
1311;2
1312;3
1313;3
1314;3
1315;3
1316;3
1317;3
1318;3
1319;3
1320;3
1321;2
1322;3
1323;3
1324;3
1325;4
1326;74
1327;2
1328;3
1329;2
1330;3
1331;2
1332;3
1333;2
1334;2
1335;2
1336;3
1337;3
1338;4
1339;6
1340;6
1341;3
1342;3
1343;3
1344;2
1345;2
1346;38
1347;2
1348;2
1349;2
1350;3
1351;3
1352;2
1353;2
1354;57
1355;3
1356;2
1357;3
1358;3
1359;3
1360;37
1361;2
1362;2
1363;45
1364;1
1365;3
1366;11
1367;3
1368;2
1369;2
1370;4
1371;14
1372;2
1373;3
1374;3
1375;3
1376;8
1377;11
1378;2
1379;3
1380;4
1381;35
1382;3
1383;2
1384;2
1385;3
1386;3
1387;3
1388;3
1389;3
1390;2
1391;2
1392;2
1393;3
1394;4
1395;3
1396;51
1397;2
1398;2
1399;5
1400;5
1401;4
1402;3
1403;3
1404;3
1405;3
1406;3
1407;3
1408;2
1409;8
1410;14
1411;3
1412;3
1413;3
1414;3
1415;11
1416;3
1417;3
1418;3
1419;3
1420;3
1421;2
1422;2
1423;3
1424;2
1425;2
1426;3
1427;2
1428;2
1429;4
1430;6
1431;3
1432;2
1433;3
1434;3
1435;3
1436;10
1437;3
1438;2
1439;2
1440;3
1441;38
1442;38
1443;2
1444;3
1445;3
1446;3
1447;3
1448;3
1449;3
1450;2
1451;2
1452;6
1453;38
1454;3
1455;5
1456;2
1457;2
1458;6
1459;3
1460;3
1461;2
1462;4
1463;2
1464;3
1465;3
1466;3
1467;3
1468;2
1469;3
1470;3
1471;17
1472;2
1473;3
1474;2
1475;2
1476;3
1477;39
1478;2
1479;2
1480;7
1481;7
1482;3
1483;36
1484;4
1485;3
1486;16
1487;2
1488;3
1489;3
1490;37
1491;37
1492;2
1493;2
1494;2
1495;2
1496;3
1497;2
1498;3
1499;3
1500;2
1501;3
1502;3
1503;2
1504;2
1505;3
1506;3
1507;3
1508;2
1509;4
1510;2
1511;3
1512;3
1513;3
1514;2
1515;3
1516;3
1517;2
1518;3
1519;3
1520;3
1521;1
1522;2
1523;3
1524;3
1525;3
1526;3
1527;3
1528;3
1529;38
1530;3
1531;3
1532;4
1533;3
1534;37
1535;3
1536;2
1537;2
1538;2
1539;2
1540;9
1541;3
1542;2
1543;3
1544;3
1545;3
1546;3
1547;3
1548;2
1549;2
1550;3
1551;3
1552;3
1553;2
1554;2
1555;2
1556;2
1557;2
1558;2
1559;2
1560;3
1561;2
1562;2
1563;2
1564;2
1565;2
1566;3
1567;2
1568;17
1569;3
1570;5
1571;4
1572;3
1573;2
1574;10
1575;6
1576;3
1577;3
1578;3
1579;2
1580;4
1581;4
1582;4
1583;3
1584;3
1585;2
1586;3
1587;3
1588;2
1589;3
1590;3
1591;3
1592;2
1593;3
1594;38
1595;3
1596;3
1597;3
1598;3
1599;3
1600;3
1601;3
1602;2
1603;39
1604;3
1605;7
1606;3
1607;3
1608;2
1609;39
1610;2
1611;3
1612;3
1613;3
1614;4
1615;3
1616;3
1617;3
1618;3
1619;51
1620;3
1621;2
1622;3
1623;3
1624;3
1625;3
1626;3
1627;3
1628;3
1629;3
1630;16
1631;16
1632;3
1633;8
1634;8
1635;2
1636;6
1637;2
1638;2
1639;3
1640;7
1641;3
1642;2
1643;2
1644;2
1645;2
1646;2
1647;6
1648;2
1649;3
1650;3
1651;3
1652;2
1653;2
1654;4
1655;9
1656;3
1657;3
1658;3
1659;3
1660;3
1661;2
1662;3
1663;2
1664;2
1665;3
1666;2
1667;2
1668;3
1669;3
1670;3
1671;2
1672;6
1673;3
1674;1
1675;2
1676;3
1677;3
1678;4
1679;3
1680;3
1681;7
1682;3
1683;18
1684;18
1685;18
1686;3
1687;14
1688;37
1689;3
1690;3
1691;2
1692;2
1693;16
1694;4
1695;4
1696;2
1697;14
1698;14
1699;2
1700;3
1701;3
1702;16
1703;16
1704;16
1705;2
1706;2
1707;2
1708;3
1709;11
1710;2
1711;2
1712;2
1713;3
1714;7
1715;3
1716;2
1717;2
1718;3
1719;4
1720;2
1721;3
1722;3
1723;3
1724;2
1725;15
1726;2
1727;3
1728;7
1729;7
1730;3
1731;4
1732;2
1733;2
1734;2
1735;18
1736;2
1737;2
1738;3
1739;6
1740;3
1741;3
1742;3
1743;3
1744;8
1745;2
1746;2
1747;3
1748;3
1749;3
1750;3
1751;3
1752;3
1753;3
1754;3
1755;3
1756;2
1757;2
1758;3
1759;3
1760;38
1761;3
1762;2
1763;3
1764;4
1765;4
1766;3
1767;3
1768;3
1769;3
1770;3
1771;2
1772;4
1773;3
1774;2
1775;3
1776;3
1777;3
1778;3
1779;3
1780;3
1781;3
1782;3
1783;3
1784;3
1785;3
1786;2
1787;2
1788;3
1789;54
1790;54
1791;39
1792;39
1793;2
1794;2
1795;2
1796;3
1797;3
1798;2
1799;2
1800;3
1801;2
1802;2
1803;4
1804;9
1805;3
1806;3
1807;3
1808;3
1809;2
1810;2
1811;2
1812;3
1813;3
1814;2
1815;7
1816;3
1817;3
1818;2
1819;2
1820;3
1821;3
1822;3
1823;38
1824;3
1825;3
1826;3
1827;4
1828;4
1829;3
1830;2
1831;3
1832;3
1833;3
1834;3
1835;3
1836;2
1837;3
1838;3
1839;2
1840;0
1841;0
1842;2
1843;5
1844;39
1845;5
1846;5
1847;19
1848;3
1849;3
1850;2
1851;4
1852;4
1853;4
1854;4
1855;4
1856;4
1857;3
1858;7
1859;3
1860;3
1861;3
1862;3
1863;0
1864;2
1865;2
1866;6
1867;3
1868;14
1869;2
1870;2
1871;2
1872;3
1873;3
1874;3
1875;3
1876;73
1877;12
1878;3
1879;3
1880;3
1881;2
1882;2
1883;4
1884;3
1885;3
1886;3
1887;2
1888;2
1889;3
1890;4
1891;3
1892;3
1893;35
1894;13
1895;4
1896;4
1897;7
1898;2
1899;2
1900;2
1901;13
1902;13
1903;13
1904;2
1905;16
1906;8
1907;2
1908;3
1909;3
1910;10
1911;3
1912;0
1913;3
1914;3
1915;3
1916;3
1917;2
1918;2
1919;3
1920;40
1921;25
1922;25
1923;3
1924;37
1925;3
1926;3
1927;4
1928;3
1929;3
1930;3
1931;2
1932;3
1933;4
1934;3
1935;3
1936;7
1937;21
1938;3
1939;3
1940;3
1941;4
1942;10
1943;2
1944;3
1945;3
1946;3
1947;3
1948;3
1949;3
1950;2
1951;2
1952;2
1953;3
1954;4
1955;2
1956;2
1957;17
1958;17
1959;3
1960;3
1961;2
1962;3
1963;3
1964;3
1965;3
1966;3
1967;3
1968;3
1969;3
1970;3
1971;2
1972;3
1973;38
1974;38
1975;2
1976;2
1977;4
1978;17
1979;17
1980;2
1981;72
1982;3
1983;10
1984;7
1985;7
1986;7
1987;2
1988;2
1989;10
1990;3
1991;39
1992;3
1993;3
1994;3
1995;6
1996;6
1997;3
1998;6
1999;3
2000;2
2001;2
2002;2
2003;6
2004;2
2005;3
2006;2
2007;2
2008;3
2009;2
2010;2
2011;3
2012;0
2013;0
2014;2
2015;2
2016;9
2017;4
2018;4
2019;3
2020;3
2021;2
2022;2
2023;2
2024;3
2025;3
2026;3
2027;3
2028;3
2029;19
2030;3
2031;3
2032;2
2033;2
2034;41
2035;41
2036;3
2037;3
2038;6
2039;3
2040;13
2041;2
2042;7
2043;7
2044;3
2045;2
2046;3
2047;17
2048;2
2049;3
2050;3
2051;2
2052;3
2053;3
2054;4
2055;53
2056;3
2057;3
2058;3
2059;3
2060;3
2061;3
2062;2
2063;38
2064;3
2065;2
2066;7
2067;3
2068;3
2069;2
2070;38
2071;2
2072;2
2073;2
2074;4
2075;3
2076;37
2077;3
2078;36
2079;2
2080;4
2081;2
2082;2
2083;15
2084;2
2085;2
2086;2
2087;7
2088;7
2089;3
2090;3
2091;3
2092;11
2093;2
2094;2
2095;0
2096;3
2097;3
2098;3
2099;4
2100;3
2101;3
2102;3
2103;3
2104;2
2105;4
2106;2
2107;4
2108;2
2109;2
2110;3
2111;2
2112;2
2113;3
2114;3
2115;3
2116;3
2117;3
2118;4
2119;2
2120;2
2121;3
2122;3
2123;3
2124;5
2125;3
2126;2
2127;2
2128;2
2129;3
2130;3
2131;37
2132;3
2133;3
2134;3
2135;3
2136;2
2137;3
2138;3
2139;3
2140;3
2141;3
2142;5
2143;7
2144;3
2145;3
2146;3
2147;37
2148;37
2149;4
2150;3
2151;19
2152;3
2153;3
2154;3
2155;2
2156;3
2157;3
2158;3
2159;3
2160;3
2161;3
2162;3
2163;4
2164;4
2165;3
2166;2
2167;7
2168;3
2169;2
2170;4
2171;3
2172;3
2173;38
2174;3
2175;3
2176;3
2177;3
2178;3
2179;38
2180;38
2181;4
2182;4
2183;15
2184;15
2185;15
2186;4
2187;4
2188;4
2189;7
2190;1
2191;1
2192;3
2193;2
2194;2
2195;2
2196;19
2197;7
2198;19
2199;19
2200;3
2201;38
2202;3
2203;3
2204;3
2205;4
2206;3
2207;3
2208;6
2209;3
2210;3
2211;2
2212;3
2213;3
2214;2
2215;3
2216;3
2217;3
2218;3
2219;3
2220;3
2221;3
2222;3
2223;2
2224;41
2225;35
2226;2
2227;2
2228;3
2229;3
2230;3
2231;0
2232;3
2233;3
2234;2
2235;3
2236;3
2237;4
2238;4
2239;7
2240;2
2241;2
2242;4
2243;4
2244;3
2245;3
2246;39
2247;2
2248;2
2249;3
2250;16
2251;3
2252;3
2253;4
2254;3
2255;14
2256;3
2257;3
2258;2
2259;2
2260;7
2261;2
2262;2
2263;2
2264;2
2265;2
2266;38
2267;3
2268;7
2269;7
2270;3
2271;3
2272;3
2273;4
2274;3
2275;4
2276;2
2277;2
2278;4
2279;3
2280;2
2281;9
2282;2
2283;3
2284;13
2285;13
2286;11
2287;2
2288;4
2289;2
2290;3
2291;3
2292;3
2293;15
2294;11
2295;3
2296;15
2297;2
2298;2
2299;38
2300;3
2301;2
2302;3
2303;38
2304;38
2305;38
2306;7
2307;0
2308;0
2309;3
2310;28
2311;4
2312;2
2313;3
2314;3
2315;3
2316;4
2317;2
2318;2
2319;38
2320;3
2321;3
2322;2
2323;3
2324;2
2325;2
2326;2
2327;2
2328;2
2329;2
2330;2
2331;2
2332;38
2333;38
2334;38
2335;2
2336;11
2337;3
2338;3
2339;3
2340;2
2341;2
2342;2
2343;2
2344;2
2345;2
2346;3
2347;3
2348;4
2349;2
2350;2
2351;4
2352;3
2353;8
2354;3
2355;2
2356;2
2357;2
2358;4
2359;3
2360;3
2361;3
2362;6
2363;11
2364;3
2365;3
2366;2
2367;2
2368;2
2369;3
2370;3
2371;42
2372;8
2373;8
2374;3
2375;3
2376;3
2377;3
2378;17
2379;2
2380;2
2381;3
2382;3
2383;3
2384;38
2385;3
2386;4
2387;3
2388;2
2389;2
2390;2
2391;3
2392;3
2393;3
2394;3
2395;39
2396;3
2397;3
2398;3
2399;2
2400;39
2401;3
2402;6
2403;6
2404;3
2405;3
2406;2
2407;3
2408;3
2409;2
2410;2
2411;2
2412;27
2413;2
2414;3
2415;3
2416;2
2417;2
2418;2
2419;38
2420;38
2421;3
2422;3
2423;3
2424;3
2425;3
2426;2
2427;2
2428;10
2429;3
2430;3
2431;3
2432;17
2433;2
2434;2
2435;2
2436;3
2437;3
2438;7
2439;2
2440;3
2441;6
2442;6
2443;6
2444;4
2445;2
2446;2
2447;2
2448;3
2449;3
2450;3
2451;3
2452;2
2453;2
2454;2
2455;3
2456;3
2457;3
2458;4
2459;3
2460;0
2461;3
2462;3
2463;2
2464;2
2465;47
2466;3
2467;3
2468;2
2469;2
2470;2
2471;4
2472;2
2473;3
2474;8
2475;3
2476;3
2477;3
2478;3
2479;3
2480;2
2481;2
2482;2
2483;3
2484;3
2485;3
2486;3
2487;7
2488;2
2489;3
2490;3
2491;3
2492;3
2493;12
2494;3
2495;12
2496;6
2497;6
2498;3
2499;9
2500;3
2501;3
2502;3
2503;2
2504;2
2505;3
2506;3
2507;3
2508;3
2509;3
2510;3
2511;2
2512;6
2513;38
2514;3
2515;3
2516;13
2517;2
2518;2
2519;3
2520;4
2521;3
2522;6
2523;6
2524;37
2525;2
2526;2
2527;2
2528;3
2529;3
2530;2
2531;3
2532;3
2533;3
2534;2
2535;2
2536;7
2537;2
2538;2
2539;4
2540;3
2541;3
2542;0
2543;3
2544;3
2545;3
2546;4
2547;3
2548;14
2549;3
2550;3
2551;4
2552;3
2553;2
2554;3
2555;3
2556;2
2557;14
2558;0
2559;4
2560;0
2561;0
2562;2
2563;0
2564;2
2565;3
2566;3
2567;3
2568;3
2569;2
2570;2
2571;4
2572;4
2573;3
2574;3
2575;3
2576;3
2577;3
2578;3
2579;3
2580;3
2581;3
2582;3
2583;3
2584;7
2585;3
2586;2
2587;3
2588;2
2589;2
2590;3
2591;3
2592;3
2593;3
2594;2
2595;2
2596;3
2597;0
2598;50
2599;2
2600;2
2601;6
2602;3
2603;3
2604;3
2605;2
2606;2
2607;3
2608;15
2609;2
2610;2
2611;3
2612;3
2613;2
2614;2
2615;2
2616;3
2617;3
2618;9
2619;9
2620;9
2621;2
2622;2
2623;2
2624;3
2625;2
2626;3
2627;3
2628;3
2629;2
2630;37
2631;2
2632;2
2633;3
2634;3
2635;2
2636;3
2637;3
2638;3
2639;7
2640;2
2641;39
2642;47
2643;6
2644;6
2645;2
2646;4
2647;7
2648;3
2649;3
2650;6
2651;4
2652;3
2653;13
2654;2
2655;2
2656;2
2657;2
2658;3
2659;2
2660;2
2661;2
2662;2
2663;3
2664;2
2665;2
2666;2
2667;7
2668;2
2669;2
2670;6
2671;2
2672;2
2673;2
2674;3
2675;4
2676;3
2677;2
2678;2
2679;2
2680;2
2681;3
2682;3
2683;3
2684;3
2685;37
2686;37
2687;2
2688;3
2689;38
2690;18
2691;3
2692;3
2693;7
2694;3
2695;22
2696;3
2697;38
2698;38
2699;3
2700;3
2701;22
2702;22
2703;2
2704;2
2705;2
2706;37
2707;3
2708;3
2709;10
2710;2
2711;2
2712;2
2713;3
2714;2
2715;2
2716;3
2717;2
2718;2
2719;2
2720;2
2721;3
2722;3
2723;3
2724;2
2725;2
2726;3
2727;2
2728;2
2729;2
2730;2
2731;35
2732;3
2733;8
2734;3
2735;3
2736;3
2737;3
2738;3
2739;2
2740;2
2741;2
2742;3
2743;35
2744;3
2745;8
2746;3
2747;37
2748;4
2749;3
2750;3
2751;3
2752;3
2753;3
2754;3
2755;3
2756;3
2757;3
2758;3
2759;4
2760;3
2761;2
2762;3
2763;2
2764;3
2765;3
2766;3
2767;6
2768;3
2769;2
2770;2
2771;2
2772;3
2773;38
2774;3
2775;3
2776;2
2777;2
2778;2
2779;3
2780;2
2781;2
2782;2
2783;3
2784;3
2785;2
2786;2
2787;2
2788;3
2789;2
2790;16
2791;2
2792;2
2793;3
2794;2
2795;2
2796;2
2797;3
2798;2
2799;3
2800;3
2801;3
2802;3
2803;3
2804;37
2805;37
2806;21
2807;1
2808;4
2809;38
2810;2
2811;39
2812;2
2813;7
2814;3
2815;12
2816;2
2817;4
2818;36
2819;12
2820;4
2821;4
2822;3
2823;3
2824;3
2825;3
2826;3
2827;2
2828;2
2829;2
2830;2
2831;2
2832;2
2833;2
2834;3
2835;4
2836;3
2837;3
2838;3
2839;3
2840;3
2841;2
2842;16
2843;2
2844;2
2845;6
2846;3
2847;3
2848;3
2849;3
2850;3
2851;2
2852;2
2853;3
2854;3
2855;3
2856;3
2857;3
2858;2
2859;3
2860;2
2861;4
2862;2
2863;2
2864;2
2865;3
2866;3
2867;0
2868;3
2869;2
2870;4
2871;3
2872;3
2873;3
2874;19
2875;3
2876;3
2877;3
2878;3
2879;2
2880;14
2881;3
2882;3
2883;3
2884;3
2885;2
2886;17
2887;2
2888;3
2889;3
2890;3
2891;3
2892;3
2893;4
2894;2
2895;2
2896;3
2897;3
2898;2
2899;3
2900;3
2901;3
2902;3
2903;3
2904;3
2905;3
2906;3
2907;3
2908;3
2909;2
2910;3
2911;41
2912;2
2913;2
2914;3
2915;3
2916;13
2917;3
2918;3
2919;3
2920;3
2921;38
2922;2
2923;3
2924;3
2925;3
2926;2
2927;3
2928;38
2929;38
2930;3
2931;3
2932;3
2933;3
2934;3
2935;2
2936;2
2937;3
2938;3
2939;3
2940;3
2941;6
2942;6
2943;4
2944;3
2945;35
2946;0
2947;3
2948;3
2949;3
2950;3
2951;3
2952;3
2953;2
2954;4
2955;4
2956;2
2957;2
2958;3
2959;39
2960;12
2961;3
2962;3
2963;2
2964;2
2965;3
2966;2
2967;2
2968;3
2969;2
2970;2
2971;3
2972;3
2973;2
2974;3
2975;3
2976;3
2977;2
2978;2
2979;0
2980;3
2981;4
2982;4
2983;4
2984;2
2985;2
2986;3
2987;4
2988;38
2989;4
2990;3
2991;4
2992;17
2993;17
2994;2
2995;3
2996;2
2997;4
2998;3
2999;3
3000;3
3001;38
3002;3
3003;3
3004;3
3005;3
3006;3
3007;2
3008;58
3009;38
3010;3
3011;18
3012;3
3013;4
3014;11
3015;17
3016;3
3017;3
3018;3
3019;3
3020;4
3021;3
3022;3
3023;3
3024;4
3025;3
3026;3
3027;3
3028;3
3029;3
3030;3
3031;3
3032;3
3033;2
3034;2
3035;3
3036;3
3037;8
3038;3
3039;3
3040;3
3041;38
3042;52
3043;15
3044;3
3045;3
3046;3
3047;20
3048;38
3049;38
3050;3
3051;7
3052;37
3053;3
3054;4
3055;4
3056;2
3057;3
3058;3
3059;3
3060;2
3061;2
3062;3
3063;3
3064;3
3065;3
3066;3
3067;3
3068;3
3069;3
3070;4
3071;42
3072;3
3073;2
3074;2
3075;2
3076;3
3077;2
3078;3
3079;3
3080;3
3081;3
3082;2
3083;3
3084;3
3085;3
3086;3
3087;3
3088;2
3089;6
3090;3
3091;3
3092;3
3093;3
3094;2
3095;3
3096;3
3097;2
3098;2
3099;2
3100;3
3101;2
3102;2
3103;3
3104;13
3105;3
3106;3
3107;3
3108;2
3109;3
3110;3
3111;4
3112;4
3113;3
3114;3
3115;2
3116;2
3117;2
3118;72
3119;0
3120;3
3121;3
3122;2
3123;2
3124;4
3125;4
3126;3
3127;3
3128;2
3129;2
3130;3
3131;2
3132;2
3133;11
3134;3
3135;3
3136;4
3137;4
3138;17
3139;17
3140;38
3141;19
3142;3
3143;3
3144;3
3145;3
3146;2
3147;3
3148;3
3149;3
3150;3
3151;3
3152;13
3153;37
3154;37
3155;2
3156;2
3157;2
3158;3
3159;3
3160;3
3161;2
3162;12
3163;10
3164;3
3165;2
3166;2
3167;3
3168;3
3169;38
3170;38
3171;3
3172;3
3173;3
3174;3
3175;3
3176;2
3177;2
3178;3
3179;3
3180;42
3181;3
3182;3
3183;3
3184;3
3185;2
3186;2
3187;3
3188;2
3189;15
3190;5
3191;3
3192;3
3193;39
3194;4
3195;4
3196;3
3197;2
3198;2
3199;2
3200;3
3201;2
3202;2
3203;2
3204;10
3205;7
3206;7
3207;3
3208;2
3209;3
3210;3
3211;2
3212;8
3213;3
3214;3
3215;3
3216;3
3217;6
3218;3
3219;3
3220;3
3221;2
3222;2
3223;3
3224;6
3225;2
3226;3
3227;3
3228;4
3229;2
3230;7
3231;2
3232;6
3233;3
3234;3
3235;17
3236;17
3237;3
3238;3
3239;3
3240;3
3241;3
3242;3
3243;3
3244;3
3245;3
3246;3
3247;3
3248;3
3249;3
3250;3
3251;3
3252;3
3253;3
3254;2
3255;2
3256;3
3257;2
3258;2
3259;2
3260;2
3261;2
3262;2
3263;3
3264;3
3265;3
3266;3
3267;2
3268;37
3269;2
3270;3
3271;3
3272;4
3273;2
3274;2
3275;12
3276;2
3277;3
3278;3
3279;3
3280;4
3281;2
3282;9
3283;3
3284;3
3285;3
3286;41
3287;3
3288;3
3289;0
3290;8
3291;3
3292;3
3293;3
3294;3
3295;3
3296;16
3297;3
3298;3
3299;3
3300;3
3301;15
3302;3
3303;9
3304;2
3305;2
3306;2
3307;3
3308;3
3309;3
3310;3
3311;0
3312;3
3313;3
3314;3
3315;3
3316;3
3317;3
3318;35
3319;4
3320;4
3321;8
3322;5
3323;5
3324;5
3325;5
3326;3
3327;2
3328;2
3329;3
3330;3
3331;3
3332;3
3333;2
3334;2
3335;4
3336;2
3337;3
3338;2
3339;2
3340;2
3341;2
3342;2
3343;3
3344;3
3345;3
3346;3
3347;2
3348;2
3349;2
3350;3
3351;2
3352;2
3353;3
3354;3
3355;3
3356;2
3357;2
3358;2
3359;3
3360;3
3361;3
3362;13
3363;2
3364;2
3365;2
3366;2
3367;12
3368;3
3369;3
3370;6
3371;2
3372;3
3373;3
3374;3
3375;2
3376;38
3377;3
3378;3
3379;12
3380;3
3381;3
3382;2
3383;4
3384;3
3385;3
3386;2
3387;2
3388;2
3389;7
3390;7
3391;3
3392;2
3393;4
3394;4
3395;3
3396;3
3397;3
3398;2
3399;3
3400;2
3401;2
3402;4
3403;4
3404;3
3405;3
3406;17
3407;3
3408;4
3409;4
3410;3
3411;3
3412;3
3413;3
3414;2
3415;7
3416;3
3417;3
3418;2
3419;3
3420;2
3421;3
3422;3
3423;3
3424;3
3425;3
3426;3
3427;3
3428;5
3429;3
3430;3
3431;3
3432;3
3433;3
3434;3
3435;2
3436;13
3437;3
3438;3
3439;3
3440;3
3441;3
3442;4
3443;3
3444;3
3445;3
3446;6
3447;2
3448;2
3449;2
3450;4
3451;3
3452;3
3453;3
3454;3
3455;2
3456;3
3457;2
3458;9
3459;3
3460;3
3461;3
3462;4
3463;3
3464;7
3465;3
3466;3
3467;3
3468;3
3469;6
3470;2
3471;2
3472;2
3473;3
3474;2
3475;2
3476;7
3477;7
3478;38
3479;7
3480;7
3481;3
3482;3
3483;2
3484;2
3485;2
3486;2
3487;2
3488;2
3489;3
3490;3
3491;3
3492;3
3493;3
3494;3
3495;3
3496;2
3497;2
3498;2
3499;3
3500;2
3501;3
3502;12
3503;3
3504;3
3505;3
3506;3
3507;2
3508;7
3509;7
3510;2
3511;2
3512;3
3513;6
3514;6
3515;8
3516;3
3517;3
3518;3
3519;3
3520;2
3521;11
3522;3
3523;3
3524;3
3525;3
3526;3
3527;3
3528;3
3529;3
3530;3
3531;3
3532;3
3533;2
3534;14
3535;4
3536;2
3537;3
3538;2
3539;3
3540;3
3541;3
3542;3
3543;51
3544;30
3545;30
3546;59
3547;3
3548;3
3549;6
3550;2
3551;2
3552;2
3553;3
3554;3
3555;6
3556;3
3557;2
3558;2
3559;3
3560;3
3561;10
3562;2
3563;2
3564;39
3565;3
3566;3
3567;2
3568;3
3569;3
3570;3
3571;9
3572;3
3573;3
3574;3
3575;3
3576;15
3577;15
3578;4
3579;0
3580;0
3581;3
3582;9
3583;3
3584;2
3585;2
3586;2
3587;6
3588;2
3589;3
3590;38
3591;3
3592;7
3593;3
3594;3
3595;7
3596;3
3597;3
3598;3
3599;3
3600;2
3601;3
3602;2
3603;2
3604;2
3605;7
3606;3
3607;3
3608;2
3609;3
3610;4
3611;7
3612;3
3613;18
3614;4
3615;12
3616;4
3617;3
3618;3
3619;6
3620;3
3621;3
3622;3
3623;4
3624;9
3625;2
3626;3
3627;3
3628;3
3629;3
3630;7
3631;7
3632;3
3633;2
3634;2
3635;7
3636;7
3637;3
3638;2
3639;3
3640;4
3641;3
3642;4
3643;2
3644;2
3645;2
3646;2
3647;4
3648;2
3649;2
3650;2
3651;0
3652;3
3653;2
3654;3
3655;3
3656;3
3657;11
3658;3
3659;4
3660;52
3661;3
3662;3
3663;10
3664;3
3665;3
3666;3
3667;38
3668;3
3669;3
3670;3
3671;5
3672;13
3673;3
3674;52
3675;52
3676;52
3677;3
3678;2
3679;2
3680;3
3681;3
3682;6
3683;17
3684;2
3685;2
3686;3
3687;2
3688;3
3689;3
3690;4
3691;4
3692;3
3693;2
3694;2
3695;4
3696;3
3697;3
3698;3
3699;2
3700;2
3701;2
3702;39
3703;4
3704;3
3705;2
3706;2
3707;2
3708;40
3709;3
3710;4
3711;3
3712;3
3713;2
3714;3
3715;2
3716;2
3717;2
3718;2
3719;3
3720;2
3721;14
3722;3
3723;3
3724;7
3725;2
3726;2
3727;2
3728;3
3729;2
3730;3
3731;3
3732;3
3733;3
3734;2
3735;3
3736;2
3737;2
3738;2
3739;2
3740;2
3741;3
3742;2
3743;2
3744;2
3745;2
3746;3
3747;27
3748;2
3749;3
3750;3
3751;3
3752;3
3753;3
3754;3
3755;3
3756;2
3757;3
3758;3
3759;3
3760;3
3761;3
3762;3
3763;7
3764;7
3765;3
3766;3
3767;14
3768;3
3769;2
3770;2
3771;3
3772;2
3773;2
3774;2
3775;0
3776;0
3777;13
3778;13
3779;3
3780;3
3781;3
3782;3
3783;10
3784;3
3785;3
3786;2
3787;0
3788;3
3789;15
3790;3
3791;3
3792;2
3793;2
3794;3
3795;6
3796;6
3797;7
3798;4
3799;4
3800;3
3801;2
3802;2
3803;2
3804;2
3805;3
3806;11
3807;11
3808;3
3809;3
3810;3
3811;3
3812;7
3813;7
3814;3
3815;3
3816;13
3817;3
3818;3
3819;3
3820;3
3821;2
3822;3
3823;2
3824;2
3825;37
3826;4
3827;73
3828;3
3829;3
3830;3
3831;7
3832;2
3833;3
3834;2
3835;2
3836;2
3837;2
3838;2
3839;3
3840;2
3841;3
3842;3
3843;3
3844;3
3845;3
3846;3
3847;3
3848;35
3849;4
3850;4
3851;3
3852;2
3853;3
3854;3
3855;3
3856;2
3857;2
3858;2
3859;2
3860;3
3861;3
3862;3
3863;37
3864;37
3865;7
3866;3
3867;3
3868;2
3869;3
3870;2
3871;2
3872;3
3873;2
3874;2
3875;2
3876;2
3877;3
3878;17
3879;3
3880;3
3881;4
3882;3
3883;3
3884;2
3885;2
3886;2
3887;2
3888;2
3889;2
3890;3
3891;3
3892;4
3893;3
3894;3
3895;3
3896;3
3897;3
3898;7
3899;3
3900;3
3901;2
3902;2
3903;2
3904;2
3905;3
3906;2
3907;3
3908;2
3909;8
3910;8
3911;3
3912;4
3913;2
3914;2
3915;2
3916;3
3917;3
3918;3
3919;3
3920;3
3921;3
3922;4
3923;3
3924;39
3925;2
3926;2
3927;39
3928;12
3929;3
3930;2
3931;2
3932;4
3933;4
3934;4
3935;3
3936;3
3937;3
3938;3
3939;2
3940;55
3941;3
3942;2
3943;2
3944;2
3945;7
3946;3
3947;3
3948;3
3949;4
3950;4
3951;4
3952;3
3953;3
3954;2
3955;2
3956;3
3957;3
3958;3
3959;3
3960;2
3961;4
3962;15
3963;15
3964;15
3965;3
3966;0
3967;3
3968;3
3969;3
3970;3
3971;3
3972;0
3973;2
3974;8
3975;3
3976;3
3977;3
3978;2
3979;3
3980;3
3981;3
3982;4
3983;2
3984;0
3985;44
3986;3
3987;2
3988;3
3989;3
3990;3
3991;3
3992;3
3993;2
3994;2
3995;3
3996;2
3997;3
3998;3
3999;3
4000;7
4001;19
4002;7
4003;3
4004;3
4005;3
4006;3
4007;2
4008;2
4009;2
4010;3
4011;2
4012;10
4013;6
4014;7
4015;3
4016;2
4017;2
4018;3
4019;3
4020;4
4021;3
4022;36
4023;4
4024;3
4025;3
4026;2
4027;2
4028;2
4029;3
4030;3
4031;3
4032;3
4033;3
4034;48
4035;2
4036;4
4037;3
4038;39
4039;11
4040;3
4041;4
4042;3
4043;3
4044;3
4045;11
4046;2
4047;2
4048;2
4049;2
4050;3
4051;3
4052;3
4053;3
4054;3
4055;3
4056;3
4057;2
4058;3
4059;9
4060;3
4061;5
4062;3
4063;3
4064;2
4065;4
4066;4
4067;3
4068;3
4069;3
4070;2
4071;2
4072;2
4073;3
4074;4
4075;3
4076;3
4077;3
4078;3
4079;3
4080;4
4081;4
4082;3
4083;3
4084;3
4085;3
4086;3
4087;3
4088;10
4089;4
4090;4
4091;4
4092;38
4093;4
4094;4
4095;2
4096;2
4097;3
4098;3
4099;3
4100;4
4101;2
4102;3
4103;3
4104;3
4105;3
4106;3
4107;3
4108;2
4109;2
4110;2
4111;2
4112;3
4113;3
4114;3
4115;6
4116;6
4117;3
4118;3
4119;3
4120;3
4121;0
4122;35
4123;0
4124;3
4125;2
4126;2
4127;2
4128;3
4129;2
4130;4
4131;3
4132;3
4133;3
4134;2
4135;3
4136;3
4137;2
4138;8
4139;8
4140;4
4141;2
4142;3
4143;3
4144;2
4145;2
4146;4
4147;2
4148;2
4149;4
4150;0
4151;2
4152;2
4153;2
4154;7
4155;3
4156;3
4157;3
4158;3
4159;2
4160;3
4161;3
4162;2
4163;2
4164;2
4165;3
4166;2
4167;9
4168;2
4169;2
4170;3
4171;3
4172;3
4173;14
4174;3
4175;3
4176;2
4177;5
4178;3
4179;3
4180;3
4181;3
4182;3
4183;3
4184;7
4185;3
4186;3
4187;3
4188;3
4189;2
4190;37
4191;3
4192;3
4193;2
4194;2
4195;2
4196;16
4197;2
4198;2
4199;3
4200;3
4201;2
4202;3
4203;37
4204;3
4205;0
4206;2
4207;4
4208;4
4209;4
4210;3
4211;3
4212;3
4213;3
4214;3
4215;2
4216;2
4217;2
4218;3
4219;3
4220;2
4221;3
4222;13
4223;2
4224;2
4225;3
4226;2
4227;7
4228;3
4229;2
4230;7
4231;6
4232;2
4233;3
4234;3
4235;3
4236;2
4237;2
4238;2
4239;3
4240;3
4241;3
4242;2
4243;2
4244;2
4245;3
4246;8
4247;8
4248;2
4249;3
4250;3
4251;3
4252;3
4253;3
4254;3
4255;3
4256;3
4257;3
4258;3
4259;3
4260;2
4261;2
4262;3
4263;3
4264;3
4265;2
4266;2
4267;13
4268;13
4269;3
4270;3
4271;4
4272;3
4273;3
4274;3
4275;3
4276;3
4277;3
4278;3
4279;3
4280;7
4281;3
4282;4
4283;3
4284;3
4285;4
4286;4
4287;3
4288;3
4289;3
4290;3
4291;0
4292;3
4293;2
4294;6
4295;3
4296;3
4297;3
4298;7
4299;7
4300;2
4301;2
4302;2
4303;2
4304;3
4305;3
4306;18
4307;2
4308;2
4309;3
4310;3
4311;3
4312;6
4313;6
4314;2
4315;3
4316;3
4317;4
4318;3
4319;17
4320;3
4321;3
4322;2
4323;4
4324;10
4325;3
4326;3
4327;3
4328;3
4329;3
4330;3
4331;3
4332;9
4333;3
4334;3
4335;3
4336;3
4337;3
4338;3
4339;3
4340;3
4341;3
4342;3
4343;17
4344;2
4345;2
4346;4
4347;4
4348;4
4349;3
4350;0
4351;0
4352;2
4353;2
4354;2
4355;4
4356;4
4357;2
4358;2
4359;2
4360;2
4361;3
4362;3
4363;2
4364;2
4365;3
4366;2
4367;2
4368;2
4369;2
4370;2
4371;2
4372;2
4373;7
4374;20
4375;35
4376;2
4377;3
4378;2
4379;3
4380;2
4381;3
4382;2
4383;2
4384;7
4385;7
4386;3
4387;3
4388;4
4389;2
4390;3
4391;3
4392;2
4393;3
4394;7
4395;4
4396;3
4397;3
4398;37
4399;2
4400;3
4401;39
4402;2
4403;3
4404;3
4405;3
4406;38
4407;38
4408;2
4409;3
4410;3
4411;3
4412;3
4413;3
4414;4
4415;4
4416;2
4417;3
4418;3
4419;3
4420;4
4421;19
4422;3
4423;3
4424;38
4425;0
4426;2
4427;3
4428;19
4429;3
4430;3
4431;2
4432;4
4433;4
4434;2
4435;2
4436;3
4437;3
4438;4
4439;4
4440;3
4441;3
4442;2
4443;2
4444;2
4445;3
4446;2
4447;3
4448;3
4449;2
4450;2
4451;2
4452;3
4453;3
4454;38
4455;3
4456;3
4457;3
4458;17
4459;2
4460;2
4461;3
4462;3
4463;3
4464;39
4465;39
4466;3
4467;9
4468;7
4469;7
4470;3
4471;3
4472;3
4473;2
4474;6
4475;3
4476;3
4477;3
4478;3
4479;3
4480;2
4481;2
4482;15
4483;7
4484;16
4485;3
4486;3
4487;3
4488;35
4489;15
4490;3
4491;2
4492;2
4493;2
4494;3
4495;15
4496;2
4497;2
4498;2
4499;2
4500;38
4501;2
4502;3
4503;13
4504;11
4505;7
4506;3
4507;3
4508;3
4509;2
4510;10
4511;2
4512;2
4513;2
4514;2
4515;2
4516;3
4517;3
4518;3
4519;3
4520;2
4521;39
4522;39
4523;3
4524;3
4525;3
4526;4
4527;4
4528;3
4529;3
4530;2
4531;3
4532;3
4533;2
4534;2
4535;2
4536;4
4537;4
4538;4
4539;2
4540;2
4541;39
4542;3
4543;3
4544;3
4545;3
4546;2
4547;2
4548;3
4549;0
4550;3
4551;38
4552;2
4553;2
4554;3
4555;3
4556;3
4557;3
4558;3
4559;3
4560;3
4561;39
4562;3
4563;1
4564;1
4565;3
4566;3
4567;4
4568;4
4569;3
4570;3
4571;11
4572;18
4573;2
4574;2
4575;2
4576;3
4577;3
4578;3
4579;3
4580;2
4581;3
4582;3
4583;3
4584;3
4585;2
4586;4
4587;3
4588;3
4589;3
4590;3
4591;3
4592;2
4593;2
4594;3
4595;3
4596;3
4597;3
4598;3
4599;3
4600;7
4601;2
4602;13
4603;3
4604;2
4605;2
4606;2
4607;3
4608;3
4609;3
4610;3
4611;3
4612;4
4613;3
4614;3
4615;2
4616;2
4617;2
4618;3
4619;10
4620;3
4621;3
4622;3
4623;3
4624;2
4625;2
4626;3
4627;2
4628;38
4629;3
4630;3
4631;3
4632;3
4633;3
4634;3
4635;2
4636;3
4637;3
4638;3
4639;2
4640;38
4641;3
4642;2
4643;2
4644;7
4645;2
4646;4
4647;3
4648;3
4649;3
4650;3
4651;3
4652;3
4653;3
4654;6
4655;3
4656;3
4657;3
4658;4
4659;4
4660;4
4661;4
4662;4
4663;23
4664;3
4665;3
4666;3
4667;2
4668;2
4669;2
4670;2
4671;3
4672;2
4673;4
4674;3
4675;2
4676;2
4677;3
4678;3
4679;3
4680;2
4681;2
4682;4
4683;3
4684;2
4685;2
4686;6
4687;6
4688;2
4689;4
4690;3
4691;3
4692;3
4693;55
4694;14
4695;2
4696;4
4697;3
4698;4
4699;3
4700;3
4701;2
4702;4
4703;2
4704;3
4705;3
4706;7
4707;2
4708;2
4709;3
4710;4
4711;3
4712;36
4713;3
4714;6
4715;6
4716;6
4717;8
4718;2
4719;3
4720;3
4721;3
4722;3
4723;2
4724;2
4725;3
4726;3
4727;6
4728;3
4729;3
4730;3
4731;2
4732;2
4733;3
4734;3
4735;4
4736;2
4737;2
4738;3
4739;39
4740;2
4741;3
4742;3
4743;3
4744;3
4745;5
4746;5
4747;6
4748;2
4749;6
4750;3
4751;3
4752;7
4753;2
4754;2
4755;2
4756;3
4757;2
4758;37
4759;37
4760;25
4761;10
4762;2
4763;2
4764;3
4765;3
4766;2
4767;3
4768;16
4769;10
4770;2
4771;2
4772;3
4773;3
4774;3
4775;6
4776;3
4777;2
4778;2
4779;3
4780;3
4781;3
4782;3
4783;4
4784;4
4785;10
4786;2
4787;2
4788;2
4789;3
4790;3
4791;3
4792;3
4793;6
4794;2
4795;2
4796;3
4797;3
4798;2
4799;3
4800;3
4801;3
4802;4
4803;3
4804;3
4805;2
4806;4
4807;4
4808;2
4809;2
4810;8
4811;3
4812;6
4813;3
4814;3
4815;3
4816;2
4817;2
4818;38
4819;6
4820;2
4821;2
4822;3
4823;3
4824;4
4825;4
4826;2
4827;2
4828;3
4829;2
4830;2
4831;3
4832;2
4833;3
4834;2
4835;3
4836;2
4837;3
4838;3
4839;3
4840;3
4841;3
4842;3
4843;3
4844;3
4845;7
4846;3
4847;3
4848;3
4849;6
4850;3
4851;2
4852;2
4853;2
4854;2
4855;2
4856;14
4857;2
4858;5
4859;3
4860;3
4861;3
4862;3
4863;5
4864;2
4865;2
4866;2
4867;2
4868;3
4869;3
4870;7
4871;6
4872;6
4873;4
4874;3
4875;2
4876;3
4877;2
4878;2
4879;2
4880;2
4881;3
4882;19
4883;3
4884;2
4885;2
4886;3
4887;3
4888;3
4889;2
4890;3
4891;3
4892;4
4893;3
4894;2
4895;2
4896;2
4897;5
4898;3
4899;3
4900;2
4901;3
4902;2
4903;3
4904;2
4905;2
4906;2
4907;3
4908;3
4909;3
4910;3
4911;2
4912;2
4913;6
4914;3
4915;13
4916;4
4917;4
4918;3
4919;3
4920;13
4921;2
4922;3
4923;38
4924;38
4925;3
4926;2
4927;3
4928;3
4929;2
4930;41
4931;3
4932;2
4933;4
4934;3
4935;2
4936;2
4937;2
4938;3
4939;2
4940;3
4941;3
4942;3
4943;3
4944;3
4945;3
4946;7
4947;3
4948;7
4949;3
4950;2
4951;3
4952;8
4953;2
4954;2
4955;3
4956;3
4957;3
4958;2
4959;3
4960;3
4961;3
4962;2
4963;37
4964;10
4965;1
4966;2
4967;3
4968;3
4969;3
4970;2
4971;2
4972;2
4973;4
4974;12
4975;3
4976;2
4977;3
4978;3
4979;2
4980;3
4981;3
4982;2
4983;4
4984;2
4985;5
4986;4
4987;4
4988;3
4989;3
4990;3
4991;3
4992;3
4993;39
4994;3
4995;3
4996;3
4997;3
4998;2
4999;3
5000;3
5001;4
5002;3
5003;39
5004;12
5005;3
5006;2
5007;2
5008;2
5009;2
5010;3
5011;3
5012;3
5013;3
5014;3
5015;3
5016;3
5017;3
5018;3
5019;3
5020;3
5021;3
5022;10
5023;3
5024;3
5025;5
5026;3
5027;3
5028;3
5029;3
5030;3
5031;2
5032;2
5033;2
5034;2
5035;3
5036;3
5037;3
5038;3
5039;3
5040;2
5041;2
5042;2
5043;4
5044;2
5045;2
5046;2
5047;35
5048;4
5049;4
5050;3
5051;17
5052;4
5053;22
5054;3
5055;3
5056;3
5057;37
5058;37
5059;3
5060;4
5061;4
5062;2
5063;2
5064;2
5065;2
5066;11
5067;7
5068;2
5069;3
5070;3
5071;3
5072;3
5073;2
5074;10
5075;3
5076;4
5077;3
5078;3
5079;3
5080;3
5081;12
5082;4
5083;3
5084;2
5085;2
5086;2
5087;0
5088;46
5089;2
5090;2
5091;7
5092;3
5093;3
5094;2
5095;3
5096;18
5097;6
5098;6
5099;5
5100;5
5101;3
5102;9
5103;2
5104;2
5105;2
5106;3
5107;4
5108;3
5109;3
5110;2
5111;2
5112;3
5113;3
5114;3
5115;39
5116;3
5117;3
5118;3
5119;3
5120;2
5121;12
5122;11
5123;3
5124;3
5125;6
5126;14
5127;2
5128;2
5129;3
5130;3
5131;3
5132;4
5133;3
5134;3
5135;3
5136;4
5137;4
5138;3
5139;3
5140;3
5141;3
5142;3
5143;3
5144;2
5145;2
5146;2
5147;2
5148;2
5149;5
5150;5
5151;2
5152;3
5153;2
5154;8
5155;8
5156;3
5157;48
5158;2
5159;3
5160;3
5161;3
5162;3
5163;4
5164;3
5165;3
5166;3
5167;3
5168;3
5169;3
5170;8
5171;4
5172;4
5173;2
5174;3
5175;3
5176;3
5177;3
5178;3
5179;13
5180;2
5181;19
5182;3
5183;2
5184;7
5185;3
5186;73
5187;4
5188;2
5189;3
5190;3
5191;3
5192;4
5193;2
5194;2
5195;3
5196;3
5197;3
5198;2
5199;3
5200;3
5201;3
5202;2
5203;2
5204;2
5205;3
5206;10
5207;4
5208;4
5209;4
5210;2
5211;35
5212;35
5213;2
5214;4
5215;7
5216;2
5217;2
5218;3
5219;5
5220;3
5221;3
5222;3
5223;5
5224;5
5225;2
5226;2
5227;2
5228;3
5229;2
5230;2
5231;3
5232;3
5233;3
5234;4
5235;22
5236;2
5237;4
5238;12
5239;37
5240;3
5241;3
5242;4
5243;3
5244;11
5245;3
5246;3
5247;10
5248;3
5249;3
5250;4
5251;3
5252;4
5253;3
5254;3
5255;2
5256;2
5257;2
5258;3
5259;3
5260;13
5261;16
5262;4
5263;3
5264;3
5265;3
5266;2
5267;3
5268;5
5269;3
5270;2
5271;3
5272;3
5273;3
5274;3
5275;3
5276;3
5277;3
5278;3
5279;3
5280;3
5281;14
5282;2
5283;2
5284;3
5285;4
5286;3
5287;3
5288;3
5289;3
5290;4
5291;4
5292;3
5293;3
5294;7
5295;7
5296;3
5297;2
5298;3
5299;2
5300;3
5301;3
5302;3
5303;2
5304;2
5305;19
5306;2
5307;3
5308;4
5309;2
5310;2
5311;8
5312;3
5313;4
5314;14
5315;3
5316;14
5317;3
5318;3
5319;3
5320;2
5321;2
5322;2
5323;2
5324;3
5325;7
5326;3
5327;3
5328;2
5329;2
5330;35
5331;35
5332;35
5333;4
5334;2
5335;3
5336;3
5337;2
5338;2
5339;2
5340;37
5341;51
5342;3
5343;3
5344;3
5345;3
5346;2
5347;2
5348;3
5349;3
5350;2
5351;3
5352;2
5353;3
5354;2
5355;3
5356;7
5357;7
5358;7
5359;3
5360;3
5361;2
5362;3
5363;2
5364;2
5365;3
5366;6
5367;3
5368;4
5369;3
5370;2
5371;3
5372;3
5373;6
5374;4
5375;8
5376;4
5377;0
5378;3
5379;3
5380;3
5381;3
5382;3
5383;3
5384;4
5385;50
5386;3
5387;3
5388;7
5389;2
5390;38
5391;2
5392;3
5393;3
5394;3
5395;5
5396;3
5397;2
5398;2
5399;2
5400;3
5401;35
5402;45
5403;35
5404;35
5405;4
5406;38
5407;3
5408;3
5409;8
5410;3
5411;3
5412;3
5413;3
5414;4
5415;4
5416;2
5417;2
5418;2
5419;2
5420;3
5421;3
5422;3
5423;3
5424;38
5425;2
5426;4
5427;2
5428;2
5429;2
5430;3
5431;3
5432;2
5433;17
5434;2
5435;3
5436;2
5437;4
5438;4
5439;2
5440;2
5441;3
5442;2
5443;6
5444;3
5445;2
5446;3
5447;3
5448;3
5449;4
5450;5
5451;3
5452;14
5453;39
5454;3
5455;3
5456;2
5457;2
5458;4
5459;3
5460;3
5461;3
5462;34
5463;4
5464;4
5465;4
5466;6
5467;3
5468;3
5469;3
5470;56
5471;8
5472;3
5473;2
5474;2
5475;2
5476;35
5477;4
5478;2
5479;2
5480;2
5481;3
5482;12
5483;2
5484;2
5485;3
5486;48
5487;3
5488;4
5489;2
5490;3
5491;3
5492;3
5493;3
5494;3
5495;3
5496;2
5497;3
5498;3
5499;7
5500;2
5501;3
5502;7
5503;7
5504;2
5505;3
5506;2
5507;2
5508;2
5509;2
5510;3
5511;4
5512;4
5513;4
5514;39
5515;3
5516;3
5517;3
5518;11
5519;2
5520;3
5521;2
5522;3
5523;3
5524;3
5525;3
5526;4
5527;4
5528;3
5529;13
5530;13
5531;4
5532;3
5533;4
5534;3
5535;4
5536;4
5537;2
5538;2
5539;2
5540;2
5541;3
5542;3
5543;2
5544;2
5545;2
5546;2
5547;3
5548;3
5549;2
5550;3
5551;3
5552;4
5553;3
5554;10
5555;3
5556;3
5557;4
5558;3
5559;3
5560;3
5561;3
5562;3
5563;2
5564;2
5565;3
5566;2
5567;3
5568;4
5569;17
5570;38
5571;0
5572;2
5573;2
5574;3
5575;3
5576;2
5577;2
5578;2
5579;4
5580;2
5581;2
5582;2
5583;2
5584;2
5585;2
5586;2
5587;3
5588;2
5589;3
5590;3
5591;3
5592;3
5593;3
5594;20
5595;20
5596;20
5597;3
5598;3
5599;3
5600;3
5601;3
5602;2
5603;3
5604;3
5605;2
5606;4
5607;2
5608;3
5609;3
5610;3
5611;2
5612;2
5613;3
5614;3
5615;3
5616;2
5617;2
5618;3
5619;3
5620;3
5621;4
5622;4
5623;17
5624;7
5625;7
5626;3
5627;3
5628;17
5629;3
5630;2
5631;2
5632;3
5633;7
5634;3
5635;2
5636;4
5637;2
5638;2
5639;2
5640;3
5641;3
5642;3
5643;3
5644;3
5645;2
5646;38
5647;3
5648;3
5649;4
5650;3
5651;3
5652;3
5653;2
5654;2
5655;3
5656;3
5657;3
5658;3
5659;42
5660;3
5661;17
5662;2
5663;2
5664;3
5665;2
5666;2
5667;2
5668;3
5669;3
5670;6
5671;6
5672;3
5673;3
5674;3
5675;2
5676;2
5677;2
5678;3
5679;2
5680;3
5681;0
5682;0
5683;6
5684;3
5685;3
5686;2
5687;2
5688;2
5689;3
5690;3
5691;3
5692;3
5693;3
5694;2
5695;2
5696;2
5697;16
5698;3
5699;4
5700;3
5701;2
5702;2
5703;2
5704;5
5705;4
5706;4
5707;3
5708;3
5709;3
5710;4
5711;37
5712;3
5713;3
5714;2
5715;2
5716;2
5717;2
5718;2
5719;3
5720;3
5721;2
5722;3
5723;3
5724;3
5725;3
5726;3
5727;3
5728;2
5729;3
5730;3
5731;3
5732;40
5733;3
5734;4
5735;0
5736;3
5737;4
5738;2
5739;2
5740;3
5741;3
5742;13
5743;3
5744;3
5745;3
5746;2
5747;12
5748;3
5749;2
5750;2
5751;2
5752;2
5753;3
5754;13
5755;3
5756;52
5757;4
5758;4
5759;3
5760;3
5761;3
5762;3
5763;4
5764;3
5765;3
5766;3
5767;3
5768;3
5769;3
5770;3
5771;2
5772;2
5773;3
5774;3
5775;3
5776;38
5777;3
5778;2
5779;2
5780;2
5781;3
5782;3
5783;2
5784;3
5785;3
5786;2
5787;3
5788;3
5789;3
5790;3
5791;2
5792;4
5793;3
5794;3
5795;4
5796;4
5797;2
5798;3
5799;3
5800;3
5801;3
5802;2
5803;6
5804;3
5805;3
5806;6
5807;2
5808;2
5809;3
5810;3
5811;3
5812;3
5813;3
5814;3
5815;3
5816;2
5817;4
5818;9
5819;7
5820;7
5821;3
5822;3
5823;3
5824;3
5825;3
5826;11
5827;3
5828;3
5829;2
5830;3
5831;3
5832;3
5833;17
5834;11
5835;4
5836;4
5837;10
5838;2
5839;2
5840;2
5841;3
5842;3
5843;3
5844;3
5845;3
5846;3
5847;3
5848;37
5849;2
5850;3
5851;3
5852;3
5853;3
5854;3
5855;3
5856;3
5857;2
5858;3
5859;3
5860;2
5861;2
5862;2
5863;35
5864;35
5865;35
5866;5
5867;3
5868;2
5869;3
5870;3
5871;3
5872;11
5873;2
5874;3
5875;3
5876;2
5877;7
5878;3
5879;3
5880;3
5881;0
5882;3
5883;10
5884;3
5885;4
5886;2
5887;2
5888;3
5889;4
5890;24
5891;3
5892;2
5893;3
5894;3
5895;23
5896;9
5897;3
5898;7
5899;3
5900;4
5901;3
5902;3
5903;3
5904;2
5905;7
5906;7
5907;3
5908;3
5909;3
5910;3
5911;3
5912;3
5913;22
5914;3
5915;2
5916;2
5917;2
5918;2
5919;2
5920;3
5921;3
5922;3
5923;2
5924;2
5925;3
5926;7
5927;3
5928;3
5929;3
5930;9
5931;4
5932;26
5933;3
5934;3
5935;4
5936;3
5937;3
5938;4
5939;2
5940;5
5941;5
5942;2
5943;2
5944;2
5945;2
5946;2
5947;2
5948;2
5949;3
5950;3
5951;3
5952;2
5953;3
5954;3
5955;2
5956;3
5957;2
5958;3
5959;3
5960;2
5961;10
5962;3
5963;2
5964;3
5965;3
5966;3
5967;2
5968;2
5969;2
5970;3
5971;3
5972;3
5973;39
5974;3
5975;3
5976;2
5977;3
5978;16
5979;3
5980;3
5981;3
5982;2
5983;2
5984;37
5985;3
5986;4
5987;20
5988;3
5989;37
5990;2
5991;2
5992;3
5993;0
5994;3
5995;3
5996;13
5997;2
5998;4
5999;4
6000;3
6001;3
6002;3
6003;2
6004;2
6005;38
6006;38
6007;2
6008;3
6009;3
6010;3
6011;2
6012;2
6013;2
6014;2
6015;2
6016;3
6017;3
6018;3
6019;3
6020;8
6021;2
6022;7
6023;2
6024;3
6025;2
6026;2
6027;2
6028;3
6029;3
6030;3
6031;11
6032;2
6033;2
6034;15
6035;2
6036;3
6037;2
6038;3
6039;3
6040;8
6041;2
6042;4
6043;2
6044;2
6045;2
6046;3
6047;3
6048;2
6049;3
6050;3
6051;8
6052;3
6053;3
6054;4
6055;2
6056;2
6057;6
6058;3
6059;3
6060;3
6061;3
6062;3
6063;3
6064;7
6065;3
6066;38
6067;38
6068;2
6069;3
6070;3
6071;3
6072;2
6073;2
6074;2
6075;2
6076;3
6077;2
6078;3
6079;2
6080;37
6081;37
6082;37
6083;2
6084;3
6085;2
6086;3
6087;3
6088;17
6089;3
6090;3
6091;3
6092;3
6093;3
6094;50
6095;3
6096;4
6097;2
6098;2
6099;3
6100;3
6101;3
6102;3
6103;3
6104;6
6105;3
6106;4
6107;2
6108;2
6109;2
6110;3
6111;2
6112;7
6113;7
6114;3
6115;4
6116;4
6117;2
6118;2
6119;2
6120;3
6121;2
6122;6
6123;4
6124;2
6125;2
6126;2
6127;4
6128;3
6129;2
6130;35
6131;3
6132;3
6133;6
6134;4
6135;2
6136;2
6137;2
6138;7
6139;3
6140;3
6141;2
6142;2
6143;2
6144;8
6145;2
6146;2
6147;2
6148;3
6149;3
6150;3
6151;3
6152;8
6153;8
6154;4
6155;2
6156;2
6157;2
6158;28
6159;28
6160;2
6161;3
6162;2
6163;2
6164;2
6165;2
6166;3
6167;4
6168;4
6169;6
6170;2
6171;12
6172;2
6173;2
6174;8
6175;8
6176;3
6177;3
6178;3
6179;3
6180;3
6181;3
6182;3
6183;3
6184;3
6185;3
6186;3
6187;12
6188;12
6189;2
6190;2
6191;3
6192;3
6193;2
6194;2
6195;39
6196;2
6197;3
6198;2
6199;7
6200;3
6201;11
6202;3
6203;3
6204;3
6205;13
6206;3
6207;4
6208;2
6209;2
6210;2
6211;2
6212;2
6213;3
6214;38
6215;38
6216;7
6217;7
6218;3
6219;3
6220;39
6221;6
6222;3
6223;20
6224;38
6225;38
6226;4
6227;2
6228;3
6229;3
6230;38
6231;4
6232;2
6233;3
6234;3
6235;3
6236;3
6237;3
6238;3
6239;11
6240;38
6241;3
6242;2
6243;2
6244;2
6245;3
6246;3
6247;2
6248;38
6249;24
6250;3
6251;2
6252;2
6253;3
6254;5
6255;3
6256;3
6257;6
6258;3
6259;21
6260;2
6261;2
6262;3
6263;19
6264;3
6265;3
6266;3
6267;11
6268;2
6269;14
6270;3
6271;2
6272;3
6273;2
6274;4
6275;36
6276;3
6277;3
6278;3
6279;38
6280;4
6281;4
6282;3
6283;2
6284;2
6285;37
6286;3
6287;3
6288;3
6289;2
6290;3
6291;3
6292;3
6293;2
6294;3
6295;3
6296;3
6297;36
6298;3
6299;2
6300;3
6301;3
6302;3
6303;7
6304;15
6305;3
6306;3
6307;3
6308;2
6309;2
6310;3
6311;3
6312;3
6313;3
6314;3
6315;3
6316;3
6317;3
6318;3
6319;2
6320;4
6321;2
6322;2
6323;4
6324;3
6325;3
6326;3
6327;3
6328;4
6329;4
6330;4
6331;2
6332;2
6333;2
6334;3
6335;2
6336;3
6337;2
6338;7
6339;3
6340;3
6341;4
6342;3
6343;2
6344;2
6345;2
6346;2
6347;2
6348;2
6349;4
6350;37
6351;3
6352;38
6353;13
6354;13
6355;3
6356;57
6357;38
6358;38
6359;3
6360;3
6361;7
6362;3
6363;2
6364;2
6365;2
6366;3
6367;2
6368;2
6369;2
6370;2
6371;2
6372;2
6373;42
6374;2
6375;12
6376;2
6377;10
6378;10
6379;3
6380;3
6381;3
6382;3
6383;7
6384;2
6385;2
6386;2
6387;2
6388;6
6389;3
6390;37
6391;2
6392;2
6393;3
6394;3
6395;3
6396;4
6397;3
6398;2
6399;60
6400;4
6401;4
6402;3
6403;3
6404;11
6405;3
6406;4
6407;3
6408;10
6409;3
6410;4
6411;3
6412;38
6413;44
6414;11
6415;5
6416;3
6417;3
6418;3
6419;15
6420;3
6421;3
6422;2
6423;3
6424;42
6425;12
6426;2
6427;2
6428;2
6429;2
6430;2
6431;38
6432;38
6433;3
6434;3
6435;3
6436;10
6437;2
6438;3
6439;3
6440;2
6441;3
6442;2
6443;2
6444;2
6445;3
6446;3
6447;3
6448;3
6449;2
6450;3
6451;4
6452;3
6453;3
6454;3
6455;3
6456;4
6457;3
6458;3
6459;3
6460;13
6461;13
6462;2
6463;2
6464;3
6465;3
6466;4
6467;2
6468;2
6469;2
6470;7
6471;5
6472;3
6473;3
6474;3
6475;3
6476;3
6477;3
6478;3
6479;3
6480;2
6481;3
6482;3
6483;3
6484;11
6485;2
6486;2
6487;3
6488;3
6489;10
6490;2
6491;3
6492;2
6493;3
6494;2
6495;2
6496;2
6497;2
6498;2
6499;3
6500;3
6501;2
6502;3
6503;2
6504;2
6505;2
6506;3
6507;3
6508;3
6509;2
6510;4
6511;16
6512;2
6513;2
6514;2
6515;3
6516;3
6517;4
6518;3
6519;3
6520;2
6521;3
6522;18
6523;3
6524;3
6525;4
6526;2
6527;3
6528;3
6529;3
6530;3
6531;4
6532;3
6533;3
6534;13
6535;4
6536;2
6537;10
6538;3
6539;2
6540;3
6541;3
6542;2
6543;3
6544;2
6545;2
6546;3
6547;2
6548;3
6549;3
6550;3
6551;2
6552;3
6553;3
6554;3
6555;3
6556;3
6557;3
6558;2
6559;2
6560;2
6561;3
6562;3
6563;2
6564;7
6565;3
6566;6
6567;3
6568;3
6569;2
6570;2
6571;2
6572;2
6573;2
6574;2
6575;13
6576;2
6577;2
6578;3
6579;3
6580;3
6581;3
6582;3
6583;3
6584;4
6585;4
6586;3
6587;3
6588;3
6589;10
6590;17
6591;3
6592;3
6593;3
6594;38
6595;7
6596;2
6597;3
6598;3
6599;4
6600;39
6601;39
6602;3
6603;3
6604;3
6605;3
6606;3
6607;3
6608;4
6609;3
6610;12
6611;7
6612;2
6613;2
6614;2
6615;2
6616;42
6617;42
6618;3
6619;3
6620;3
6621;3
6622;11
6623;11
6624;4
6625;4
6626;4
6627;4
6628;7
6629;3
6630;3
6631;3
6632;3
6633;3
6634;3
6635;7
6636;3
6637;3
6638;3
6639;4
6640;3
6641;2
6642;10
6643;3
6644;3
6645;3
6646;3
6647;35
6648;3
6649;3
6650;37
6651;2
6652;2
6653;2
6654;3
6655;3
6656;3
6657;3
6658;3
6659;2
6660;39
6661;3
6662;3
6663;3
6664;2
6665;2
6666;3
6667;4
6668;3
6669;3
6670;3
6671;8
6672;4
6673;3
6674;4
6675;2
6676;3
6677;3
6678;2
6679;7
6680;3
6681;3
6682;7
6683;2
6684;3
6685;3
6686;3
6687;2
6688;2
6689;2
6690;2
6691;3
6692;3
6693;2
6694;2
6695;2
6696;3
6697;2
6698;2
6699;3
6700;13
6701;4
6702;3
6703;2
6704;2
6705;2
6706;3
6707;3
6708;3
6709;2
6710;3
6711;10
6712;3
6713;3
6714;3
6715;2
6716;7
6717;7
6718;3
6719;2
6720;2
6721;2
6722;3
6723;2
6724;3
6725;8
6726;3
6727;41
6728;3
6729;2
6730;2
6731;3
6732;3
6733;3
6734;3
6735;3
6736;3
6737;4
6738;3
6739;3
6740;3
6741;3
6742;3
6743;2
6744;10
6745;3
6746;3
6747;3
6748;3
6749;4
6750;4
6751;4
6752;2
6753;2
6754;3
6755;3
6756;2
6757;3
6758;3
6759;2
6760;3
6761;3
6762;3
6763;3
6764;2
6765;2
6766;3
6767;3
6768;2
6769;2
6770;3
6771;3
6772;3
6773;7
6774;0
6775;4
6776;3
6777;3
6778;3
6779;3
6780;3
6781;10
6782;3
6783;2
6784;2
6785;2
6786;3
6787;2
6788;4
6789;4
6790;3
6791;3
6792;3
6793;4
6794;8
6795;8
6796;2
6797;3
6798;3
6799;3
6800;3
6801;3
6802;3
6803;24
6804;3
6805;35
6806;2
6807;2
6808;2
6809;4
6810;7
6811;3
6812;3
6813;3
6814;3
6815;2
6816;2
6817;2
6818;2
6819;3
6820;3
6821;3
6822;3
6823;17
6824;3
6825;3
6826;7
6827;48
6828;3
6829;2
6830;3
6831;4
6832;2
6833;2
6834;4
6835;3
6836;2
6837;2
6838;2
6839;2
6840;2
6841;3
6842;3
6843;3
6844;3
6845;3
6846;3
6847;17
6848;3
6849;2
6850;3
6851;43
6852;2
6853;2
6854;4
6855;4
6856;19
6857;2
6858;2
6859;2
6860;8
6861;8
6862;0
6863;39
6864;4
6865;4
6866;3
6867;4
6868;2
6869;2
6870;2
6871;2
6872;2
6873;4
6874;2
6875;3
6876;3
6877;3
6878;8
6879;2
6880;2
6881;3
6882;7
6883;7
6884;2
6885;2
6886;4
6887;4
6888;2
6889;3
6890;3
6891;3
6892;3
6893;4
6894;4
6895;3
6896;3
6897;3
6898;2
6899;3
6900;4
6901;37
6902;3
6903;3
6904;3
6905;3
6906;2
6907;3
6908;3
6909;3
6910;3
6911;3
6912;3
6913;7
6914;3
6915;4
6916;3
6917;3
6918;3
6919;4
6920;38
6921;4
6922;3
6923;3
6924;3
6925;3
6926;3
6927;2
6928;2
6929;2
6930;3
6931;3
6932;4
6933;4
6934;3
6935;4
6936;11
6937;3
6938;3
6939;2
6940;2
6941;3
6942;3
6943;2
6944;2
6945;2
6946;3
6947;2
6948;3
6949;3
6950;6
6951;3
6952;5
6953;6
6954;2
6955;2
6956;2
6957;3
6958;3
6959;2
6960;3
6961;3
6962;2
6963;10
6964;3
6965;3
6966;3
6967;2
6968;3
6969;36
6970;4
6971;20
6972;4
6973;2
6974;2
6975;2
6976;3
6977;2
6978;3
6979;12
6980;12
6981;12
6982;3
6983;3
6984;2
6985;3
6986;3
6987;3
6988;3
6989;3
6990;2
6991;10
6992;3
6993;2
6994;2
6995;9
6996;3
6997;3
6998;3
6999;3
7000;3
7001;3
7002;4
7003;3
7004;3
7005;3
7006;2
7007;3
7008;6
7009;3
7010;2
7011;3
7012;3
7013;2
7014;3
7015;3
7016;2
7017;2
7018;2
7019;2
7020;3
7021;3
7022;2
7023;2
7024;3
7025;3
7026;2
7027;4
7028;10
7029;2
7030;3
7031;3
7032;2
7033;3
7034;3
7035;3
7036;7
7037;3
7038;10
7039;24
7040;12
7041;2
7042;2
7043;4
7044;3
7045;3
7046;2
7047;2
7048;2
7049;4
7050;3
7051;3
7052;46
7053;2
7054;2
7055;3
7056;3
7057;3
7058;3
7059;2
7060;2
7061;2
7062;3
7063;3
7064;2
7065;19
7066;19
7067;7
7068;3
7069;2
7070;2
7071;3
7072;3
7073;3
7074;3
7075;3
7076;3
7077;3
7078;3
7079;10
7080;2
7081;2
7082;3
7083;4
7084;3
7085;3
7086;38
7087;38
7088;38
7089;24
7090;13
7091;0
7092;39
7093;20
7094;20
7095;3
7096;3
7097;3
7098;11
7099;4
7100;4
7101;4
7102;3
7103;7
7104;13
7105;13
7106;3
7107;3
7108;3
7109;2
7110;2
7111;2
7112;3
7113;3
7114;2
7115;2
7116;4
7117;4
7118;3
7119;3
7120;39
7121;11
7122;3
7123;2
7124;2
7125;2
7126;3
7127;3
7128;3
7129;3
7130;3
7131;4
7132;3
7133;3
7134;39
7135;3
7136;3
7137;3
7138;3
7139;3
7140;3
7141;2
7142;3
7143;7
7144;2
7145;3
7146;3
7147;3
7148;2
7149;2
7150;4
7151;4
7152;4
7153;13
7154;5
7155;2
7156;2
7157;6
7158;3
7159;3
7160;3
7161;2
7162;2
7163;2
7164;7
7165;3
7166;3
7167;2
7168;3
7169;3
7170;3
7171;3
7172;2
7173;2
7174;2
7175;2
7176;3
7177;3
7178;3
7179;7
7180;3
7181;6
7182;3
7183;3
7184;3
7185;3
7186;3
7187;8
7188;8
7189;2
7190;2
7191;3
7192;2
7193;39
7194;4
7195;2
7196;2
7197;3
7198;2
7199;14
7200;3
7201;3
7202;7
7203;16
7204;2
7205;4
7206;4
7207;11
7208;2
7209;3
7210;2
7211;3
7212;2
7213;3
7214;4
7215;3
7216;2
7217;2
7218;2
7219;2
7220;3
7221;3
7222;5
7223;3
7224;2
7225;41
7226;4
7227;2
7228;2
7229;2
7230;3
7231;3
7232;3
7233;39
7234;2
7235;2
7236;3
7237;2
7238;4
7239;2
7240;4
7241;4
7242;4
7243;3
7244;2
7245;2
7246;2
7247;3
7248;3
7249;3
7250;2
7251;2
7252;2
7253;37
7254;37
7255;37
7256;2
7257;3
7258;3
7259;3
7260;7
7261;2
7262;3
7263;2
7264;2
7265;3
7266;2
7267;2
7268;3
7269;3
7270;37
7271;3
7272;2
7273;2
7274;4
7275;7
7276;3
7277;3
7278;3
7279;3
7280;3
7281;3
7282;6
7283;2
7284;37
7285;2
7286;2
7287;2
7288;2
7289;17
7290;3
7291;3
7292;3
7293;3
7294;3
7295;3
7296;3
7297;3
7298;3
7299;3
7300;2
7301;3
7302;3
7303;42
7304;3
7305;2
7306;3
7307;3
7308;3
7309;3
7310;8
7311;2
7312;3
7313;3
7314;3
7315;2
7316;2
7317;2
7318;2
7319;6
7320;3
7321;3
7322;3
7323;39
7324;3
7325;2
7326;2
7327;2
7328;3
7329;3
7330;3
7331;3
7332;3
7333;3
7334;3
7335;3
7336;19
7337;2
7338;2
7339;3
7340;39
7341;10
7342;10
7343;3
7344;3
7345;2
7346;2
7347;3
7348;3
7349;2
7350;2
7351;3
7352;2
7353;3
7354;3
7355;3
7356;2
7357;8
7358;3
7359;38
7360;2
7361;2
7362;3
7363;2
7364;24
7365;3
7366;2
7367;3
7368;3
7369;10
7370;3
7371;15
7372;11
7373;3
7374;3
7375;3
7376;3
7377;16
7378;6
7379;3
7380;4
7381;4
7382;6
7383;3
7384;6
7385;6
7386;3
7387;3
7388;38
7389;3
7390;2
7391;3
7392;3
7393;3
7394;3
7395;38
7396;3
7397;2
7398;3
7399;38
7400;4
7401;3
7402;4
7403;3
7404;6
7405;2
7406;13
7407;6
7408;3
7409;2
7410;2
7411;4
7412;4
7413;2
7414;2
7415;3
7416;3
7417;13
7418;4
7419;3
7420;3
7421;3
7422;2
7423;3
7424;2
7425;2
7426;4
7427;3
7428;12
7429;3
7430;3
7431;3
7432;2
7433;2
7434;3
7435;2
7436;39
7437;3
7438;3
7439;3
7440;3
7441;11
7442;2
7443;3
7444;3
7445;3
7446;3
7447;3
7448;36
7449;2
7450;2
7451;3
7452;3
7453;2
7454;2
7455;3
7456;3
7457;4
7458;3
7459;3
7460;2
7461;39
7462;4
7463;2
7464;37
7465;3
7466;3
7467;11
7468;3
7469;4
7470;7
7471;7
7472;3
7473;3
7474;3
7475;3
7476;4
7477;2
7478;4
7479;3
7480;3
7481;3
7482;3
7483;3
7484;2
7485;2
7486;39
7487;3
7488;3
7489;2
7490;3
7491;3
7492;3
7493;3
7494;37
7495;2
7496;2
7497;3
7498;3
7499;3
7500;4
7501;4
7502;9
7503;5
7504;3
7505;3
7506;3
7507;2
7508;3
7509;4
7510;3
7511;3
7512;37
7513;37
7514;37
7515;6
7516;6
7517;3
7518;3
7519;3
7520;3
7521;3
7522;3
7523;2
7524;3
7525;4
7526;3
7527;13
7528;2
7529;3
7530;3
7531;2
7532;2
7533;2
7534;3
7535;3
7536;3
7537;3
7538;39
7539;3
7540;7
7541;3
7542;3
7543;3
7544;3
7545;3
7546;19
7547;2
7548;2
7549;4
7550;3
7551;3
7552;2
7553;2
7554;2
7555;2
7556;9
7557;2
7558;2
7559;2
7560;4
7561;37
7562;3
7563;2
7564;2
7565;38
7566;3
7567;4
7568;3
7569;3
7570;3
7571;3
7572;4
7573;2
7574;3
7575;5
7576;7
7577;3
7578;3
7579;2
7580;3
7581;7
7582;7
7583;3
7584;3
7585;3
7586;3
7587;36
7588;3
7589;3
7590;3
7591;3
7592;2
7593;2
7594;2
7595;3
7596;3
7597;3
7598;13
7599;4
7600;4
7601;3
7602;3
7603;4
7604;20
7605;20
7606;4
7607;4
7608;7
7609;7
7610;3
7611;3
7612;8
7613;3
7614;3
7615;3
7616;3
7617;3
7618;6
7619;4
7620;18
7621;6
7622;3
7623;3
7624;2
7625;2
7626;2
7627;2
7628;39
7629;2
7630;2
7631;2
7632;2
7633;2
7634;3
7635;6
7636;39
7637;2
7638;4
7639;2
7640;3
7641;3
7642;3
7643;7
7644;4
7645;4
7646;3
7647;3
7648;3
7649;8
7650;2
7651;2
7652;2
7653;2
7654;2
7655;2
7656;3
7657;3
7658;2
7659;7
7660;3
7661;3
7662;3
7663;3
7664;2
7665;2
7666;6
7667;38
7668;4
7669;4
7670;3
7671;2
7672;37
7673;19
7674;7
7675;7
7676;3
7677;3
7678;2
7679;2
7680;4
7681;37
7682;3
7683;10
7684;2
7685;3
7686;2
7687;2
7688;2
7689;2
7690;3
7691;3
7692;3
7693;11
7694;2
7695;2
7696;2
7697;2
7698;3
7699;2
7700;3
7701;13
7702;4
7703;2
7704;2
7705;3
7706;3
7707;3
7708;0
7709;2
7710;7
7711;3
7712;2
7713;3
7714;2
7715;3
7716;3
7717;2
7718;3
7719;3
7720;3
7721;2
7722;2
7723;4
7724;2
7725;3
7726;3
7727;13
7728;4
7729;4
7730;6
7731;3
7732;3
7733;2
7734;38
7735;7
7736;3
7737;3
7738;3
7739;4
7740;4
7741;9
7742;2
7743;2
7744;2
7745;2
7746;3
7747;3
7748;3
7749;3
7750;7
7751;3
7752;3
7753;3
7754;4
7755;3
7756;3
7757;3
7758;2
7759;2
7760;2
7761;2
7762;2
7763;2
7764;2
7765;11
7766;3
7767;3
7768;3
7769;3
7770;3
7771;3
7772;3
7773;3
7774;2
7775;2
7776;4
7777;2
7778;2
7779;2
7780;4
7781;39
7782;0
7783;2
7784;3
7785;3
7786;3
7787;3
7788;3
7789;4
7790;4
7791;3
7792;3
7793;7
7794;7
7795;2
7796;4
7797;4
7798;2
7799;37
7800;10
7801;4
7802;5
7803;3
7804;3
7805;4
7806;18
7807;3
7808;2
7809;2
7810;3
7811;2
7812;39
7813;3
7814;2
7815;2
7816;2
7817;2
7818;3
7819;3
7820;2
7821;15
7822;3
7823;2
7824;2
7825;3
7826;3
7827;2
7828;39
7829;3
7830;3
7831;3
7832;2
7833;2
7834;2
7835;2
7836;12
7837;7
7838;4
7839;4
7840;2
7841;38
7842;51
7843;51
7844;3
7845;3
7846;2
7847;2
7848;2
7849;3
7850;4
7851;3
7852;2
7853;2
7854;4
7855;37
7856;3
7857;7
7858;10
7859;3
7860;3
7861;37
7862;3
7863;4
7864;7
7865;7
7866;2
7867;2
7868;2
7869;3
7870;2
7871;3
7872;42
7873;3
7874;2
7875;2
7876;2
7877;7
7878;38
7879;2
7880;4
7881;2
7882;3
7883;3
7884;3
7885;2
7886;2
7887;3
7888;5
7889;4
7890;4
7891;3
7892;35
7893;3
7894;3
7895;3
7896;3
7897;3
7898;3
7899;38
7900;2
7901;2
7902;2
7903;2
7904;3
7905;2
7906;3
7907;3
7908;17
7909;3
7910;3
7911;2
7912;6
7913;6
7914;3
7915;3
7916;11
7917;4
7918;4
7919;3
7920;4
7921;3
7922;3
7923;13
7924;13
7925;3
7926;3
7927;4
7928;3
7929;2
7930;2
7931;20
7932;3
7933;3
7934;2
7935;3
7936;2
7937;3
7938;2
7939;2
7940;6
7941;2
7942;2
7943;2
7944;2
7945;4
7946;3
7947;3
7948;3
7949;3
7950;3
7951;3
7952;3
7953;3
7954;4
7955;17
7956;2
7957;2
7958;37
7959;37
7960;4
7961;2
7962;3
7963;3
7964;3
7965;3
7966;3
7967;3
7968;3
7969;4
7970;4
7971;4
7972;2
7973;2
7974;5
7975;3
7976;2
7977;3
7978;3
7979;3
7980;3
7981;2
7982;2
7983;2
7984;3
7985;4
7986;2
7987;3
7988;3
7989;2
7990;3
7991;2
7992;2
7993;3
7994;3
7995;7
7996;3
7997;3
7998;3
7999;3
8000;3
8001;3
8002;14
8003;4
8004;3
8005;5
8006;3
8007;3
8008;3
8009;2
8010;2
8011;2
8012;4
8013;39
8014;3
8015;3
8016;3
8017;3
8018;3
8019;3
8020;3
8021;3
8022;3
8023;2
8024;2
8025;3
8026;16
8027;38
8028;3
8029;3
8030;3
8031;3
8032;3
8033;3
8034;2
8035;2
8036;2
8037;3
8038;3
8039;2
8040;2
8041;3
8042;3
8043;3
8044;10
8045;2
8046;2
8047;3
8048;3
8049;4
8050;4
8051;3
8052;2
8053;3
8054;3
8055;3
8056;2
8057;3
8058;3
8059;3
8060;3
8061;2
8062;2
8063;2
8064;2
8065;2
8066;39
8067;3
8068;3
8069;8
8070;2
8071;3
8072;3
8073;4
8074;3
8075;2
8076;2
8077;3
8078;3
8079;3
8080;3
8081;3
8082;3
8083;3
8084;3
8085;3
8086;3
8087;3
8088;3
8089;37
8090;37
8091;2
8092;4
8093;17
8094;17
8095;3
8096;76
8097;76
8098;2
8099;2
8100;3
8101;18
8102;3
8103;3
8104;3
8105;2
8106;2
8107;3
8108;4
8109;2
8110;2
8111;2
8112;2
8113;2
8114;2
8115;8
8116;3
8117;3
8118;3
8119;3
8120;13
8121;2
8122;2
8123;3
8124;3
8125;3
8126;43
8127;3
8128;3
8129;3
8130;38
8131;8
8132;3
8133;3
8134;2
8135;2
8136;2
8137;0
8138;3
8139;3
8140;3
8141;16
8142;2
8143;2
8144;2
8145;3
8146;3
8147;3
8148;3
8149;3
8150;2
8151;2
8152;2
8153;3
8154;3
8155;3
8156;3
8157;2
8158;2
8159;5
8160;3
8161;3
8162;3
8163;3
8164;3
8165;3
8166;3
8167;2
8168;3
8169;3
8170;3
8171;3
8172;2
8173;2
8174;2
8175;3
8176;70
8177;3
8178;4
8179;3
8180;3
8181;2
8182;3
8183;3
8184;2
8185;2
8186;2
8187;3
8188;3
8189;3
8190;3
8191;2
8192;3
8193;36
8194;2
8195;3
8196;2
8197;3
8198;38
8199;10
8200;2
8201;2
8202;2
8203;3
8204;3
8205;5
8206;3
8207;3
8208;7
8209;20
8210;20
8211;3
8212;38
8213;20
8214;3
8215;3
8216;3
8217;3
8218;2
8219;50
8220;37
8221;5
8222;3
8223;3
8224;6
8225;3
8226;3
8227;2
8228;39
8229;3
8230;3
8231;3
8232;2
8233;9
8234;3
8235;3
8236;3
8237;3
8238;2
8239;2
8240;2
8241;3
8242;3
8243;3
8244;3
8245;3
8246;3
8247;3
8248;2
8249;2
8250;4
8251;3
8252;3
8253;3
8254;19
8255;2
8256;2
8257;3
8258;38
8259;3
8260;3
8261;2
8262;2
8263;2
8264;3
8265;3
8266;3
8267;38
8268;56
8269;2
8270;2
8271;3
8272;2
8273;4
8274;14
8275;3
8276;3
8277;3
8278;3
8279;3
8280;3
8281;3
8282;2
8283;3
8284;3
8285;3
8286;5
8287;3
8288;2
8289;2
8290;10
8291;3
8292;2
8293;3
8294;3
8295;2
8296;16
8297;2
8298;2
8299;2
8300;2
8301;2
8302;4
8303;3
8304;3
8305;4
8306;5
8307;38
8308;45
8309;2
8310;3
8311;3
8312;2
8313;25
8314;7
8315;7
8316;3
8317;3
8318;17
8319;3
8320;3
8321;3
8322;3
8323;3
8324;2
8325;2
8326;2
8327;2
8328;2
8329;7
8330;2
8331;2
8332;2
8333;3
8334;3
8335;3
8336;3
8337;3
8338;3
8339;3
8340;3
8341;2
8342;2
8343;2
8344;3
8345;3
8346;3
8347;2
8348;3
8349;38
8350;3
8351;3
8352;6
8353;2
8354;3
8355;2
8356;3
8357;3
8358;4
8359;4
8360;3
8361;3
8362;3
8363;10
8364;5
8365;5
8366;3
8367;2
8368;3
8369;2
8370;3
8371;3
8372;3
8373;3
8374;3
8375;3
8376;2
8377;3
8378;3
8379;3
8380;3
8381;3
8382;3
8383;3
8384;3
8385;3
8386;3
8387;6
8388;16
8389;3
8390;3
8391;3
8392;2
8393;3
8394;3
8395;9
8396;8
8397;3
8398;2
8399;20
8400;37
8401;37
8402;2
8403;2
8404;2
8405;3
8406;3
8407;3
8408;3
8409;3
8410;3
8411;3
8412;3
8413;3
8414;3
8415;4
8416;7
8417;7
8418;3
8419;4
8420;37
8421;37
8422;3
8423;8
8424;3
8425;3
8426;6
8427;6
8428;3
8429;4
8430;18
8431;46
8432;3
8433;3
8434;2
8435;3
8436;3
8437;2
8438;2
8439;2
8440;3
8441;3
8442;2
8443;3
8444;3
8445;3
8446;3
8447;2
8448;3
8449;7
8450;3
8451;2
8452;14
8453;4
8454;4
8455;3
8456;3
8457;2
8458;4
8459;2
8460;3
8461;3
8462;5
8463;3
8464;4
8465;3
8466;3
8467;3
8468;35
8469;3
8470;10
8471;38
8472;3
8473;2
8474;3
8475;5
8476;3
8477;2
8478;3
8479;2
8480;2
8481;2
8482;2
8483;7
8484;38
8485;38
8486;3
8487;2
8488;3
8489;3
8490;3
8491;3
8492;3
8493;4
8494;0
8495;2
8496;2
8497;2
8498;2
8499;2
8500;2
8501;3
8502;3
8503;3
8504;3
8505;12
8506;4
8507;2
8508;2
8509;2
8510;2
8511;2
8512;3
8513;3
8514;3
8515;16
8516;3
8517;3
8518;3
8519;2
8520;2
8521;4
8522;2
8523;3
8524;3
8525;53
8526;2
8527;2
8528;4
8529;3
8530;4
8531;3
8532;2
8533;2
8534;2
8535;2
8536;2
8537;7
8538;3
8539;4
8540;12
8541;7
8542;46
8543;38
8544;38
8545;38
8546;3
8547;4
8548;3
8549;3
8550;3
8551;3
8552;16
8553;0
8554;3
8555;13
8556;6
8557;2
8558;2
8559;2
8560;3
8561;3
8562;10
8563;3
8564;3
8565;3
8566;3
8567;3
8568;3
8569;2
8570;2
8571;3
8572;3
8573;3
8574;3
8575;3
8576;3
8577;6
8578;37
8579;7
8580;7
8581;2
8582;5
8583;3
8584;3
8585;3
8586;7
8587;48
8588;3
8589;3
8590;3
8591;5
8592;12
8593;3
8594;3
8595;7
8596;2
8597;7
8598;3
8599;2
8600;3
8601;4
8602;0
8603;3
8604;3
8605;3
8606;3
8607;7
8608;3
8609;3
8610;4
8611;2
8612;2
8613;4
8614;3
8615;2
8616;3
8617;2
8618;2
8619;3
8620;3
8621;2
8622;3
8623;3
8624;2
8625;2
8626;3
8627;3
8628;3
8629;0
8630;3
8631;2
8632;3
8633;50
8634;3
8635;3
8636;3
8637;3
8638;4
8639;2
8640;2
8641;2
8642;2
8643;3
8644;4
8645;3
8646;3
8647;16
8648;3
8649;3
8650;2
8651;2
8652;2
8653;2
8654;4
8655;3
8656;3
8657;3
8658;3
8659;3
8660;3
8661;2
8662;2
8663;2
8664;3
8665;3
8666;3
8667;3
8668;2
8669;2
8670;2
8671;3
8672;0
8673;0
8674;3
8675;3
8676;7
8677;3
8678;13
8679;3
8680;2
8681;2
8682;41
8683;41
8684;6
8685;3
8686;38
8687;3
8688;3
8689;3
8690;3
8691;2
8692;3
8693;3
8694;3
8695;3
8696;2
8697;4
8698;4
8699;3
8700;36
8701;3
8702;3
8703;2
8704;2
8705;2
8706;3
8707;3
8708;2
8709;0
8710;3
8711;3
8712;3
8713;3
8714;2
8715;2
8716;2
8717;24
8718;2
8719;3
8720;7
8721;12
8722;3
8723;3
8724;3
8725;3
8726;2
8727;39
8728;3
8729;2
8730;2
8731;2
8732;2
8733;3
8734;3
8735;3
8736;21
8737;21
8738;21
8739;43
8740;4
8741;4
8742;38
8743;3
8744;17
8745;3
8746;3
8747;3
8748;3
8749;3
8750;3
8751;3
8752;3
8753;2
8754;3
8755;3
8756;2
8757;2
8758;3
8759;14
8760;3
8761;3
8762;2
8763;37
8764;2
8765;3
8766;4
8767;17
8768;17
8769;6
8770;2
8771;3
8772;2
8773;17
8774;8
8775;8
8776;2
8777;3
8778;3
8779;6
8780;2
8781;2
8782;3
8783;3
8784;11
8785;2
8786;3
8787;3
8788;3
8789;2
8790;2
8791;2
8792;2
8793;2
8794;2
8795;3
8796;2
8797;2
8798;4
8799;3
8800;3
8801;2
8802;2
8803;3
8804;3
8805;5
8806;3
8807;3
8808;2
8809;2
8810;2
8811;6
8812;6
8813;3
8814;3
8815;4
8816;2
8817;2
8818;12
8819;2
8820;3
8821;2
8822;39
8823;3
8824;3
8825;3
8826;6
8827;3
8828;7
8829;7
8830;7
8831;4
8832;6
8833;3
8834;3
8835;3
8836;2
8837;2
8838;5
8839;4
8840;3
8841;3
8842;3
8843;3
8844;4
8845;7
8846;3
8847;2
8848;2
8849;2
8850;3
8851;20
8852;2
8853;2
8854;2
8855;2
8856;38
8857;3
8858;3
8859;3
8860;4
8861;14
8862;3
8863;3
8864;3
8865;3
8866;2
8867;3
8868;3
8869;3
8870;3
8871;2
8872;3
8873;4
8874;2
8875;2
8876;2
8877;3
8878;4
8879;3
8880;3
8881;3
8882;3
8883;3
8884;4
8885;3
8886;3
8887;3
8888;4
8889;4
8890;4
8891;3
8892;3
8893;3
8894;9
8895;3
8896;3
8897;3
8898;3
8899;3
8900;3
8901;3
8902;2
8903;2
8904;3
8905;2
8906;4
8907;38
8908;2
8909;2
8910;3
8911;4
8912;2
8913;3
8914;3
8915;2
8916;3
8917;3
8918;3
8919;3
8920;2
8921;2
8922;2
8923;3
8924;2
8925;2
8926;2
8927;10
8928;3
8929;37
8930;3
8931;3
8932;2
8933;14
8934;2
8935;2
8936;2
8937;12
8938;3
8939;4
8940;3
8941;3
8942;3
8943;3
8944;3
8945;3
8946;3
8947;3
8948;3
8949;14
8950;2
8951;2
8952;2
8953;2
8954;2
8955;3
8956;42
8957;9
8958;3
8959;3
8960;4
8961;3
8962;3
8963;3
8964;2
8965;3
8966;3
8967;2
8968;3
8969;3
8970;2
8971;2
8972;3
8973;5
8974;5
8975;4
8976;14
8977;2
8978;2
8979;3
8980;2
8981;2
8982;4
8983;2
8984;11
8985;2
8986;11
8987;3
8988;3
8989;3
8990;3
8991;2
8992;2
8993;3
8994;3
8995;2
8996;4
8997;3
8998;3
8999;9
9000;0
9001;3
9002;3
9003;3
9004;3
9005;7
9006;3
9007;7
9008;3
9009;3
9010;2
9011;2
9012;2
9013;3
9014;3
9015;3
9016;3
9017;2
9018;3
9019;3
9020;3
9021;16
9022;3
9023;3
9024;3
9025;11
9026;0
9027;3
9028;3
9029;4
9030;3
9031;13
9032;13
9033;3
9034;3
9035;38
9036;3
9037;4
9038;3
9039;3
9040;38
9041;3
9042;3
9043;8
9044;2
9045;3
9046;3
9047;2
9048;2
9049;2
9050;3
9051;3
9052;4
9053;2
9054;24
9055;2
9056;2
9057;3
9058;3
9059;6
9060;3
9061;3
9062;39
9063;3
9064;6
9065;2
9066;3
9067;2
9068;2
9069;3
9070;3
9071;2
9072;3
9073;3
9074;4
9075;2
9076;2
9077;2
9078;2
9079;2
9080;2
9081;2
9082;2
9083;3
9084;2
9085;2
9086;3
9087;3
9088;2
9089;3
9090;3
9091;4
9092;3
9093;2
9094;3
9095;3
9096;8
9097;8
9098;7
9099;3
9100;4
9101;3
9102;3
9103;3
9104;3
9105;3
9106;2
9107;3
9108;17
9109;3
9110;3
9111;2
9112;2
9113;2
9114;3
9115;3
9116;3
9117;3
9118;6
9119;3
9120;2
9121;2
9122;2
9123;2
9124;3
9125;2
9126;2
9127;39
9128;3
9129;2
9130;3
9131;3
9132;3
9133;13
9134;2
9135;7
9136;7
9137;3
9138;3
9139;2
9140;2
9141;3
9142;3
9143;3
9144;13
9145;2
9146;3
9147;7
9148;2
9149;2
9150;2
9151;3
9152;20
9153;2
9154;3
9155;2
9156;3
9157;3
9158;3
9159;3
9160;3
9161;3
9162;3
9163;12
9164;3
9165;3
9166;4
9167;4
9168;3
9169;2
9170;2
9171;3
9172;3
9173;3
9174;2
9175;3
9176;3
9177;2
9178;2
9179;3
9180;8
9181;3
9182;7
9183;3
9184;2
9185;2
9186;2
9187;19
9188;2
9189;2
9190;3
9191;3
9192;3
9193;3
9194;2
9195;4
9196;4
9197;4
9198;3
9199;7
9200;7
9201;10
9202;3
9203;3
9204;3
9205;2
9206;6
9207;3
9208;3
9209;3
9210;4
9211;26
9212;4
9213;4
9214;3
9215;3
9216;3
9217;3
9218;2
9219;3
9220;4
9221;3
9222;2
9223;9
9224;3
9225;2
9226;3
9227;3
9228;11
9229;3
9230;3
9231;3
9232;4
9233;38
9234;2
9235;2
9236;3
9237;4
9238;2
9239;2
9240;2
9241;6
9242;3
9243;8
9244;3
9245;3
9246;3
9247;3
9248;4
9249;4
9250;3
9251;2
9252;2
9253;3
9254;2
9255;3
9256;21
9257;4
9258;4
9259;3
9260;3
9261;2
9262;3
9263;2
9264;2
9265;2
9266;3
9267;3
9268;3
9269;3
9270;3
9271;3
9272;3
9273;2
9274;2
9275;2
9276;3
9277;3
9278;2
9279;3
9280;38
9281;2
9282;14
9283;14
9284;14
9285;3
9286;2
9287;3
9288;3
9289;4
9290;2
9291;4
9292;3
9293;3
9294;3
9295;2
9296;2
9297;2
9298;3
9299;3
9300;3
9301;3
9302;3
9303;4
9304;3
9305;3
9306;7
9307;3
9308;2
9309;2
9310;2
9311;2
9312;51
9313;3
9314;3
9315;13
9316;7
9317;7
9318;3
9319;3
9320;3
9321;3
9322;2
9323;10
9324;3
9325;2
9326;3
9327;3
9328;36
9329;3
9330;3
9331;3
9332;3
9333;4
9334;9
9335;3
9336;4
9337;3
9338;3
9339;0
9340;7
9341;3
9342;3
9343;39
9344;3
9345;3
9346;3
9347;3
9348;3
9349;3
9350;51
9351;3
9352;3
9353;3
9354;17
9355;3
9356;3
9357;38
9358;38
9359;2
9360;2
9361;5
9362;39
9363;3
9364;2
9365;3
9366;3
9367;7
9368;7
9369;15
9370;3
9371;3
9372;11
9373;11
9374;2
9375;4
9376;3
9377;3
9378;3
9379;4
9380;39
9381;3
9382;3
9383;3
9384;3
9385;4
9386;2
9387;4
9388;3
9389;3
9390;3
9391;3
9392;4
9393;4
9394;3
9395;3
9396;3
9397;3
9398;2
9399;3
9400;3
9401;42
9402;42
9403;2
9404;2
9405;3
9406;3
9407;2
9408;2
9409;2
9410;2
9411;2
9412;3
9413;3
9414;3
9415;2
9416;2
9417;3
9418;3
9419;3
9420;10
9421;3
9422;4
9423;3
9424;3
9425;3
9426;7
9427;2
9428;3
9429;2
9430;2
9431;7
9432;3
9433;4
9434;4
9435;4
9436;4
9437;2
9438;3
9439;2
9440;2
9441;2
9442;2
9443;2
9444;2
9445;3
9446;3
9447;3
9448;3
9449;2
9450;7
9451;7
9452;2
9453;2
9454;2
9455;3
9456;3
9457;3
9458;3
9459;37
9460;4
9461;3
9462;11
9463;3
9464;2
9465;2
9466;2
9467;2
9468;2
9469;4
9470;3
9471;6
9472;6
9473;2
9474;11
9475;44
9476;37
9477;3
9478;3
9479;3
9480;3
9481;3
9482;3
9483;3
9484;11
9485;3
9486;3
9487;3
9488;2
9489;4
9490;3
9491;3
9492;2
9493;2
9494;2
9495;3
9496;3
9497;3
9498;3
9499;3
9500;39
9501;5
9502;5
9503;3
9504;3
9505;3
9506;2
9507;3
9508;12
9509;10
9510;3
9511;2
9512;2
9513;2
9514;4
9515;3
9516;3
9517;3
9518;3
9519;3
9520;3
9521;6
9522;38
9523;38
9524;38
9525;3
9526;2
9527;2
9528;2
9529;3
9530;2
9531;7
9532;2
9533;2
9534;4
9535;3
9536;2
9537;2
9538;2
9539;35
9540;4
9541;4
9542;2
9543;3
9544;3
9545;3
9546;3
9547;4
9548;2
9549;3
9550;3
9551;3
9552;2
9553;2
9554;7
9555;2
9556;4
9557;3
9558;2
9559;3
9560;3
9561;3
9562;3
9563;3
9564;4
9565;11
9566;2
9567;2
9568;3
9569;3
9570;2
9571;3
9572;3
9573;3
9574;3
9575;22
9576;2
9577;2
9578;2
9579;5
9580;3
9581;3
9582;3
9583;3
9584;2
9585;3
9586;4
9587;3
9588;7
9589;6
9590;3
9591;4
9592;3
9593;3
9594;3
9595;4
9596;3
9597;3
9598;3
9599;10
9600;2
9601;2
9602;7
9603;15
9604;4
9605;3
9606;3
9607;11
9608;3
9609;3
9610;39
9611;6
9612;6
9613;2
9614;3
9615;9
9616;2
9617;2
9618;3
9619;2
9620;2
9621;3
9622;3
9623;3
9624;3
9625;3
9626;4
9627;4
9628;2
9629;3
9630;3
9631;3
9632;3
9633;2
9634;2
9635;2
9636;4
9637;3
9638;3
9639;7
9640;3
9641;3
9642;3
9643;2
9644;3
9645;2
9646;3
9647;3
9648;3
9649;3
9650;3
9651;3
9652;2
9653;2
9654;3
9655;3
9656;48
9657;3
9658;2
9659;3
9660;3
9661;3
9662;2
9663;2
9664;3
9665;7
9666;3
9667;3
9668;3
9669;2
9670;6
9671;7
9672;4
9673;4
9674;4
9675;2
9676;16
9677;2
9678;2
9679;3
9680;3
9681;3
9682;3
9683;2
9684;38
9685;19
9686;2
9687;2
9688;3
9689;3
9690;3
9691;3
9692;2
9693;3
9694;2
9695;3
9696;4
9697;3
9698;3
9699;37
9700;37
9701;37
9702;3
9703;3
9704;3
9705;3
9706;3
9707;3
9708;39
9709;2
9710;3
9711;3
9712;3
9713;2
9714;2
9715;6
9716;3
9717;4
9718;42
9719;3
9720;2
9721;3
9722;2
9723;3
9724;3
9725;3
9726;3
9727;3
9728;3
9729;2
9730;4
9731;3
9732;3
9733;4
9734;3
9735;2
9736;2
9737;3
9738;2
9739;2
9740;3
9741;3
9742;2
9743;35
9744;3
9745;2
9746;3
9747;3
9748;18
9749;6
9750;3
9751;3
9752;22
9753;22
9754;2
9755;3
9756;3
9757;11
9758;36
9759;3
9760;3
9761;13
9762;2
9763;3
9764;2
9765;3
9766;3
9767;7
9768;2
9769;2
9770;3
9771;2
9772;2
9773;3
9774;3
9775;2
9776;2
9777;2
9778;4
9779;4
9780;3
9781;3
9782;2
9783;6
9784;3
9785;2
9786;3
9787;3
9788;14
9789;3
9790;3
9791;3
9792;3
9793;37
9794;3
9795;3
9796;4
9797;3
9798;3
9799;3
9800;3
9801;3
9802;2
9803;3
9804;3
9805;3
9806;3
9807;3
9808;9
9809;9
9810;2
9811;3
9812;3
9813;3
9814;3
9815;4
9816;2
9817;2
9818;4
9819;3
9820;3
9821;3
9822;3
9823;2
9824;3
9825;3
9826;2
9827;2
9828;4
9829;4
9830;3
9831;3
9832;3
9833;3
9834;2
9835;3
9836;2
9837;2
9838;3
9839;2
9840;2
9841;4
9842;2
9843;2
9844;2
9845;7
9846;2
9847;7
9848;2
9849;2
9850;14
9851;3
9852;3
9853;3
9854;3
9855;37
9856;2
9857;2
9858;3
9859;3
9860;3
9861;3
9862;4
9863;2
9864;16
9865;3
9866;3
9867;3
9868;3
9869;2
9870;2
9871;3
9872;3
9873;3
9874;3
9875;3
9876;3
9877;38
9878;3
9879;3
9880;3
9881;3
9882;6
9883;4
9884;2
9885;2
9886;3
9887;2
9888;2
9889;2
9890;3
9891;3
9892;3
9893;2
9894;4
9895;3
9896;3
9897;7
9898;3
9899;3
9900;2
9901;4
9902;35
9903;35
9904;19
9905;3
9906;3
9907;3
9908;3
9909;2
9910;3
9911;3
9912;3
9913;3
9914;2
9915;2
9916;2
9917;3
9918;2
9919;3
9920;4
9921;3
9922;13
9923;2
9924;3
9925;24
9926;3
9927;2
9928;42
9929;3
9930;3
9931;3
9932;3
9933;2
9934;2
9935;3
9936;2
9937;3
9938;3
9939;11
9940;2
9941;3
9942;3
9943;3
9944;2
9945;3
9946;39
9947;38
9948;2
9949;3
9950;15
9951;2
9952;4
9953;38
9954;3
9955;2
9956;3
9957;3
9958;2
9959;3
9960;3
9961;3
9962;3
9963;14
9964;2
9965;3
9966;2
9967;2
9968;2
9969;37
9970;3
9971;3
9972;10
9973;3
9974;3
9975;3
9976;3
9977;4
9978;3
9979;3
9980;2
9981;10
9982;3
9983;3
9984;3
9985;3
9986;3
9987;3
9988;3
9989;3
9990;3
9991;3
9992;3
9993;3
9994;3
9995;3
9996;3
9997;2
9998;3
9999;3
10000;2
10001;15
10002;3
10003;3
10004;3
10005;3
10006;3
10007;4
10008;57
10009;57
10010;3
10011;3
10012;3
10013;2
10014;3
10015;2
10016;3
10017;3
10018;3
10019;2
10020;2
10021;2
10022;2
10023;3
10024;3
10025;3
10026;2
10027;2
10028;2
10029;3
10030;3
10031;3
10032;3
10033;5
10034;5
10035;5
10036;3
10037;3
10038;3
10039;3
10040;3
10041;3
10042;2
10043;2
10044;3
10045;3
10046;3
10047;2
10048;37
10049;37
10050;37
10051;2
10052;50
10053;3
10054;3
10055;3
10056;72
10057;3
10058;3
10059;3
10060;3
10061;10
10062;3
10063;2
10064;2
10065;42
10066;23
10067;3
10068;3
10069;2
10070;6
10071;3
10072;3
10073;6
10074;6
10075;3
10076;2
10077;3
10078;4
10079;3
10080;4
10081;3
10082;2
10083;15
10084;2
10085;2
10086;2
10087;3
10088;13
10089;4
10090;2
10091;3
10092;23
10093;23
10094;2
10095;4
10096;3
10097;37
10098;37
10099;37
10100;3
10101;6
10102;3
10103;3
10104;2
10105;3
10106;2
10107;2
10108;3
10109;3
10110;4
10111;4
10112;2
10113;2
10114;3
10115;3
10116;3
10117;3
10118;3
10119;4
10120;3
10121;2
10122;3
10123;3
10124;3
10125;2
10126;3
10127;3
10128;2
10129;3
10130;2
10131;3
10132;8
10133;3
10134;2
10135;2
10136;2
10137;2
10138;2
10139;4
10140;3
10141;4
10142;4
10143;36
10144;2
10145;2
10146;2
10147;3
10148;12
10149;2
10150;38
10151;2
10152;4
10153;3
10154;3
10155;38
10156;3
10157;3
10158;3
10159;3
10160;3
10161;4
10162;2
10163;3
10164;3
10165;3
10166;3
10167;3
10168;2
10169;3
10170;6
10171;3
10172;3
10173;14
10174;3
10175;3
10176;4
10177;2
10178;3
10179;3
10180;6
10181;2
10182;2
10183;3
10184;4
10185;2
10186;4
10187;2
10188;3
10189;3
10190;3
10191;2
10192;3
10193;3
10194;4
10195;3
10196;37
10197;2
10198;2
10199;2
10200;2
10201;7
10202;2
10203;3
10204;3
10205;6
10206;3
10207;3
10208;3
10209;3
10210;3
10211;3
10212;2
10213;3
10214;7
10215;3
10216;3
10217;2
10218;2
10219;3
10220;6
10221;2
10222;5
10223;6
10224;3
10225;3
10226;3
10227;2
10228;2
10229;3
10230;3
10231;3
10232;3
10233;2
10234;2
10235;3
10236;3
10237;3
10238;3
10239;3
10240;3
10241;2
10242;35
10243;3
10244;3
10245;2
10246;5
10247;3
10248;3
10249;3
10250;3
10251;2
10252;39
10253;3
10254;39
10255;3
10256;2
10257;3
10258;2
10259;4
10260;3
10261;4
10262;4
10263;3
10264;3
10265;3
10266;3
10267;3
10268;3
10269;3
10270;3
10271;3
10272;3
10273;3
10274;3
10275;3
10276;3
10277;3
10278;2
10279;3
10280;3
10281;7
10282;3
10283;4
10284;2
10285;2
10286;2
10287;4
10288;16
10289;3
10290;3
10291;3
10292;3
10293;3
10294;3
10295;3
10296;4
10297;3
10298;3
10299;3
10300;15
10301;3
10302;3
10303;36
10304;3
10305;4
10306;3
10307;2
10308;2
10309;2
10310;1
10311;1
10312;3
10313;3
10314;3
10315;3
10316;3
10317;3
10318;3
10319;2
10320;2
10321;2
10322;2
10323;3
10324;3
10325;2
10326;2
10327;2
10328;3
10329;3
10330;3
10331;10
10332;2
10333;3
10334;3
10335;7
10336;7
10337;3
10338;11
10339;3
10340;3
10341;3
10342;3
10343;3
10344;3
10345;37
10346;3
10347;3
10348;3
10349;11
10350;2
10351;3
10352;3
10353;4
10354;4
10355;3
10356;3
10357;3
10358;2
10359;3
10360;3
10361;3
10362;11
10363;42
10364;6
10365;3
10366;3
10367;3
10368;3
10369;3
10370;3
10371;2
10372;2
10373;2
10374;3
10375;3
10376;3
10377;8
10378;2
10379;2
10380;2
10381;2
10382;2
10383;2
10384;2
10385;2
10386;6
10387;2
10388;2
10389;2
10390;4
10391;3
10392;3
10393;3
10394;2
10395;2
10396;38
10397;38
10398;3
10399;3
10400;3
10401;3
10402;3
10403;3
10404;3
10405;3
10406;3
10407;2
10408;2
10409;2
10410;3
10411;3
10412;2
10413;3
10414;36
10415;3
10416;6
10417;3
10418;9
10419;3
10420;3
10421;3
10422;3
10423;2
10424;2
10425;2
10426;38
10427;6
10428;3
10429;3
10430;2
10431;2
10432;2
10433;4
10434;4
10435;2
10436;3
10437;3
10438;3
10439;3
10440;2
10441;3
10442;3
10443;3
10444;3
10445;3
10446;3
10447;3
10448;3
10449;2
10450;2
10451;3
10452;2
10453;2
10454;2
10455;3
10456;3
10457;15
10458;3
10459;3
10460;3
10461;3
10462;3
10463;2
10464;3
10465;7
10466;2
10467;3
10468;7
10469;2
10470;3
10471;10
10472;2
10473;2
10474;2
10475;3
10476;4
10477;36
10478;2
10479;3
10480;3
10481;3
10482;3
10483;7
10484;2
10485;4
10486;3
10487;2
10488;3
10489;3
10490;3
10491;4
10492;4
10493;4
10494;7
10495;3
10496;2
10497;3
10498;2
10499;2
10500;2
10501;4
10502;4
10503;3
10504;3
10505;13
10506;3
10507;3
10508;3
10509;8
10510;3
10511;3
10512;2
10513;10
10514;2
10515;4
10516;0
10517;3
10518;4
10519;8
10520;3
10521;10
10522;7
10523;7
10524;35
10525;2
10526;2
10527;3
10528;3
10529;3
10530;7
10531;7
10532;7
10533;2
10534;17
10535;3
10536;3
10537;3
10538;3
10539;3
10540;3
10541;3
10542;3
10543;4
10544;3
10545;37
10546;4
10547;4
10548;3
10549;2
10550;3
10551;2
10552;2
10553;2
10554;2
10555;3
10556;3
10557;3
10558;2
10559;2
10560;6
10561;6
10562;4
10563;6
10564;2
10565;2
10566;6
10567;3
10568;3
10569;3
10570;3
10571;3
10572;3
10573;3
10574;2
10575;3
10576;3
10577;4
10578;3
10579;3
10580;4
10581;3
10582;2
10583;2
10584;3
10585;2
10586;2
10587;2
10588;39
10589;2
10590;2
10591;3
10592;3
10593;3
10594;3
10595;3
10596;3
10597;3
10598;3
10599;3
10600;2
10601;3
10602;3
10603;7
10604;7
10605;7
10606;6
10607;4
10608;3
10609;38
10610;3
10611;3
10612;3
10613;3
10614;3
10615;2
10616;2
10617;3
10618;3
10619;3
10620;2
10621;2
10622;2
10623;38
10624;3
10625;3
10626;3
10627;4
10628;50
10629;4
10630;3
10631;4
10632;2
10633;3
10634;3
10635;3
10636;3
10637;5
10638;38
10639;38
10640;38
10641;3
10642;2
10643;3
10644;3
10645;3
10646;4
10647;3
10648;3
10649;3
10650;3
10651;3
10652;3
10653;3
10654;3
10655;5
10656;6
10657;2
10658;3
10659;16
10660;16
10661;3
10662;2
10663;4
10664;3
10665;10
10666;8
10667;2
10668;2
10669;2
10670;2
10671;39
10672;2
10673;5
10674;37
10675;3
10676;3
10677;3
10678;4
10679;4
10680;2
10681;2
10682;3
10683;4
10684;7
10685;3
10686;2
10687;3
10688;3
10689;2
10690;7
10691;3
10692;3
10693;3
10694;3
10695;4
10696;2
10697;9
10698;3
10699;3
10700;3
10701;3
10702;3
10703;3
10704;38
10705;38
10706;38
10707;2
10708;2
10709;4
10710;10
10711;3
10712;3
10713;3
10714;3
10715;3
10716;3
10717;3
10718;2
10719;3
10720;4
10721;2
10722;4
10723;3
10724;3
10725;3
10726;2
10727;39
10728;3
10729;73
10730;2
10731;3
10732;3
10733;3
10734;0
10735;4
10736;3
10737;3
10738;3
10739;5
10740;18
10741;2
10742;2
10743;2
10744;2
10745;39
10746;39
10747;2
10748;3
10749;2
10750;3
10751;3
10752;6
10753;3
10754;3
10755;3
10756;3
10757;10
10758;2
10759;3
10760;2
10761;2
10762;3
10763;3
10764;54
10765;21
10766;3
10767;3
10768;3
10769;6
10770;4
10771;4
10772;4
10773;4
10774;2
10775;14
10776;35
10777;35
10778;2
10779;2
10780;3
10781;3
10782;2
10783;2
10784;2
10785;2
10786;2
10787;3
10788;0
10789;3
10790;3
10791;26
10792;6
10793;6
10794;3
10795;3
10796;7
10797;2
10798;3
10799;4
10800;4
10801;4
10802;3
10803;3
10804;3
10805;3
10806;3
10807;37
10808;37
10809;3
10810;3
10811;3
10812;3
10813;3
10814;2
10815;2
10816;3
10817;3
10818;3
10819;2
10820;3
10821;2
10822;3
10823;3
10824;3
10825;3
10826;4
10827;2
10828;2
10829;3
10830;3
10831;3
10832;2
10833;3
10834;3
10835;3
10836;4
10837;8
10838;2
10839;14
10840;2
10841;8
10842;3
10843;2
10844;2
10845;6
10846;4
10847;3
10848;3
10849;3
10850;3
10851;3
10852;3
10853;3
10854;3
10855;3
10856;3
10857;12
10858;2
10859;2
10860;2
10861;3
10862;3
10863;2
10864;2
10865;39
10866;4
10867;3
10868;2
10869;3
10870;3
10871;4
10872;2
10873;3
10874;6
10875;3
10876;2
10877;2
10878;3
10879;2
10880;2
10881;2
10882;3
10883;3
10884;3
10885;3
10886;6
10887;6
10888;2
10889;2
10890;3
10891;4
10892;4
10893;2
10894;4
10895;2
10896;2
10897;3
10898;3
10899;3
10900;3
10901;4
10902;3
10903;3
10904;2
10905;2
10906;2
10907;2
10908;2
10909;2
10910;4
10911;10
10912;3
10913;17
10914;2
10915;3
10916;3
10917;3
10918;2
10919;2
10920;2
10921;3
10922;2
10923;2
10924;3
10925;3
10926;3
10927;2
10928;2
10929;3
10930;2
10931;13
10932;2
10933;2
10934;2
10935;3
10936;17
10937;10
10938;3
10939;3
10940;35
10941;2
10942;2
10943;2
10944;4
10945;7
10946;3
10947;3
10948;2
10949;3
10950;3
10951;3
10952;3
10953;2
10954;4
10955;4
10956;4
10957;4
10958;3
10959;3
10960;3
10961;2
10962;2
10963;2
10964;2
10965;2
10966;3
10967;3
10968;3
10969;3
10970;3
10971;3
10972;2
10973;5
10974;3
10975;3
10976;37
10977;7
10978;3
10979;3
10980;3
10981;2
10982;3
10983;5
10984;4
10985;3
10986;3
10987;3
10988;0
10989;4
10990;4
10991;2
10992;3
10993;3
10994;4
10995;3
10996;5
10997;3
10998;3
10999;2
11000;2
11001;3
11002;2
11003;3
11004;7
11005;10
11006;2
11007;12
11008;3
11009;37
11010;3
11011;4
11012;2
11013;2
11014;7
11015;3
11016;3
11017;2
11018;2
11019;2
11020;3
11021;3
11022;3
11023;2
11024;13
11025;3
11026;3
11027;3
11028;3
11029;4
11030;3
11031;3
11032;7
11033;3
11034;3
11035;2
11036;3
11037;12
11038;3
11039;3
11040;3
11041;3
11042;2
11043;2
11044;6
11045;6
11046;2
11047;3
11048;3
11049;2
11050;2
11051;2
11052;2
11053;2
11054;2
11055;3
11056;3
11057;3
11058;3
11059;2
11060;2
11061;2
11062;3
11063;3
11064;3
11065;10
11066;7
11067;2
11068;2
11069;3
11070;4
11071;3
11072;3
11073;2
11074;2
11075;4
11076;3
11077;2
11078;38
11079;4
11080;3
11081;2
11082;11
11083;2
11084;2
11085;2
11086;3
11087;3
11088;3
11089;3
11090;2
11091;2
11092;2
11093;3
11094;2
11095;50
11096;4
11097;36
11098;36
11099;36
11100;3
11101;3
11102;3
11103;2
11104;2
11105;2
11106;2
11107;2
11108;2
11109;3
11110;3
11111;2
11112;2
11113;3
11114;3
11115;3
11116;3
11117;7
11118;3
11119;2
11120;2
11121;2
11122;2
11123;2
11124;2
11125;2
11126;6
11127;6
11128;6
11129;2
11130;2
11131;39
11132;6
11133;3
11134;3
11135;3
11136;3
11137;3
11138;3
11139;3
11140;3
11141;2
11142;3
11143;3
11144;14
11145;6
11146;6
11147;3
11148;3
11149;3
11150;3
11151;3
11152;16
11153;3
11154;3
11155;2
11156;2
11157;2
11158;4
11159;3
11160;3
11161;3
11162;4
11163;3
11164;2
11165;3
11166;8
11167;8
11168;2
11169;2
11170;4
11171;2
11172;2
11173;2
11174;3
11175;3
11176;2
11177;2
11178;2
11179;3
11180;2
11181;38
11182;38
11183;2
11184;3
11185;2
11186;2
11187;39
11188;2
11189;7
11190;3
11191;3
11192;3
11193;4
11194;3
11195;3
11196;3
11197;2
11198;3
11199;3
11200;3
11201;3
11202;2
11203;2
11204;4
11205;5
11206;2
11207;3
11208;3
11209;3
11210;3
11211;3
11212;3
11213;3
11214;3
11215;3
11216;5
11217;3
11218;2
11219;39
11220;2
11221;4
11222;3
11223;3
11224;3
11225;3
11226;3
11227;2
11228;4
11229;3
11230;7
11231;7
11232;3
11233;3
11234;3
11235;3
11236;3
11237;3
11238;3
11239;3
11240;3
11241;3
11242;4
11243;3
11244;35
11245;35
11246;35
11247;2
11248;3
11249;2
11250;2
11251;3
11252;3
11253;3
11254;4
11255;3
11256;4
11257;2
11258;3
11259;3
11260;3
11261;11
11262;2
11263;4
11264;4
11265;3
11266;2
11267;3
11268;2
11269;2
11270;3
11271;3
11272;3
11273;6
11274;3
11275;5
11276;3
11277;3
11278;3
11279;3
11280;3
11281;6
11282;3
11283;2
11284;2
11285;38
11286;50
11287;46
11288;37
11289;3
11290;2
11291;2
11292;2
11293;2
11294;2
11295;3
11296;2
11297;3
11298;3
11299;2
11300;2
11301;3
11302;0
11303;4
11304;2
11305;2
11306;4
11307;2
11308;4
11309;3
11310;3
11311;2
11312;2
11313;2
11314;3
11315;5
11316;3
11317;3
11318;3
11319;3
11320;3
11321;2
11322;3
11323;8
11324;8
11325;3
11326;3
11327;3
11328;7
11329;3
11330;3
11331;2
11332;3
11333;3
11334;29
11335;3
11336;2
11337;2
11338;2
11339;3
11340;3
11341;9
11342;2
11343;2
11344;2
11345;3
11346;3
11347;3
11348;2
11349;2
11350;3
11351;2
11352;3
11353;3
11354;3
11355;3
11356;7
11357;3
11358;3
11359;2
11360;2
11361;17
11362;4
11363;4
11364;3
11365;3
11366;3
11367;3
11368;3
11369;4
11370;3
11371;3
11372;3
11373;4
11374;4
11375;2
11376;2
11377;3
11378;3
11379;3
11380;2
11381;2
11382;2
11383;2
11384;7
11385;37
11386;35
11387;3
11388;3
11389;3
11390;3
11391;7
11392;3
11393;2
11394;2
11395;3
11396;2
11397;2
11398;3
11399;2
11400;3
11401;3
11402;2
11403;2
11404;2
11405;2
11406;2
11407;2
11408;2
11409;3
11410;3
11411;3
11412;7
11413;3
11414;2
11415;2
11416;2
11417;37
11418;37
11419;3
11420;0
11421;2
11422;3
11423;38
11424;3
11425;3
11426;3
11427;3
11428;3
11429;2
11430;2
11431;3
11432;3
11433;11
11434;3
11435;37
11436;37
11437;37
11438;3
11439;4
11440;2
11441;38
11442;56
11443;2
11444;2
11445;3
11446;5
11447;3
11448;3
11449;3
11450;3
11451;2
11452;2
11453;2
11454;3
11455;3
11456;2
11457;3
11458;3
11459;2
11460;2
11461;2
11462;22
11463;3
11464;2
11465;4
11466;4
11467;3
11468;2
11469;3
11470;3
11471;3
11472;3
11473;2
11474;5
11475;5
11476;5
11477;3
11478;0
11479;2
11480;2
11481;3
11482;2
11483;2
11484;2
11485;4
11486;7
11487;3
11488;3
11489;3
11490;3
11491;38
11492;2
11493;3
11494;2
11495;4
11496;2
11497;2
11498;2
11499;35
11500;3
11501;3
11502;3
11503;4
11504;15
11505;3
11506;3
11507;3
11508;3
11509;2
11510;2
11511;3
11512;3
11513;2
11514;2
11515;2
11516;3
11517;4
11518;4
11519;3
11520;2
11521;3
11522;6
11523;4
11524;2
11525;2
11526;3
11527;3
11528;2
11529;6
11530;4
11531;3
11532;2
11533;2
11534;6
11535;39
11536;2
11537;2
11538;4
11539;7
11540;7
11541;3
11542;3
11543;3
11544;3
11545;3
11546;3
11547;3
11548;3
11549;12
11550;3
11551;3
11552;3
11553;2
11554;3
11555;4
11556;3
11557;3
11558;11
11559;3
11560;2
11561;3
11562;3
11563;3
11564;3
11565;3
11566;4
11567;4
11568;2
11569;3
11570;4
11571;47
11572;3
11573;2
11574;2
11575;17
11576;2
11577;2
11578;4
11579;4
11580;4
11581;3
11582;2
11583;3
11584;3
11585;3
11586;3
11587;2
11588;2
11589;2
11590;3
11591;3
11592;3
11593;3
11594;3
11595;3
11596;3
11597;3
11598;7
11599;7
11600;2
11601;3
11602;10
11603;7
11604;7
11605;3
11606;3
11607;3
11608;9
11609;3
11610;6
11611;2
11612;3
11613;3
11614;3
11615;2
11616;3
11617;2
11618;4
11619;3
11620;2
11621;2
11622;2
11623;3
11624;3
11625;3
11626;3
11627;3
11628;3
11629;3
11630;2
11631;2
11632;3
11633;3
11634;7
11635;2
11636;7
11637;3
11638;3
11639;4
11640;4
11641;2
11642;2
11643;3
11644;3
11645;2
11646;3
11647;3
11648;3
11649;2
11650;2
11651;2
11652;2
11653;3
11654;7
11655;2
11656;3
11657;24
11658;24
11659;2
11660;4
11661;10
11662;3
11663;4
11664;2
11665;3
11666;3
11667;2
11668;2
11669;3
11670;3
11671;3
11672;3
11673;3
11674;3
11675;3
11676;3
11677;37
11678;2
11679;3
11680;0
11681;0
11682;2
11683;4
11684;4
11685;2
11686;2
11687;2
11688;2
11689;3
11690;3
11691;3
11692;3
11693;3
11694;3
11695;2
11696;2
11697;2
11698;3
11699;2
11700;2
11701;3
11702;20
11703;3
11704;3
11705;3
11706;2
11707;2
11708;3
11709;3
11710;4
11711;4
11712;8
11713;3
11714;3
11715;3
11716;37
11717;39
11718;2
11719;2
11720;2
11721;3
11722;35
11723;38
11724;3
11725;20
11726;7
11727;4
11728;2
11729;2
11730;3
11731;6
11732;3
11733;3
11734;3
11735;3
11736;3
11737;3
11738;3
11739;5
11740;3
11741;2
11742;3
11743;3
11744;2
11745;2
11746;3
11747;3
11748;3
11749;2
11750;4
11751;4
11752;4
11753;4
11754;3
11755;2
11756;12
11757;3
11758;3
11759;3
11760;37
11761;2
11762;3
11763;7
11764;7
11765;4
11766;8
11767;3
11768;3
11769;3
11770;3
11771;2
11772;3
11773;3
11774;2
11775;3
11776;3
11777;4
11778;4
11779;4
11780;2
11781;3
11782;3
11783;3
11784;4
11785;3
11786;2
11787;2
11788;2
11789;3
11790;3
11791;3
11792;3
11793;3
11794;2
11795;2
11796;3
11797;3
11798;3
11799;5
11800;11
11801;4
11802;13
11803;3
11804;8
11805;4
11806;4
11807;3
11808;2
11809;3
11810;2
11811;2
11812;2
11813;3
11814;4
11815;3
11816;2
11817;3
11818;2
11819;2
11820;2
11821;2
11822;2
11823;3
11824;4
11825;3
11826;2
11827;2
11828;2
11829;3
11830;2
11831;3
11832;2
11833;2
11834;2
11835;3
11836;2
11837;2
11838;3
11839;3
11840;7
11841;3
11842;3
11843;3
11844;3
11845;3
11846;3
11847;2
11848;3
11849;3
11850;3
11851;2
11852;3
11853;2
11854;2
11855;3
11856;10
11857;10
11858;2
11859;2
11860;3
11861;3
11862;3
11863;2
11864;2
11865;42
11866;3
11867;3
11868;3
11869;8
11870;3
11871;2
11872;16
11873;3
11874;3
11875;7
11876;7
11877;3
11878;3
11879;3
11880;3
11881;3
11882;2
11883;2
11884;3
11885;3
11886;3
11887;3
11888;3
11889;2
11890;2
11891;2
11892;2
11893;2
11894;2
11895;3
11896;4
11897;17
11898;17
11899;2
11900;14
11901;3
11902;3
11903;3
11904;3
11905;2
11906;3
11907;14
11908;2
11909;2
11910;3
11911;2
11912;3
11913;2
11914;2
11915;3
11916;3
11917;3
11918;3
11919;3
11920;3
11921;2
11922;2
11923;4
11924;3
11925;3
11926;7
11927;13
11928;2
11929;2
11930;2
11931;3
11932;2
11933;2
11934;3
11935;2
11936;2
11937;3
11938;35
11939;2
11940;7
11941;2
11942;3
11943;2
11944;15
11945;4
11946;3
11947;3
11948;59
11949;2
11950;2
11951;4
11952;3
11953;2
11954;4
11955;2
11956;3
11957;2
11958;2
11959;2
11960;37
11961;37
11962;3
11963;3
11964;4
11965;3
11966;3
11967;3
11968;3
11969;2
11970;2
11971;2
11972;3
11973;3
11974;3
11975;3
11976;3
11977;3
11978;39
11979;2
11980;4
11981;3
11982;7
11983;39
11984;3
11985;3
11986;2
11987;2
11988;7
11989;3
11990;3
11991;3
11992;3
11993;7
11994;7
11995;3
11996;2
11997;2
11998;3
11999;50
12000;39
12001;7
12002;3
12003;4
12004;3
12005;48
12006;4
12007;4
12008;2
12009;3
12010;2
12011;2
12012;3
12013;3
12014;4
12015;4
12016;3
12017;3
12018;6
12019;3
12020;6
12021;4
12022;4
12023;53
12024;3
12025;2
12026;2
12027;2
12028;11
12029;74
12030;2
12031;2
12032;7
12033;3
12034;3
12035;3
12036;7
12037;2
12038;4
12039;2
12040;3
12041;4
12042;2
12043;2
12044;2
12045;2
12046;2
12047;3
12048;3
12049;3
12050;4
12051;3
12052;3
12053;5
12054;3
12055;3
12056;0
12057;3
12058;3
12059;4
12060;3
12061;3
12062;3
12063;3
12064;3
12065;3
12066;4
12067;3
12068;3
12069;3
12070;3
12071;24
12072;24
12073;3
12074;3
12075;4
12076;3
12077;3
12078;3
12079;3
12080;3
12081;3
12082;3
12083;3
12084;2
12085;10
12086;3
12087;3
12088;3
12089;3
12090;3
12091;2
12092;2
12093;2
12094;2
12095;2
12096;7
12097;3
12098;7
12099;2
12100;2
12101;2
12102;2
12103;2
12104;3
12105;3
12106;3
12107;3
12108;3
12109;3
12110;3
12111;3
12112;3
12113;2
12114;2
12115;2
12116;7
12117;2
12118;3
12119;10
12120;4
12121;3
12122;3
12123;3
12124;3
12125;3
12126;3
12127;4
12128;2
12129;2
12130;2
12131;2
12132;2
12133;3
12134;3
12135;8
12136;8
12137;3
12138;3
12139;3
12140;3
12141;3
12142;3
12143;3
12144;42
12145;3
12146;3
12147;3
12148;2
12149;2
12150;2
12151;2
12152;7
12153;3
12154;3
12155;3
12156;3
12157;51
12158;37
12159;37
12160;2
12161;3
12162;3
12163;3
12164;3
12165;7
12166;2
12167;3
12168;2
12169;2
12170;3
12171;3
12172;3
12173;4
12174;4
12175;3
12176;3
12177;3
12178;3
12179;3
12180;13
12181;3
12182;3
12183;3
12184;3
12185;20
12186;2
12187;3
12188;4
12189;6
12190;3
12191;3
12192;3
12193;3
12194;3
12195;10
12196;3
12197;4
12198;4
12199;3
12200;3
12201;3
12202;3
12203;3
12204;3
12205;3
12206;3
12207;4
12208;3
12209;3
12210;2
12211;3
12212;3
12213;2
12214;3
12215;4
12216;10
12217;2
12218;3
12219;42
12220;42
12221;3
12222;3
12223;36
12224;3
12225;3
12226;3
12227;6
12228;2
12229;2
12230;2
12231;3
12232;3
12233;3
12234;2
12235;2
12236;2
12237;2
12238;2
12239;2
12240;3
12241;3
12242;7
12243;3
12244;3
12245;3
12246;2
12247;3
12248;3
12249;3
12250;3
12251;37
12252;3
12253;3
12254;6
12255;6
12256;3
12257;3
12258;3
12259;3
12260;3
12261;39
12262;3
12263;3
12264;2
12265;60
12266;2
12267;2
12268;48
12269;3
12270;3
12271;3
12272;2
12273;2
12274;3
12275;2
12276;2
12277;3
12278;2
12279;2
12280;3
12281;3
12282;3
12283;2
12284;3
12285;12
12286;4
12287;4
12288;0
12289;2
12290;4
12291;4
12292;3
12293;3
12294;4
12295;3
12296;3
12297;3
12298;2
12299;3
12300;3
12301;3
12302;2
12303;2
12304;3
12305;2
12306;3
12307;3
12308;2
12309;3
12310;2
12311;3
12312;2
12313;74
12314;3
12315;3
12316;3
12317;3
12318;3
12319;3
12320;3
12321;2
12322;2
12323;3
12324;24
12325;24
12326;3
12327;38
12328;3
12329;3
12330;2
12331;3
12332;3
12333;3
12334;3
12335;2
12336;4
12337;3
12338;3
12339;3
12340;3
12341;4
12342;4
12343;4
12344;3
12345;39
12346;2
12347;3
12348;3
12349;4
12350;3
12351;3
12352;2
12353;2
12354;2
12355;3
12356;2
12357;2
12358;3
12359;2
12360;3
12361;3
12362;3
12363;3
12364;3
12365;2
12366;2
12367;3
12368;3
12369;3
12370;11
12371;39
12372;2
12373;7
12374;2
12375;3
12376;3
12377;3
12378;3
12379;3
12380;2
12381;14
12382;9
12383;3
12384;3
12385;3
12386;3
12387;3
12388;4
12389;2
12390;3
12391;3
12392;3
12393;4
12394;3
12395;3
12396;3
12397;3
12398;2
12399;3
12400;4
12401;4
12402;16
12403;12
12404;3
12405;3
12406;3
12407;4
12408;4
12409;2
12410;3
12411;3
12412;3
12413;3
12414;2
12415;3
12416;2
12417;2
12418;2
12419;3
12420;3
12421;74
12422;3
12423;3
12424;3
12425;3
12426;10
12427;4
12428;2
12429;2
12430;0
12431;3
12432;3
12433;2
12434;2
12435;3
12436;3
12437;3
12438;3
12439;3
12440;3
12441;3
12442;3
12443;2
12444;4
12445;3
12446;3
12447;7
12448;3
12449;3
12450;3
12451;3
12452;38
12453;38
12454;3
12455;38
12456;2
12457;45
12458;45
12459;45
12460;2
12461;2
12462;2
12463;3
12464;3
12465;3
12466;6
12467;6
12468;6
12469;35
12470;3
12471;3
12472;2
12473;2
12474;2
12475;2
12476;2
12477;3
12478;2
12479;3
12480;3
12481;3
12482;8
12483;3
12484;3
12485;3
12486;50
12487;3
12488;3
12489;3
12490;3
12491;3
12492;2
12493;3
12494;3
12495;3
12496;3
12497;3
12498;0
12499;0
12500;0
12501;2
12502;2
12503;21
12504;7
12505;38
12506;3
12507;9
12508;2
12509;12
12510;2
12511;3
12512;2
12513;3
12514;3
12515;3
12516;15
12517;11
12518;2
12519;6
12520;3
12521;2
12522;2
12523;2
12524;3
12525;2
12526;2
12527;2
12528;3
12529;3
12530;2
12531;2
12532;2
12533;3
12534;12
12535;12
12536;2
12537;3
12538;4
12539;4
12540;3
12541;3
12542;3
12543;3
12544;3
12545;2
12546;2
12547;2
12548;2
12549;3
12550;3
12551;3
12552;0
12553;0
12554;3
12555;2
12556;2
12557;2
12558;2
12559;4
12560;3
12561;3
12562;4
12563;4
12564;3
12565;3
12566;3
12567;2
12568;3
12569;83
12570;0
12571;39
12572;3
12573;3
12574;3
12575;3
12576;3
12577;3
12578;3
12579;3
12580;2
12581;4
12582;3
12583;4
12584;2
12585;3
12586;3
12587;2
12588;7
12589;4
12590;4
12591;16
12592;0
12593;2
12594;2
12595;2
12596;2
12597;2
12598;2
12599;37
12600;37
12601;37
12602;3
12603;3
12604;37
12605;2
12606;7
12607;7
12608;2
12609;2
12610;3
12611;2
12612;38
12613;38
12614;3
12615;4
12616;10
12617;9
12618;4
12619;4
12620;3
12621;2
12622;5
12623;4
12624;3
12625;7
12626;4
12627;3
12628;3
12629;3
12630;2
12631;2
12632;3
12633;3
12634;4
12635;4
12636;3
12637;3
12638;3
12639;2
12640;37
12641;37
12642;37
12643;3
12644;3
12645;4
12646;2
12647;3
12648;70
12649;7
12650;38
12651;38
12652;7
12653;3
12654;3
12655;49
12656;49
12657;49
12658;2
12659;3
12660;2
12661;3
12662;18
12663;7
12664;2
12665;4
12666;3
12667;3
12668;3
12669;3
12670;13
12671;2
12672;3
12673;3
12674;3
12675;60
12676;2
12677;2
12678;4
12679;3
12680;3
12681;23
12682;2
12683;2
12684;2
12685;4
12686;3
12687;3
12688;2
12689;3
12690;3
12691;3
12692;3
12693;8
12694;8
12695;3
12696;3
12697;4
12698;2
12699;2
12700;3
12701;3
12702;3
12703;3
12704;3
12705;3
12706;3
12707;3
12708;4
12709;3
12710;2
12711;3
12712;3
12713;5
12714;5
12715;2
12716;3
12717;3
12718;4
12719;3
12720;2
12721;2
12722;2
12723;3
12724;3
12725;3
12726;3
12727;3
12728;3
12729;2
12730;3
12731;2
12732;4
12733;35
12734;0
12735;0
12736;3
12737;4
12738;0
12739;3
12740;3
12741;3
12742;3
12743;3
12744;7
12745;39
12746;3
12747;3
12748;5
12749;2
12750;3
12751;2
12752;2
12753;12
12754;3
12755;3
12756;3
12757;7
12758;3
12759;2
12760;2
12761;2
12762;3
12763;16
12764;2
12765;2
12766;9
12767;2
12768;3
12769;2
12770;3
12771;14
12772;20
12773;2
12774;4
12775;2
12776;15
12777;38
12778;8
12779;2
12780;3
12781;7
12782;2
12783;2
12784;11
12785;2
12786;2
12787;3
12788;3
12789;3
12790;3
12791;3
12792;2
12793;2
12794;2
12795;3
12796;9
12797;3
12798;3
12799;4
12800;3
12801;3
12802;2
12803;52
12804;37
12805;37
12806;3
12807;3
12808;3
12809;3
12810;2
12811;2
12812;4
12813;3
12814;3
12815;9
12816;3
12817;3
12818;2
12819;2
12820;2
12821;2
12822;2
12823;3
12824;3
12825;5
12826;5
12827;5
12828;2
12829;2
12830;2
12831;3
12832;3
12833;3
12834;3
12835;3
12836;2
12837;3
12838;3
12839;3
12840;3
12841;4
12842;2
12843;3
12844;8
12845;2
12846;2
12847;2
12848;2
12849;3
12850;2
12851;7
12852;3
12853;3
12854;3
12855;3
12856;3
12857;13
12858;3
12859;3
12860;7
12861;3
12862;37
12863;37
12864;3
12865;3
12866;13
12867;4
12868;3
12869;3
12870;0
12871;3
12872;3
12873;2
12874;3
12875;3
12876;3
12877;2
12878;2
12879;2
12880;0
12881;3
12882;2
12883;3
12884;3
12885;3
12886;2
12887;3
12888;4
12889;4
12890;6
12891;4
12892;3
12893;3
12894;3
12895;3
12896;3
12897;3
12898;2
12899;4
12900;4
12901;35
12902;38
12903;7
12904;7
12905;35
12906;3
12907;3
12908;3
12909;3
12910;3
12911;21
12912;4
12913;4
12914;4
12915;2
12916;3
12917;2
12918;3
12919;2
12920;3
12921;2
12922;10
12923;38
12924;2
12925;4
12926;3
12927;3
12928;3
12929;4
12930;11
12931;2
12932;3
12933;2
12934;5
12935;8
12936;2
12937;3
12938;3
12939;0
12940;3
12941;3
12942;3
12943;4
12944;3
12945;2
12946;3
12947;2
12948;13
12949;7
12950;3
12951;3
12952;3
12953;3
12954;3
12955;21
12956;3
12957;3
12958;3
12959;3
12960;3
12961;39
12962;3
12963;3
12964;3
12965;3
12966;3
12967;3
12968;3
12969;2
12970;3
12971;3
12972;3
12973;3
12974;3
12975;3
12976;2
12977;3
12978;3
12979;3
12980;4
12981;4
12982;2
12983;2
12984;3
12985;2
12986;3
12987;2
12988;3
12989;3
12990;2
12991;4
12992;4
12993;3
12994;6
12995;3
12996;3
12997;3
12998;3
12999;2
13000;2
13001;2
13002;2
13003;3
13004;3
13005;4
13006;4
13007;3
13008;3
13009;15
13010;2
13011;2
13012;3
13013;7
13014;3
13015;3
13016;3
13017;3
13018;3
13019;3
13020;3
13021;3
13022;3
13023;3
13024;3
13025;2
13026;49
13027;2
13028;2
13029;3
13030;3
13031;2
13032;2
13033;3
13034;3
13035;3
13036;37
13037;3
13038;8
13039;6
13040;4
13041;37
13042;2
13043;2
13044;3
13045;4
13046;3
13047;4
13048;3
13049;3
13050;3
13051;3
13052;2
13053;2
13054;2
13055;3
13056;2
13057;3
13058;3
13059;3
13060;3
13061;3
13062;39
13063;2
13064;2
13065;2
13066;6
13067;13
13068;3
13069;37
13070;10
13071;3
13072;3
13073;4
13074;4
13075;3
13076;3
13077;2
13078;9
13079;9
13080;3
13081;3
13082;2
13083;2
13084;3
13085;3
13086;4
13087;4
13088;3
13089;3
13090;3
13091;3
13092;2
13093;2
13094;4
13095;3
13096;2
13097;2
13098;3
13099;3
13100;3
13101;3
13102;2
13103;2
13104;2
13105;2
13106;2
13107;3
13108;6
13109;5
13110;3
13111;6
13112;6
13113;6
13114;3
13115;3
13116;4
13117;2
13118;7
13119;7
13120;3
13121;2
13122;2
13123;3
13124;3
13125;2
13126;2
13127;12
13128;2
13129;2
13130;2
13131;2
13132;2
13133;2
13134;3
13135;3
13136;3
13137;5
13138;5
13139;3
13140;39
13141;3
13142;3
13143;3
13144;2
13145;2
13146;2
13147;4
13148;3
13149;3
13150;3
13151;0
13152;3
13153;2
13154;2
13155;4
13156;4
13157;3
13158;3
13159;2
13160;3
13161;3
13162;3
13163;4
13164;3
13165;3
13166;3
13167;3
13168;4
13169;4
13170;2
13171;7
13172;3
13173;3
13174;3
13175;3
13176;3
13177;3
13178;3
13179;6
13180;2
13181;4
13182;39
13183;2
13184;2
13185;2
13186;3
13187;3
13188;2
13189;4
13190;4
13191;38
13192;38
13193;3
13194;3
13195;3
13196;3
13197;10
13198;4
13199;6
13200;6
13201;3
13202;2
13203;4
13204;4
13205;2
13206;2
13207;2
13208;3
13209;7
13210;10
13211;3
13212;3
13213;3
13214;2
13215;3
13216;35
13217;37
13218;37
13219;3
13220;38
13221;38
13222;38
13223;2
13224;2
13225;2
13226;3
13227;3
13228;2
13229;3
13230;3
13231;5
13232;5
13233;3
13234;3
13235;4
13236;4
13237;3
13238;2
13239;2
13240;3
13241;3
13242;2
13243;3
13244;3
13245;5
13246;7
13247;2
13248;3
13249;0
13250;3
13251;39
13252;3
13253;3
13254;2
13255;3
13256;39
13257;3
13258;3
13259;2
13260;2
13261;2
13262;3
13263;3
13264;3
13265;3
13266;3
13267;3
13268;3
13269;13
13270;3
13271;3
13272;3
13273;2
13274;2
13275;3
13276;3
13277;2
13278;2
13279;2
13280;2
13281;3
13282;3
13283;3
13284;7
13285;3
13286;3
13287;2
13288;5
13289;4
13290;18
13291;3
13292;3
13293;10
13294;2
13295;3
13296;3
13297;19
13298;2
13299;2
13300;3
13301;3
13302;2
13303;3
13304;3
13305;3
13306;3
13307;3
13308;4
13309;4
13310;3
13311;3
13312;3
13313;3
13314;3
13315;10
13316;2
13317;3
13318;3
13319;3
13320;3
13321;2
13322;2
13323;3
13324;2
13325;3
13326;3
13327;4
13328;3
13329;3
13330;3
13331;6
13332;3
13333;2
13334;2
13335;2
13336;2
13337;3
13338;37
13339;3
13340;3
13341;3
13342;15
13343;2
13344;2
13345;3
13346;18
13347;3
13348;2
13349;3
13350;3
13351;3
13352;2
13353;2
13354;2
13355;3
13356;5
13357;3
13358;37
13359;3
13360;3
13361;2
13362;4
13363;3
13364;4
13365;3
13366;3
13367;7
13368;3
13369;3
13370;2
13371;3
13372;2
13373;2
13374;37
13375;2
13376;2
13377;3
13378;4
13379;2
13380;2
13381;3
13382;2
13383;3
13384;3
13385;3
13386;3
13387;4
13388;3
13389;3
13390;2
13391;0
13392;38
13393;3
13394;3
13395;4
13396;12
13397;2
13398;2
13399;2
13400;3
13401;38
13402;12
13403;12
13404;2
13405;2
13406;2
13407;3
13408;3
13409;3
13410;17
13411;17
13412;3
13413;4
13414;4
13415;3
13416;6
13417;11
13418;11
13419;2
13420;2
13421;2
13422;3
13423;2
13424;3
13425;37
13426;37
13427;3
13428;3
13429;2
13430;2
13431;2
13432;3
13433;2
13434;2
13435;10
13436;37
13437;37
13438;37
13439;6
13440;13
13441;4
13442;3
13443;2
13444;2
13445;3
13446;3
13447;13
13448;4
13449;3
13450;3
13451;3
13452;3
13453;3
13454;12
13455;2
13456;3
13457;3
13458;3
13459;3
13460;3
13461;2
13462;2
13463;2
13464;3
13465;3
13466;3
13467;3
13468;2
13469;16
13470;2
13471;2
13472;3
13473;2
13474;3
13475;3
13476;14
13477;2
13478;2
13479;2
13480;3
13481;10
13482;3
13483;3
13484;3
13485;3
13486;2
13487;2
13488;3
13489;3
13490;3
13491;2
13492;2
13493;2
13494;3
13495;4
13496;11
13497;3
13498;3
13499;4
13500;2
13501;3
13502;3
13503;2
13504;3
13505;3
13506;3
13507;3
13508;38
13509;38
13510;3
13511;3
13512;38
13513;38
13514;3
13515;3
13516;4
13517;3
13518;3
13519;3
13520;14
13521;14
13522;3
13523;3
13524;11
13525;3
13526;3
13527;3
13528;3
13529;3
13530;7
13531;36
13532;3
13533;3
13534;3
13535;3
13536;2
13537;2
13538;2
13539;2
13540;3
13541;2
13542;2
13543;2
13544;3
13545;3
13546;2
13547;2
13548;2
13549;2
13550;38
13551;38
13552;2
13553;2
13554;3
13555;2
13556;2
13557;3
13558;3
13559;3
13560;3
13561;3
13562;2
13563;3
13564;3
13565;2
13566;2
13567;2
13568;3
13569;3
13570;7
13571;3
13572;38
13573;38
13574;38
13575;39
13576;6
13577;3
13578;2
13579;3
13580;2
13581;2
13582;2
13583;2
13584;2
13585;28
13586;3
13587;3
13588;3
13589;3
13590;3
13591;3
13592;3
13593;5
13594;16
13595;2
13596;2
13597;3
13598;3
13599;2
13600;2
13601;3
13602;4
13603;2
13604;2
13605;2
13606;7
13607;2
13608;3
13609;3
13610;3
13611;3
13612;3
13613;3
13614;3
13615;13
13616;13
13617;3
13618;4
13619;4
13620;4
13621;13
13622;2
13623;3
13624;2
13625;22
13626;2
13627;2
13628;3
13629;3
13630;3
13631;3
13632;2
13633;2
13634;2
13635;3
13636;19
13637;3
13638;3
13639;3
13640;2
13641;11
13642;37
13643;38
13644;38
13645;4
13646;4
13647;2
13648;2
13649;2
13650;3
13651;3
13652;3
13653;3
13654;3
13655;3
13656;3
13657;2
13658;2
13659;2
13660;2
13661;2
13662;2
13663;2
13664;2
13665;2
13666;2
13667;2
13668;3
13669;8
13670;8
13671;3
13672;3
13673;3
13674;3
13675;3
13676;3
13677;7
13678;3
13679;7
13680;2
13681;2
13682;2
13683;7
13684;7
13685;4
13686;2
13687;2
13688;2
13689;2
13690;2
13691;3
13692;2
13693;3
13694;3
13695;3
13696;3
13697;3
13698;3
13699;3
13700;3
13701;2
13702;3
13703;3
13704;0
13705;3
13706;3
13707;3
13708;2
13709;2
13710;3
13711;2
13712;3
13713;3
13714;2
13715;3
13716;3
13717;3
13718;3
13719;3
13720;2
13721;3
13722;2
13723;2
13724;2
13725;2
13726;2
13727;2
13728;2
13729;35
13730;3
13731;3
13732;15
13733;7
13734;3
13735;3
13736;4
13737;3
13738;3
13739;2
13740;2
13741;2
13742;3
13743;3
13744;2
13745;2
13746;2
13747;2
13748;2
13749;2
13750;2
13751;3
13752;4
13753;4
13754;3
13755;3
13756;2
13757;2
13758;3
13759;3
13760;3
13761;3
13762;2
13763;3
13764;3
13765;2
13766;39
13767;3
13768;3
13769;3
13770;2
13771;2
13772;4
13773;2
13774;16
13775;2
13776;2
13777;2
13778;2
13779;2
13780;37
13781;43
13782;2
13783;3
13784;3
13785;3
13786;4
13787;3
13788;4
13789;2
13790;4
13791;4
13792;3
13793;3
13794;7
13795;8
13796;18
13797;2
13798;2
13799;2
13800;39
13801;4
13802;4
13803;4
13804;3
13805;15
13806;2
13807;6
13808;3
13809;3
13810;3
13811;20
13812;3
13813;2
13814;38
13815;3
13816;0
13817;3
13818;3
13819;3
13820;3
13821;3
13822;3
13823;2
13824;4
13825;3
13826;2
13827;2
13828;3
13829;3
13830;2
13831;2
13832;2
13833;3
13834;2
13835;3
13836;3
13837;3
13838;3
13839;2
13840;2
13841;3
13842;37
13843;3
13844;16
13845;2
13846;4
13847;2
13848;4
13849;3
13850;3
13851;3
13852;3
13853;3
13854;2
13855;2
13856;2
13857;37
13858;37
13859;3
13860;4
13861;3
13862;39
13863;3
13864;3
13865;6
13866;2
13867;3
13868;3
13869;3
13870;3
13871;3
13872;3
13873;3
13874;5
13875;49
13876;43
13877;4
13878;4
13879;2
13880;2
13881;2
13882;2
13883;2
13884;4
13885;3
13886;2
13887;3
13888;3
13889;2
13890;3
13891;3
13892;44
13893;3
13894;3
13895;3
13896;23
13897;3
13898;3
13899;3
13900;2
13901;2
13902;3
13903;38
13904;2
13905;2
13906;3
13907;3
13908;3
13909;3
13910;3
13911;3
13912;3
13913;2
13914;2
13915;3
13916;2
13917;2
13918;2
13919;2
13920;3
13921;3
13922;2
13923;7
13924;3
13925;3
13926;3
13927;3
13928;3
13929;3
13930;3
13931;3
13932;2
13933;3
13934;4
13935;2
13936;3
13937;3
13938;13
13939;3
13940;0
13941;2
13942;3
13943;3
13944;4
13945;2
13946;4
13947;2
13948;2
13949;6
13950;2
13951;2
13952;2
13953;2
13954;2
13955;3
13956;2
13957;3
13958;3
13959;3
13960;3
13961;3
13962;2
13963;5
13964;2
13965;3
13966;3
13967;3
13968;3
13969;3
13970;2
13971;42
13972;3
13973;2
13974;2
13975;4
13976;3
13977;3
13978;2
13979;37
13980;7
13981;2
13982;35
13983;3
13984;2
13985;3
13986;3
13987;3
13988;2
13989;2
13990;3
13991;3
13992;3
13993;3
13994;3
13995;3
13996;3
13997;2
13998;3
13999;2
14000;2
14001;2
14002;3
14003;2
14004;2
14005;2
14006;3
14007;3
14008;11
14009;3
14010;3
14011;2
14012;3
14013;2
14014;3
14015;3
14016;2
14017;3
14018;2
14019;2
14020;2
14021;2
14022;3
14023;3
14024;3
14025;3
14026;3
14027;3
14028;3
14029;37
14030;37
14031;2
14032;2
14033;2
14034;3
14035;3
14036;3
14037;3
14038;2
14039;2
14040;2
14041;5
14042;3
14043;3
14044;35
14045;3
14046;6
14047;3
14048;2
14049;4
14050;2
14051;2
14052;3
14053;4
14054;4
14055;7
14056;3
14057;3
14058;3
14059;3
14060;3
14061;7
14062;3
14063;3
14064;4
14065;38
14066;3
14067;3
14068;3
14069;3
14070;4
14071;4
14072;2
14073;7
14074;3
14075;2
14076;4
14077;2
14078;2
14079;39
14080;3
14081;3
14082;2
14083;2
14084;3
14085;3
14086;3
14087;7
14088;2
14089;2
14090;3
14091;3
14092;3
14093;3
14094;3
14095;3
14096;16
14097;2
14098;2
14099;3
14100;3
14101;7
14102;3
14103;2
14104;7
14105;2
14106;3
14107;3
14108;2
14109;3
14110;3
14111;3
14112;4
14113;4
14114;3
14115;3
14116;2
14117;3
14118;3
14119;3
14120;38
14121;3
14122;3
14123;3
14124;4
14125;4
14126;3
14127;19
14128;6
14129;6
14130;2
14131;2
14132;3
14133;3
14134;3
14135;2
14136;2
14137;2
14138;3
14139;3
14140;6
14141;3
14142;3
14143;38
14144;3
14145;4
14146;36
14147;2
14148;2
14149;2
14150;2
14151;3
14152;3
14153;2
14154;42
14155;4
14156;4
14157;2
14158;3
14159;3
14160;2
14161;2
14162;2
14163;3
14164;19
14165;2
14166;38
14167;3
14168;3
14169;3
14170;3
14171;3
14172;3
14173;3
14174;3
14175;3
14176;3
14177;3
14178;2
14179;4
14180;2
14181;2
14182;2
14183;2
14184;3
14185;2
14186;2
14187;2
14188;3
14189;3
14190;12
14191;2
14192;16
14193;2
14194;2
14195;2
14196;3
14197;3
14198;3
14199;4
14200;10
14201;2
14202;2
14203;2
14204;2
14205;2
14206;3
14207;2
14208;3
14209;3
14210;18
14211;3
14212;3
14213;3
14214;3
14215;3
14216;7
14217;3
14218;11
14219;2
14220;3
14221;4
14222;2
14223;3
14224;36
14225;2
14226;2
14227;3
14228;11
14229;2
14230;2
14231;2
14232;3
14233;3
14234;3
14235;3
14236;25
14237;2
14238;3
14239;2
14240;2
14241;2
14242;7
14243;7
14244;3
14245;3
14246;3
14247;3
14248;2
14249;3
14250;3
14251;3
14252;2
14253;2
14254;3
14255;5
14256;3
14257;2
14258;2
14259;2
14260;3
14261;3
14262;2
14263;6
14264;2
14265;12
14266;2
14267;38
14268;4
14269;3
14270;3
14271;3
14272;8
14273;2
14274;2
14275;2
14276;2
14277;2
14278;3
14279;7
14280;7
14281;2
14282;2
14283;3
14284;3
14285;3
14286;3
14287;3
14288;4
14289;4
14290;3
14291;2
14292;2
14293;3
14294;2
14295;2
14296;0
14297;0
14298;3
14299;2
14300;3
14301;3
14302;4
14303;2
14304;3
14305;4
14306;7
14307;7
14308;11
14309;3
14310;3
14311;3
14312;4
14313;3
14314;3
14315;3
14316;6
14317;6
14318;38
14319;38
14320;3
14321;2
14322;2
14323;14
14324;14
14325;3
14326;2
14327;3
14328;3
14329;3
14330;3
14331;3
14332;2
14333;2
14334;6
14335;2
14336;35
14337;37
14338;4
14339;4
14340;3
14341;3
14342;3
14343;3
14344;3
14345;4
14346;3
14347;3
14348;2
14349;2
14350;2
14351;2
14352;2
14353;2
14354;5
14355;4
14356;4
14357;5
14358;23
14359;3
14360;10
14361;16
14362;2
14363;22
14364;3
14365;3
14366;3
14367;3
14368;4
14369;4
14370;3
14371;3
14372;3
14373;3
14374;4
14375;3
14376;3
14377;3
14378;3
14379;3
14380;4
14381;4
14382;2
14383;4
14384;4
14385;2
14386;10
14387;3
14388;9
14389;3
14390;3
14391;2
14392;3
14393;3
14394;3
14395;4
14396;5
14397;3
14398;3
14399;2
14400;2
14401;3
14402;3
14403;3
14404;3
14405;4
14406;2
14407;10
14408;4
14409;4
14410;2
14411;3
14412;4
14413;4
14414;7
14415;4
14416;4
14417;10
14418;3
14419;4
14420;4
14421;3
14422;3
14423;3
14424;3
14425;7
14426;3
14427;3
14428;3
14429;3
14430;3
14431;3
14432;3
14433;3
14434;3
14435;3
14436;10
14437;3
14438;3
14439;2
14440;3
14441;4
14442;3
14443;3
14444;11
14445;3
14446;2
14447;4
14448;3
14449;3
14450;3
14451;3
14452;3
14453;3
14454;2
14455;2
14456;2
14457;2
14458;3
14459;3
14460;3
14461;6
14462;6
14463;6
14464;3
14465;3
14466;3
14467;3
14468;3
14469;2
14470;2
14471;3
14472;3
14473;3
14474;3
14475;2
14476;7
14477;2
14478;2
14479;2
14480;3
14481;3
14482;3
14483;3
14484;4
14485;3
14486;35
14487;7
14488;38
14489;3
14490;3
14491;4
14492;3
14493;3
14494;2
14495;2
14496;2
14497;2
14498;2
14499;3
14500;3
14501;4
14502;3
14503;3
14504;3
14505;3
14506;37
14507;3
14508;3
14509;3
14510;3
14511;3
14512;3
14513;3
14514;2
14515;15
14516;4
14517;17
14518;17
14519;3
14520;15
14521;2
14522;7
14523;2
14524;2
14525;3
14526;2
14527;3
14528;4
14529;4
14530;3
14531;3
14532;2
14533;2
14534;4
14535;4
14536;2
14537;7
14538;3
14539;2
14540;2
14541;2
14542;3
14543;39
14544;3
14545;2
14546;2
14547;2
14548;2
14549;2
14550;35
14551;3
14552;11
14553;4
14554;4
14555;38
14556;3
14557;3
14558;3
14559;2
14560;3
14561;2
14562;2
14563;10
14564;4
14565;3
14566;3
14567;3
14568;3
14569;4
14570;2
14571;3
14572;2
14573;2
14574;3
14575;3
14576;2
14577;3
14578;3
14579;3
14580;10
14581;3
14582;3
14583;3
14584;3
14585;3
14586;3
14587;2
14588;6
14589;3
14590;2
14591;2
14592;2
14593;3
14594;3
14595;3
14596;3
14597;3
14598;3
14599;3
14600;6
14601;3
14602;3
14603;2
14604;3
14605;2
14606;2
14607;2
14608;3
14609;2
14610;3
14611;2
14612;2
14613;2
14614;3
14615;3
14616;5
14617;3
14618;3
14619;3
14620;2
14621;4
14622;3
14623;7
14624;2
14625;2
14626;3
14627;3
14628;7
14629;3
14630;3
14631;3
14632;3
14633;3
14634;3
14635;3
14636;2
14637;2
14638;3
14639;3
14640;3
14641;3
14642;4
14643;37
14644;3
14645;6
14646;13
14647;3
14648;3
14649;3
14650;0
14651;7
14652;3
14653;2
14654;2
14655;3
14656;3
14657;3
14658;2
14659;2
14660;3
14661;4
14662;2
14663;2
14664;7
14665;7
14666;2
14667;3
14668;4
14669;3
14670;3
14671;3
14672;2
14673;2
14674;2
14675;7
14676;7
14677;2
14678;3
14679;3
14680;3
14681;3
14682;14
14683;3
14684;2
14685;9
14686;3
14687;3
14688;4
14689;2
14690;3
14691;3
14692;3
14693;2
14694;4
14695;4
14696;3
14697;7
14698;3
14699;3
14700;3
14701;3
14702;3
14703;3
14704;3
14705;3
14706;3
14707;3
14708;3
14709;3
14710;3
14711;3
14712;3
14713;3
14714;3
14715;4
14716;2
14717;16
14718;3
14719;2
14720;38
14721;38
14722;2
14723;2
14724;2
14725;5
14726;4
14727;2
14728;2
14729;7
14730;2
14731;3
14732;2
14733;3
14734;35
14735;3
14736;2
14737;39
14738;4
14739;3
14740;6
14741;13
14742;4
14743;2
14744;2
14745;27
14746;3
14747;3
14748;2
14749;3
14750;3
14751;3
14752;3
14753;3
14754;39
14755;3
14756;3
14757;3
14758;11
14759;11
14760;2
14761;3
14762;3
14763;2
14764;2
14765;2
14766;2
14767;2
14768;2
14769;3
14770;3
14771;3
14772;3
14773;3
14774;3
14775;14
14776;14
14777;14
14778;2
14779;2
14780;3
14781;3
14782;3
14783;3
14784;3
14785;2
14786;3
14787;3
14788;4
14789;3
14790;3
14791;2
14792;5
14793;0
14794;3
14795;3
14796;3
14797;4
14798;3
14799;2
14800;2
14801;4
14802;3
14803;3
14804;3
14805;2
14806;3
14807;3
14808;6
14809;6
14810;3
14811;3
14812;11
14813;11
14814;3
14815;4
14816;3
14817;2
14818;3
14819;3
14820;3
14821;3
14822;2
14823;2
14824;2
14825;3
14826;10
14827;2
14828;3
14829;0
14830;2
14831;72
14832;3
14833;3
14834;3
14835;2
14836;3
14837;3
14838;3
14839;3
14840;75
14841;3
14842;3
14843;3
14844;4
14845;8
14846;2
14847;12
14848;2
14849;2
14850;2
14851;2
14852;6
14853;7
14854;7
14855;3
14856;7
14857;7
14858;2
14859;2
14860;4
14861;3
14862;3
14863;2
14864;2
14865;3
14866;3
14867;3
14868;3
14869;2
14870;2
14871;2
14872;3
14873;3
14874;10
14875;7
14876;4
14877;2
14878;2
14879;2
14880;2
14881;3
14882;3
14883;2
14884;3
14885;4
14886;3
14887;3
14888;3
14889;3
14890;3
14891;2
14892;2
14893;2
14894;2
14895;3
14896;2
14897;3
14898;2
14899;3
14900;3
14901;40
14902;3
14903;3
14904;3
14905;2
14906;2
14907;2
14908;2
14909;2
14910;38
14911;3
14912;3
14913;3
14914;2
14915;4
14916;13
14917;2
14918;3
14919;3
14920;4
14921;2
14922;2
14923;2
14924;2
14925;3
14926;4
14927;4
14928;2
14929;39
14930;3
14931;3
14932;3
14933;3
14934;3
14935;3
14936;3
14937;3
14938;3
14939;3
14940;2
14941;4
14942;3
14943;2
14944;7
14945;3
14946;3
14947;3
14948;3
14949;6
14950;3
14951;3
14952;3
14953;2
14954;2
14955;2
14956;0
14957;3
14958;2
14959;5
14960;2
14961;3
14962;3
14963;3
14964;40
14965;9
14966;4
14967;3
14968;3
14969;3
14970;3
14971;3
14972;3
14973;2
14974;7
14975;7
14976;3
14977;2
14978;4
14979;3
14980;2
14981;3
14982;2
14983;4
14984;2
14985;2
14986;2
14987;3
14988;6
14989;4
14990;4
14991;3
14992;3
14993;2
14994;2
14995;3
14996;2
14997;3
14998;3
14999;3
15000;3
15001;3
15002;3
15003;3
15004;3
15005;39
15006;3
15007;2
15008;3
15009;0
15010;3
15011;2
15012;11
15013;11
15014;3
15015;3
15016;16
15017;2
15018;16
15019;16
15020;3
15021;2
15022;3
15023;3
15024;5
15025;3
15026;3
15027;2
15028;3
15029;6
15030;2
15031;3
15032;3
15033;3
15034;3
15035;38
15036;3
15037;3
15038;3
15039;3
15040;2
15041;3
15042;3
15043;2
15044;4
15045;3
15046;7
15047;3
15048;4
15049;8
15050;3
15051;2
15052;3
15053;3
15054;4
15055;3
15056;3
15057;2
15058;2
15059;3
15060;0
15061;0
15062;4
15063;2
15064;2
15065;6
15066;2
15067;2
15068;2
15069;2
15070;3
15071;3
15072;3
15073;3
15074;3
15075;38
15076;10
15077;3
15078;2
15079;3
15080;6
15081;38
15082;2
15083;2
15084;2
15085;3
15086;2
15087;3
15088;4
15089;4
15090;4
15091;5
15092;2
15093;7
15094;3
15095;72
15096;3
15097;3
15098;3
15099;3
15100;7
15101;3
15102;16
15103;16
15104;3
15105;3
15106;2
15107;2
15108;4
15109;4
15110;4
15111;2
15112;2
15113;2
15114;3
15115;11
15116;36
15117;2
15118;2
15119;2
15120;2
15121;3
15122;6
15123;2
15124;4
15125;4
15126;6
15127;3
15128;3
15129;4
15130;3
15131;3
15132;3
15133;3
15134;3
15135;3
15136;3
15137;3
15138;2
15139;3
15140;3
15141;3
15142;3
15143;3
15144;2
15145;2
15146;3
15147;2
15148;3
15149;13
15150;4
15151;7
15152;3
15153;2
15154;2
15155;2
15156;46
15157;3
15158;3
15159;2
15160;2
15161;2
15162;3
15163;2
15164;3
15165;15
15166;2
15167;3
15168;3
15169;4
15170;2
15171;2
15172;2
15173;3
15174;3
15175;4
15176;3
15177;3
15178;4
15179;6
15180;6
15181;3
15182;2
15183;6
15184;6
15185;2
15186;7
15187;3
15188;19
15189;3
15190;8
15191;3
15192;3
15193;2
15194;3
15195;3
15196;3
15197;2
15198;2
15199;2
15200;3
15201;15
15202;23
15203;4
15204;2
15205;2
15206;3
15207;3
15208;3
15209;3
15210;4
15211;2
15212;3
15213;2
15214;2
15215;2
15216;2
15217;2
15218;4
15219;3
15220;3
15221;2
15222;3
15223;3
15224;3
15225;16
15226;4
15227;8
15228;3
15229;3
15230;4
15231;3
15232;8
15233;8
15234;3
15235;3
15236;3
15237;3
15238;2
15239;3
15240;3
15241;3
15242;3
15243;3
15244;3
15245;2
15246;2
15247;2
15248;2
15249;2
15250;3
15251;3
15252;3
15253;3
15254;3
15255;3
15256;10
15257;3
15258;13
15259;3
15260;2
15261;3
15262;2
15263;2
15264;3
15265;2
15266;2
15267;2
15268;3
15269;2
15270;2
15271;2
15272;2
15273;7
15274;4
15275;2
15276;36
15277;4
15278;2
15279;2
15280;4
15281;3
15282;3
15283;4
15284;0
15285;7
15286;7
15287;3
15288;5
15289;2
15290;2
15291;3
15292;3
15293;3
15294;2
15295;2
15296;2
15297;2
15298;2
15299;3
15300;3
15301;3
15302;2
15303;2
15304;2
15305;3
15306;3
15307;3
15308;2
15309;3
15310;12
15311;12
15312;3
15313;6
15314;3
15315;3
15316;3
15317;2
15318;2
15319;2
15320;3
15321;2
15322;3
15323;2
15324;2
15325;2
15326;2
15327;3
15328;2
15329;2
15330;2
15331;7
15332;4
15333;3
15334;3
15335;2
15336;3
15337;3
15338;2
15339;2
15340;2
15341;3
15342;3
15343;3
15344;2
15345;38
15346;3
15347;3
15348;3
15349;2
15350;2
15351;38
15352;38
15353;38
15354;0
15355;2
15356;2
15357;3
15358;2
15359;2
15360;3
15361;2
15362;2
15363;3
15364;3
15365;3
15366;3
15367;3
15368;37
15369;4
15370;3
15371;9
15372;2
15373;3
15374;3
15375;3
15376;3
15377;42
15378;2
15379;19
15380;3
15381;3
15382;2
15383;2
15384;12
15385;4
15386;2
15387;2
15388;2
15389;3
15390;38
15391;2
15392;2
15393;4
15394;3
15395;2
15396;38
15397;2
15398;2
15399;38
15400;22
15401;22
15402;3
15403;3
15404;2
15405;3
15406;3
15407;3
15408;2
15409;2
15410;3
15411;3
15412;3
15413;3
15414;4
15415;3
15416;3
15417;3
15418;2
15419;3
15420;3
15421;3
15422;3
15423;4
15424;4
15425;36
15426;38
15427;38
15428;4
15429;3
15430;40
15431;40
15432;3
15433;3
15434;3
15435;2
15436;13
15437;3
15438;3
15439;3
15440;2
15441;2
15442;2
15443;2
15444;2
15445;2
15446;19
15447;13
15448;3
15449;0
15450;3
15451;26
15452;3
15453;3
15454;2
15455;3
15456;3
15457;2
15458;4
15459;4
15460;2
15461;4
15462;2
15463;2
15464;3
15465;2
15466;2
15467;3
15468;4
15469;7
15470;3
15471;3
15472;6
15473;2
15474;4
15475;4
15476;3
15477;4
15478;3
15479;4
15480;3
15481;3
15482;4
15483;6
15484;6
15485;2
15486;3
15487;2
15488;2
15489;2
15490;6
15491;3
15492;3
15493;20
15494;4
15495;2
15496;21
15497;2
15498;12
15499;3
15500;2
15501;2
15502;3
15503;3
15504;2
15505;37
15506;37
15507;3
15508;2
15509;3
15510;2
15511;2
15512;2
15513;2
15514;3
15515;14
15516;13
15517;13
15518;13
15519;3
15520;36
15521;3
15522;7
15523;3
15524;2
15525;3
15526;12
15527;3
15528;3
15529;3
15530;3
15531;3
15532;3
15533;2
15534;4
15535;3
15536;3
15537;2
15538;3
15539;7
15540;7
15541;3
15542;2
15543;2
15544;2
15545;4
15546;4
15547;2
15548;3
15549;38
15550;2
15551;11
15552;3
15553;3
15554;3
15555;3
15556;2
15557;3
15558;2
15559;3
15560;7
15561;3
15562;3
15563;3
15564;3
15565;3
15566;3
15567;3
15568;3
15569;3
15570;2
15571;2
15572;3
15573;21
15574;2
15575;2
15576;3
15577;3
15578;3
15579;3
15580;3
15581;8
15582;3
15583;3
15584;3
15585;3
15586;3
15587;3
15588;12
15589;2
15590;3
15591;3
15592;8
15593;3
15594;3
15595;3
15596;2
15597;3
15598;3
15599;3
15600;14
15601;3
15602;16
15603;3
15604;3
15605;3
15606;38
15607;2
15608;3
15609;2
15610;2
15611;3
15612;2
15613;3
15614;3
15615;3
15616;2
15617;2
15618;2
15619;4
15620;3
15621;3
15622;3
15623;3
15624;35
15625;4
15626;6
15627;2
15628;2
15629;3
15630;2
15631;2
15632;2
15633;38
15634;3
15635;3
15636;3
15637;3
15638;2
15639;11
15640;4
15641;3
15642;2
15643;3
15644;3
15645;39
15646;3
15647;3
15648;3
15649;3
15650;3
15651;2
15652;50
15653;3
15654;3
15655;19
15656;2
15657;2
15658;4
15659;2
15660;3
15661;2
15662;28
15663;28
15664;3
15665;3
15666;3
15667;3
15668;3
15669;2
15670;50
15671;15
15672;15
15673;4
15674;2
15675;2
15676;14
15677;3
15678;4
15679;4
15680;3
15681;3
15682;3
15683;2
15684;3
15685;7
15686;3
15687;3
15688;3
15689;2
15690;2
15691;3
15692;2
15693;2
15694;2
15695;3
15696;3
15697;3
15698;3
15699;3
15700;3
15701;11
15702;3
15703;11
15704;3
15705;3
15706;35
15707;35
15708;3
15709;3
15710;3
15711;6
15712;3
15713;7
15714;3
15715;3
15716;3
15717;3
15718;2
15719;47
15720;2
15721;2
15722;10
15723;4
15724;18
15725;2
15726;3
15727;17
15728;19
15729;2
15730;2
15731;3
15732;3
15733;3
15734;3
15735;3
15736;3
15737;3
15738;2
15739;2
15740;7
15741;2
15742;2
15743;2
15744;3
15745;7
15746;2
15747;3
15748;3
15749;3
15750;3
15751;3
15752;2
15753;2
15754;3
15755;4
15756;4
15757;2
15758;2
15759;2
15760;3
15761;3
15762;2
15763;3
15764;7
15765;3
15766;3
15767;3
15768;3
15769;4
15770;3
15771;5
15772;5
15773;3
15774;0
15775;3
15776;3
15777;3
15778;3
15779;4
15780;2
15781;10
15782;4
15783;3
15784;2
15785;2
15786;2
15787;2
15788;37
15789;37
15790;2
15791;2
15792;3
15793;3
15794;4
15795;4
15796;3
15797;3
15798;3
15799;3
15800;3
15801;36
15802;3
15803;2
15804;6
15805;23
15806;3
15807;3
15808;2
15809;2
15810;3
15811;2
15812;2
15813;17
15814;17
15815;17
15816;2
15817;2
15818;2
15819;2
15820;2
15821;4
15822;3
15823;3
15824;3
15825;3
15826;5
15827;2
15828;2
15829;2
15830;4
15831;2
15832;3
15833;11
15834;2
15835;2
15836;39
15837;3
15838;4
15839;3
15840;2
15841;3
15842;2
15843;3
15844;2
15845;2
15846;2
15847;2
15848;4
15849;4
15850;3
15851;10
15852;4
15853;3
15854;4
15855;15
15856;2
15857;4
15858;3
15859;2
15860;2
15861;11
15862;3
15863;2
15864;9
15865;2
15866;7
15867;19
15868;19
15869;19
15870;37
15871;4
15872;3
15873;3
15874;2
15875;3
15876;9
15877;36
15878;2
15879;39
15880;39
15881;39
15882;2
15883;2
15884;2
15885;3
15886;3
15887;3
15888;3
15889;3
15890;3
15891;4
15892;3
15893;3
15894;3
15895;4
15896;2
15897;2
15898;3
15899;3
15900;3
15901;3
15902;4
15903;3
15904;18
15905;3
15906;3
15907;3
15908;3
15909;3
15910;3
15911;3
15912;2
15913;3
15914;3
15915;3
15916;3
15917;4
15918;3
15919;2
15920;2
15921;7
15922;3
15923;3
15924;2
15925;3
15926;2
15927;16
15928;3
15929;3
15930;3
15931;9
15932;3
15933;3
15934;2
15935;2
15936;2
15937;2
15938;3
15939;3
15940;44
15941;4
15942;3
15943;2
15944;2
15945;2
15946;3
15947;15
15948;15
15949;37
15950;4
15951;4
15952;3
15953;3
15954;7
15955;3
15956;3
15957;3
15958;3
15959;3
15960;2
15961;3
15962;3
15963;3
15964;4
15965;4
15966;7
15967;7
15968;2
15969;3
15970;3
15971;4
15972;4
15973;6
15974;4
15975;6
15976;2
15977;2
15978;4
15979;15
15980;15
15981;15
15982;3
15983;2
15984;3
15985;2
15986;4
15987;3
15988;3
15989;2
15990;4
15991;3
15992;3
15993;3
15994;8
15995;3
15996;3
15997;3
15998;9
15999;9
16000;4
16001;4
16002;3
16003;2
16004;2
16005;2
16006;2
16007;38
16008;38
16009;7
16010;7
16011;3
16012;3
16013;3
16014;3
16015;3
16016;10
16017;3
16018;3
16019;3
16020;3
16021;3
16022;36
16023;3
16024;3
16025;3
16026;4
16027;39
16028;2
16029;2
16030;2
16031;2
16032;2
16033;3
16034;2
16035;2
16036;3
16037;35
16038;2
16039;3
16040;3
16041;3
16042;38
16043;3
16044;2
16045;7
16046;7
16047;3
16048;3
16049;2
16050;3
16051;3
16052;3
16053;38
16054;3
16055;3
16056;2
16057;5
16058;7
16059;3
16060;3
16061;3
16062;2
16063;2
16064;3
16065;3
16066;2
16067;3
16068;3
16069;7
16070;14
16071;3
16072;3
16073;3
16074;3
16075;2
16076;2
16077;3
16078;2
16079;4
16080;10
16081;3
16082;2
16083;2
16084;2
16085;3
16086;0
16087;4
16088;3
16089;3
16090;3
16091;3
16092;2
16093;3
16094;3
16095;3
16096;2
16097;13
16098;3
16099;2
16100;3
16101;38
16102;38
16103;4
16104;4
16105;2
16106;4
16107;3
16108;3
16109;3
16110;2
16111;2
16112;2
16113;3
16114;3
16115;3
16116;3
16117;2
16118;2
16119;2
16120;2
16121;9
16122;3
16123;3
16124;6
16125;2
16126;7
16127;20
16128;3
16129;9
16130;2
16131;3
16132;3
16133;2
16134;3
16135;3
16136;47
16137;3
16138;3
16139;3
16140;3
16141;7
16142;2
16143;3
16144;3
16145;13
16146;3
16147;3
16148;3
16149;3
16150;3
16151;7
16152;7
16153;3
16154;3
16155;3
16156;3
16157;3
16158;2
16159;3
16160;2
16161;2
16162;2
16163;2
16164;3
16165;3
16166;4
16167;4
16168;3
16169;3
16170;3
16171;4
16172;3
16173;37
16174;37
16175;2
16176;2
16177;2
16178;2
16179;2
16180;3
16181;3
16182;2
16183;2
16184;2
16185;2
16186;3
16187;3
16188;2
16189;3
16190;3
16191;3
16192;3
16193;3
16194;3
16195;2
16196;2
16197;3
16198;3
16199;3
16200;3
16201;3
16202;2
16203;2
16204;3
16205;3
16206;7
16207;2
16208;10
16209;3
16210;3
16211;3
16212;6
16213;3
16214;7
16215;2
16216;2
16217;3
16218;3
16219;3
16220;37
16221;37
16222;37
16223;4
16224;4
16225;3
16226;2
16227;37
16228;3
16229;3
16230;3
16231;5
16232;2
16233;6
16234;3
16235;3
16236;7
16237;7
16238;2
16239;4
16240;6
16241;3
16242;3
16243;2
16244;2
16245;2
16246;3
16247;3
16248;3
16249;3
16250;3
16251;3
16252;38
16253;3
16254;3
16255;0
16256;4
16257;3
16258;2
16259;2
16260;2
16261;2
16262;3
16263;3
16264;3
16265;2
16266;3
16267;3
16268;0
16269;3
16270;47
16271;14
16272;2
16273;2
16274;2
16275;4
16276;2
16277;38
16278;2
16279;2
16280;3
16281;3
16282;3
16283;2
16284;2
16285;3
16286;2
16287;2
16288;3
16289;3
16290;2
16291;2
16292;3
16293;15
16294;15
16295;3
16296;6
16297;4
16298;4
16299;3
16300;2
16301;3
16302;2
16303;9
16304;4
16305;5
16306;2
16307;2
16308;2
16309;2
16310;2
16311;2
16312;3
16313;3
16314;3
16315;17
16316;2
16317;3
16318;2
16319;3
16320;4
16321;4
16322;8
16323;8
16324;38
16325;38
16326;2
16327;3
16328;3
16329;2
16330;22
16331;22
16332;7
16333;3
16334;2
16335;3
16336;3
16337;7
16338;15
16339;18
16340;3
16341;3
16342;3
16343;3
16344;2
16345;3
16346;4
16347;3
16348;3
16349;3
16350;6
16351;38
16352;3
16353;14
16354;14
16355;4
16356;38
16357;37
16358;3
16359;4
16360;35
16361;19
16362;19
16363;3
16364;3
16365;3
16366;3
16367;2
16368;2
16369;3
16370;3
16371;3
16372;3
16373;3
16374;2
16375;2
16376;2
16377;3
16378;3
16379;4
16380;4
16381;50
16382;3
16383;3
16384;3
16385;3
16386;3
16387;4
16388;3
16389;3
16390;2
16391;3
16392;2
16393;3
16394;4
16395;35
16396;35
16397;3
16398;3
16399;3
16400;11
16401;3
16402;3
16403;2
16404;2
16405;2
16406;3
16407;3
16408;3
16409;3
16410;3
16411;3
16412;3
16413;2
16414;3
16415;12
16416;3
16417;3
16418;2
16419;4
16420;2
16421;4
16422;3
16423;3
16424;2
16425;2
16426;3
16427;6
16428;2
16429;3
16430;7
16431;3
16432;3
16433;3
16434;13
16435;3
16436;3
16437;3
16438;2
16439;2
16440;2
16441;3
16442;2
16443;2
16444;3
16445;3
16446;4
16447;3
16448;3
16449;7
16450;7
16451;2
16452;2
16453;2
16454;4
16455;7
16456;2
16457;16
16458;16
16459;2
16460;3
16461;3
16462;3
16463;3
16464;7
16465;3
16466;3
16467;3
16468;3
16469;2
16470;3
16471;3
16472;2
16473;3
16474;7
16475;4
16476;7
16477;39
16478;2
16479;3
16480;3
16481;4
16482;4
16483;3
16484;3
16485;3
16486;2
16487;3
16488;3
16489;2
16490;7
16491;3
16492;3
16493;3
16494;3
16495;2
16496;3
16497;2
16498;2
16499;2
16500;3
16501;9
16502;3
16503;4
16504;3
16505;3
16506;3
16507;9
16508;2
16509;2
16510;2
16511;2
16512;6
16513;2
16514;2
16515;2
16516;2
16517;2
16518;2
16519;3
16520;3
16521;4
16522;2
16523;4
16524;2
16525;3
16526;3
16527;39
16528;39
16529;7
16530;41
16531;3
16532;4
16533;18
16534;3
16535;3
16536;3
16537;4
16538;3
16539;2
16540;38
16541;3
16542;3
16543;3
16544;3
16545;3
16546;38
16547;38
16548;2
16549;3
16550;24
16551;37
16552;37
16553;3
16554;3
16555;3
16556;3
16557;3
16558;2
16559;2
16560;38
16561;12
16562;3
16563;3
16564;3
16565;3
16566;9
16567;3
16568;3
16569;3
16570;4
16571;4
16572;3
16573;4
16574;3
16575;3
16576;3
16577;3
16578;7
16579;7
16580;35
16581;2
16582;38
16583;3
16584;6
16585;3
16586;7
16587;2
16588;3
16589;3
16590;3
16591;3
16592;3
16593;46
16594;2
16595;3
16596;2
16597;3
16598;2
16599;14
16600;7
16601;7
16602;6
16603;2
16604;2
16605;2
16606;3
16607;2
16608;2
16609;6
16610;3
16611;2
16612;3
16613;3
16614;36
16615;4
16616;3
16617;2
16618;2
16619;2
16620;5
16621;35
16622;3
16623;3
16624;38
16625;3
16626;3
16627;2
16628;2
16629;38
16630;3
16631;3
16632;3
16633;3
16634;2
16635;2
16636;3
16637;2
16638;4
16639;10
16640;7
16641;2
16642;2
16643;3
16644;3
16645;7
16646;2
16647;2
16648;2
16649;2
16650;3
16651;3
16652;4
16653;3
16654;2
16655;3
16656;15
16657;37
16658;37
16659;21
16660;3
16661;4
16662;3
16663;3
16664;3
16665;3
16666;3
16667;7
16668;14
16669;3
16670;7
16671;3
16672;3
16673;4
16674;4
16675;3
16676;38
16677;4
16678;3
16679;3
16680;3
16681;19
16682;2
16683;3
16684;2
16685;2
16686;2
16687;3
16688;3
16689;38
16690;47
16691;2
16692;17
16693;3
16694;3
16695;4
16696;4
16697;4
16698;2
16699;2
16700;4
16701;37
16702;4
16703;3
16704;4
16705;2
16706;3
16707;3
16708;2
16709;2
16710;2
16711;3
16712;2
16713;3
16714;3
16715;2
16716;10
16717;3
16718;2
16719;3
16720;2
16721;2
16722;4
16723;3
16724;3
16725;10
16726;35
16727;3
16728;3
16729;3
16730;37
16731;37
16732;3
16733;2
16734;2
16735;3
16736;2
16737;2
16738;3
16739;3
16740;3
16741;2
16742;6
16743;3
16744;3
16745;3
16746;3
16747;6
16748;3
16749;3
16750;3
16751;2
16752;2
16753;2
16754;3
16755;2
16756;2
16757;3
16758;3
16759;3
16760;3
16761;2
16762;4
16763;2
16764;3
16765;3
16766;3
16767;2
16768;2
16769;2
16770;3
16771;3
16772;2
16773;4
16774;4
16775;3
16776;4
16777;3
16778;3
16779;2
16780;3
16781;3
16782;13
16783;3
16784;3
16785;3
16786;4
16787;3
16788;3
16789;10
16790;3
16791;2
16792;3
16793;3
16794;4
16795;3
16796;3
16797;3
16798;4
16799;3
16800;2
16801;2
16802;2
16803;2
16804;2
16805;3
16806;2
16807;2
16808;17
16809;17
16810;3
16811;3
16812;3
16813;3
16814;2
16815;2
16816;4
16817;3
16818;2
16819;5
16820;3
16821;3
16822;3
16823;2
16824;2
16825;6
16826;2
16827;11
16828;3
16829;2
16830;3
16831;3
16832;3
16833;3
16834;3
16835;7
16836;39
16837;7
16838;3
16839;3
16840;6
16841;6
16842;3
16843;2
16844;3
16845;3
16846;3
16847;3
16848;2
16849;2
16850;2
16851;3
16852;3
16853;2
16854;2
16855;36
16856;3
16857;3
16858;3
16859;3
16860;2
16861;3
16862;3
16863;6
16864;3
16865;2
16866;3
16867;10
16868;3
16869;3
16870;2
16871;2
16872;2
16873;2
16874;15
16875;2
16876;9
16877;9
16878;3
16879;4
16880;4
16881;4
16882;3
16883;4
16884;2
16885;3
16886;3
16887;37
16888;37
16889;3
16890;18
16891;3
16892;3
16893;2
16894;3
16895;2
16896;2
16897;2
16898;2
16899;3
16900;3
16901;11
16902;3
16903;2
16904;6
16905;6
16906;6
16907;37
16908;37
16909;4
16910;3
16911;4
16912;39
16913;3
16914;7
16915;7
16916;7
16917;0
16918;3
16919;3
16920;3
16921;2
16922;3
16923;3
16924;3
16925;3
16926;3
16927;3
16928;35
16929;3
16930;3
16931;3
16932;4
16933;3
16934;3
16935;3
16936;3
16937;3
16938;3
16939;5
16940;3
16941;37
16942;37
16943;3
16944;21
16945;3
16946;38
16947;3
16948;37
16949;2
16950;2
16951;2
16952;2
16953;2
16954;2
16955;3
16956;14
16957;38
16958;3
16959;21
16960;3
16961;2
16962;35
16963;2
16964;4
16965;3
16966;3
16967;2
16968;3
16969;3
16970;3
16971;3
16972;3
16973;13
16974;2
16975;3
16976;3
16977;3
16978;10
16979;3
16980;4
16981;4
16982;4
16983;3
16984;3
16985;4
16986;2
16987;36
16988;4
16989;4
16990;2
16991;2
16992;3
16993;16
16994;3
16995;3
16996;3
16997;3
16998;3
16999;3
17000;2
17001;2
17002;2
17003;3
17004;2
17005;4
17006;3
17007;3
17008;3
17009;2
17010;2
17011;2
17012;3
17013;7
17014;38
17015;3
17016;2
17017;5
17018;4
17019;4
17020;37
17021;37
17022;37
17023;3
17024;39
17025;4
17026;2
17027;3
17028;3
17029;3
17030;3
17031;0
17032;3
17033;3
17034;2
17035;2
17036;2
17037;2
17038;2
17039;3
17040;3
17041;4
17042;24
17043;24
17044;2
17045;10
17046;3
17047;3
17048;2
17049;2
17050;3
17051;3
17052;3
17053;2
17054;7
17055;3
17056;3
17057;3
17058;3
17059;2
17060;2
17061;2
17062;2
17063;2
17064;4
17065;4
17066;2
17067;37
17068;3
17069;3
17070;3
17071;3
17072;3
17073;2
17074;2
17075;2
17076;3
17077;3
17078;4
17079;3
17080;4
17081;4
17082;2
17083;2
17084;4
17085;3
17086;3
17087;3
17088;4
17089;2
17090;2
17091;3
17092;2
17093;3
17094;2
17095;3
17096;39
17097;2
17098;3
17099;3
17100;11
17101;3
17102;3
17103;3
17104;3
17105;3
17106;37
17107;3
17108;3
17109;3
17110;37
17111;4
17112;38
17113;38
17114;38
17115;3
17116;6
17117;3
17118;3
17119;3
17120;13
17121;3
17122;8
17123;2
17124;2
17125;3
17126;3
17127;3
17128;2
17129;3
17130;3
17131;3
17132;14
17133;3
17134;2
17135;2
17136;2
17137;3
17138;4
17139;2
17140;3
17141;3
17142;6
17143;3
17144;25
17145;25
17146;25
17147;6
17148;4
17149;2
17150;3
17151;3
17152;3
17153;3
17154;2
17155;3
17156;7
17157;2
17158;2
17159;3
17160;2
17161;4
17162;3
17163;3
17164;37
17165;3
17166;3
17167;4
17168;3
17169;2
17170;8
17171;2
17172;2
17173;3
17174;3
17175;3
17176;3
17177;2
17178;2
17179;2
17180;3
17181;3
17182;3
17183;3
17184;3
17185;3
17186;6
17187;2
17188;2
17189;2
17190;2
17191;2
17192;2
17193;3
17194;3
17195;3
17196;3
17197;3
17198;3
17199;3
17200;3
17201;3
17202;3
17203;3
17204;2
17205;23
17206;4
17207;2
17208;4
17209;3
17210;2
17211;2
17212;3
17213;2
17214;3
17215;37
17216;3
17217;9
17218;4
17219;4
17220;6
17221;3
17222;2
17223;38
17224;44
17225;3
17226;3
17227;3
17228;3
17229;3
17230;3
17231;2
17232;3
17233;2
17234;7
17235;2
17236;2
17237;3
17238;3
17239;3
17240;2
17241;2
17242;2
17243;52
17244;3
17245;3
17246;3
17247;3
17248;2
17249;3
17250;3
17251;3
17252;2
17253;2
17254;3
17255;3
17256;4
17257;3
17258;4
17259;3
17260;2
17261;4
17262;6
17263;6
17264;3
17265;4
17266;3
17267;2
17268;9
17269;39
17270;3
17271;2
17272;2
17273;4
17274;3
17275;3
17276;3
17277;3
17278;3
17279;2
17280;2
17281;3
17282;7
17283;4
17284;23
17285;23
17286;2
17287;2
17288;3
17289;3
17290;3
17291;3
17292;3
17293;3
17294;4
17295;4
17296;4
17297;3
17298;2
17299;2
17300;3
17301;3
17302;2
17303;3
17304;3
17305;4
17306;4
17307;3
17308;3
17309;2
17310;2
17311;3
17312;4
17313;3
17314;2
17315;2
17316;3
17317;3
17318;2
17319;2
17320;2
17321;2
17322;2
17323;3
17324;3
17325;2
17326;7
17327;3
17328;3
17329;3
17330;3
17331;3
17332;3
17333;3
17334;6
17335;2
17336;3
17337;2
17338;3
17339;3
17340;3
17341;4
17342;4
17343;2
17344;2
17345;5
17346;5
17347;3
17348;2
17349;3
17350;3
17351;2
17352;2
17353;2
17354;3
17355;3
17356;3
17357;3
17358;3
17359;4
17360;3
17361;3
17362;3
17363;3
17364;3
17365;2
17366;4
17367;39
17368;2
17369;2
17370;3
17371;39
17372;3
17373;2
17374;3
17375;7
17376;24
17377;2
17378;2
17379;2
17380;3
17381;2
17382;2
17383;3
17384;4
17385;2
17386;2
17387;3
17388;2
17389;2
17390;2
17391;3
17392;3
17393;2
17394;2
17395;3
17396;3
17397;3
17398;4
17399;3
17400;2
17401;3
17402;3
17403;3
17404;3
17405;3
17406;2
17407;2
17408;2
17409;2
17410;2
17411;5
17412;3
17413;3
17414;7
17415;4
17416;4
17417;3
17418;4
17419;4
17420;3
17421;3
17422;7
17423;7
17424;3
17425;13
17426;2
17427;2
17428;2
17429;2
17430;3
17431;3
17432;5
17433;3
17434;3
17435;38
17436;38
17437;5
17438;3
17439;3
17440;3
17441;6
17442;3
17443;3
17444;4
17445;3
17446;7
17447;7
17448;3
17449;2
17450;2
17451;2
17452;2
17453;2
17454;3
17455;3
17456;2
17457;6
17458;2
17459;6
17460;3
17461;3
17462;15
17463;15
17464;3
17465;39
17466;4
17467;4
17468;3
17469;3
17470;7
17471;7
17472;18
17473;3
17474;3
17475;5
17476;3
17477;3
17478;0
17479;48
17480;13
17481;13
17482;2
17483;2
17484;7
17485;3
17486;3
17487;2
17488;2
17489;2
17490;3
17491;3
17492;3
17493;49
17494;2
17495;2
17496;11
17497;3
17498;0
17499;40
17500;40
17501;7
17502;2
17503;2
17504;2
17505;2
17506;0
17507;0
17508;3
17509;2
17510;3
17511;3
17512;5
17513;5
17514;3
17515;3
17516;3
17517;38
17518;25
17519;7
17520;2
17521;3
17522;2
17523;2
17524;2
17525;3
17526;3
17527;2
17528;2
17529;2
17530;5
17531;3
17532;2
17533;2
17534;3
17535;6
17536;2
17537;3
17538;3
17539;2
17540;3
17541;3
17542;3
17543;10
17544;3
17545;38
17546;10
17547;3
17548;3
17549;3
17550;3
17551;3
17552;3
17553;2
17554;4
17555;3
17556;3
17557;3
17558;3
17559;3
17560;2
17561;3
17562;3
17563;2
17564;50
17565;3
17566;3
17567;3
17568;2
17569;2
17570;2
17571;3
17572;3
17573;3
17574;18
17575;3
17576;3
17577;3
17578;39
17579;3
17580;4
17581;3
17582;7
17583;3
17584;0
17585;2
17586;3
17587;7
17588;3
17589;3
17590;3
17591;3
17592;3
17593;3
17594;3
17595;3
17596;4
17597;3
17598;13
17599;5
17600;35
17601;3
17602;3
17603;2
17604;2
17605;3
17606;2
17607;2
17608;2
17609;3
17610;14
17611;2
17612;7
17613;3
17614;3
17615;3
17616;3
17617;9
17618;3
17619;3
17620;3
17621;3
17622;3
17623;8
17624;3
17625;3
17626;4
17627;2
17628;2
17629;3
17630;3
17631;3
17632;3
17633;5
17634;3
17635;3
17636;2
17637;2
17638;3
17639;3
17640;3
17641;2
17642;3
17643;3
17644;2
17645;3
17646;2
17647;2
17648;3
17649;3
17650;3
17651;3
17652;3
17653;7
17654;2
17655;3
17656;3
17657;3
17658;3
17659;3
17660;3
17661;4
17662;4
17663;2
17664;3
17665;3
17666;3
17667;3
17668;3
17669;3
17670;3
17671;17
17672;3
17673;17
17674;17
17675;3
17676;3
17677;3
17678;3
17679;4
17680;3
17681;3
17682;4
17683;3
17684;3
17685;3
17686;4
17687;3
17688;3
17689;3
17690;2
17691;2
17692;2
17693;2
17694;3
17695;3
17696;2
17697;2
17698;3
17699;3
17700;3
17701;3
17702;3
17703;10
17704;10
17705;51
17706;2
17707;3
17708;2
17709;2
17710;2
17711;3
17712;2
17713;3
17714;3
17715;6
17716;42
17717;0
17718;6
17719;2
17720;3
17721;8
17722;3
17723;4
17724;4
17725;3
17726;3
17727;3
17728;3
17729;3
17730;3
17731;35
17732;2
17733;2
17734;2
17735;2
17736;2
17737;38
17738;38
17739;3
17740;3
17741;2
17742;2
17743;2
17744;3
17745;3
17746;3
17747;3
17748;2
17749;3
17750;4
17751;2
17752;2
17753;3
17754;38
17755;3
17756;3
17757;19
17758;3
17759;3
17760;4
17761;3
17762;2
17763;3
17764;3
17765;4
17766;2
17767;3
17768;3
17769;3
17770;3
17771;3
17772;3
17773;2
17774;2
17775;2
17776;3
17777;3
17778;3
17779;3
17780;3
17781;3
17782;2
17783;2
17784;2
17785;7
17786;3
17787;3
17788;37
17789;3
17790;16
17791;3
17792;3
17793;3
17794;3
17795;3
17796;2
17797;4
17798;4
17799;2
17800;3
17801;3
17802;3
17803;3
17804;3
17805;3
17806;2
17807;2
17808;2
17809;7
17810;7
17811;7
17812;3
17813;2
17814;3
17815;3
17816;3
17817;3
17818;4
17819;3
17820;4
17821;38
17822;38
17823;3
17824;3
17825;3
17826;2
17827;3
17828;3
17829;3
17830;3
17831;3
17832;3
17833;3
17834;4
17835;46
17836;2
17837;2
17838;2
17839;2
17840;3
17841;3
17842;2
17843;2
17844;7
17845;3
17846;3
17847;9
17848;7
17849;4
17850;3
17851;3
17852;3
17853;3
17854;4
17855;2
17856;3
17857;3
17858;3
17859;3
17860;3
17861;2
17862;3
17863;3
17864;2
17865;2
17866;3
17867;36
17868;3
17869;17
17870;2
17871;3
17872;3
17873;3
17874;2
17875;2
17876;2
17877;2
17878;2
17879;3
17880;3
17881;3
17882;3
17883;3
17884;2
17885;2
17886;3
17887;38
17888;20
17889;5
17890;5
17891;3
17892;7
17893;7
17894;3
17895;3
17896;3
17897;3
17898;3
17899;4
17900;3
17901;3
17902;3
17903;4
17904;18
17905;6
17906;36
17907;36
17908;2
17909;2
17910;2
17911;8
17912;2
17913;3
17914;3
17915;2
17916;3
17917;3
17918;3
17919;3
17920;2
17921;3
17922;3
17923;6
17924;3
17925;2
17926;2
17927;2
17928;2
17929;12
17930;2
17931;2
17932;3
17933;3
17934;3
17935;3
17936;3
17937;3
17938;3
17939;2
17940;3
17941;2
17942;2
17943;2
17944;3
17945;3
17946;3
17947;8
17948;4
17949;4
17950;3
17951;6
17952;2
17953;4
17954;38
17955;2
17956;2
17957;2
17958;2
17959;2
17960;3
17961;2
17962;9
17963;3
17964;2
17965;7
17966;3
17967;14
17968;2
17969;2
17970;2
17971;2
17972;38
17973;2
17974;3
17975;2
17976;3
17977;3
17978;3
17979;3
17980;3
17981;2
17982;7
17983;5
17984;2
17985;4
17986;21
17987;21
17988;2
17989;3
17990;3
17991;2
17992;3
17993;3
17994;3
17995;4
17996;37
17997;3
17998;37
17999;2
18000;3
18001;3
18002;3
18003;6
18004;22
18005;3
18006;3
18007;4
18008;2
18009;2
18010;3
18011;3
18012;3
18013;3
18014;2
18015;2
18016;2
18017;2
18018;2
18019;3
18020;3
18021;3
18022;2
18023;2
18024;3
18025;11
18026;2
18027;2
18028;38
18029;38
18030;2
18031;7
18032;8
18033;3
18034;6
18035;17
18036;2
18037;6
18038;2
18039;2
18040;3
18041;3
18042;38
18043;3
18044;3
18045;3
18046;2
18047;2
18048;2
18049;3
18050;3
18051;4
18052;3
18053;3
18054;3
18055;2
18056;2
18057;3
18058;2
18059;22
18060;3
18061;2
18062;2
18063;2
18064;2
18065;3
18066;3
18067;3
18068;3
18069;3
18070;2
18071;2
18072;2
18073;2
18074;2
18075;3
18076;3
18077;4
18078;2
18079;2
18080;3
18081;7
18082;3
18083;2
18084;2
18085;2
18086;2
18087;2
18088;2
18089;3
18090;17
18091;6
18092;6
18093;6
18094;3
18095;6
18096;4
18097;3
18098;3
18099;38
18100;38
18101;3
18102;3
18103;2
18104;2
18105;10
18106;3
18107;4
18108;4
18109;4
18110;3
18111;2
18112;7
18113;17
18114;2
18115;2
18116;3
18117;3
18118;3
18119;3
18120;3
18121;3
18122;14
18123;2
18124;3
18125;3
18126;38
18127;38
18128;2
18129;2
18130;2
18131;2
18132;2
18133;2
18134;2
18135;2
18136;3
18137;2
18138;2
18139;3
18140;39
18141;3
18142;20
18143;4
18144;3
18145;3
18146;7
18147;3
18148;3
18149;3
18150;3
18151;3
18152;35
18153;3
18154;3
18155;3
18156;2
18157;2
18158;2
18159;3
18160;3
18161;4
18162;23
18163;0
18164;6
18165;4
18166;6
18167;2
18168;20
18169;3
18170;3
18171;38
18172;40
18173;70
18174;3
18175;3
18176;3
18177;3
18178;3
18179;2
18180;2
18181;3
18182;2
18183;2
18184;3
18185;3
18186;2
18187;2
18188;2
18189;2
18190;3
18191;3
18192;3
18193;7
18194;7
18195;4
18196;36
18197;3
18198;3
18199;3
18200;3
18201;3
18202;2
18203;2
18204;4
18205;4
18206;3
18207;3
18208;3
18209;3
18210;4
18211;8
18212;38
18213;4
18214;3
18215;3
18216;3
18217;3
18218;3
18219;3
18220;3
18221;6
18222;4
18223;2
18224;2
18225;3
18226;2
18227;36
18228;7
18229;2
18230;7
18231;0
18232;3
18233;4
18234;4
18235;3
18236;3
18237;3
18238;17
18239;3
18240;2
18241;2
18242;3
18243;3
18244;3
18245;5
18246;4
18247;3
18248;21
18249;3
18250;0
18251;0
18252;4
18253;2
18254;2
18255;2
18256;38
18257;2
18258;2
18259;2
18260;2
18261;2
18262;7
18263;2
18264;37
18265;37
18266;9
18267;37
18268;3
18269;38
18270;38
18271;3
18272;3
18273;3
18274;3
18275;3
18276;3
18277;3
18278;3
18279;3
18280;3
18281;39
18282;2
18283;2
18284;2
18285;3
18286;3
18287;3
18288;2
18289;3
18290;3
18291;11
18292;3
18293;4
18294;3
18295;2
18296;3
18297;3
18298;3
18299;3
18300;3
18301;2
18302;3
18303;3
18304;3
18305;3
18306;2
18307;2
18308;2
18309;2
18310;2
18311;2
18312;2
18313;2
18314;7
18315;7
18316;7
18317;5
18318;5
18319;2
18320;12
18321;2
18322;2
18323;2
18324;2
18325;3
18326;37
18327;37
18328;37
18329;3
18330;7
18331;2
18332;3
18333;2
18334;3
18335;2
18336;2
18337;2
18338;2
18339;7
18340;3
18341;4
18342;3
18343;39
18344;4
18345;4
18346;2
18347;2
18348;3
18349;0
18350;2
18351;3
18352;2
18353;2
18354;2
18355;2
18356;2
18357;2
18358;3
18359;3
18360;4
18361;38
18362;38
18363;38
18364;38
18365;38
18366;37
18367;74
18368;2
18369;4
18370;2
18371;3
18372;37
18373;37
18374;6
18375;38
18376;2
18377;4
18378;25
18379;0
18380;54
18381;3
18382;3
18383;3
18384;7
18385;3
18386;3
18387;39
18388;13
18389;4
18390;2
18391;2
18392;2
18393;2
18394;3
18395;3
18396;2
18397;2
18398;2
18399;36
18400;3
18401;3
18402;2
18403;2
18404;3
18405;3
18406;3
18407;37
18408;3
18409;2
18410;2
18411;2
18412;3
18413;3
18414;4
18415;2
18416;3
18417;2
18418;3
18419;3
18420;2
18421;2
18422;6
18423;2
18424;2
18425;3
18426;3
18427;3
18428;3
18429;4
18430;2
18431;7
18432;3
18433;3
18434;2
18435;2
18436;0
18437;3
18438;3
18439;3
18440;2
18441;39
18442;7
18443;3
18444;6
18445;3
18446;3
18447;3
18448;3
18449;3
18450;3
18451;3
18452;3
18453;3
18454;7
18455;38
18456;6
18457;3
18458;18
18459;3
18460;3
18461;3
18462;3
18463;3
18464;9
18465;2
18466;3
18467;4
18468;2
18469;3
18470;3
18471;3
18472;2
18473;3
18474;3
18475;3
18476;2
18477;2
18478;3
18479;4
18480;3
18481;3
18482;2
18483;3
18484;2
18485;2
18486;4
18487;0
18488;3
18489;2
18490;3
18491;3
18492;3
18493;3
18494;1
18495;1
18496;3
18497;3
18498;3
18499;3
18500;3
18501;42
18502;5
18503;5
18504;2
18505;38
18506;2
18507;40
18508;3
18509;3
18510;3
18511;3
18512;3
18513;3
18514;3
18515;2
18516;4
18517;38
18518;38
18519;3
18520;3
18521;4
18522;4
18523;3
18524;3
18525;3
18526;3
18527;4
18528;2
18529;3
18530;3
18531;2
18532;15
18533;2
18534;37
18535;19
18536;38
18537;3
18538;3
18539;3
18540;2
18541;2
18542;3
18543;4
18544;3
18545;3
18546;3
18547;3
18548;3
18549;6
18550;2
18551;7
18552;3
18553;3
18554;2
18555;2
18556;14
18557;3
18558;3
18559;2
18560;3
18561;30
18562;4
18563;4
18564;6
18565;6
18566;6
18567;2
18568;3
18569;3
18570;3
18571;3
18572;3
18573;2
18574;3
18575;3
18576;3
18577;17
18578;7
18579;2
18580;2
18581;4
18582;3
18583;6
18584;3
18585;3
18586;3
18587;3
18588;3
18589;5
18590;37
18591;2
18592;2
18593;15
18594;15
18595;2
18596;3
18597;2
18598;2
18599;3
18600;3
18601;3
18602;3
18603;3
18604;2
18605;3
18606;3
18607;2
18608;4
18609;0
18610;2
18611;2
18612;2
18613;2
18614;2
18615;39
18616;4
18617;24
18618;7
18619;3
18620;3
18621;3
18622;2
18623;2
18624;3
18625;3
18626;3
18627;3
18628;3
18629;3
18630;3
18631;16
18632;2
18633;3
18634;3
18635;3
18636;3
18637;3
18638;2
18639;7
18640;7
18641;2
18642;3
18643;6
18644;3
18645;3
18646;3
18647;10
18648;3
18649;8
18650;2
18651;3
18652;2
18653;3
18654;3
18655;3
18656;2
18657;2
18658;2
18659;2
18660;4
18661;4
18662;2
18663;3
18664;3
18665;4
18666;3
18667;3
18668;3
18669;7
18670;7
18671;3
18672;5
18673;2
18674;8
18675;3
18676;3
18677;2
18678;3
18679;3
18680;3
18681;3
18682;3
18683;3
18684;3
18685;3
18686;3
18687;3
18688;3
18689;4
18690;4
18691;3
18692;3
18693;3
18694;3
18695;3
18696;3
18697;39
18698;3
18699;3
18700;2
18701;2
18702;4
18703;18
18704;3
18705;2
18706;3
18707;3
18708;3
18709;4
18710;3
18711;3
18712;0
18713;2
18714;2
18715;2
18716;2
18717;2
18718;2
18719;3
18720;3
18721;3
18722;3
18723;3
18724;3
18725;3
18726;3
18727;3
18728;14
18729;14
18730;14
18731;2
18732;2
18733;3
18734;3
18735;4
18736;37
18737;17
18738;3
18739;38
18740;16
18741;3
18742;2
18743;3
18744;2
18745;3
18746;4
18747;3
18748;3
18749;3
18750;38
18751;4
18752;2
18753;2
18754;2
18755;2
18756;2
18757;2
18758;3
18759;3
18760;3
18761;3
18762;3
18763;9
18764;2
18765;3
18766;7
18767;4
18768;4
18769;3
18770;4
18771;3
18772;3
18773;3
18774;3
18775;2
18776;3
18777;8
18778;0
18779;0
18780;38
18781;38
18782;3
18783;3
18784;3
18785;3
18786;2
18787;3
18788;17
18789;2
18790;38
18791;7
18792;2
18793;2
18794;3
18795;3
18796;11
18797;3
18798;11
18799;36
18800;2
18801;4
18802;2
18803;4
18804;3
18805;3
18806;7
18807;7
18808;4
18809;3
18810;11
18811;36
18812;2
18813;3
18814;2
18815;2
18816;3
18817;4
18818;4
18819;4
18820;2
18821;2
18822;3
18823;3
18824;2
18825;2
18826;3
18827;2
18828;2
18829;3
18830;2
18831;3
18832;4
18833;12
18834;6
18835;3
18836;2
18837;3
18838;15
18839;3
18840;3
18841;3
18842;2
18843;3
18844;4
18845;3
18846;3
18847;10
18848;2
18849;2
18850;4
18851;3
18852;7
18853;3
18854;3
18855;3
18856;3
18857;3
18858;2
18859;3
18860;3
18861;37
18862;2
18863;2
18864;2
18865;4
18866;4
18867;2
18868;3
18869;3
18870;3
18871;6
18872;3
18873;37
18874;37
18875;37
18876;3
18877;3
18878;2
18879;3
18880;3
18881;3
18882;2
18883;3
18884;2
18885;2
18886;2
18887;3
18888;3
18889;3
18890;4
18891;7
18892;3
18893;3
18894;2
18895;2
18896;2
18897;2
18898;2
18899;3
18900;2
18901;2
18902;2
18903;3
18904;3
18905;2
18906;3
18907;3
18908;0
18909;2
18910;2
18911;2
18912;2
18913;2
18914;2
18915;2
18916;2
18917;4
18918;3
18919;3
18920;9
18921;3
18922;2
18923;2
18924;3
18925;3
18926;7
18927;3
18928;3
18929;3
18930;2
18931;3
18932;4
18933;11
18934;10
18935;7
18936;3
18937;39
18938;4
18939;4
18940;2
18941;3
18942;3
18943;3
18944;3
18945;3
18946;4
18947;4
18948;3
18949;3
18950;3
18951;3
18952;3
18953;3
18954;7
18955;7
18956;38
18957;3
18958;3
18959;2
18960;3
18961;3
18962;3
18963;3
18964;7
18965;3
18966;3
18967;4
18968;2
18969;2
18970;2
18971;2
18972;3
18973;3
18974;3
18975;3
18976;3
18977;3
18978;8
18979;72
18980;2
18981;3
18982;3
18983;9
18984;3
18985;2
18986;3
18987;3
18988;3
18989;39
18990;3
18991;3
18992;3
18993;3
18994;2
18995;2
18996;2
18997;3
18998;3
18999;3
19000;2
19001;3
19002;3
19003;2
19004;3
19005;3
19006;3
19007;3
19008;2
19009;2
19010;2
19011;3
19012;3
19013;3
19014;3
19015;3
19016;4
19017;3
19018;3
19019;3
19020;3
19021;3
19022;2
19023;3
19024;2
19025;2
19026;3
19027;3
19028;5
19029;3
19030;2
19031;3
19032;3
19033;3
19034;7
19035;3
19036;3
19037;3
19038;2
19039;2
19040;2
19041;4
19042;4
19043;4
19044;3
19045;3
19046;3
19047;3
19048;2
19049;39
19050;3
19051;2
19052;2
19053;3
19054;3
19055;3
19056;2
19057;2
19058;3
19059;3
19060;7
19061;2
19062;2
19063;17
19064;36
19065;2
19066;2
19067;2
19068;3
19069;35
19070;3
19071;3
19072;3
19073;17
19074;17
19075;3
19076;3
19077;3
19078;2
19079;4
19080;3
19081;4
19082;11
19083;3
19084;3
19085;2
19086;3
19087;3
19088;7
19089;7
19090;3
19091;2
19092;2
19093;73
19094;0
19095;2
19096;3
19097;2
19098;2
19099;2
19100;4
19101;4
19102;2
19103;2
19104;2
19105;2
19106;3
19107;30
19108;2
19109;2
19110;3
19111;3
19112;3
19113;3
19114;5
19115;5
19116;7
19117;2
19118;10
19119;2
19120;3
19121;2
19122;2
19123;0
19124;0
19125;4
19126;3
19127;2
19128;3
19129;55
19130;8
19131;3
19132;3
19133;3
19134;3
19135;3
19136;3
19137;3
19138;2
19139;4
19140;3
19141;2
19142;4
19143;3
19144;3
19145;3
19146;3
19147;3
19148;2
19149;2
19150;2
19151;3
19152;4
19153;3
19154;3
19155;2
19156;4
19157;3
19158;3
19159;3
19160;3
19161;3
19162;7
19163;3
19164;3
19165;38
19166;41
19167;3
19168;3
19169;7
19170;2
19171;2
19172;3
19173;6
19174;4
19175;4
19176;7
19177;3
19178;3
19179;3
19180;3
19181;3
19182;2
19183;2
19184;2
19185;2
19186;2
19187;3
19188;3
19189;3
19190;3
19191;3
19192;2
19193;2
19194;3
19195;3
19196;3
19197;35
19198;3
19199;2
19200;3
19201;3
19202;3
19203;3
19204;3
19205;9
19206;4
19207;4
19208;4
19209;3
19210;6
19211;6
19212;3
19213;14
19214;3
19215;2
19216;3
19217;3
19218;6
19219;51
19220;3
19221;13
19222;6
19223;2
19224;2
19225;2
19226;3
19227;2
19228;3
19229;3
19230;2
19231;2
19232;13
19233;3
19234;2
19235;3
19236;3
19237;3
19238;14
19239;14
19240;3
19241;2
19242;3
19243;3
19244;3
19245;3
19246;2
19247;2
19248;2
19249;3
19250;2
19251;2
19252;2
19253;2
19254;3
19255;2
19256;4
19257;2
19258;3
19259;3
19260;0
19261;2
19262;3
19263;3
19264;2
19265;2
19266;2
19267;2
19268;3
19269;4
19270;2
19271;3
19272;3
19273;3
19274;4
19275;2
19276;2
19277;3
19278;3
19279;3
19280;3
19281;7
19282;2
19283;3
19284;3
19285;2
19286;2
19287;2
19288;4
19289;4
19290;2
19291;3
19292;3
19293;3
19294;3
19295;3
19296;3
19297;3
19298;3
19299;3
19300;3
19301;2
19302;2
19303;2
19304;2
19305;2
19306;2
19307;2
19308;3
19309;3
19310;47
19311;3
19312;3
19313;3
19314;3
19315;3
19316;16
19317;3
19318;2
19319;38
19320;3
19321;2
19322;4
19323;51
19324;2
19325;2
19326;2
19327;2
19328;3
19329;2
19330;3
19331;3
19332;35
19333;38
19334;3
19335;3
19336;3
19337;2
19338;2
19339;2
19340;3
19341;3
19342;3
19343;3
19344;2
19345;2
19346;3
19347;3
19348;4
19349;3
19350;3
19351;3
19352;3
19353;3
19354;7
19355;3
19356;47
19357;4
19358;2
19359;7
19360;2
19361;37
19362;2
19363;2
19364;3
19365;3
19366;3
19367;3
19368;4
19369;2
19370;35
19371;2
19372;12
19373;4
19374;10
19375;3
19376;41
19377;3
19378;4
19379;4
19380;7
19381;3
19382;3
19383;3
19384;2
19385;2
19386;2
19387;39
19388;0
19389;0
19390;0
19391;2
19392;0
19393;0
19394;3
19395;39
19396;2
19397;2
19398;2
19399;10
19400;2
19401;31
19402;2
19403;3
19404;3
19405;3
19406;3
19407;4
19408;3
19409;4
19410;4
19411;3
19412;3
19413;2
19414;14
19415;2
19416;2
19417;2
19418;3
19419;3
19420;3
19421;38
19422;7
19423;3
19424;3
19425;2
19426;3
19427;3
19428;14
19429;4
19430;4
19431;2
19432;3
19433;3
19434;9
19435;9
19436;3
19437;2
19438;0
19439;10
19440;3
19441;3
19442;3
19443;3
19444;3
19445;2
19446;3
19447;3
19448;24
19449;3
19450;3
19451;2
19452;3
19453;3
19454;3
19455;3
19456;2
19457;2
19458;4
19459;7
19460;4
19461;4
19462;4
19463;3
19464;3
19465;3
19466;3
19467;3
19468;3
19469;2
19470;12
19471;3
19472;2
19473;2
19474;2
19475;3
19476;4
19477;4
19478;3
19479;3
19480;3
19481;3
19482;3
19483;3
19484;3
19485;3
19486;5
19487;7
19488;7
19489;7
19490;11
19491;3
19492;43
19493;4
19494;2
19495;2
19496;2
19497;3
19498;3
19499;2
19500;2
19501;4
19502;4
19503;2
19504;3
19505;3
19506;3
19507;2
19508;37
19509;37
19510;3
19511;3
19512;3
19513;10
19514;2
19515;3
19516;2
19517;2
19518;2
19519;3
19520;2
19521;2
19522;6
19523;9
19524;4
19525;3
19526;2
19527;9
19528;3
19529;2
19530;4
19531;2
19532;2
19533;3
19534;3
19535;3
19536;6
19537;6
19538;2
19539;3
19540;2
19541;2
19542;3
19543;3
19544;3
19545;2
19546;3
19547;9
19548;15
19549;3
19550;2
19551;3
19552;2
19553;2
19554;3
19555;3
19556;2
19557;37
19558;3
19559;8
19560;2
19561;2
19562;3
19563;3
19564;2
19565;3
19566;3
19567;3
19568;3
19569;3
19570;4
19571;3
19572;2
19573;2
19574;2
19575;3
19576;2
19577;2
19578;2
19579;3
19580;5
19581;3
19582;3
19583;3
19584;3
19585;3
19586;3
19587;3
19588;3
19589;3
19590;3
19591;4
19592;2
19593;3
19594;2
19595;3
19596;39
19597;4
19598;4
19599;4
19600;3
19601;4
19602;3
19603;3
19604;3
19605;4
19606;3
19607;3
19608;2
19609;3
19610;2
19611;2
19612;2
19613;4
19614;8
19615;15
19616;2
19617;5
19618;2
19619;3
19620;3
19621;3
19622;2
19623;3
19624;3
19625;38
19626;2
19627;3
19628;3
19629;14
19630;14
19631;3
19632;7
19633;7
19634;3
19635;9
19636;9
19637;2
19638;3
19639;7
19640;3
19641;2
19642;3
19643;3
19644;2
19645;2
19646;2
19647;2
19648;3
19649;3
19650;3
19651;3
19652;7
19653;3
19654;3
19655;2
19656;2
19657;36
19658;3
19659;9
19660;9
19661;3
19662;3
19663;4
19664;4
19665;3
19666;2
19667;2
19668;2
19669;2
19670;3
19671;3
19672;2
19673;3
19674;4
19675;3
19676;3
19677;3
19678;10
19679;3
19680;4
19681;3
19682;3
19683;3
19684;3
19685;3
19686;3
19687;3
19688;3
19689;3
19690;3
19691;3
19692;3
19693;3
19694;4
19695;2
19696;17
19697;4
19698;10
19699;3
19700;6
19701;2
19702;2
19703;3
19704;3
19705;3
19706;3
19707;3
19708;2
19709;3
19710;12
19711;3
19712;3
19713;5
19714;3
19715;3
19716;3
19717;2
19718;2
19719;2
19720;49
19721;3
19722;3
19723;3
19724;3
19725;41
19726;3
19727;2
19728;36
19729;3
19730;3
19731;6
19732;2
19733;2
19734;2
19735;3
19736;42
19737;74
19738;3
19739;3
19740;3
19741;2
19742;3
19743;3
19744;3
19745;3
19746;3
19747;3
19748;3
19749;3
19750;2
19751;2
19752;2
19753;3
19754;2
19755;3
19756;12
19757;12
19758;12
19759;2
19760;3
19761;3
19762;3
19763;2
19764;3
19765;3
19766;4
19767;4
19768;3
19769;3
19770;3
19771;3
19772;3
19773;3
19774;3
19775;3
19776;3
19777;3
19778;3
19779;2
19780;3
19781;3
19782;2
19783;2
19784;2
19785;3
19786;8
19787;8
19788;8
19789;2
19790;10
19791;2
19792;3
19793;39
19794;3
19795;3
19796;3
19797;2
19798;3
19799;4
19800;3
19801;3
19802;3
19803;2
19804;2
19805;3
19806;3
19807;10
19808;3
19809;38
19810;3
19811;3
19812;3
19813;3
19814;4
19815;3
19816;4
19817;8
19818;17
19819;3
19820;3
19821;3
19822;6
19823;4
19824;4
19825;3
19826;2
19827;12
19828;0
19829;3
19830;3
19831;36
19832;2
19833;2
19834;38
19835;0
19836;3
19837;3
19838;3
19839;5
19840;5
19841;3
19842;3
19843;3
19844;3
19845;3
19846;3
19847;6
19848;3
19849;3
19850;3
19851;3
19852;16
19853;2
19854;2
19855;2
19856;38
19857;2
19858;3
19859;3
19860;3
19861;3
19862;2
19863;3
19864;3
19865;3
19866;3
19867;2
19868;2
19869;2
19870;3
19871;2
19872;16
19873;16
19874;2
19875;2
19876;3
19877;6
19878;3
19879;3
19880;3
19881;4
19882;3
19883;3
19884;37
19885;2
19886;2
19887;3
19888;3
19889;3
19890;7
19891;7
19892;3
19893;2
19894;3
19895;4
19896;3
19897;3
19898;12
19899;2
19900;2
19901;3
19902;3
19903;3
19904;3
19905;4
19906;4
19907;3
19908;3
19909;3
19910;2
19911;3
19912;6
19913;3
19914;3
19915;3
19916;2
19917;2
19918;2
19919;3
19920;2
19921;7
19922;3
19923;3
19924;3
19925;2
19926;3
19927;3
19928;2
19929;3
19930;3
19931;3
19932;3
19933;6
19934;3
19935;2
19936;2
19937;2
19938;38
19939;2
19940;2
19941;2
19942;6
19943;3
19944;3
19945;3
19946;3
19947;3
19948;6
19949;5
19950;15
19951;7
19952;4
19953;3
19954;3
19955;39
19956;3
19957;3
19958;4
19959;4
19960;3
19961;3
19962;4
19963;4
19964;4
19965;4
19966;4
19967;37
19968;2
19969;3
19970;3
19971;3
19972;38
19973;38
19974;44
19975;44
19976;44
19977;3
19978;2
19979;3
19980;3
19981;3
19982;7
19983;3
19984;2
19985;2
19986;3
19987;3
19988;2
19989;2
19990;6
19991;2
19992;3
19993;2
19994;2
19995;2
19996;3
19997;3
19998;2
19999;2
20000;2
20001;3
20002;3
20003;3
20004;11
20005;6
20006;7
20007;17
20008;7
20009;2
20010;2
20011;2
20012;3
20013;3
20014;7
20015;2
20016;43
20017;41
20018;35
20019;35
20020;6
20021;6
20022;2
20023;10
20024;3
20025;7
20026;2
20027;2
20028;2
20029;3
20030;3
20031;4
20032;3
20033;3
20034;3
20035;3
20036;3
20037;3
20038;3
20039;2
20040;7
20041;3
20042;16
20043;7
20044;3
20045;2
20046;2
20047;3
20048;3
20049;2
20050;3
20051;3
20052;3
20053;3
20054;2
20055;35
20056;2
20057;2
20058;3
20059;39
20060;3
20061;2
20062;2
20063;2
20064;3
20065;3
20066;4
20067;3
20068;3
20069;3
20070;4
20071;3
20072;2
20073;2
20074;7
20075;3
20076;2
20077;3
20078;3
20079;3
20080;3
20081;3
20082;3
20083;2
20084;2
20085;2
20086;3
20087;3
20088;3
20089;3
20090;14
20091;3
20092;2
20093;3
20094;3
20095;39
20096;3
20097;6
20098;2
20099;2
20100;4
20101;3
20102;3
20103;3
20104;3
20105;14
20106;14
20107;3
20108;3
20109;3
20110;3
20111;3
20112;3
20113;3
20114;2
20115;2
20116;2
20117;2
20118;2
20119;2
20120;3
20121;13
20122;3
20123;2
20124;3
20125;3
20126;4
20127;12
20128;2
20129;2
20130;2
20131;2
20132;3
20133;3
20134;37
20135;3
20136;15
20137;2
20138;2
20139;3
20140;3
20141;3
20142;7
20143;3
20144;2
20145;2
20146;3
20147;3
20148;3
20149;2
20150;2
20151;2
20152;2
20153;3
20154;2
20155;14
20156;38
20157;2
20158;3
20159;38
20160;4
20161;3
20162;8
20163;5
20164;3
20165;3
20166;2
20167;2
20168;7
20169;3
20170;3
20171;3
20172;3
20173;2
20174;2
20175;2
20176;2
20177;3
20178;8
20179;8
20180;2
20181;3
20182;3
20183;7
20184;5
20185;5
20186;2
20187;2
20188;2
20189;3
20190;4
20191;36
20192;3
20193;3
20194;3
20195;2
20196;3
20197;50
20198;2
20199;15
20200;18
20201;3
20202;3
20203;3
20204;3
20205;38
20206;38
20207;3
20208;2
20209;2
20210;3
20211;3
20212;2
20213;3
20214;0
20215;10
20216;3
20217;3
20218;3
20219;3
20220;3
20221;2
20222;13
20223;3
20224;2
20225;2
20226;3
20227;2
20228;2
20229;2
20230;2
20231;2
20232;2
20233;4
20234;2
20235;3
20236;3
20237;4
20238;3
20239;3
20240;2
20241;2
20242;2
20243;3
20244;3
20245;3
20246;3
20247;2
20248;3
20249;3
20250;3
20251;2
20252;3
20253;2
20254;2
20255;2
20256;2
20257;3
20258;3
20259;3
20260;2
20261;3
20262;2
20263;2
20264;3
20265;3
20266;2
20267;2
20268;3
20269;3
20270;3
20271;3
20272;3
20273;3
20274;16
20275;3
20276;2
20277;2
20278;2
20279;2
20280;38
20281;6
20282;6
20283;2
20284;2
20285;2
20286;2
20287;4
20288;3
20289;3
20290;2
20291;2
20292;3
20293;3
20294;17
20295;3
20296;3
20297;3
20298;3
20299;3
20300;3
20301;2
20302;38
20303;2
20304;2
20305;2
20306;2
20307;4
20308;3
20309;7
20310;7
20311;7
20312;7
20313;38
20314;4
20315;2
20316;2
20317;2
20318;3
20319;3
20320;3
20321;36
20322;3
20323;3
20324;2
20325;3
20326;2
20327;2
20328;2
20329;2
20330;2
20331;38
20332;38
20333;2
20334;3
20335;3
20336;3
20337;2
20338;3
20339;2
20340;3
20341;3
20342;3
20343;3
20344;3
20345;3
20346;3
20347;2
20348;3
20349;3
20350;3
20351;6
20352;7
20353;2
20354;2
20355;15
20356;3
20357;3
20358;3
20359;3
20360;3
20361;3
20362;4
20363;4
20364;4
20365;2
20366;3
20367;3
20368;2
20369;2
20370;3
20371;3
20372;3
20373;2
20374;2
20375;2
20376;37
20377;12
20378;3
20379;3
20380;3
20381;2
20382;38
20383;2
20384;3
20385;10
20386;4
20387;3
20388;4
20389;4
20390;4
20391;4
20392;3
20393;3
20394;3
20395;7
20396;3
20397;38
20398;3
20399;2
20400;2
20401;3
20402;2
20403;2
20404;52
20405;3
20406;3
20407;2
20408;2
20409;2
20410;13
20411;2
20412;2
20413;2
20414;3
20415;15
20416;3
20417;3
20418;3
20419;2
20420;2
20421;6
20422;6
20423;2
20424;3
20425;3
20426;4
20427;2
20428;3
20429;3
20430;2
20431;3
20432;6
20433;2
20434;3
20435;3
20436;2
20437;3
20438;2
20439;3
20440;38
20441;2
20442;3
20443;3
20444;3
20445;3
20446;3
20447;16
20448;16
20449;3
20450;3
20451;2
20452;6
20453;2
20454;2
20455;3
20456;3
20457;3
20458;2
20459;2
20460;4
20461;4
20462;7
20463;3
20464;3
20465;0
20466;46
20467;46
20468;3
20469;3
20470;17
20471;4
20472;40
20473;40
20474;3
20475;2
20476;3
20477;3
20478;2
20479;3
20480;3
20481;3
20482;2
20483;2
20484;2
20485;3
20486;11
20487;2
20488;2
20489;2
20490;3
20491;4
20492;3
20493;3
20494;3
20495;3
20496;7
20497;7
20498;7
20499;7
20500;3
20501;4
20502;3
20503;3
20504;7
20505;3
20506;3
20507;3
20508;3
20509;3
20510;3
20511;3
20512;3
20513;3
20514;1
20515;1
20516;2
20517;3
20518;2
20519;4
20520;3
20521;3
20522;3
20523;3
20524;3
20525;2
20526;3
20527;20
20528;39
20529;3
20530;2
20531;2
20532;2
20533;2
20534;3
20535;3
20536;4
20537;2
20538;3
20539;3
20540;3
20541;2
20542;2
20543;2
20544;3
20545;2
20546;4
20547;3
20548;3
20549;2
20550;2
20551;2
20552;2
20553;2
20554;3
20555;3
20556;3
20557;2
20558;2
20559;2
20560;3
20561;2
20562;2
20563;3
20564;2
20565;50
20566;3
20567;7
20568;2
20569;2
20570;2
20571;3
20572;7
20573;38
20574;3
20575;39
20576;3
20577;3
20578;3
20579;3
20580;3
20581;3
20582;13
20583;3
20584;3
20585;2
20586;2
20587;2
20588;3
20589;2
20590;3
20591;4
20592;2
20593;2
20594;2
20595;3
20596;3
20597;2
20598;2
20599;2
20600;3
20601;3
20602;3
20603;3
20604;3
20605;3
20606;3
20607;3
20608;2
20609;12
20610;2
20611;2
20612;2
20613;3
20614;3
20615;3
20616;2
20617;2
20618;2
20619;3
20620;8
20621;3
20622;2
20623;2
20624;3
20625;72
20626;4
20627;2
20628;4
20629;3
20630;2
20631;2
20632;2
20633;2
20634;6
20635;6
20636;2
20637;2
20638;2
20639;2
20640;24
20641;3
20642;3
20643;3
20644;3
20645;20
20646;4
20647;2
20648;21
20649;2
20650;3
20651;2
20652;3
20653;2
20654;3
20655;54
20656;36
20657;3
20658;2
20659;3
20660;3
20661;4
20662;3
20663;3
20664;2
20665;10
20666;2
20667;2
20668;2
20669;2
20670;7
20671;2
20672;2
20673;2
20674;3
20675;3
20676;3
20677;6
20678;3
20679;4
20680;11
20681;2
20682;48
20683;2
20684;2
20685;3
20686;3
20687;2
20688;2
20689;3
20690;39
20691;39
20692;39
20693;35
20694;35
20695;3
20696;10
20697;7
20698;2
20699;4
20700;2
20701;2
20702;2
20703;20
20704;2
20705;2
20706;2
20707;2
20708;8
20709;3
20710;3
20711;2
20712;3
20713;7
20714;3
20715;3
20716;2
20717;2
20718;3
20719;3
20720;3
20721;2
20722;4
20723;3
20724;3
20725;3
20726;3
20727;3
20728;3
20729;38
20730;2
20731;3
20732;3
20733;3
20734;3
20735;2
20736;2
20737;40
20738;2
20739;3
20740;3
20741;4
20742;4
20743;3
20744;3
20745;11
20746;2
20747;4
20748;2
20749;3
20750;2
20751;2
20752;2
20753;3
20754;13
20755;38
20756;38
20757;3
20758;38
20759;38
20760;2
20761;2
20762;2
20763;2
20764;3
20765;3
20766;2
20767;2
20768;2
20769;2
20770;2
20771;2
20772;2
20773;3
20774;3
20775;6
20776;2
20777;3
20778;2
20779;2
20780;2
20781;2
20782;2
20783;2
20784;2
20785;2
20786;4
20787;4
20788;3
20789;38
20790;7
20791;3
20792;3
20793;10
20794;3
20795;2
20796;3
20797;3
20798;2
20799;6
20800;3
20801;3
20802;2
20803;3
20804;4
20805;3
20806;35
20807;4
20808;4
20809;3
20810;2
20811;3
20812;35
20813;0
20814;4
20815;15
20816;15
20817;15
20818;2
20819;2
20820;3
20821;3
20822;3
20823;2
20824;2
20825;2
20826;3
20827;6
20828;3
20829;7
20830;21
20831;21
20832;3
20833;3
20834;2
20835;2
20836;3
20837;3
20838;3
20839;3
20840;38
20841;52
20842;22
20843;22
20844;7
20845;7
20846;3
20847;3
20848;2
20849;7
20850;2
20851;3
20852;3
20853;3
20854;8
20855;8
20856;2
20857;2
20858;39
20859;2
20860;2
20861;2
20862;37
20863;3
20864;3
20865;3
20866;2
20867;3
20868;3
20869;3
20870;3
20871;3
20872;3
20873;3
20874;37
20875;37
20876;37
20877;2
20878;2
20879;2
20880;2
20881;2
20882;6
20883;3
20884;3
20885;2
20886;4
20887;3
20888;7
20889;25
20890;3
20891;3
20892;3
20893;41
20894;3
20895;7
20896;3
20897;3
20898;3
20899;3
20900;2
20901;2
20902;2
20903;3
20904;3
20905;3
20906;4
20907;4
20908;37
20909;39
20910;3
20911;3
20912;3
20913;3
20914;3
20915;2
20916;2
20917;2
20918;7
20919;6
20920;3
20921;2
20922;2
20923;3
20924;3
20925;3
20926;3
20927;3
20928;3
20929;3
20930;3
20931;3
20932;4
20933;4
20934;2
20935;2
20936;3
20937;3
20938;3
20939;3
20940;3
20941;3
20942;3
20943;2
20944;3
20945;2
20946;3
20947;3
20948;3
20949;3
20950;2
20951;2
20952;5
20953;5
20954;3
20955;4
20956;4
20957;3
20958;3
20959;21
20960;47
20961;2
20962;18
20963;3
20964;3
20965;2
20966;2
20967;2
20968;2
20969;2
20970;2
20971;2
20972;3
20973;3
20974;2
20975;39
20976;2
20977;2
20978;3
20979;3
20980;3
20981;3
20982;3
20983;2
20984;3
20985;11
20986;2
20987;3
20988;3
20989;2
20990;2
20991;3
20992;3
20993;9
20994;3
20995;3
20996;3
20997;3
20998;3
20999;2
21000;3
21001;3
21002;37
21003;6
21004;2
21005;3
21006;3
21007;3
21008;3
21009;3
21010;3
21011;3
21012;3
21013;3
21014;3
21015;10
21016;3
21017;6
21018;3
21019;3
21020;3
21021;3
21022;3
21023;3
21024;4
21025;4
21026;3
21027;3
21028;39
21029;3
21030;10
21031;6
21032;3
21033;7
21034;38
21035;4
21036;3
21037;4
21038;4
21039;2
21040;3
21041;3
21042;3
21043;3
21044;2
21045;2
21046;2
21047;3
21048;2
21049;3
21050;3
21051;3
21052;3
21053;3
21054;3
21055;3
21056;4
21057;3
21058;2
21059;3
21060;22
21061;3
21062;3
21063;2
21064;2
21065;3
21066;10
21067;3
21068;14
21069;50
21070;3
21071;8
21072;3
21073;2
21074;10
21075;3
21076;3
21077;4
21078;4
21079;4
21080;3
21081;4
21082;3
21083;19
21084;6
21085;3
21086;3
21087;2
21088;3
21089;3
21090;2
21091;2
21092;2
21093;2
21094;3
21095;3
21096;3
21097;2
21098;3
21099;2
21100;3
21101;3
21102;2
21103;6
21104;3
21105;2
21106;2
21107;3
21108;3
21109;2
21110;3
21111;25
21112;3
21113;3
21114;3
21115;3
21116;3
21117;2
21118;3
21119;3
21120;3
21121;3
21122;7
21123;3
21124;3
21125;7
21126;2
21127;3
21128;3
21129;2
21130;2
21131;2
21132;2
21133;2
21134;4
21135;4
21136;2
21137;2
21138;2
21139;39
21140;3
21141;3
21142;3
21143;3
21144;3
21145;8
21146;38
21147;3
21148;3
21149;3
21150;2
21151;3
21152;7
21153;37
21154;3
21155;3
21156;7
21157;3
21158;3
21159;4
21160;3
21161;2
21162;2
21163;2
21164;2
21165;2
21166;2
21167;3
21168;3
21169;3
21170;3
21171;2
21172;4
21173;2
21174;2
21175;3
21176;3
21177;3
21178;3
21179;3
21180;4
21181;3
21182;3
21183;50
21184;2
21185;3
21186;3
21187;3
21188;35
21189;4
21190;3
21191;3
21192;3
21193;3
21194;3
21195;7
21196;4
21197;4
21198;3
21199;3
21200;3
21201;3
21202;3
21203;3
21204;3
21205;3
21206;3
21207;3
21208;3
21209;2
21210;2
21211;2
21212;3
21213;3
21214;3
21215;4
21216;2
21217;3
21218;4
21219;2
21220;2
21221;2
21222;2
21223;7
21224;3
21225;3
21226;4
21227;4
21228;3
21229;3
21230;3
21231;47
21232;38
21233;38
21234;3
21235;2
21236;3
21237;3
21238;4
21239;3
21240;3
21241;3
21242;3
21243;2
21244;6
21245;2
21246;3
21247;7
21248;2
21249;3
21250;10
21251;10
21252;2
21253;7
21254;4
21255;3
21256;3
21257;3
21258;15
21259;11
21260;2
21261;3
21262;13
21263;3
21264;3
21265;3
21266;4
21267;4
21268;3
21269;3
21270;3
21271;3
21272;3
21273;2
21274;42
21275;3
21276;3
21277;3
21278;3
21279;3
21280;6
21281;16
21282;16
21283;3
21284;2
21285;3
21286;3
21287;3
21288;2
21289;16
21290;3
21291;3
21292;3
21293;3
21294;3
21295;2
21296;2
21297;3
21298;37
21299;37
21300;37
21301;3
21302;3
21303;3
21304;3
21305;2
21306;2
21307;2
21308;3
21309;3
21310;15
21311;37
21312;37
21313;37
21314;35
21315;45
21316;4
21317;4
21318;3
21319;5
21320;3
21321;2
21322;3
21323;2
21324;2
21325;2
21326;3
21327;3
21328;3
21329;3
21330;3
21331;4
21332;38
21333;3
21334;3
21335;3
21336;3
21337;3
21338;3
21339;12
21340;59
21341;0
21342;0
21343;0
21344;3
21345;2
21346;3
21347;3
21348;3
21349;2
21350;3
21351;3
21352;0
21353;4
21354;6
21355;3
21356;0
21357;3
21358;3
21359;3
21360;3
21361;3
21362;2
21363;3
21364;38
21365;3
21366;3
21367;2
21368;3
21369;2
21370;2
21371;2
21372;3
21373;6
21374;15
21375;39
21376;2
21377;3
21378;2
21379;2
21380;2
21381;3
21382;4
21383;2
21384;3
21385;2
21386;37
21387;37
21388;37
21389;3
21390;2
21391;2
21392;2
21393;3
21394;3
21395;2
21396;2
21397;2
21398;2
21399;2
21400;16
21401;2
21402;3
21403;3
21404;2
21405;2
21406;3
21407;11
21408;2
21409;2
21410;2
21411;3
21412;13
21413;2
21414;2
21415;38
21416;3
21417;3
21418;38
21419;6
21420;3
21421;7
21422;3
21423;2
21424;2
21425;2
21426;3
21427;3
21428;2
21429;2
21430;3
21431;15
21432;15
21433;3
21434;3
21435;3
21436;2
21437;3
21438;3
21439;3
21440;3
21441;38
21442;15
21443;2
21444;3
21445;2
21446;2
21447;2
21448;3
21449;2
21450;2
21451;4
21452;6
21453;44
21454;3
21455;3
21456;2
21457;4
21458;3
21459;6
21460;3
21461;2
21462;39
21463;2
21464;2
21465;3
21466;3
21467;3
21468;2
21469;7
21470;2
21471;13
21472;2
21473;38
21474;4
21475;4
21476;2
21477;3
21478;3
21479;38
21480;3
21481;2
21482;2
21483;15
21484;2
21485;2
21486;3
21487;3
21488;3
21489;3
21490;2
21491;3
21492;2
21493;2
21494;2
21495;43
21496;4
21497;3
21498;4
21499;4
21500;4
21501;4
21502;36
21503;4
21504;2
21505;3
21506;7
21507;2
21508;2
21509;3
21510;2
21511;2
21512;38
21513;3
21514;3
21515;15
21516;2
21517;2
21518;38
21519;38
21520;4
21521;2
21522;3
21523;3
21524;3
21525;2
21526;3
21527;3
21528;3
21529;3
21530;3
21531;3
21532;3
21533;10
21534;3
21535;2
21536;2
21537;4
21538;4
21539;0
21540;0
21541;4
21542;3
21543;3
21544;3
21545;2
21546;39
21547;4
21548;3
21549;3
21550;8
21551;3
21552;3
21553;3
21554;3
21555;2
21556;3
21557;3
21558;7
21559;13
21560;3
21561;3
21562;37
21563;3
21564;2
21565;2
21566;2
21567;2
21568;3
21569;3
21570;22
21571;0
21572;3
21573;3
21574;2
21575;4
21576;3
21577;3
21578;3
21579;3
21580;3
21581;3
21582;2
21583;4
21584;6
21585;3
21586;3
21587;3
21588;3
21589;20
21590;20
21591;29
21592;2
21593;2
21594;2
21595;2
21596;3
21597;3
21598;3
21599;2
21600;2
21601;2
21602;3
21603;3
21604;3
21605;2
21606;3
21607;13
21608;3
21609;3
21610;3
21611;3
21612;3
21613;3
21614;3
21615;3
21616;4
21617;2
21618;3
21619;4
21620;3
21621;2
21622;3
21623;45
21624;4
21625;4
21626;2
21627;4
21628;4
21629;38
21630;23
21631;3
21632;2
21633;2
21634;2
21635;38
21636;3
21637;3
21638;3
21639;3
21640;3
21641;7
21642;2
21643;3
21644;3
21645;3
21646;9
21647;2
21648;2
21649;37
21650;3
21651;3
21652;3
21653;3
21654;3
21655;2
21656;3
21657;3
21658;47
21659;47
21660;7
21661;15
21662;3
21663;3
21664;4
21665;37
21666;3
21667;3
21668;3
21669;3
21670;3
21671;3
21672;4
21673;3
21674;2
21675;2
21676;3
21677;2
21678;2
21679;2
21680;3
21681;3
21682;2
21683;4
21684;3
21685;5
21686;3
21687;37
21688;37
21689;3
21690;3
21691;3
21692;3
21693;3
21694;3
21695;3
21696;2
21697;2
21698;3
21699;39
21700;7
21701;3
21702;2
21703;2
21704;2
21705;2
21706;3
21707;2
21708;3
21709;11
21710;27
21711;2
21712;3
21713;3
21714;3
21715;3
21716;6
21717;2
21718;3
21719;3
21720;3
21721;2
21722;3
21723;17
21724;3
21725;3
21726;3
21727;3
21728;11
21729;3
21730;2
21731;2
21732;2
21733;3
21734;2
21735;3
21736;2
21737;3
21738;3
21739;2
21740;3
21741;3
21742;2
21743;2
21744;3
21745;2
21746;2
21747;2
21748;3
21749;3
21750;38
21751;38
21752;3
21753;3
21754;3
21755;2
21756;3
21757;3
21758;3
21759;2
21760;3
21761;2
21762;3
21763;2
21764;2
21765;3
21766;23
21767;7
21768;3
21769;2
21770;2
21771;3
21772;3
21773;3
21774;2
21775;4
21776;44
21777;3
21778;3
21779;3
21780;2
21781;8
21782;3
21783;3
21784;6
21785;6
21786;3
21787;3
21788;2
21789;3
21790;3
21791;3
21792;3
21793;3
21794;2
21795;3
21796;3
21797;3
21798;3
21799;7
21800;3
21801;2
21802;2
21803;3
21804;2
21805;2
21806;4
21807;39
21808;2
21809;9
21810;39
21811;4
21812;3
21813;3
21814;3
21815;3
21816;3
21817;3
21818;3
21819;3
21820;34
21821;3
21822;3
21823;8
21824;8
21825;39
21826;39
21827;3
21828;3
21829;2
21830;2
21831;7
21832;2
21833;2
21834;3
21835;2
21836;3
21837;3
21838;3
21839;3
21840;3
21841;4
21842;9
21843;3
21844;3
21845;38
21846;3
21847;3
21848;15
21849;3
21850;39
21851;36
21852;36
21853;73
21854;3
21855;3
21856;3
21857;2
21858;15
21859;3
21860;2
21861;3
21862;2
21863;3
21864;2
21865;3
21866;2
21867;7
21868;2
21869;2
21870;4
21871;2
21872;3
21873;3
21874;2
21875;3
21876;2
21877;2
21878;4
21879;38
21880;3
21881;36
21882;2
21883;3
21884;3
21885;51
21886;6
21887;3
21888;4
21889;3
21890;3
21891;3
21892;3
21893;9
21894;3
21895;3
21896;2
21897;4
21898;8
21899;6
21900;2
21901;26
21902;26
21903;3
21904;3
21905;2
21906;3
21907;3
21908;2
21909;2
21910;2
21911;3
21912;3
21913;3
21914;3
21915;3
21916;56
21917;2
21918;2
21919;3
21920;3
21921;12
21922;3
21923;3
21924;3
21925;3
21926;3
21927;17
21928;36
21929;2
21930;2
21931;3
21932;3
21933;7
21934;2
21935;3
21936;2
21937;3
21938;2
21939;2
21940;2
21941;3
21942;3
21943;3
21944;4
21945;4
21946;3
21947;35
21948;2
21949;2
21950;2
21951;16
21952;3
21953;12
21954;3
21955;3
21956;3
21957;2
21958;3
21959;3
21960;3
21961;3
21962;2
21963;3
21964;7
21965;3
21966;3
21967;3
21968;3
21969;3
21970;3
21971;3
21972;3
21973;3
21974;3
21975;3
21976;4
21977;4
21978;3
21979;8
21980;3
21981;3
21982;3
21983;3
21984;3
21985;7
21986;7
21987;4
21988;3
21989;3
21990;4
21991;2
21992;2
21993;2
21994;3
21995;3
21996;3
21997;2
21998;2
21999;4
22000;3
22001;3
22002;3
22003;2
22004;2
22005;4
22006;3
22007;3
22008;3
22009;3
22010;3
22011;3
22012;3
22013;0
22014;2
22015;2
22016;2
22017;6
22018;2
22019;3
22020;3
22021;4
22022;4
22023;3
22024;3
22025;2
22026;2
22027;3
22028;3
22029;3
22030;2
22031;6
22032;3
22033;3
22034;6
22035;35
22036;49
22037;3
22038;3
22039;3
22040;3
22041;2
22042;2
22043;3
22044;2
22045;7
22046;3
22047;2
22048;2
22049;2
22050;3
22051;2
22052;2
22053;3
22054;3
22055;2
22056;2
22057;2
22058;3
22059;2
22060;3
22061;2
22062;3
22063;2
22064;2
22065;7
22066;2
22067;3
22068;3
22069;3
22070;2
22071;3
22072;3
22073;3
22074;3
22075;45
22076;2
22077;4
22078;18
22079;3
22080;2
22081;3
22082;3
22083;10
22084;38
22085;38
22086;2
22087;2
22088;49
22089;2
22090;3
22091;4
22092;2
22093;2
22094;2
22095;3
22096;3
22097;4
22098;39
22099;3
22100;3
22101;38
22102;4
22103;14
22104;3
22105;3
22106;3
22107;3
22108;3
22109;2
22110;2
22111;3
22112;3
22113;7
22114;3
22115;3
22116;36
22117;4
22118;3
22119;3
22120;2
22121;3
22122;3
22123;3
22124;3
22125;3
22126;3
22127;3
22128;3
22129;3
22130;3
22131;2
22132;4
22133;3
22134;2
22135;3
22136;3
22137;4
22138;10
22139;10
22140;2
22141;3
22142;2
22143;3
22144;3
22145;3
22146;3
22147;3
22148;2
22149;2
22150;2
22151;38
22152;46
22153;2
22154;2
22155;3
22156;3
22157;3
22158;3
22159;3
22160;7
22161;7
22162;3
22163;3
22164;3
22165;37
22166;3
22167;3
22168;7
22169;3
22170;4
22171;6
22172;3
22173;2
22174;2
22175;7
22176;3
22177;3
22178;3
22179;3
22180;3
22181;17
22182;3
22183;3
22184;3
22185;3
22186;3
22187;3
22188;3
22189;4
22190;3
22191;4
22192;3
22193;3
22194;3
22195;3
22196;3
22197;2
22198;2
22199;2
22200;2
22201;3
22202;3
22203;6
22204;3
22205;3
22206;3
22207;3
22208;35
22209;3
22210;4
22211;10
22212;3
22213;3
22214;3
22215;3
22216;3
22217;6
22218;3
22219;3
22220;3
22221;3
22222;3
22223;3
22224;3
22225;3
22226;3
22227;4
22228;6
22229;2
22230;2
22231;3
22232;3
22233;2
22234;3
22235;3
22236;3
22237;3
22238;3
22239;3
22240;12
22241;3
22242;4
22243;3
22244;10
22245;3
22246;4
22247;2
22248;3
22249;3
22250;3
22251;2
22252;3
22253;4
22254;3
22255;3
22256;3
22257;2
22258;2
22259;3
22260;3
22261;10
22262;2
22263;3
22264;3
22265;10
22266;2
22267;2
22268;3
22269;3
22270;4
22271;3
22272;3
22273;10
22274;2
22275;3
22276;3
22277;3
22278;2
22279;2
22280;3
22281;3
22282;3
22283;2
22284;2
22285;3
22286;35
22287;3
22288;2
22289;2
22290;2
22291;20
22292;20
22293;2
22294;3
22295;3
22296;2
22297;2
22298;2
22299;3
22300;3
22301;3
22302;3
22303;2
22304;2
22305;2
22306;0
22307;2
22308;3
22309;3
22310;3
22311;2
22312;2
22313;2
22314;2
22315;2
22316;3
22317;2
22318;3
22319;17
22320;3
22321;3
22322;2
22323;2
22324;2
22325;2
22326;3
22327;4
22328;3
22329;2
22330;3
22331;2
22332;18
22333;48
22334;35
22335;3
22336;3
22337;2
22338;2
22339;3
22340;13
22341;3
22342;3
22343;3
22344;3
22345;4
22346;3
22347;2
22348;2
22349;2
22350;3
22351;3
22352;3
22353;3
22354;3
22355;3
22356;3
22357;3
22358;3
22359;3
22360;2
22361;3
22362;3
22363;2
22364;2
22365;3
22366;4
22367;3
22368;4
22369;2
22370;2
22371;3
22372;3
22373;2
22374;3
22375;3
22376;2
22377;2
22378;11
22379;3
22380;3
22381;2
22382;14
22383;3
22384;17
22385;2
22386;2
22387;2
22388;6
22389;6
22390;3
22391;2
22392;7
22393;2
22394;2
22395;3
22396;3
22397;3
22398;3
22399;3
22400;3
22401;2
22402;2
22403;16
22404;3
22405;3
22406;3
22407;8
22408;8
22409;3
22410;4
22411;6
22412;4
22413;3
22414;2
22415;10
22416;3
22417;11
22418;3
22419;3
22420;2
22421;39
22422;3
22423;3
22424;2
22425;3
22426;2
22427;3
22428;2
22429;2
22430;3
22431;4
22432;38
22433;38
22434;37
22435;3
22436;3
22437;2
22438;38
22439;3
22440;5
22441;6
22442;6
22443;3
22444;3
22445;3
22446;3
22447;3
22448;2
22449;3
22450;3
22451;3
22452;2
22453;16
22454;3
22455;3
22456;4
22457;3
22458;2
22459;2
22460;3
22461;7
22462;37
22463;9
22464;47
22465;9
22466;9
22467;3
22468;3
22469;3
22470;4
22471;3
22472;3
22473;3
22474;3
22475;12
22476;6
22477;3
22478;3
22479;3
22480;3
22481;3
22482;3
22483;3
22484;3
22485;3
22486;3
22487;2
22488;3
22489;2
22490;3
22491;2
22492;2
22493;3
22494;3
22495;2
22496;7
22497;38
22498;3
22499;7
22500;3
22501;2
22502;7
22503;38
22504;38
22505;3
22506;3
22507;3
22508;6
22509;0
22510;3
22511;3
22512;5
22513;3
22514;39
22515;2
22516;2
22517;3
22518;3
22519;3
22520;3
22521;3
22522;6
22523;3
22524;3
22525;3
22526;4
22527;3
22528;35
22529;3
22530;3
22531;2
22532;2
22533;3
22534;3
22535;3
22536;3
22537;39
22538;3
22539;3
22540;3
22541;3
22542;3
22543;7
22544;7
22545;2
22546;2
22547;3
22548;3
22549;3
22550;2
22551;35
22552;2
22553;3
22554;3
22555;3
22556;2
22557;2
22558;2
22559;3
22560;3
22561;3
22562;3
22563;4
22564;4
22565;2
22566;3
22567;38
22568;3
22569;3
22570;3
22571;3
22572;3
22573;3
22574;7
22575;7
22576;3
22577;3
22578;4
22579;3
22580;2
22581;37
22582;3
22583;3
22584;3
22585;3
22586;3
22587;3
22588;5
22589;35
22590;3
22591;2
22592;2
22593;4
22594;8
22595;3
22596;3
22597;3
22598;3
22599;2
22600;4
22601;2
22602;2
22603;2
22604;12
22605;3
22606;38
22607;50
22608;3
22609;2
22610;2
22611;3
22612;2
22613;2
22614;2
22615;8
22616;2
22617;2
22618;3
22619;3
22620;10
22621;3
22622;3
22623;3
22624;11
22625;3
22626;3
22627;3
22628;3
22629;3
22630;3
22631;4
22632;3
22633;3
22634;3
22635;3
22636;7
22637;38
22638;38
22639;38
22640;3
22641;35
22642;2
22643;6
22644;3
22645;3
22646;3
22647;3
22648;2
22649;36
22650;36
22651;36
22652;37
22653;37
22654;3
22655;2
22656;2
22657;3
22658;3
22659;3
22660;3
22661;2
22662;2
22663;2
22664;2
22665;2
22666;2
22667;3
22668;2
22669;3
22670;3
22671;3
22672;3
22673;2
22674;7
22675;7
22676;3
22677;4
22678;3
22679;3
22680;2
22681;2
22682;2
22683;2
22684;2
22685;7
22686;3
22687;38
22688;38
22689;0
22690;3
22691;2
22692;2
22693;2
22694;3
22695;3
22696;37
22697;37
22698;37
22699;2
22700;2
22701;3
22702;7
22703;7
22704;7
22705;3
22706;3
22707;3
22708;3
22709;3
22710;2
22711;7
22712;3
22713;3
22714;2
22715;2
22716;4
22717;2
22718;38
22719;38
22720;3
22721;3
22722;3
22723;3
22724;3
22725;3
22726;14
22727;3
22728;2
22729;7
22730;3
22731;2
22732;6
22733;2
22734;4
22735;4
22736;3
22737;23
22738;2
22739;2
22740;3
22741;3
22742;3
22743;2
22744;3
22745;3
22746;19
22747;19
22748;2
22749;2
22750;2
22751;2
22752;2
22753;2
22754;2
22755;2
22756;2
22757;3
22758;3
22759;3
22760;2
22761;2
22762;38
22763;16
22764;3
22765;2
22766;2
22767;2
22768;3
22769;3
22770;4
22771;3
22772;3
22773;3
22774;3
22775;4
22776;4
22777;4
22778;3
22779;3
22780;3
22781;3
22782;13
22783;13
22784;6
22785;6
22786;4
22787;3
22788;10
22789;2
22790;3
22791;3
22792;0
22793;3
22794;38
22795;38
22796;3
22797;3
22798;3
22799;3
22800;3
22801;3
22802;38
22803;2
22804;2
22805;3
22806;13
22807;4
22808;10
22809;4
22810;3
22811;3
22812;3
22813;6
22814;2
22815;3
22816;2
22817;19
22818;19
22819;3
22820;2
22821;2
22822;7
22823;3
22824;3
22825;38
22826;3
22827;3
22828;3
22829;3
22830;3
22831;3
22832;3
22833;16
22834;3
22835;3
22836;3
22837;3
22838;3
22839;3
22840;3
22841;3
22842;3
22843;38
22844;4
22845;4
22846;4
22847;3
22848;39
22849;3
22850;38
22851;38
22852;2
22853;3
22854;3
22855;3
22856;2
22857;2
22858;4
22859;4
22860;2
22861;2
22862;3
22863;2
22864;7
22865;2
22866;2
22867;2
22868;2
22869;35
22870;0
22871;4
22872;2
22873;18
22874;18
22875;3
22876;3
22877;3
22878;15
22879;2
22880;2
22881;2
22882;4
22883;4
22884;3
22885;3
22886;2
22887;2
22888;2
22889;7
22890;3
22891;2
22892;3
22893;3
22894;7
22895;7
22896;3
22897;2
22898;2
22899;36
22900;36
22901;8
22902;3
22903;2
22904;2
22905;38
22906;2
22907;36
22908;3
22909;2
22910;4
22911;3
22912;3
22913;3
22914;2
22915;2
22916;3
22917;6
22918;37
22919;8
22920;3
22921;3
22922;2
22923;2
22924;2
22925;5
22926;4
22927;3
22928;2
22929;2
22930;6
22931;2
22932;2
22933;3
22934;3
22935;3
22936;4
22937;4
22938;4
22939;3
22940;2
22941;2
22942;3
22943;3
22944;18
22945;3
22946;36
22947;3
22948;3
22949;3
22950;2
22951;2
22952;2
22953;2
22954;3
22955;3
22956;2
22957;38
22958;2
22959;3
22960;3
22961;3
22962;8
22963;2
22964;37
22965;47
22966;3
22967;3
22968;3
22969;3
22970;3
22971;15
22972;3
22973;3
22974;3
22975;2
22976;2
22977;2
22978;2
22979;2
22980;5
22981;39
22982;3
22983;3
22984;3
22985;3
22986;4
22987;4
22988;4
22989;3
22990;3
22991;3
22992;4
22993;7
22994;3
22995;3
22996;3
22997;3
22998;0
22999;2
23000;3
23001;3
23002;3
23003;7
23004;7
23005;2
23006;2
23007;11
23008;4
23009;4
23010;3
23011;3
23012;3
23013;3
23014;2
23015;3
23016;2
23017;37
23018;3
23019;4
23020;7
23021;15
23022;3
23023;3
23024;3
23025;14
23026;14
23027;14
23028;7
23029;3
23030;3
23031;2
23032;2
23033;2
23034;3
23035;3
23036;2
23037;2
23038;2
23039;2
23040;2
23041;2
23042;2
23043;3
23044;3
23045;5
23046;3
23047;4
23048;6
23049;2
23050;2
23051;3
23052;3
23053;3
23054;38
23055;38
23056;38
23057;2
23058;16
23059;3
23060;3
23061;2
23062;2
23063;2
23064;2
23065;4
23066;3
23067;2
23068;2
23069;41
23070;3
23071;3
23072;3
23073;3
23074;2
23075;3
23076;3
23077;4
23078;3
23079;3
23080;3
23081;3
23082;3
23083;3
23084;4
23085;3
23086;3
23087;6
23088;3
23089;3
23090;3
23091;3
23092;3
23093;6
23094;6
23095;3
23096;4
23097;4
23098;3
23099;3
23100;4
23101;7
23102;7
23103;3
23104;3
23105;3
23106;3
23107;3
23108;3
23109;3
23110;2
23111;3
23112;3
23113;3
23114;13
23115;4
23116;6
23117;6
23118;3
23119;2
23120;2
23121;2
23122;3
23123;3
23124;3
23125;3
23126;3
23127;12
23128;3
23129;2
23130;2
23131;2
23132;3
23133;2
23134;4
23135;4
23136;4
23137;2
23138;2
23139;2
23140;3
23141;3
23142;2
23143;2
23144;3
23145;3
23146;3
23147;2
23148;2
23149;3
23150;2
23151;15
23152;2
23153;2
23154;7
23155;7
23156;4
23157;35
23158;2
23159;3
23160;3
23161;3
23162;4
23163;4
23164;2
23165;17
23166;17
23167;2
23168;14
23169;38
23170;18
23171;4
23172;37
23173;2
23174;3
23175;3
23176;3
23177;3
23178;4
23179;2
23180;2
23181;3
23182;3
23183;2
23184;2
23185;2
23186;2
23187;2
23188;0
23189;3
23190;2
23191;3
23192;2
23193;17
23194;4
23195;17
23196;17
23197;3
23198;3
23199;2
23200;3
23201;3
23202;3
23203;3
23204;3
23205;2
23206;2
23207;2
23208;2
23209;2
23210;2
23211;2
23212;4
23213;2
23214;2
23215;2
23216;3
23217;35
23218;3
23219;3
23220;3
23221;3
23222;3
23223;3
23224;2
23225;4
23226;3
23227;3
23228;2
23229;3
23230;3
23231;3
23232;3
23233;7
23234;12
23235;2
23236;2
23237;2
23238;3
23239;4
23240;3
23241;3
23242;3
23243;36
23244;2
23245;2
23246;3
23247;39
23248;3
23249;3
23250;2
23251;7
23252;7
23253;10
23254;10
23255;10
23256;4
23257;20
23258;3
23259;7
23260;7
23261;4
23262;4
23263;2
23264;2
23265;2
23266;3
23267;3
23268;2
23269;3
23270;14
23271;3
23272;3
23273;3
23274;2
23275;3
23276;3
23277;3
23278;2
23279;2
23280;2
23281;3
23282;4
23283;2
23284;3
23285;2
23286;3
23287;3
23288;3
23289;2
23290;14
23291;14
23292;2
23293;3
23294;4
23295;4
23296;6
23297;16
23298;3
23299;4
23300;4
23301;3
23302;7
23303;5
23304;7
23305;3
23306;2
23307;2
23308;4
23309;7
23310;2
23311;3
23312;2
23313;4
23314;12
23315;12
23316;2
23317;2
23318;2
23319;3
23320;6
23321;2
23322;2
23323;12
23324;2
23325;52
23326;2
23327;2
23328;3
23329;0
23330;0
23331;4
23332;5
23333;2
23334;2
23335;3
23336;3
23337;3
23338;3
23339;4
23340;4
23341;7
23342;3
23343;2
23344;7
23345;3
23346;2
23347;4
23348;4
23349;4
23350;4
23351;3
23352;3
23353;3
23354;17
23355;3
23356;3
23357;3
23358;3
23359;37
23360;4
23361;4
23362;4
23363;3
23364;6
23365;3
23366;4
23367;10
23368;3
23369;3
23370;3
23371;39
23372;17
23373;2
23374;2
23375;3
23376;4
23377;2
23378;2
23379;3
23380;3
23381;3
23382;2
23383;3
23384;2
23385;39
23386;3
23387;6
23388;3
23389;3
23390;3
23391;3
23392;3
23393;3
23394;3
23395;3
23396;38
23397;6
23398;38
23399;38
23400;3
23401;3
23402;3
23403;2
23404;3
23405;3
23406;3
23407;37
23408;3
23409;3
23410;3
23411;3
23412;10
23413;3
23414;2
23415;2
23416;2
23417;2
23418;3
23419;2
23420;3
23421;3
23422;3
23423;2
23424;2
23425;2
23426;2
23427;4
23428;3
23429;3
23430;3
23431;3
23432;3
23433;3
23434;3
23435;2
23436;13
23437;2
23438;3
23439;3
23440;2
23441;2
23442;38
23443;4
23444;38
23445;4
23446;3
23447;2
23448;2
23449;3
23450;3
23451;38
23452;2
23453;3
23454;3
23455;3
23456;3
23457;3
23458;3
23459;5
23460;2
23461;2
23462;2
23463;4
23464;12
23465;3
23466;3
23467;3
23468;3
23469;3
23470;3
23471;4
23472;4
23473;2
23474;3
23475;2
23476;2
23477;4
23478;3
23479;6
23480;6
23481;3
23482;3
23483;17
23484;3
23485;6
23486;3
23487;4
23488;2
23489;3
23490;72
23491;3
23492;3
23493;2
23494;5
23495;4
23496;3
23497;3
23498;58
23499;14
23500;14
23501;2
23502;47
23503;3
23504;3
23505;4
23506;4
23507;3
23508;3
23509;3
23510;3
23511;2
23512;2
23513;2
23514;2
23515;2
23516;3
23517;2
23518;2
23519;17
23520;5
23521;5
23522;5
23523;4
23524;4
23525;2
23526;2
23527;2
23528;2
23529;3
23530;3
23531;4
23532;36
23533;3
23534;3
23535;2
23536;3
23537;3
23538;3
23539;3
23540;4
23541;3
23542;3
23543;3
23544;3
23545;2
23546;2
23547;12
23548;3
23549;3
23550;3
23551;3
23552;3
23553;2
23554;35
23555;3
23556;3
23557;3
23558;2
23559;2
23560;2
23561;3
23562;2
23563;2
23564;2
23565;2
23566;3
23567;3
23568;3
23569;2
23570;2
23571;3
23572;2
23573;2
23574;2
23575;3
23576;3
23577;14
23578;2
23579;3
23580;2
23581;3
23582;3
23583;7
23584;0
23585;2
23586;6
23587;2
23588;2
23589;3
23590;3
23591;3
23592;5
23593;2
23594;4
23595;4
23596;4
23597;2
23598;37
23599;3
23600;19
23601;3
23602;19
23603;3
23604;3
23605;3
23606;4
23607;3
23608;3
23609;3
23610;2
23611;2
23612;2
23613;3
23614;2
23615;2
23616;3
23617;3
23618;2
23619;2
23620;3
23621;3
23622;2
23623;3
23624;3
23625;2
23626;2
23627;2
23628;2
23629;3
23630;2
23631;2
23632;10
23633;10
23634;3
23635;3
23636;3
23637;3
23638;3
23639;3
23640;3
23641;3
23642;3
23643;3
23644;2
23645;4
23646;3
23647;2
23648;4
23649;3
23650;3
23651;2
23652;4
23653;3
23654;5
23655;52
23656;74
23657;3
23658;3
23659;7
23660;3
23661;3
23662;3
23663;3
23664;3
23665;37
23666;37
23667;37
23668;4
23669;4
23670;3
23671;3
23672;2
23673;2
23674;39
23675;3
23676;9
23677;3
23678;3
23679;2
23680;4
23681;3
23682;11
23683;4
23684;3
23685;3
23686;3
23687;3
23688;3
23689;3
23690;3
23691;3
23692;4
23693;7
23694;3
23695;2
23696;4
23697;21
23698;2
23699;2
23700;3
23701;3
23702;7
23703;3
23704;3
23705;2
23706;4
23707;2
23708;3
23709;3
23710;4
23711;4
23712;3
23713;2
23714;2
23715;2
23716;3
23717;3
23718;2
23719;2
23720;3
23721;3
23722;7
23723;3
23724;3
23725;3
23726;3
23727;3
23728;3
23729;2
23730;4
23731;3
23732;0
23733;2
23734;2
23735;2
23736;3
23737;3
23738;4
23739;4
23740;3
23741;20
23742;3
23743;3
23744;2
23745;2
23746;5
23747;3
23748;3
23749;3
23750;3
23751;3
23752;3
23753;2
23754;2
23755;3
23756;3
23757;2
23758;10
23759;3
23760;3
23761;3
23762;3
23763;3
23764;3
23765;3
23766;2
23767;2
23768;2
23769;3
23770;3
23771;39
23772;2
23773;3
23774;15
23775;11
23776;3
23777;3
23778;3
23779;3
23780;2
23781;2
23782;2
23783;3
23784;3
23785;6
23786;7
23787;15
23788;3
23789;3
23790;2
23791;3
23792;3
23793;2
23794;9
23795;2
23796;3
23797;2
23798;2
23799;2
23800;3
23801;10
23802;4
23803;4
23804;2
23805;3
23806;3
23807;3
23808;12
23809;39
23810;3
23811;3
23812;2
23813;2
23814;4
23815;3
23816;3
23817;7
23818;3
23819;3
23820;4
23821;3
23822;3
23823;2
23824;3
23825;3
23826;2
23827;39
23828;3
23829;3
23830;2
23831;3
23832;3
23833;2
23834;37
23835;2
23836;2
23837;27
23838;3
23839;2
23840;2
23841;2
23842;2
23843;2
23844;6
23845;6
23846;3
23847;3
23848;2
23849;2
23850;2
23851;3
23852;2
23853;2
23854;2
23855;2
23856;2
23857;2
23858;3
23859;3
23860;3
23861;0
23862;3
23863;37
23864;2
23865;2
23866;2
23867;3
23868;7
23869;3
23870;3
23871;3
23872;39
23873;3
23874;3
23875;2
23876;4
23877;4
23878;3
23879;3
23880;3
23881;3
23882;2
23883;2
23884;14
23885;14
23886;3
23887;3
23888;3
23889;38
23890;38
23891;38
23892;3
23893;25
23894;25
23895;2
23896;2
23897;2
23898;2
23899;3
23900;3
23901;2
23902;2
23903;3
23904;2
23905;6
23906;2
23907;2
23908;3
23909;2
23910;3
23911;2
23912;2
23913;13
23914;3
23915;3
23916;3
23917;3
23918;2
23919;3
23920;3
23921;2
23922;38
23923;3
23924;4
23925;3
23926;4
23927;3
23928;3
23929;3
23930;3
23931;3
23932;3
23933;2
23934;2
23935;2
23936;2
23937;2
23938;3
23939;3
23940;3
23941;3
23942;39
23943;2
23944;3
23945;2
23946;3
23947;3
23948;3
23949;3
23950;2
23951;3
23952;4
23953;3
23954;38
23955;3
23956;2
23957;4
23958;13
23959;3
23960;3
23961;38
23962;3
23963;3
23964;3
23965;6
23966;35
23967;35
23968;3
23969;3
23970;3
23971;2
23972;3
23973;3
23974;3
23975;3
23976;3
23977;3
23978;3
23979;3
23980;3
23981;3
23982;12
23983;3
23984;2
23985;16
23986;3
23987;20
23988;20
23989;20
23990;3
23991;3
23992;3
23993;4
23994;3
23995;2
23996;2
23997;2
23998;3
23999;2
24000;2
24001;3
24002;3
24003;5
24004;35
24005;2
24006;2
24007;3
24008;2
24009;2
24010;7
24011;16
24012;16
24013;16
24014;38
24015;4
24016;2
24017;2
24018;4
24019;4
24020;2
24021;2
24022;3
24023;2
24024;3
24025;2
24026;3
24027;3
24028;3
24029;38
24030;38
24031;2
24032;4
24033;3
24034;3
24035;3
24036;3
24037;2
24038;36
24039;2
24040;3
24041;3
24042;2
24043;3
24044;10
24045;2
24046;3
24047;3
24048;2
24049;2
24050;2
24051;2
24052;2
24053;3
24054;3
24055;3
24056;13
24057;3
24058;3
24059;2
24060;3
24061;3
24062;2
24063;3
24064;2
24065;3
24066;3
24067;2
24068;2
24069;2
24070;2
24071;3
24072;2
24073;2
24074;7
24075;3
24076;3
24077;38
24078;2
24079;2
24080;2
24081;2
24082;9
24083;3
24084;2
24085;3
24086;3
24087;3
24088;3
24089;3
24090;3
24091;3
24092;3
24093;3
24094;3
24095;2
24096;2
24097;3
24098;37
24099;3
24100;4
24101;38
24102;38
24103;3
24104;3
24105;2
24106;3
24107;3
24108;3
24109;3
24110;6
24111;6
24112;3
24113;3
24114;3
24115;3
24116;3
24117;2
24118;2
24119;2
24120;3
24121;3
24122;2
24123;3
24124;17
24125;3
24126;6
24127;38
24128;2
24129;2
24130;38
24131;6
24132;7
24133;3
24134;9
24135;37
24136;2
24137;2
24138;2
24139;9
24140;3
24141;2
24142;2
24143;2
24144;7
24145;2
24146;11
24147;47
24148;36
24149;3
24150;39
24151;3
24152;3
24153;2
24154;2
24155;2
24156;2
24157;3
24158;3
24159;3
24160;2
24161;7
24162;3
24163;3
24164;3
24165;3
24166;3
24167;7
24168;7
24169;3
24170;3
24171;4
24172;18
24173;3
24174;4
24175;37
24176;2
24177;6
24178;3
24179;3
24180;3
24181;10
24182;3
24183;2
24184;4
24185;2
24186;3
24187;8
24188;2
24189;3
24190;3
24191;2
24192;3
24193;2
24194;3
24195;3
24196;3
24197;3
24198;2
24199;3
24200;18
24201;18
24202;2
24203;14
24204;3
24205;3
24206;4
24207;4
24208;3
24209;2
24210;3
24211;9
24212;3
24213;2
24214;2
24215;5
24216;5
24217;5
24218;2
24219;2
24220;2
24221;3
24222;3
24223;3
24224;3
24225;2
24226;10
24227;3
24228;3
24229;2
24230;7
24231;3
24232;2
24233;2
24234;2
24235;12
24236;12
24237;12
24238;3
24239;3
24240;4
24241;9
24242;2
24243;39
24244;2
24245;2
24246;2
24247;4
24248;3
24249;2
24250;3
24251;6
24252;2
24253;3
24254;3
24255;2
24256;3
24257;3
24258;2
24259;3
24260;3
24261;3
24262;3
24263;14
24264;36
24265;3
24266;2
24267;2
24268;54
24269;4
24270;4
24271;3
24272;3
24273;2
24274;4
24275;3
24276;3
24277;3
24278;38
24279;5
24280;3
24281;4
24282;3
24283;3
24284;4
24285;17
24286;4
24287;4
24288;4
24289;3
24290;3
24291;2
24292;8
24293;8
24294;4
24295;8
24296;8
24297;2
24298;2
24299;2
24300;2
24301;4
24302;3
24303;2
24304;3
24305;3
24306;3
24307;2
24308;3
24309;4
24310;4
24311;4
24312;2
24313;2
24314;3
24315;3
24316;7
24317;2
24318;2
24319;2
24320;3
24321;0
24322;3
24323;3
24324;3
24325;3
24326;4
24327;3
24328;2
24329;3
24330;3
24331;2
24332;4
24333;4
24334;3
24335;3
24336;3
24337;8
24338;3
24339;38
24340;3
24341;3
24342;35
24343;45
24344;3
24345;2
24346;2
24347;34
24348;3
24349;3
24350;38
24351;3
24352;14
24353;14
24354;14
24355;2
24356;3
24357;6
24358;3
24359;3
24360;3
24361;3
24362;2
24363;2
24364;3
24365;3
24366;3
24367;2
24368;4
24369;4
24370;4
24371;2
24372;3
24373;3
24374;3
24375;8
24376;3
24377;2
24378;2
24379;2
24380;2
24381;3
24382;3
24383;6
24384;23
24385;3
24386;3
24387;3
24388;3
24389;2
24390;2
24391;2
24392;2
24393;2
24394;2
24395;4
24396;2
24397;2
24398;3
24399;3
24400;2
24401;3
24402;8
24403;3
24404;3
24405;9
24406;3
24407;3
24408;3
24409;3
24410;2
24411;3
24412;2
24413;2
24414;2
24415;0
24416;38
24417;0
24418;3
24419;14
24420;14
24421;14
24422;4
24423;3
24424;25
24425;7
24426;3
24427;4
24428;3
24429;3
24430;3
24431;3
24432;3
24433;3
24434;2
24435;3
24436;2
24437;3
24438;3
24439;3
24440;2
24441;42
24442;3
24443;2
24444;17
24445;3
24446;3
24447;3
24448;3
24449;2
24450;3
24451;2
24452;3
24453;3
24454;36
24455;2
24456;2
24457;3
24458;3
24459;3
24460;3
24461;3
24462;9
24463;4
24464;4
24465;3
24466;3
24467;3
24468;3
24469;3
24470;3
24471;3
24472;4
24473;3
24474;3
24475;2
24476;2
24477;6
24478;3
24479;3
24480;2
24481;2
24482;2
24483;3
24484;3
24485;3
24486;11
24487;2
24488;3
24489;4
24490;2
24491;2
24492;2
24493;4
24494;42
24495;3
24496;2
24497;2
24498;3
24499;3
24500;19
24501;2
24502;37
24503;3
24504;3
24505;2
24506;2
24507;2
24508;8
24509;3
24510;3
24511;3
24512;3
24513;3
24514;3
24515;2
24516;2
24517;2
24518;3
24519;3
24520;3
24521;4
24522;4
24523;2
24524;2
24525;2
24526;2
24527;6
24528;4
24529;3
24530;3
24531;39
24532;2
24533;2
24534;2
24535;2
24536;3
24537;7
24538;8
24539;3
24540;3
24541;3
24542;7
24543;2
24544;2
24545;7
24546;2
24547;2
24548;11
24549;2
24550;2
24551;2
24552;4
24553;2
24554;3
24555;3
24556;12
24557;3
24558;3
24559;3
24560;3
24561;3
24562;3
24563;2
24564;2
24565;2
24566;0
24567;3
24568;3
24569;2
24570;3
24571;3
24572;3
24573;3
24574;16
24575;3
24576;2
24577;39
24578;3
24579;3
24580;2
24581;2
24582;2
24583;2
24584;2
24585;2
24586;2
24587;2
24588;37
24589;25
24590;2
24591;3
24592;3
24593;3
24594;3
24595;3
24596;3
24597;0
24598;4
24599;17
24600;2
24601;2
24602;2
24603;3
24604;3
24605;3
24606;3
24607;3
24608;2
24609;2
24610;2
24611;2
24612;2
24613;2
24614;3
24615;3
24616;8
24617;3
24618;3
24619;3
24620;4
24621;3
24622;3
24623;2
24624;2
24625;2
24626;2
24627;2
24628;2
24629;6
24630;3
24631;3
24632;7
24633;6
24634;2
24635;2
24636;2
24637;4
24638;3
24639;3
24640;3
24641;3
24642;9
24643;2
24644;2
24645;2
24646;2
24647;3
24648;3
24649;3
24650;3
24651;38
24652;3
24653;3
24654;2
24655;3
24656;2
24657;3
24658;3
24659;9
24660;9
24661;4
24662;4
24663;2
24664;10
24665;2
24666;3
24667;3
24668;3
24669;3
24670;3
24671;3
24672;37
24673;3
24674;3
24675;3
24676;3
24677;3
24678;3
24679;2
24680;3
24681;2
24682;3
24683;3
24684;45
24685;3
24686;3
24687;3
24688;4
24689;3
24690;0
24691;2
24692;2
24693;3
24694;38
24695;7
24696;7
24697;2
24698;2
24699;2
24700;2
24701;2
24702;4
24703;4
24704;3
24705;2
24706;2
24707;3
24708;7
24709;13
24710;12
24711;12
24712;3
24713;3
24714;3
24715;0
24716;3
24717;3
24718;3
24719;3
24720;2
24721;2
24722;2
24723;2
24724;2
24725;2
24726;43
24727;3
24728;4
24729;39
24730;39
24731;39
24732;3
24733;2
24734;2
24735;2
24736;7
24737;7
24738;6
24739;6
24740;2
24741;2
24742;2
24743;9
24744;2
24745;5
24746;13
24747;3
24748;3
24749;6
24750;3
24751;3
24752;3
24753;16
24754;2
24755;2
24756;3
24757;3
24758;39
24759;2
24760;4
24761;4
24762;2
24763;3
24764;3
24765;3
24766;3
24767;11
24768;3
24769;3
24770;3
24771;2
24772;2
24773;3
24774;3
24775;3
24776;41
24777;3
24778;4
24779;3
24780;19
24781;3
24782;3
24783;3
24784;3
24785;3
24786;3
24787;3
24788;4
24789;3
24790;3
24791;3
24792;3
24793;3
24794;21
24795;2
24796;3
24797;2
24798;2
24799;3
24800;3
24801;4
24802;3
24803;3
24804;3
24805;3
24806;3
24807;2
24808;2
24809;3
24810;4
24811;2
24812;2
24813;39
24814;4
24815;36
24816;2
24817;4
24818;4
24819;2
24820;4
24821;3
24822;3
24823;3
24824;3
24825;2
24826;37
24827;10
24828;2
24829;3
24830;4
24831;3
24832;0
24833;0
24834;0
24835;38
24836;3
24837;4
24838;3
24839;4
24840;3
24841;3
24842;3
24843;3
24844;3
24845;3
24846;3
24847;3
24848;3
24849;38
24850;12
24851;3
24852;3
24853;38
24854;3
24855;3
24856;2
24857;2
24858;2
24859;2
24860;15
24861;3
24862;3
24863;2
24864;3
24865;3
24866;6
24867;3
24868;3
24869;2
24870;2
24871;2
24872;2
24873;3
24874;4
24875;3
24876;3
24877;3
24878;2
24879;3
24880;3
24881;4
24882;3
24883;3
24884;3
24885;4
24886;3
24887;2
24888;3
24889;3
24890;38
24891;3
24892;4
24893;4
24894;3
24895;2
24896;15
24897;4
24898;4
24899;4
24900;3
24901;2
24902;2
24903;2
24904;2
24905;14
24906;2
24907;2
24908;2
24909;6
24910;2
24911;39
24912;2
24913;2
24914;39
24915;3
24916;3
24917;3
24918;38
24919;38
24920;38
24921;3
24922;2
24923;7
24924;3
24925;3
24926;3
24927;3
24928;3
24929;3
24930;39
24931;3
24932;3
24933;3
24934;2
24935;12
24936;2
24937;2
24938;2
24939;3
24940;3
24941;3
24942;3
24943;2
24944;2
24945;2
24946;37
24947;37
24948;37
24949;7
24950;6
24951;37
24952;3
24953;2
24954;4
24955;3
24956;4
24957;3
24958;37
24959;37
24960;3
24961;2
24962;2
24963;4
24964;2
24965;2
24966;8
24967;3
24968;3
24969;3
24970;4
24971;2
24972;2
24973;2
24974;2
24975;2
24976;3
24977;3
24978;3
24979;3
24980;3
24981;3
24982;3
24983;16
24984;3
24985;4
24986;4
24987;3
24988;12
24989;3
24990;3
24991;3
24992;4
24993;2
24994;2
24995;45
24996;2
24997;2
24998;4
24999;3
25000;3
25001;13
25002;6
25003;3
25004;38
25005;5
25006;3
25007;2
25008;3
25009;3
25010;3
25011;2
25012;3
25013;3
25014;13
25015;4
25016;35
25017;4
25018;3
25019;3
25020;3
25021;3
25022;6
25023;2
25024;3
25025;36
25026;3
25027;3
25028;3
25029;3
25030;3
25031;3
25032;4
25033;11
25034;3
25035;3
25036;3
25037;3
25038;3
25039;3
25040;3
25041;3
25042;3
25043;38
25044;37
25045;7
25046;7
25047;2
25048;2
25049;2
25050;7
25051;39
25052;4
25053;2
25054;2
25055;65
25056;16
25057;2
25058;3
25059;3
25060;7
25061;15
25062;3
25063;3
25064;3
25065;3
25066;3
25067;3
25068;3
25069;3
25070;3
25071;3
25072;3
25073;13
25074;2
25075;2
25076;3
25077;37
25078;3
25079;3
25080;3
25081;2
25082;2
25083;2
25084;3
25085;3
25086;3
25087;3
25088;3
25089;2
25090;4
25091;7
25092;7
25093;7
25094;38
25095;2
25096;3
25097;3
25098;3
25099;2
25100;2
25101;2
25102;3
25103;3
25104;3
25105;6
25106;2
25107;11
25108;3
25109;2
25110;3
25111;9
25112;2
25113;4
25114;2
25115;3
25116;3
25117;38
25118;3
25119;38
25120;38
25121;38
25122;38
25123;2
25124;2
25125;2
25126;2
25127;3
25128;12
25129;2
25130;2
25131;2
25132;2
25133;2
25134;2
25135;78
25136;70
25137;70
25138;3
25139;2
25140;2
25141;2
25142;3
25143;2
25144;2
25145;3
25146;3
25147;38
25148;3
25149;72
25150;72
25151;2
25152;3
25153;3
25154;8
25155;4
25156;4
25157;2
25158;2
25159;2
25160;3
25161;3
25162;3
25163;3
25164;3
25165;3
25166;3
25167;3
25168;2
25169;2
25170;2
25171;2
25172;2
25173;3
25174;2
25175;2
25176;3
25177;3
25178;3
25179;4
25180;3
25181;3
25182;4
25183;7
25184;7
25185;3
25186;10
25187;2
25188;2
25189;3
25190;2
25191;2
25192;3
25193;2
25194;2
25195;2
25196;2
25197;6
25198;6
25199;4
25200;11
25201;6
25202;6
25203;0
25204;0
25205;2
25206;3
25207;2
25208;3
25209;3
25210;4
25211;3
25212;3
25213;3
25214;3
25215;2
25216;57
25217;37
25218;4
25219;3
25220;2
25221;2
25222;4
25223;3
25224;3
25225;3
25226;3
25227;3
25228;2
25229;4
25230;3
25231;3
25232;3
25233;25
25234;35
25235;35
25236;2
25237;2
25238;2
25239;3
25240;3
25241;3
25242;2
25243;3
25244;3
25245;3
25246;2
25247;5
25248;5
25249;7
25250;2
25251;2
25252;2
25253;2
25254;2
25255;2
25256;2
25257;3
25258;3
25259;3
25260;0
25261;3
25262;2
25263;4
25264;2
25265;2
25266;2
25267;2
25268;3
25269;4
25270;3
25271;39
25272;3
25273;3
25274;3
25275;3
25276;3
25277;3
25278;3
25279;2
25280;2
25281;2
25282;2
25283;2
25284;2
25285;18
25286;3
25287;2
25288;3
25289;3
25290;11
25291;3
25292;38
25293;2
25294;2
25295;3
25296;3
25297;3
25298;3
25299;3
25300;3
25301;3
25302;4
25303;3
25304;3
25305;2
25306;4
25307;4
25308;3
25309;3
25310;3
25311;3
25312;4
25313;2
25314;40
25315;0
25316;3
25317;3
25318;3
25319;3
25320;2
25321;12
25322;12
25323;2
25324;7
25325;3
25326;3
25327;3
25328;2
25329;2
25330;3
25331;3
25332;3
25333;3
25334;39
25335;39
25336;3
25337;5
25338;22
25339;22
25340;3
25341;3
25342;3
25343;3
25344;3
25345;3
25346;3
25347;2
25348;2
25349;13
25350;2
25351;2
25352;6
25353;3
25354;3
25355;3
25356;2
25357;2
25358;2
25359;3
25360;3
25361;4
25362;4
25363;2
25364;39
25365;2
25366;2
25367;3
25368;3
25369;3
25370;3
25371;2
25372;3
25373;38
25374;3
25375;4
25376;3
25377;3
25378;3
25379;3
25380;3
25381;2
25382;3
25383;3
25384;3
25385;3
25386;2
25387;3
25388;3
25389;19
25390;19
25391;3
25392;3
25393;5
25394;3
25395;3
25396;3
25397;3
25398;4
25399;3
25400;13
25401;37
25402;3
25403;6
25404;39
25405;19
25406;19
25407;17
25408;3
25409;3
25410;2
25411;2
25412;2
25413;2
25414;19
25415;3
25416;3
25417;3
25418;14
25419;3
25420;3
25421;2
25422;2
25423;2
25424;3
25425;3
25426;2
25427;2
25428;2
25429;3
25430;3
25431;2
25432;10
25433;7
25434;3
25435;3
25436;37
25437;37
25438;37
25439;0
25440;2
25441;2
25442;3
25443;3
25444;3
25445;3
25446;2
25447;2
25448;3
25449;3
25450;2
25451;3
25452;3
25453;6
25454;7
25455;3
25456;3
25457;3
25458;3
25459;3
25460;3
25461;3
25462;3
25463;3
25464;3
25465;7
25466;2
25467;3
25468;2
25469;2
25470;2
25471;2
25472;2
25473;3
25474;3
25475;3
25476;3
25477;2
25478;2
25479;0
25480;2
25481;9
25482;3
25483;3
25484;3
25485;2
25486;5
25487;2
25488;2
25489;2
25490;2
25491;3
25492;2
25493;3
25494;8
25495;2
25496;2
25497;3
25498;37
25499;37
25500;3
25501;3
25502;3
25503;3
25504;2
25505;3
25506;3
25507;3
25508;25
25509;3
25510;3
25511;3
25512;38
25513;3
25514;3
25515;3
25516;2
25517;3
25518;3
25519;4
25520;3
25521;3
25522;2
25523;2
25524;3
25525;3
25526;38
25527;3
25528;6
25529;4
25530;3
25531;3
25532;3
25533;38
25534;2
25535;3
25536;3
25537;3
25538;3
25539;2
25540;3
25541;4
25542;17
25543;17
25544;37
25545;37
25546;0
25547;2
25548;39
25549;2
25550;4
25551;4
25552;3
25553;2
25554;3
25555;2
25556;6
25557;6
25558;2
25559;3
25560;2
25561;2
25562;3
25563;3
25564;3
25565;3
25566;3
25567;3
25568;3
25569;2
25570;3
25571;3
25572;2
25573;2
25574;2
25575;3
25576;3
25577;3
25578;3
25579;3
25580;7
25581;2
25582;3
25583;3
25584;38
25585;7
25586;14
25587;39
25588;39
25589;39
25590;3
25591;3
25592;2
25593;2
25594;2
25595;3
25596;3
25597;3
25598;3
25599;3
25600;8
25601;3
25602;2
25603;3
25604;3
25605;3
25606;3
25607;3
25608;3
25609;3
25610;3
25611;3
25612;37
25613;37
25614;37
25615;2
25616;2
25617;3
25618;3
25619;2
25620;2
25621;3
25622;3
25623;3
25624;3
25625;3
25626;3
25627;3
25628;3
25629;2
25630;3
25631;3
25632;3
25633;3
25634;3
25635;3
25636;2
25637;2
25638;14
25639;0
25640;4
25641;2
25642;3
25643;3
25644;3
25645;2
25646;2
25647;3
25648;19
25649;3
25650;3
25651;2
25652;2
25653;2
25654;2
25655;3
25656;3
25657;5
25658;3
25659;2
25660;3
25661;3
25662;3
25663;3
25664;2
25665;2
25666;3
25667;3
25668;2
25669;3
25670;3
25671;3
25672;3
25673;2
25674;7
25675;3
25676;3
25677;2
25678;3
25679;3
25680;3
25681;3
25682;2
25683;6
25684;7
25685;3
25686;3
25687;3
25688;10
25689;3
25690;3
25691;16
25692;3
25693;39
25694;3
25695;3
25696;3
25697;4
25698;2
25699;3
25700;2
25701;2
25702;4
25703;4
25704;2
25705;2
25706;2
25707;0
25708;0
25709;2
25710;2
25711;2
25712;2
25713;2
25714;36
25715;3
25716;3
25717;3
25718;3
25719;2
25720;2
25721;3
25722;3
25723;6
25724;4
25725;3
25726;2
25727;2
25728;2
25729;3
25730;2
25731;2
25732;2
25733;3
25734;36
25735;7
25736;2
25737;2
25738;4
25739;4
25740;2
25741;2
25742;38
25743;38
25744;4
25745;3
25746;3
25747;3
25748;3
25749;4
25750;4
25751;3
25752;4
25753;3
25754;3
25755;0
25756;3
25757;2
25758;3
25759;3
25760;2
25761;4
25762;2
25763;2
25764;3
25765;16
25766;37
25767;3
25768;7
25769;4
25770;4
25771;2
25772;2
25773;3
25774;18
25775;3
25776;3
25777;2
25778;2
25779;2
25780;2
25781;3
25782;37
25783;37
25784;7
25785;3
25786;3
25787;3
25788;3
25789;3
25790;3
25791;3
25792;3
25793;2
25794;2
25795;3
25796;3
25797;3
25798;3
25799;35
25800;3
25801;6
25802;6
25803;7
25804;3
25805;3
25806;3
25807;3
25808;3
25809;4
25810;2
25811;3
25812;3
25813;2
25814;3
25815;3
25816;2
25817;3
25818;8
25819;3
25820;3
25821;3
25822;2
25823;2
25824;3
25825;3
25826;39
25827;3
25828;3
25829;17
25830;2
25831;2
25832;3
25833;2
25834;3
25835;3
25836;3
25837;6
25838;6
25839;3
25840;3
25841;7
25842;3
25843;2
25844;14
25845;4
25846;3
25847;6
25848;4
25849;3
25850;3
25851;2
25852;3
25853;2
25854;2
25855;3
25856;3
25857;3
25858;3
25859;4
25860;38
25861;38
25862;38
25863;3
25864;3
25865;3
25866;2
25867;2
25868;3
25869;3
25870;2
25871;2
25872;3
25873;3
25874;3
25875;2
25876;2
25877;2
25878;39
25879;2
25880;2
25881;2
25882;23
25883;3
25884;17
25885;2
25886;3
25887;3
25888;3
25889;3
25890;2
25891;3
25892;9
25893;9
25894;3
25895;4
25896;3
25897;4
25898;3
25899;3
25900;3
25901;3
25902;3
25903;3
25904;8
25905;2
25906;2
25907;2
25908;3
25909;3
25910;3
25911;7
25912;3
25913;3
25914;7
25915;2
25916;2
25917;2
25918;4
25919;3
25920;3
25921;36
25922;2
25923;2
25924;2
25925;2
25926;39
25927;2
25928;2
25929;3
25930;7
25931;42
25932;42
25933;3
25934;10
25935;3
25936;3
25937;3
25938;2
25939;3
25940;3
25941;4
25942;2
25943;10
25944;3
25945;2
25946;2
25947;2
25948;3
25949;2
25950;2
25951;3
25952;2
25953;2
25954;3
25955;7
25956;3
25957;39
25958;3
25959;3
25960;3
25961;36
25962;6
25963;3
25964;39
25965;39
25966;3
25967;2
25968;3
25969;2
25970;3
25971;7
25972;19
25973;2
25974;2
25975;3
25976;3
25977;3
25978;3
25979;3
25980;6
25981;3
25982;2
25983;2
25984;7
25985;3
25986;3
25987;3
25988;4
25989;3
25990;3
25991;37
25992;49
25993;5
25994;4
25995;3
25996;11
25997;3
25998;2
25999;2
26000;3
26001;3
26002;3
26003;3
26004;2
26005;6
26006;37
26007;38
26008;3
26009;3
26010;9
26011;9
26012;2
26013;2
26014;2
26015;3
26016;3
26017;3
26018;37
26019;2
26020;0
26021;0
26022;3
26023;3
26024;4
26025;4
26026;2
26027;2
26028;3
26029;3
26030;8
26031;3
26032;3
26033;3
26034;2
26035;2
26036;3
26037;3
26038;2
26039;7
26040;2
26041;3
26042;3
26043;3
26044;3
26045;3
26046;4
26047;2
26048;2
26049;2
26050;38
26051;5
26052;3
26053;3
26054;3
26055;3
26056;3
26057;3
26058;2
26059;2
26060;2
26061;10
26062;3
26063;9
26064;4
26065;4
26066;4
26067;4
26068;3
26069;3
26070;2
26071;3
26072;3
26073;10
26074;3
26075;3
26076;3
26077;2
26078;23
26079;3
26080;6
26081;2
26082;2
26083;2
26084;2
26085;2
26086;14
26087;3
26088;3
26089;4
26090;39
26091;39
26092;3
26093;2
26094;2
26095;3
26096;3
26097;3
26098;7
26099;7
26100;7
26101;37
26102;6
26103;4
26104;2
26105;2
26106;3
26107;2
26108;10
26109;2
26110;3
26111;3
26112;2
26113;2
26114;2
26115;3
26116;3
26117;3
26118;3
26119;3
26120;3
26121;2
26122;2
26123;3
26124;3
26125;3
26126;3
26127;7
26128;2
26129;3
26130;3
26131;3
26132;3
26133;7
26134;2
26135;2
26136;35
26137;2
26138;2
26139;10
26140;3
26141;4
26142;3
26143;3
26144;0
26145;10
26146;3
26147;3
26148;3
26149;3
26150;2
26151;2
26152;2
26153;2
26154;7
26155;2
26156;5
26157;2
26158;2
26159;2
26160;3
26161;13
26162;7
26163;7
26164;3
26165;3
26166;2
26167;2
26168;3
26169;3
26170;3
26171;3
26172;3
26173;3
26174;3
26175;28
26176;2
26177;3
26178;3
26179;3
26180;3
26181;3
26182;3
26183;3
26184;2
26185;3
26186;3
26187;3
26188;3
26189;2
26190;3
26191;2
26192;2
26193;3
26194;3
26195;3
26196;3
26197;2
26198;2
26199;2
26200;39
26201;2
26202;2
26203;2
26204;10
26205;3
26206;4
26207;3
26208;3
26209;2
26210;2
26211;2
26212;3
26213;3
26214;3
26215;13
26216;3
26217;2
26218;2
26219;2
26220;3
26221;3
26222;4
26223;3
26224;3
26225;3
26226;3
26227;3
26228;4
26229;3
26230;3
26231;3
26232;3
26233;3
26234;7
26235;3
26236;3
26237;3
26238;3
26239;3
26240;3
26241;2
26242;2
26243;4
26244;3
26245;4
26246;3
26247;7
26248;7
26249;3
26250;3
26251;3
26252;4
26253;4
26254;2
26255;3
26256;3
26257;7
26258;3
26259;3
26260;3
26261;6
26262;0
26263;7
26264;3
26265;6
26266;6
26267;6
26268;3
26269;4
26270;4
26271;4
26272;3
26273;3
26274;3
26275;4
26276;4
26277;3
26278;2
26279;2
26280;3
26281;2
26282;3
26283;3
26284;11
26285;3
26286;4
26287;3
26288;38
26289;3
26290;3
26291;3
26292;3
26293;3
26294;3
26295;3
26296;3
26297;36
26298;3
26299;2
26300;2
26301;2
26302;4
26303;5
26304;38
26305;3
26306;3
26307;3
26308;5
26309;17
26310;7
26311;3
26312;38
26313;17
26314;38
26315;38
26316;3
26317;2
26318;2
26319;37
26320;47
26321;3
26322;3
26323;16
26324;2
26325;3
26326;2
26327;2
26328;2
26329;4
26330;4
26331;4
26332;3
26333;17
26334;2
26335;6
26336;3
26337;7
26338;3
26339;3
26340;3
26341;2
26342;2
26343;6
26344;6
26345;2
26346;11
26347;2
26348;2
26349;38
26350;3
26351;4
26352;3
26353;3
26354;7
26355;3
26356;3
26357;3
26358;36
26359;36
26360;4
26361;4
26362;3
26363;3
26364;3
26365;3
26366;3
26367;4
26368;37
26369;3
26370;13
26371;3
26372;3
26373;3
26374;3
26375;3
26376;3
26377;4
26378;3
26379;2
26380;6
26381;6
26382;15
26383;3
26384;13
26385;3
26386;7
26387;4
26388;3
26389;3
26390;2
26391;3
26392;3
26393;3
26394;3
26395;3
26396;2
26397;2
26398;2
26399;4
26400;4
26401;4
26402;2
26403;10
26404;3
26405;0
26406;3
26407;2
26408;4
26409;15
26410;15
26411;15
26412;45
26413;2
26414;4
26415;4
26416;3
26417;2
26418;2
26419;3
26420;3
26421;3
26422;3
26423;3
26424;3
26425;2
26426;2
26427;3
26428;3
26429;7
26430;3
26431;2
26432;3
26433;3
26434;3
26435;3
26436;2
26437;35
26438;3
26439;3
26440;3
26441;6
26442;15
26443;50
26444;3
26445;3
26446;3
26447;9
26448;3
26449;39
26450;39
26451;56
26452;3
26453;3
26454;3
26455;2
26456;2
26457;2
26458;2
26459;2
26460;2
26461;2
26462;2
26463;7
26464;7
26465;6
26466;6
26467;3
26468;2
26469;3
26470;3
26471;7
26472;7
26473;2
26474;2
26475;2
26476;39
26477;0
26478;3
26479;3
26480;3
26481;3
26482;3
26483;3
26484;2
26485;2
26486;2
26487;2
26488;2
26489;2
26490;6
26491;2
26492;2
26493;2
26494;3
26495;3
26496;3
26497;9
26498;3
26499;3
26500;3
26501;3
26502;3
26503;3
26504;6
26505;6
26506;6
26507;3
26508;2
26509;3
26510;5
26511;3
26512;3
26513;2
26514;3
26515;3
26516;2
26517;2
26518;3
26519;2
26520;2
26521;10
26522;3
26523;39
26524;39
26525;2
26526;2
26527;2
26528;3
26529;3
26530;3
26531;3
26532;3
26533;3
26534;16
26535;3
26536;3
26537;2
26538;2
26539;2
26540;3
26541;10
26542;3
26543;3
26544;3
26545;4
26546;6
26547;6
26548;3
26549;16
26550;3
26551;3
26552;3
26553;3
26554;3
26555;3
26556;2
26557;2
26558;2
26559;2
26560;4
26561;2
26562;4
26563;6
26564;3
26565;2
26566;3
26567;4
26568;3
26569;3
26570;3
26571;3
26572;4
26573;3
26574;3
26575;2
26576;2
26577;2
26578;2
26579;3
26580;10
26581;4
26582;2
26583;3
26584;2
26585;2
26586;2
26587;2
26588;2
26589;3
26590;19
26591;3
26592;38
26593;3
26594;2
26595;3
26596;3
26597;2
26598;7
26599;3
26600;17
26601;2
26602;2
26603;2
26604;2
26605;2
26606;3
26607;3
26608;3
26609;3
26610;4
26611;10
26612;3
26613;2
26614;3
26615;3
26616;3
26617;3
26618;2
26619;2
26620;3
26621;3
26622;3
26623;2
26624;2
26625;3
26626;39
26627;2
26628;2
26629;3
26630;3
26631;13
26632;3
26633;3
26634;3
26635;3
26636;3
26637;3
26638;3
26639;3
26640;3
26641;2
26642;3
26643;3
26644;4
26645;5
26646;5
26647;2
26648;2
26649;2
26650;3
26651;3
26652;3
26653;3
26654;3
26655;3
26656;36
26657;11
26658;3
26659;2
26660;2
26661;2
26662;2
26663;3
26664;2
26665;2
26666;3
26667;3
26668;3
26669;3
26670;2
26671;2
26672;2
26673;2
26674;2
26675;3
26676;3
26677;3
26678;3
26679;4
26680;3
26681;3
26682;2
26683;3
26684;14
26685;2
26686;18
26687;3
26688;2
26689;3
26690;4
26691;7
26692;3
26693;7
26694;3
26695;3
26696;44
26697;36
26698;3
26699;3
26700;3
26701;2
26702;3
26703;3
26704;2
26705;2
26706;0
26707;3
26708;4
26709;4
26710;4
26711;7
26712;3
26713;2
26714;3
26715;2
26716;2
26717;2
26718;3
26719;3
26720;2
26721;2
26722;2
26723;3
26724;13
26725;3
26726;6
26727;6
26728;6
26729;3
26730;2
26731;2
26732;2
26733;4
26734;4
26735;6
26736;3
26737;2
26738;2
26739;7
26740;3
26741;3
26742;3
26743;2
26744;3
26745;2
26746;3
26747;3
26748;3
26749;2
26750;8
26751;3
26752;3
26753;3
26754;3
26755;3
26756;4
26757;4
26758;3
26759;3
26760;3
26761;3
26762;3
26763;3
26764;3
26765;3
26766;3
26767;3
26768;3
26769;3
26770;3
26771;3
26772;3
26773;39
26774;3
26775;2
26776;4
26777;3
26778;3
26779;4
26780;4
26781;3
26782;7
26783;2
26784;2
26785;24
26786;3
26787;3
26788;3
26789;3
26790;2
26791;70
26792;3
26793;3
26794;3
26795;3
26796;3
26797;3
26798;3
26799;3
26800;3
26801;3
26802;3
26803;3
26804;3
26805;4
26806;2
26807;2
26808;2
26809;3
26810;3
26811;3
26812;3
26813;2
26814;3
26815;3
26816;3
26817;3
26818;2
26819;4
26820;3
26821;4
26822;3
26823;3
26824;3
26825;3
26826;2
26827;9
26828;3
26829;7
26830;3
26831;3
26832;4
26833;2
26834;2
26835;2
26836;6
26837;14
26838;2
26839;3
26840;3
26841;3
26842;2
26843;2
26844;2
26845;39
26846;3
26847;3
26848;2
26849;3
26850;7
26851;3
26852;3
26853;4
26854;3
26855;3
26856;3
26857;2
26858;3
26859;3
26860;3
26861;3
26862;6
26863;3
26864;3
26865;2
26866;2
26867;12
26868;3
26869;3
26870;37
26871;4
26872;3
26873;3
26874;2
26875;2
26876;2
26877;4
26878;3
26879;2
26880;2
26881;2
26882;3
26883;3
26884;3
26885;3
26886;3
26887;35
26888;35
26889;3
26890;3
26891;3
26892;3
26893;2
26894;2
26895;2
26896;2
26897;36
26898;3
26899;3
26900;3
26901;2
26902;4
26903;9
26904;4
26905;2
26906;2
26907;4
26908;4
26909;3
26910;3
26911;0
26912;39
26913;2
26914;2
26915;2
26916;2
26917;7
26918;2
26919;2
26920;2
26921;10
26922;38
26923;2
26924;3
26925;3
26926;3
26927;3
26928;2
26929;3
26930;3
26931;38
26932;38
26933;38
26934;0
26935;2
26936;4
26937;2
26938;2
26939;2
26940;3
26941;3
26942;3
26943;3
26944;3
26945;12
26946;2
26947;2
26948;3
26949;3
26950;4
26951;4
26952;2
26953;3
26954;3
26955;2
26956;2
26957;2
26958;3
26959;3
26960;14
26961;3
26962;4
26963;4
26964;3
26965;2
26966;4
26967;4
26968;2
26969;53
26970;3
26971;2
26972;39
26973;3
26974;3
26975;38
26976;2
26977;2
26978;16
26979;3
26980;2
26981;2
26982;3
26983;2
26984;12
26985;35
26986;4
26987;3
26988;3
26989;3
26990;2
26991;3
26992;3
26993;3
26994;3
26995;3
26996;2
26997;2
26998;7
26999;3
27000;3
27001;4
27002;3
27003;3
27004;2
27005;2
27006;6
27007;3
27008;3
27009;3
27010;3
27011;3
27012;4
27013;4
27014;3
27015;3
27016;3
27017;3
27018;3
27019;2
27020;2
27021;4
27022;3
27023;39
27024;3
27025;3
27026;3
27027;4
27028;3
27029;3
27030;3
27031;3
27032;3
27033;3
27034;3
27035;3
27036;4
27037;3
27038;3
27039;3
27040;6
27041;2
27042;2
27043;3
27044;3
27045;3
27046;2
27047;2
27048;36
27049;3
27050;3
27051;3
27052;3
27053;3
27054;3
27055;3
27056;3
27057;3
27058;3
27059;2
27060;4
27061;3
27062;3
27063;39
27064;8
27065;4
27066;39
27067;7
27068;7
27069;2
27070;3
27071;2
27072;2
27073;3
27074;3
27075;3
27076;2
27077;2
27078;2
27079;3
27080;3
27081;37
27082;3
27083;3
27084;4
27085;3
27086;4
27087;3
27088;3
27089;37
27090;3
27091;2
27092;2
27093;3
27094;8
27095;8
27096;2
27097;2
27098;2
27099;3
27100;3
27101;3
27102;2
27103;2
27104;2
27105;2
27106;3
27107;3
27108;2
27109;2
27110;3
27111;3
27112;3
27113;2
27114;2
27115;2
27116;3
27117;3
27118;3
27119;3
27120;4
27121;4
27122;3
27123;15
27124;2
27125;2
27126;2
27127;2
27128;39
27129;3
27130;2
27131;3
27132;3
27133;3
27134;3
27135;3
27136;2
27137;2
27138;2
27139;2
27140;4
27141;2
27142;2
27143;2
27144;2
27145;2
27146;2
27147;2
27148;2
27149;3
27150;3
27151;3
27152;3
27153;3
27154;3
27155;2
27156;4
27157;4
27158;2
27159;3
27160;3
27161;4
27162;2
27163;3
27164;4
27165;4
27166;2
27167;2
27168;3
27169;3
27170;3
27171;3
27172;7
27173;3
27174;3
27175;2
27176;2
27177;2
27178;3
27179;2
27180;2
27181;3
27182;3
27183;4
27184;3
27185;6
27186;2
27187;3
27188;4
27189;2
27190;3
27191;3
27192;3
27193;3
27194;3
27195;3
27196;2
27197;2
27198;3
27199;14
27200;6
27201;6
27202;3
27203;2
27204;2
27205;2
27206;3
27207;13
27208;35
27209;11
27210;37
27211;37
27212;37
27213;0
27214;3
27215;3
27216;7
27217;3
27218;3
27219;39
27220;3
27221;3
27222;3
27223;7
27224;2
27225;2
27226;3
27227;3
27228;3
27229;2
27230;12
27231;3
27232;3
27233;3
27234;3
27235;2
27236;3
27237;3
27238;3
27239;3
27240;13
27241;2
27242;2
27243;4
27244;3
27245;3
27246;11
27247;3
27248;2
27249;3
27250;14
27251;10
27252;2
27253;2
27254;2
27255;3
27256;3
27257;3
27258;2
27259;3
27260;3
27261;4
27262;2
27263;9
27264;3
27265;2
27266;38
27267;3
27268;3
27269;3
27270;2
27271;3
27272;3
27273;3
27274;37
27275;37
27276;49
27277;3
27278;3
27279;3
27280;3
27281;3
27282;7
27283;3
27284;38
27285;38
27286;3
27287;2
27288;3
27289;3
27290;4
27291;3
27292;2
27293;0
27294;39
27295;2
27296;3
27297;3
27298;3
27299;3
27300;1
27301;1
27302;3
27303;14
27304;14
27305;14
27306;6
27307;2
27308;2
27309;8
27310;8
27311;0
27312;0
27313;3
27314;9
27315;2
27316;7
27317;7
27318;3
27319;3
27320;3
27321;2
27322;2
27323;9
27324;3
27325;17
27326;2
27327;7
27328;3
27329;39
27330;3
27331;3
27332;44
27333;4
27334;3
27335;3
27336;3
27337;3
27338;4
27339;4
27340;3
27341;3
27342;2
27343;38
27344;38
27345;3
27346;3
27347;3
27348;2
27349;38
27350;2
27351;2
27352;2
27353;3
27354;2
27355;3
27356;3
27357;4
27358;2
27359;4
27360;2
27361;2
27362;3
27363;3
27364;3
27365;4
27366;2
27367;3
27368;38
27369;2
27370;2
27371;4
27372;3
27373;3
27374;3
27375;4
27376;3
27377;3
27378;3
27379;4
27380;4
27381;3
27382;2
27383;2
27384;2
27385;3
27386;2
27387;39
27388;3
27389;3
27390;3
27391;2
27392;2
27393;2
27394;3
27395;3
27396;2
27397;3
27398;4
27399;3
27400;2
27401;3
27402;3
27403;36
27404;3
27405;3
27406;2
27407;2
27408;2
27409;3
27410;3
27411;3
27412;2
27413;16
27414;3
27415;3
27416;3
27417;3
27418;3
27419;19
27420;3
27421;5
27422;4
27423;3
27424;3
27425;3
27426;2
27427;2
27428;3
27429;3
27430;4
27431;3
27432;2
27433;3
27434;3
27435;3
27436;3
27437;3
27438;3
27439;3
27440;2
27441;3
27442;3
27443;3
27444;2
27445;2
27446;5
27447;5
27448;3
27449;2
27450;3
27451;5
27452;19
27453;3
27454;2
27455;35
27456;3
27457;3
27458;3
27459;3
27460;35
27461;3
27462;2
27463;4
27464;23
27465;3
27466;3
27467;3
27468;3
27469;5
27470;3
27471;3
27472;7
27473;7
27474;7
27475;3
27476;3
27477;2
27478;3
27479;3
27480;3
27481;3
27482;3
27483;3
27484;0
27485;14
27486;3
27487;3
27488;3
27489;4
27490;7
27491;2
27492;2
27493;3
27494;13
27495;2
27496;3
27497;3
27498;3
27499;36
27500;4
27501;3
27502;3
27503;3
27504;3
27505;3
27506;3
27507;3
27508;3
27509;2
27510;2
27511;38
27512;5
27513;5
27514;5
27515;38
27516;38
27517;3
27518;3
27519;3
27520;3
27521;4
27522;2
27523;2
27524;6
27525;4
27526;3
27527;3
27528;3
27529;3
27530;4
27531;4
27532;3
27533;3
27534;3
27535;3
27536;2
27537;3
27538;2
27539;2
27540;3
27541;3
27542;3
27543;3
27544;3
27545;3
27546;18
27547;3
27548;2
27549;3
27550;3
27551;3
27552;4
27553;3
27554;38
27555;3
27556;3
27557;3
27558;4
27559;11
27560;2
27561;7
27562;4
27563;3
27564;3
27565;3
27566;2
27567;3
27568;3
27569;2
27570;2
27571;3
27572;10
27573;35
27574;43
27575;3
27576;3
27577;6
27578;3
27579;2
27580;2
27581;16
27582;3
27583;3
27584;27
27585;17
27586;2
27587;2
27588;5
27589;2
27590;3
27591;3
27592;2
27593;2
27594;3
27595;3
27596;3
27597;4
27598;3
27599;16
27600;2
27601;2
27602;2
27603;2
27604;2
27605;3
27606;3
27607;2
27608;2
27609;2
27610;3
27611;2
27612;2
27613;2
27614;3
27615;3
27616;10
27617;2
27618;3
27619;2
27620;10
27621;4
27622;2
27623;2
27624;13
27625;3
27626;3
27627;3
27628;3
27629;3
27630;2
27631;3
27632;4
27633;17
27634;4
27635;17
27636;17
27637;2
27638;3
27639;6
27640;2
27641;9
27642;2
27643;3
27644;4
27645;3
27646;3
27647;2
27648;2
27649;2
27650;2
27651;37
27652;2
27653;2
27654;2
27655;3
27656;3
27657;9
27658;3
27659;2
27660;3
27661;3
27662;14
27663;14
27664;7
27665;2
27666;2
27667;2
27668;2
27669;2
27670;3
27671;2
27672;2
27673;2
27674;5
27675;3
27676;39
27677;2
27678;2
27679;2
27680;2
27681;2
27682;35
27683;3
27684;13
27685;3
27686;3
27687;35
27688;2
27689;3
27690;7
27691;2
27692;2
27693;2
27694;3
27695;2
27696;2
27697;3
27698;39
27699;3
27700;3
27701;3
27702;2
27703;2
27704;2
27705;2
27706;3
27707;3
27708;3
27709;3
27710;2
27711;2
27712;2
27713;3
27714;3
27715;8
27716;8
27717;3
27718;3
27719;5
27720;3
27721;37
27722;3
27723;7
27724;3
27725;3
27726;3
27727;3
27728;36
27729;2
27730;3
27731;3
27732;2
27733;2
27734;3
27735;3
27736;2
27737;3
27738;3
27739;2
27740;2
27741;2
27742;38
27743;3
27744;22
27745;3
27746;3
27747;2
27748;73
27749;2
27750;3
27751;3
27752;2
27753;2
27754;2
27755;3
27756;3
27757;3
27758;3
27759;2
27760;2
27761;3
27762;3
27763;3
27764;4
27765;3
27766;3
27767;3
27768;35
27769;14
27770;3
27771;3
27772;3
27773;3
27774;36
27775;3
27776;3
27777;4
27778;3
27779;2
27780;2
27781;9
27782;9
27783;3
27784;3
27785;4
27786;3
27787;11
27788;4
27789;3
27790;3
27791;2
27792;2
27793;3
27794;7
27795;3
27796;3
27797;3
27798;3
27799;3
27800;2
27801;36
27802;3
27803;2
27804;3
27805;3
27806;3
27807;4
27808;3
27809;3
27810;3
27811;3
27812;3
27813;3
27814;3
27815;2
27816;2
27817;3
27818;3
27819;3
27820;3
27821;2
27822;8
27823;38
27824;3
27825;3
27826;2
27827;2
27828;2
27829;3
27830;3
27831;3
27832;2
27833;37
27834;8
27835;3
27836;3
27837;2
27838;3
27839;10
27840;3
27841;3
27842;2
27843;2
27844;3
27845;2
27846;2
27847;2
27848;35
27849;35
27850;3
27851;3
27852;6
27853;3
27854;3
27855;3
27856;2
27857;2
27858;3
27859;3
27860;2
27861;3
27862;3
27863;3
27864;3
27865;4
27866;6
27867;3
27868;10
27869;3
27870;3
27871;3
27872;2
27873;2
27874;2
27875;3
27876;3
27877;7
27878;3
27879;3
27880;3
27881;35
27882;3
27883;3
27884;4
27885;4
27886;14
27887;3
27888;3
27889;3
27890;3
27891;2
27892;6
27893;3
27894;2
27895;2
27896;2
27897;4
27898;3
27899;3
27900;2
27901;2
27902;3
27903;4
27904;3
27905;3
27906;3
27907;3
27908;3
27909;3
27910;3
27911;3
27912;2
27913;2
27914;2
27915;2
27916;3
27917;3
27918;6
27919;3
27920;4
27921;3
27922;6
27923;4
27924;3
27925;3
27926;2
27927;2
27928;3
27929;18
27930;3
27931;3
27932;3
27933;2
27934;2
27935;3
27936;3
27937;3
27938;3
27939;5
27940;5
27941;3
27942;3
27943;3
27944;2
27945;2
27946;37
27947;2
27948;3
27949;25
27950;2
27951;2
27952;2
27953;3
27954;3
27955;3
27956;2
27957;3
27958;3
27959;3
27960;3
27961;2
27962;2
27963;2
27964;2
27965;3
27966;39
27967;2
27968;4
27969;0
27970;3
27971;3
27972;7
27973;3
27974;3
27975;3
27976;12
27977;3
27978;3
27979;3
27980;8
27981;8
27982;2
27983;3
27984;3
27985;3
27986;3
27987;3
27988;35
27989;3
27990;3
27991;3
27992;3
27993;2
27994;2
27995;3
27996;2
27997;3
27998;3
27999;39
28000;4
28001;4
28002;4
28003;3
28004;3
28005;3
28006;2
28007;3
28008;3
28009;4
28010;3
28011;3
28012;18
28013;3
28014;3
28015;4
28016;37
28017;3
28018;23
28019;3
28020;3
28021;2
28022;36
28023;5
28024;5
28025;4
28026;3
28027;3
28028;3
28029;3
28030;2
28031;2
28032;2
28033;3
28034;3
28035;4
28036;2
28037;3
28038;2
28039;3
28040;2
28041;2
28042;3
28043;3
28044;3
28045;2
28046;3
28047;3
28048;3
28049;2
28050;2
28051;3
28052;3
28053;3
28054;3
28055;3
28056;3
28057;8
28058;2
28059;3
28060;2
28061;2
28062;3
28063;3
28064;4
28065;39
28066;2
28067;39
28068;3
28069;3
28070;2
28071;2
28072;2
28073;2
28074;3
28075;3
28076;3
28077;3
28078;3
28079;3
28080;3
28081;3
28082;3
28083;3
28084;2
28085;3
28086;13
28087;2
28088;3
28089;37
28090;37
28091;2
28092;10
28093;3
28094;10
28095;3
28096;6
28097;6
28098;5
28099;3
28100;2
28101;37
28102;37
28103;2
28104;3
28105;2
28106;3
28107;3
28108;3
28109;2
28110;2
28111;2
28112;3
28113;2
28114;2
28115;2
28116;3
28117;2
28118;2
28119;39
28120;3
28121;2
28122;2
28123;2
28124;16
28125;3
28126;3
28127;2
28128;2
28129;15
28130;2
28131;2
28132;2
28133;3
28134;2
28135;3
28136;3
28137;3
28138;4
28139;4
28140;3
28141;3
28142;2
28143;3
28144;3
28145;6
28146;3
28147;3
28148;7
28149;3
28150;3
28151;3
28152;4
28153;2
28154;16
28155;7
28156;3
28157;10
28158;38
28159;0
28160;0
28161;52
28162;3
28163;3
28164;2
28165;2
28166;2
28167;2
28168;2
28169;3
28170;7
28171;3
28172;14
28173;6
28174;6
28175;3
28176;4
28177;3
28178;2
28179;2
28180;42
28181;2
28182;3
28183;3
28184;3
28185;3
28186;2
28187;2
28188;3
28189;3
28190;3
28191;3
28192;3
28193;3
28194;4
28195;18
28196;2
28197;11
28198;2
28199;2
28200;3
28201;3
28202;38
28203;12
28204;3
28205;10
28206;2
28207;2
28208;2
28209;4
28210;2
28211;2
28212;2
28213;2
28214;39
28215;3
28216;2
28217;3
28218;36
28219;10
28220;3
28221;3
28222;4
28223;3
28224;3
28225;39
28226;2
28227;4
28228;2
28229;2
28230;3
28231;3
28232;2
28233;3
28234;2
28235;10
28236;3
28237;3
28238;0
28239;4
28240;4
28241;2
28242;3
28243;11
28244;6
28245;3
28246;2
28247;3
28248;3
28249;3
28250;3
28251;3
28252;4
28253;3
28254;3
28255;3
28256;3
28257;3
28258;3
28259;3
28260;2
28261;2
28262;38
28263;38
28264;2
28265;2
28266;4
28267;2
28268;2
28269;2
28270;17
28271;4
28272;3
28273;3
28274;7
28275;2
28276;3
28277;3
28278;3
28279;3
28280;3
28281;3
28282;4
28283;2
28284;7
28285;38
28286;38
28287;3
28288;3
28289;3
28290;3
28291;3
28292;2
28293;42
28294;42
28295;42
28296;3
28297;2
28298;3
28299;3
28300;3
28301;39
28302;3
28303;3
28304;3
28305;2
28306;2
28307;3
28308;4
28309;3
28310;3
28311;3
28312;3
28313;3
28314;3
28315;2
28316;2
28317;3
28318;3
28319;4
28320;4
28321;3
28322;36
28323;7
28324;38
28325;38
28326;3
28327;3
28328;39
28329;49
28330;2
28331;3
28332;3
28333;2
28334;3
28335;3
28336;4
28337;3
28338;2
28339;9
28340;38
28341;3
28342;4
28343;4
28344;2
28345;39
28346;2
28347;2
28348;2
28349;2
28350;3
28351;2
28352;2
28353;2
28354;3
28355;3
28356;3
28357;10
28358;3
28359;35
28360;35
28361;3
28362;4
28363;27
28364;27
28365;3
28366;2
28367;2
28368;3
28369;2
28370;10
28371;3
28372;3
28373;3
28374;3
28375;3
28376;2
28377;2
28378;2
28379;3
28380;3
28381;2
28382;3
28383;3
28384;3
28385;2
28386;2
28387;2
28388;4
28389;4
28390;3
28391;3
28392;2
28393;2
28394;3
28395;5
28396;2
28397;4
28398;3
28399;3
28400;3
28401;38
28402;2
28403;2
28404;3
28405;3
28406;7
28407;3
28408;4
28409;4
28410;4
28411;2
28412;2
28413;2
28414;3
28415;2
28416;2
28417;5
28418;4
28419;3
28420;3
28421;3
28422;3
28423;3
28424;3
28425;3
28426;3
28427;3
28428;3
28429;38
28430;3
28431;3
28432;3
28433;4
28434;4
28435;2
28436;2
28437;2
28438;2
28439;3
28440;2
28441;3
28442;3
28443;3
28444;3
28445;2
28446;3
28447;3
28448;3
28449;2
28450;16
28451;2
28452;2
28453;2
28454;5
28455;4
28456;3
28457;2
28458;2
28459;7
28460;4
28461;4
28462;2
28463;2
28464;2
28465;2
28466;3
28467;3
28468;36
28469;2
28470;2
28471;2
28472;3
28473;3
28474;3
28475;3
28476;4
28477;4
28478;3
28479;39
28480;9
28481;3
28482;3
28483;3
28484;21
28485;3
28486;39
28487;2
28488;2
28489;3
28490;3
28491;2
28492;3
28493;3
28494;3
28495;3
28496;3
28497;2
28498;2
28499;2
28500;2
28501;3
28502;3
28503;2
28504;2
28505;4
28506;2
28507;4
28508;4
28509;8
28510;8
28511;2
28512;3
28513;3
28514;2
28515;2
28516;38
28517;2
28518;16
28519;2
28520;8
28521;3
28522;2
28523;2
28524;3
28525;2
28526;9
28527;2
28528;3
28529;3
28530;4
28531;4
28532;3
28533;2
28534;2
28535;2
28536;3
28537;3
28538;2
28539;2
28540;2
28541;2
28542;2
28543;2
28544;3
28545;4
28546;3
28547;3
28548;3
28549;7
28550;3
28551;3
28552;2
28553;38
28554;4
28555;4
28556;2
28557;7
28558;3
28559;6
28560;4
28561;17
28562;4
28563;3
28564;3
28565;3
28566;3
28567;3
28568;3
28569;3
28570;3
28571;7
28572;2
28573;2
28574;2
28575;2
28576;3
28577;3
28578;3
28579;3
28580;1
28581;1
28582;4
28583;3
28584;3
28585;38
28586;2
28587;4
28588;2
28589;2
28590;8
28591;6
28592;3
28593;2
28594;2
28595;2
28596;3
28597;2
28598;2
28599;3
28600;3
28601;2
28602;4
28603;4
28604;2
28605;15
28606;2
28607;2
28608;45
28609;2
28610;2
28611;3
28612;2
28613;3
28614;3
28615;3
28616;3
28617;2
28618;3
28619;3
28620;2
28621;2
28622;3
28623;2
28624;12
28625;3
28626;38
28627;3
28628;2
28629;2
28630;3
28631;4
28632;4
28633;7
28634;3
28635;2
28636;2
28637;2
28638;3
28639;3
28640;14
28641;4
28642;4
28643;3
28644;3
28645;3
28646;3
28647;3
28648;3
28649;3
28650;3
28651;3
28652;2
28653;2
28654;2
28655;3
28656;3
28657;3
28658;7
28659;3
28660;59
28661;2
28662;2
28663;2
28664;3
28665;4
28666;3
28667;3
28668;3
28669;3
28670;3
28671;3
28672;3
28673;3
28674;2
28675;2
28676;2
28677;2
28678;2
28679;3
28680;2
28681;3
28682;3
28683;5
28684;5
28685;2
28686;2
28687;2
28688;3
28689;36
28690;2
28691;3
28692;3
28693;3
28694;3
28695;3
28696;3
28697;4
28698;2
28699;2
28700;3
28701;3
28702;4
28703;3
28704;3
28705;2
28706;3
28707;2
28708;2
28709;2
28710;19
28711;48
28712;48
28713;2
28714;2
28715;2
28716;2
28717;17
28718;6
28719;3
28720;3
28721;3
28722;13
28723;2
28724;2
28725;7
28726;3
28727;3
28728;16
28729;3
28730;3
28731;3
28732;3
28733;2
28734;2
28735;3
28736;3
28737;4
28738;19
28739;2
28740;3
28741;2
28742;3
28743;3
28744;2
28745;2
28746;3
28747;3
28748;3
28749;3
28750;3
28751;3
28752;6
28753;3
28754;3
28755;41
28756;2
28757;2
28758;3
28759;3
28760;3
28761;3
28762;3
28763;2
28764;2
28765;37
28766;3
28767;3
28768;0
28769;3
28770;8
28771;3
28772;3
28773;3
28774;11
28775;3
28776;15
28777;2
28778;3
28779;3
28780;3
28781;2
28782;2
28783;2
28784;3
28785;73
28786;3
28787;3
28788;22
28789;3
28790;3
28791;3
28792;3
28793;3
28794;2
28795;2
28796;13
28797;13
28798;2
28799;2
28800;3
28801;3
28802;3
28803;3
28804;2
28805;3
28806;2
28807;3
28808;2
28809;3
28810;2
28811;3
28812;3
28813;10
28814;16
28815;2
28816;3
28817;2
28818;3
28819;3
28820;38
28821;38
28822;3
28823;3
28824;7
28825;3
28826;3
28827;3
28828;18
28829;3
28830;3
28831;3
28832;4
28833;3
28834;4
28835;4
28836;2
28837;4
28838;38
28839;38
28840;3
28841;2
28842;3
28843;3
28844;4
28845;3
28846;9
28847;44
28848;44
28849;4
28850;4
28851;3
28852;2
28853;3
28854;41
28855;3
28856;2
28857;3
28858;3
28859;38
28860;3
28861;6
28862;3
28863;3
28864;3
28865;3
28866;2
28867;3
28868;3
28869;37
28870;37
28871;3
28872;2
28873;5
28874;3
28875;3
28876;2
28877;2
28878;2
28879;2
28880;3
28881;3
28882;35
28883;2
28884;2
28885;3
28886;2
28887;2
28888;2
28889;2
28890;2
28891;2
28892;2
28893;2
28894;17
28895;2
28896;17
28897;17
28898;3
28899;38
28900;2
28901;2
28902;16
28903;15
28904;4
28905;3
28906;2
28907;38
28908;3
28909;3
28910;3
28911;3
28912;3
28913;3
28914;2
28915;2
28916;3
28917;4
28918;2
28919;2
28920;2
28921;2
28922;17
28923;4
28924;2
28925;3
28926;19
28927;2
28928;3
28929;2
28930;2
28931;2
28932;2
28933;2
28934;3
28935;3
28936;2
28937;19
28938;4
28939;2
28940;2
28941;13
28942;0
28943;3
28944;2
28945;2
28946;2
28947;2
28948;24
28949;24
28950;2
28951;2
28952;2
28953;3
28954;3
28955;3
28956;3
28957;3
28958;3
28959;3
28960;3
28961;4
28962;4
28963;2
28964;7
28965;2
28966;37
28967;3
28968;3
28969;3
28970;3
28971;3
28972;4
28973;18
28974;3
28975;3
28976;3
28977;2
28978;3
28979;3
28980;3
28981;3
28982;3
28983;3
28984;3
28985;3
28986;3
28987;4
28988;3
28989;3
28990;3
28991;2
28992;2
28993;2
28994;2
28995;2
28996;3
28997;3
28998;3
28999;3
29000;3
29001;3
29002;6
29003;6
29004;3
29005;3
29006;3
29007;4
29008;36
29009;36
29010;3
29011;4
29012;3
29013;3
29014;7
29015;7
29016;7
29017;2
29018;2
29019;3
29020;3
29021;3
29022;3
29023;2
29024;2
29025;3
29026;5
29027;3
29028;3
29029;0
29030;3
29031;7
29032;3
29033;35
29034;2
29035;11
29036;3
29037;3
29038;12
29039;2
29040;2
29041;2
29042;10
29043;3
29044;2
29045;3
29046;3
29047;2
29048;3
29049;39
29050;3
29051;3
29052;4
29053;6
29054;6
29055;38
29056;7
29057;3
29058;3
29059;3
29060;2
29061;3
29062;3
29063;2
29064;3
29065;3
29066;2
29067;2
29068;3
29069;3
29070;2
29071;2
29072;6
29073;3
29074;3
29075;3
29076;3
29077;3
29078;3
29079;3
29080;2
29081;2
29082;2
29083;2
29084;2
29085;3
29086;3
29087;5
29088;2
29089;3
29090;4
29091;2
29092;3
29093;35
29094;35
29095;3
29096;6
29097;19
29098;6
29099;5
29100;3
29101;2
29102;3
29103;2
29104;7
29105;3
29106;35
29107;3
29108;4
29109;13
29110;13
29111;4
29112;4
29113;6
29114;3
29115;3
29116;39
29117;39
29118;2
29119;3
29120;2
29121;2
29122;2
29123;2
29124;3
29125;3
29126;7
29127;3
29128;3
29129;2
29130;3
29131;3
29132;3
29133;2
29134;2
29135;2
29136;3
29137;2
29138;2
29139;4
29140;38
29141;3
29142;3
29143;5
29144;2
29145;2
29146;3
29147;3
29148;2
29149;2
29150;2
29151;2
29152;2
29153;2
29154;3
29155;3
29156;2
29157;2
29158;3
29159;3
29160;3
29161;3
29162;2
29163;3
29164;3
29165;5
29166;5
29167;5
29168;3
29169;2
29170;3
29171;3
29172;3
29173;3
29174;38
29175;2
29176;7
29177;4
29178;4
29179;4
29180;38
29181;38
29182;3
29183;3
29184;35
29185;3
29186;3
29187;6
29188;3
29189;3
29190;3
29191;2
29192;3
29193;3
29194;3
29195;3
29196;3
29197;3
29198;3
29199;3
29200;3
29201;3
29202;3
29203;2
29204;3
29205;41
29206;2
29207;35
29208;74
29209;35
29210;35
29211;3
29212;3
29213;3
29214;2
29215;2
29216;4
29217;2
29218;2
29219;7
29220;3
29221;6
29222;4
29223;4
29224;3
29225;39
29226;3
29227;2
29228;4
29229;38
29230;3
29231;3
29232;3
29233;3
29234;2
29235;2
29236;4
29237;3
29238;11
29239;2
29240;5
29241;2
29242;15
29243;3
29244;3
29245;3
29246;3
29247;10
29248;3
29249;2
29250;2
29251;3
29252;3
29253;2
29254;10
29255;2
29256;2
29257;2
29258;2
29259;3
29260;3
29261;3
29262;3
29263;39
29264;3
29265;3
29266;3
29267;3
29268;3
29269;3
29270;4
29271;4
29272;4
29273;3
29274;3
29275;3
29276;3
29277;3
29278;3
29279;3
29280;2
29281;2
29282;3
29283;3
29284;3
29285;16
29286;2
29287;3
29288;3
29289;3
29290;3
29291;3
29292;2
29293;37
29294;3
29295;3
29296;3
29297;3
29298;3
29299;3
29300;2
29301;3
29302;3
29303;7
29304;7
29305;3
29306;4
29307;39
29308;2
29309;7
29310;3
29311;13
29312;2
29313;2
29314;2
29315;3
29316;2
29317;2
29318;2
29319;3
29320;3
29321;2
29322;3
29323;4
29324;3
29325;3
29326;16
29327;16
29328;3
29329;2
29330;4
29331;2
29332;2
29333;2
29334;3
29335;2
29336;2
29337;2
29338;2
29339;2
29340;3
29341;7
29342;3
29343;3
29344;10
29345;7
29346;3
29347;2
29348;3
29349;3
29350;3
29351;37
29352;37
29353;4
29354;11
29355;36
29356;3
29357;3
29358;10
29359;4
29360;3
29361;3
29362;3
29363;2
29364;7
29365;2
29366;3
29367;3
29368;3
29369;3
29370;3
29371;5
29372;11
29373;7
29374;37
29375;3
29376;3
29377;2
29378;3
29379;4
29380;2
29381;2
29382;3
29383;36
29384;2
29385;2
29386;2
29387;2
29388;2
29389;5
29390;3
29391;3
29392;38
29393;2
29394;2
29395;2
29396;3
29397;3
29398;7
29399;3
29400;0
29401;0
29402;2
29403;3
29404;3
29405;2
29406;7
29407;2
29408;19
29409;2
29410;2
29411;3
29412;13
29413;3
29414;8
29415;3
29416;8
29417;8
29418;3
29419;3
29420;3
29421;3
29422;3
29423;2
29424;2
29425;3
29426;3
29427;3
29428;3
29429;3
29430;4
29431;3
29432;2
29433;4
29434;4
29435;2
29436;2
29437;3
29438;3
29439;2
29440;3
29441;3
29442;3
29443;3
29444;35
29445;35
29446;3
29447;3
29448;3
29449;3
29450;4
29451;4
29452;4
29453;11
29454;2
29455;3
29456;3
29457;3
29458;3
29459;3
29460;2
29461;2
29462;3
29463;2
29464;6
29465;6
29466;3
29467;3
29468;3
29469;3
29470;2
29471;3
29472;2
29473;3
29474;3
29475;2
29476;2
29477;4
29478;4
29479;3
29480;3
29481;2
29482;3
29483;3
29484;3
29485;3
29486;4
29487;3
29488;2
29489;3
29490;2
29491;2
29492;3
29493;3
29494;3
29495;3
29496;14
29497;3
29498;3
29499;3
29500;3
29501;3
29502;3
29503;3
29504;3
29505;3
29506;3
29507;7
29508;38
29509;3
29510;3
29511;3
29512;3
29513;3
29514;3
29515;38
29516;38
29517;2
29518;2
29519;2
29520;2
29521;2
29522;3
29523;3
29524;3
29525;4
29526;3
29527;2
29528;2
29529;2
29530;3
29531;3
29532;2
29533;2
29534;2
29535;4
29536;3
29537;6
29538;3
29539;3
29540;2
29541;3
29542;3
29543;11
29544;2
29545;2
29546;16
29547;3
29548;2
29549;3
29550;3
29551;2
29552;2
29553;2
29554;3
29555;3
29556;3
29557;2
29558;3
29559;3
29560;3
29561;2
29562;2
29563;5
29564;2
29565;2
29566;3
29567;3
29568;3
29569;2
29570;2
29571;3
29572;3
29573;3
29574;40
29575;3
29576;2
29577;3
29578;2
29579;2
29580;3
29581;15
29582;3
29583;3
29584;47
29585;3
29586;3
29587;3
29588;8
29589;3
29590;35
29591;2
29592;3
29593;15
29594;2
29595;2
29596;2
29597;2
29598;4
29599;2
29600;3
29601;3
29602;15
29603;39
29604;3
29605;3
29606;3
29607;3
29608;37
29609;37
29610;0
29611;2
29612;2
29613;3
29614;3
29615;14
29616;18
29617;3
29618;3
29619;3
29620;37
29621;37
29622;3
29623;4
29624;18
29625;4
29626;4
29627;3
29628;3
29629;3
29630;3
29631;2
29632;3
29633;4
29634;3
29635;3
29636;4
29637;3
29638;3
29639;3
29640;3
29641;3
29642;2
29643;2
29644;2
29645;2
29646;3
29647;2
29648;4
29649;4
29650;2
29651;2
29652;38
29653;3
29654;3
29655;3
29656;3
29657;3
29658;3
29659;7
29660;7
29661;3
29662;3
29663;2
29664;3
29665;3
29666;3
29667;37
29668;10
29669;3
29670;3
29671;3
29672;6
29673;6
29674;7
29675;2
29676;4
29677;2
29678;3
29679;3
29680;8
29681;3
29682;3
29683;2
29684;2
29685;3
29686;3
29687;5
29688;4
29689;38
29690;3
29691;4
29692;37
29693;3
29694;2
29695;3
29696;3
29697;0
29698;3
29699;3
29700;3
29701;3
29702;3
29703;2
29704;2
29705;2
29706;3
29707;6
29708;10
29709;2
29710;3
29711;4
29712;3
29713;2
29714;25
29715;25
29716;2
29717;2
29718;2
29719;4
29720;11
29721;3
29722;3
29723;3
29724;3
29725;2
29726;4
29727;3
29728;3
29729;2
29730;3
29731;3
29732;2
29733;7
29734;3
29735;2
29736;3
29737;2
29738;3
29739;67
29740;37
29741;37
29742;3
29743;3
29744;4
29745;3
29746;3
29747;3
29748;3
29749;3
29750;3
29751;3
29752;4
29753;4
29754;3
29755;3
29756;3
29757;2
29758;3
29759;2
29760;49
29761;2
29762;2
29763;3
29764;3
29765;3
29766;2
29767;3
29768;3
29769;3
29770;3
29771;3
29772;2
29773;2
29774;2
29775;3
29776;3
29777;3
29778;3
29779;2
29780;3
29781;3
29782;3
29783;3
29784;2
29785;3
29786;2
29787;3
29788;3
29789;3
29790;12
29791;3
29792;3
29793;2
29794;4
29795;4
29796;3
29797;2
29798;3
29799;4
29800;3
29801;3
29802;3
29803;2
29804;3
29805;3
29806;3
29807;7
29808;3
29809;11
29810;39
29811;3
29812;3
29813;4
29814;4
29815;2
29816;3
29817;2
29818;3
29819;39
29820;4
29821;4
29822;2
29823;2
29824;38
29825;2
29826;2
29827;2
29828;2
29829;8
29830;3
29831;38
29832;1
29833;3
29834;2
29835;36
29836;3
29837;2
29838;2
29839;38
29840;3
29841;3
29842;3
29843;5
29844;2
29845;2
29846;2
29847;2
29848;2
29849;3
29850;3
29851;3
29852;3
29853;3
29854;2
29855;2
29856;3
29857;3
29858;3
29859;3
29860;4
29861;15
29862;15
29863;3
29864;3
29865;3
29866;12
29867;3
29868;3
29869;7
29870;2
29871;2
29872;2
29873;3
29874;3
29875;7
29876;3
29877;3
29878;3
29879;2
29880;3
29881;3
29882;2
29883;4
29884;3
29885;2
29886;6
29887;20
29888;2
29889;3
29890;3
29891;3
29892;6
29893;2
29894;2
29895;7
29896;3
29897;35
29898;9
29899;0
29900;2
29901;3
29902;2
29903;2
29904;2
29905;7
29906;2
29907;3
29908;2
29909;3
29910;4
29911;3
29912;3
29913;6
29914;6
29915;3
29916;3
29917;3
29918;3
29919;2
29920;2
29921;3
29922;3
29923;4
29924;3
29925;3
29926;3
29927;2
29928;3
29929;2
29930;6
29931;3
29932;3
29933;2
29934;2
29935;2
29936;5
29937;3
29938;2
29939;3
29940;3
29941;3
29942;3
29943;3
29944;4
29945;2
29946;2
29947;2
29948;2
29949;4
29950;3
29951;3
29952;38
29953;38
29954;3
29955;3
29956;17
29957;4
29958;4
29959;2
29960;10
29961;2
29962;2
29963;2
29964;2
29965;2
29966;9
29967;3
29968;3
29969;3
29970;39
29971;0
29972;0
29973;3
29974;16
29975;2
29976;4
29977;41
29978;2
29979;2
29980;39
29981;7
29982;2
29983;3
29984;3
29985;0
29986;2
29987;2
29988;3
29989;2
29990;3
29991;3
29992;10
29993;10
29994;2
29995;3
29996;3
29997;3
29998;2
29999;2
30000;2
30001;2
30002;6
30003;6
30004;3
30005;3
30006;3
30007;2
30008;38
30009;2
30010;3
30011;3
30012;3
30013;3
30014;3
30015;3
30016;4
30017;3
30018;2
30019;2
30020;2
30021;3
30022;2
30023;3
30024;4
30025;4
30026;38
30027;2
30028;2
30029;3
30030;3
30031;3
30032;3
30033;3
30034;7
30035;38
30036;37
30037;3
30038;3
30039;2
30040;3
30041;3
30042;3
30043;15
30044;2
30045;5
30046;3
30047;2
30048;2
30049;4
30050;3
30051;3
30052;3
30053;3
30054;2
30055;2
30056;2
30057;38
30058;3
30059;3
30060;3
30061;3
30062;3
30063;2
30064;5
30065;2
30066;3
30067;2
30068;38
30069;3
30070;10
30071;3
30072;38
30073;2
30074;2
30075;0
30076;2
30077;3
30078;3
30079;3
30080;4
30081;4
30082;16
30083;4
30084;2
30085;2
30086;8
30087;3
30088;3
30089;3
30090;3
30091;3
30092;2
30093;2
30094;2
30095;2
30096;2
30097;2
30098;2
30099;2
30100;3
30101;4
30102;2
30103;2
30104;2
30105;2
30106;2
30107;3
30108;3
30109;3
30110;2
30111;2
30112;3
30113;2
30114;2
30115;2
30116;2
30117;2
30118;2
30119;2
30120;8
30121;2
30122;4
30123;2
30124;2
30125;2
30126;3
30127;2
30128;2
30129;3
30130;7
30131;3
30132;3
30133;6
30134;2
30135;4
30136;3
30137;3
30138;3
30139;7
30140;7
30141;0
30142;3
30143;2
30144;3
30145;2
30146;3
30147;2
30148;3
30149;3
30150;3
30151;3
30152;4
30153;2
30154;2
30155;3
30156;2
30157;3
30158;3
30159;37
30160;2
30161;3
30162;2
30163;2
30164;2
30165;2
30166;2
30167;7
30168;7
30169;3
30170;3
30171;3
30172;3
30173;3
30174;3
30175;3
30176;3
30177;3
30178;2
30179;2
30180;2
30181;2
30182;2
30183;2
30184;2
30185;2
30186;2
30187;2
30188;2
30189;3
30190;3
30191;3
30192;3
30193;6
30194;6
30195;5
30196;12
30197;3
30198;3
30199;3
30200;3
30201;35
30202;2
30203;3
30204;3
30205;2
30206;3
30207;2
30208;4
30209;4
30210;3
30211;2
30212;3
30213;3
30214;3
30215;2
30216;2
30217;3
30218;4
30219;3
30220;3
30221;2
30222;2
30223;3
30224;38
30225;3
30226;2
30227;3
30228;3
30229;3
30230;3
30231;3
30232;2
30233;2
30234;39
30235;2
30236;2
30237;3
30238;3
30239;3
30240;3
30241;3
30242;3
30243;41
30244;3
30245;36
30246;2
30247;2
30248;3
30249;2
30250;2
30251;2
30252;3
30253;2
30254;2
30255;4
30256;3
30257;3
30258;2
30259;3
30260;3
30261;2
30262;3
30263;3
30264;4
30265;3
30266;3
30267;3
30268;3
30269;3
30270;3
30271;3
30272;19
30273;3
30274;3
30275;2
30276;2
30277;2
30278;3
30279;4
30280;4
30281;4
30282;3
30283;20
30284;4
30285;4
30286;3
30287;3
30288;3
30289;3
30290;3
30291;3
30292;2
30293;3
30294;2
30295;10
30296;3
30297;2
30298;2
30299;3
30300;3
30301;3
30302;2
30303;3
30304;3
30305;2
30306;3
30307;2
30308;2
30309;39
30310;4
30311;4
30312;2
30313;2
30314;3
30315;2
30316;2
30317;5
30318;5
30319;3
30320;3
30321;3
30322;3
30323;3
30324;2
30325;3
30326;2
30327;3
30328;2
30329;4
30330;3
30331;3
30332;3
30333;3
30334;3
30335;3
30336;13
30337;3
30338;3
30339;3
30340;3
30341;3
30342;3
30343;2
30344;2
30345;4
30346;3
30347;3
30348;3
30349;11
30350;3
30351;3
30352;3
30353;2
30354;3
30355;2
30356;37
30357;3
30358;49
30359;49
30360;3
30361;12
30362;12
30363;2
30364;3
30365;3
30366;3
30367;9
30368;3
30369;3
30370;3
30371;3
30372;3
30373;3
30374;50
30375;9
30376;2
30377;2
30378;2
30379;8
30380;3
30381;45
30382;3
30383;3
30384;4
30385;4
30386;4
30387;4
30388;2
30389;4
30390;2
30391;3
30392;3
30393;3
30394;2
30395;13
30396;3
30397;12
30398;3
30399;2
30400;2
30401;2
30402;2
30403;3
30404;2
30405;2
30406;2
30407;2
30408;2
30409;2
30410;2
30411;2
30412;2
30413;2
30414;2
30415;3
30416;3
30417;7
30418;2
30419;12
30420;3
30421;3
30422;2
30423;2
30424;3
30425;3
30426;2
30427;3
30428;2
30429;2
30430;5
30431;5
30432;39
30433;2
30434;2
30435;3
30436;43
30437;4
30438;3
30439;5
30440;39
30441;3
30442;11
30443;2
30444;2
30445;2
30446;3
30447;3
30448;3
30449;3
30450;3
30451;3
30452;13
30453;4
30454;4
30455;3
30456;3
30457;3
30458;2
30459;3
30460;3
30461;3
30462;22
30463;2
30464;2
30465;2
30466;3
30467;37
30468;37
30469;2
30470;2
30471;2
30472;16
30473;2
30474;2
30475;4
30476;4
30477;2
30478;2
30479;3
30480;12
30481;2
30482;3
30483;2
30484;2
30485;3
30486;4
30487;3
30488;2
30489;3
30490;3
30491;4
30492;7
30493;3
30494;3
30495;3
30496;3
30497;39
30498;39
30499;2
30500;3
30501;3
30502;3
30503;3
30504;3
30505;3
30506;2
30507;2
30508;35
30509;35
30510;2
30511;2
30512;2
30513;37
30514;2
30515;2
30516;4
30517;3
30518;3
30519;3
30520;3
30521;3
30522;2
30523;3
30524;3
30525;6
30526;6
30527;3
30528;3
30529;3
30530;3
30531;3
30532;3
30533;0
30534;3
30535;3
30536;3
30537;2
30538;3
30539;2
30540;2
30541;3
30542;3
30543;3
30544;2
30545;2
30546;2
30547;2
30548;3
30549;2
30550;4
30551;15
30552;4
30553;3
30554;3
30555;3
30556;3
30557;3
30558;3
30559;4
30560;4
30561;3
30562;2
30563;2
30564;3
30565;2
30566;3
30567;37
30568;2
30569;3
30570;2
30571;2
30572;4
30573;15
30574;3
30575;3
30576;3
30577;3
30578;3
30579;3
30580;3
30581;0
30582;3
30583;12
30584;4
30585;3
30586;3
30587;3
30588;3
30589;3
30590;4
30591;4
30592;3
30593;2
30594;2
30595;37
30596;2
30597;3
30598;3
30599;3
30600;13
30601;2
30602;38
30603;3
30604;3
30605;3
30606;2
30607;3
30608;3
30609;2
30610;3
30611;3
30612;2
30613;2
30614;2
30615;3
30616;3
30617;5
30618;38
30619;2
30620;2
30621;3
30622;2
30623;2
30624;2
30625;2
30626;2
30627;2
30628;2
30629;3
30630;3
30631;3
30632;3
30633;3
30634;3
30635;16
30636;2
30637;2
30638;2
30639;12
30640;4
30641;3
30642;3
30643;2
30644;3
30645;3
30646;3
30647;3
30648;3
30649;7
30650;24
30651;3
30652;3
30653;2
30654;37
30655;3
30656;3
30657;2
30658;3
30659;3
30660;2
30661;2
30662;2
30663;6
30664;8
30665;3
30666;2
30667;2
30668;4
30669;17
30670;3
30671;2
30672;2
30673;4
30674;3
30675;4
30676;4
30677;3
30678;3
30679;3
30680;3
30681;3
30682;3
30683;3
30684;7
30685;2
30686;3
30687;3
30688;3
30689;3
30690;3
30691;2
30692;2
30693;2
30694;21
30695;5
30696;5
30697;2
30698;3
30699;3
30700;2
30701;3
30702;3
30703;3
30704;3
30705;3
30706;2
30707;3
30708;2
30709;2
30710;2
30711;3
30712;3
30713;3
30714;4
30715;2
30716;3
30717;4
30718;2
30719;2
30720;2
30721;2
30722;3
30723;3
30724;38
30725;38
30726;3
30727;9
30728;2
30729;3
30730;3
30731;3
30732;3
30733;38
30734;3
30735;3
30736;3
30737;3
30738;2
30739;2
30740;2
30741;2
30742;2
30743;2
30744;2
30745;3
30746;3
30747;2
30748;2
30749;2
30750;3
30751;3
30752;3
30753;3
30754;3
30755;3
30756;2
30757;2
30758;3
30759;3
30760;3
30761;2
30762;3
30763;3
30764;3
30765;2
30766;2
30767;7
30768;2
30769;3
30770;3
30771;4
30772;6
30773;38
30774;3
30775;4
30776;4
30777;4
30778;39
30779;3
30780;17
30781;3
30782;3
30783;4
30784;38
30785;3
30786;2
30787;2
30788;3
30789;3
30790;2
30791;3
30792;3
30793;4
30794;16
30795;3
30796;3
30797;2
30798;3
30799;3
30800;3
30801;7
30802;7
30803;2
30804;2
30805;3
30806;2
30807;3
30808;2
30809;3
30810;3
30811;3
30812;4
30813;2
30814;3
30815;3
30816;3
30817;3
30818;7
30819;6
30820;3
30821;2
30822;2
30823;2
30824;2
30825;4
30826;3
30827;2
30828;2
30829;4
30830;42
30831;5
30832;0
30833;2
30834;3
30835;3
30836;3
30837;2
30838;2
30839;2
30840;3
30841;3
30842;3
30843;3
30844;2
30845;2
30846;39
30847;4
30848;4
30849;2
30850;2
30851;3
30852;3
30853;2
30854;14
30855;4
30856;17
30857;6
30858;6
30859;17
30860;16
30861;2
30862;2
30863;2
30864;2
30865;2
30866;2
30867;2
30868;2
30869;3
30870;2
30871;3
30872;2
30873;4
30874;3
30875;2
30876;11
30877;2
30878;3
30879;2
30880;3
30881;6
30882;3
30883;3
30884;3
30885;3
30886;3
30887;7
30888;2
30889;2
30890;2
30891;2
30892;3
30893;3
30894;3
30895;2
30896;2
30897;3
30898;6
30899;38
30900;2
30901;2
30902;2
30903;6
30904;2
30905;3
30906;16
30907;3
30908;4
30909;2
30910;3
30911;3
30912;3
30913;3
30914;2
30915;2
30916;3
30917;3
30918;2
30919;2
30920;2
30921;3
30922;3
30923;3
30924;3
30925;4
30926;3
30927;3
30928;3
30929;3
30930;4
30931;8
30932;3
30933;3
30934;3
30935;3
30936;3
30937;3
30938;3
30939;5
30940;4
30941;4
30942;3
30943;3
30944;3
30945;3
30946;2
30947;3
30948;3
30949;2
30950;4
30951;5
30952;2
30953;2
30954;2
30955;3
30956;4
30957;4
30958;3
30959;3
30960;2
30961;3
30962;3
30963;3
30964;4
30965;3
30966;2
30967;3
30968;4
30969;37
30970;10
30971;3
30972;3
30973;3
30974;39
30975;39
30976;3
30977;3
30978;3
30979;37
30980;4
30981;2
30982;3
30983;3
30984;2
30985;7
30986;3
30987;3
30988;6
30989;2
30990;2
30991;3
30992;45
30993;3
30994;3
30995;2
30996;2
30997;39
30998;4
30999;4
31000;4
31001;7
31002;2
31003;5
31004;2
31005;2
31006;2
31007;2
31008;0
31009;3
31010;35
31011;35
31012;45
31013;4
31014;3
31015;3
31016;3
31017;3
31018;3
31019;2
31020;2
31021;3
31022;3
31023;3
31024;3
31025;3
31026;5
31027;3
31028;3
31029;3
31030;4
31031;2
31032;39
31033;2
31034;2
31035;2
31036;4
31037;5
31038;2
31039;3
31040;3
31041;2
31042;3
31043;3
31044;7
31045;2
31046;4
31047;2
31048;2
31049;2
31050;2
31051;2
31052;10
31053;2
31054;3
31055;38
31056;2
31057;38
31058;6
31059;2
31060;2
31061;3
31062;3
31063;2
31064;3
31065;3
31066;2
31067;2
31068;2
31069;12
31070;12
31071;2
31072;2
31073;3
31074;3
31075;2
31076;2
31077;2
31078;3
31079;3
31080;3
31081;2
31082;3
31083;3
31084;3
31085;15
31086;3
31087;3
31088;2
31089;2
31090;3
31091;2
31092;3
31093;3
31094;3
31095;2
31096;3
31097;3
31098;3
31099;8
31100;3
31101;3
31102;2
31103;2
31104;2
31105;3
31106;3
31107;3
31108;2
31109;2
31110;3
31111;3
31112;3
31113;3
31114;3
31115;3
31116;3
31117;3
31118;3
31119;4
31120;3
31121;8
31122;3
31123;2
31124;2
31125;2
31126;2
31127;3
31128;4
31129;3
31130;3
31131;3
31132;3
31133;38
31134;3
31135;2
31136;2
31137;2
31138;2
31139;2
31140;2
31141;38
31142;3
31143;13
31144;3
31145;3
31146;3
31147;3
31148;3
31149;70
31150;70
31151;3
31152;3
31153;3
31154;3
31155;4
31156;3
31157;3
31158;3
31159;2
31160;3
31161;4
31162;4
31163;8
31164;2
31165;3
31166;4
31167;3
31168;3
31169;5
31170;5
31171;5
31172;11
31173;3
31174;3
31175;2
31176;43
31177;8
31178;8
31179;3
31180;2
31181;3
31182;3
31183;3
31184;2
31185;2
31186;2
31187;3
31188;3
31189;3
31190;3
31191;3
31192;3
31193;3
31194;2
31195;39
31196;3
31197;2
31198;2
31199;2
31200;0
31201;3
31202;3
31203;2
31204;3
31205;2
31206;4
31207;3
31208;2
31209;2
31210;2
31211;3
31212;52
31213;3
31214;3
31215;3
31216;4
31217;4
31218;4
31219;3
31220;3
31221;3
31222;3
31223;3
31224;3
31225;2
31226;3
31227;2
31228;2
31229;2
31230;3
31231;3
31232;2
31233;3
31234;3
31235;38
31236;38
31237;2
31238;2
31239;43
31240;3
31241;3
31242;3
31243;3
31244;2
31245;3
31246;3
31247;2
31248;18
31249;6
31250;6
31251;6
31252;22
31253;3
31254;12
31255;3
31256;3
31257;3
31258;2
31259;7
31260;7
31261;3
31262;17
31263;6
31264;3
31265;3
31266;3
31267;2
31268;2
31269;3
31270;3
31271;3
31272;2
31273;2
31274;2
31275;3
31276;3
31277;3
31278;3
31279;35
31280;3
31281;3
31282;4
31283;4
31284;11
31285;3
31286;3
31287;3
31288;3
31289;3
31290;3
31291;3
31292;4
31293;7
31294;20
31295;3
31296;3
31297;3
31298;2
31299;4
31300;3
31301;2
31302;2
31303;2
31304;3
31305;3
31306;14
31307;3
31308;2
31309;3
31310;2
31311;3
31312;6
31313;3
31314;2
31315;2
31316;3
31317;3
31318;3
31319;3
31320;3
31321;3
31322;3
31323;2
31324;3
31325;2
31326;2
31327;2
31328;2
31329;2
31330;11
31331;6
31332;2
31333;2
31334;4
31335;3
31336;2
31337;2
31338;2
31339;37
31340;3
31341;2
31342;17
31343;2
31344;2
31345;2
31346;2
31347;2
31348;2
31349;2
31350;3
31351;2
31352;2
31353;2
31354;3
31355;2
31356;2
31357;2
31358;3
31359;3
31360;3
31361;2
31362;39
31363;3
31364;2
31365;2
31366;2
31367;3
31368;3
31369;2
31370;2
31371;2
31372;3
31373;2
31374;2
31375;2
31376;2
31377;3
31378;3
31379;3
31380;3
31381;3
31382;3
31383;2
31384;3
31385;3
31386;0
31387;4
31388;3
31389;3
31390;3
31391;3
31392;3
31393;3
31394;3
31395;3
31396;3
31397;9
31398;9
31399;4
31400;2
31401;2
31402;3
31403;3
31404;3
31405;4
31406;4
31407;3
31408;4
31409;4
31410;4
31411;3
31412;4
31413;3
31414;2
31415;4
31416;4
31417;38
31418;38
31419;6
31420;6
31421;2
31422;3
31423;2
31424;3
31425;12
31426;3
31427;15
31428;0
31429;0
31430;3
31431;3
31432;3
31433;3
31434;3
31435;10
31436;2
31437;2
31438;3
31439;4
31440;4
31441;3
31442;3
31443;3
31444;3
31445;3
31446;2
31447;2
31448;37
31449;3
31450;3
31451;2
31452;3
31453;3
31454;3
31455;3
31456;3
31457;3
31458;2
31459;2
31460;2
31461;2
31462;3
31463;2
31464;2
31465;2
31466;2
31467;2
31468;3
31469;3
31470;5
31471;2
31472;2
31473;3
31474;2
31475;2
31476;2
31477;2
31478;3
31479;6
31480;4
31481;9
31482;3
31483;3
31484;3
31485;3
31486;3
31487;4
31488;14
31489;2
31490;3
31491;2
31492;2
31493;2
31494;38
31495;3
31496;3
31497;3
31498;3
31499;4
31500;2
31501;6
31502;3
31503;3
31504;3
31505;3
31506;7
31507;3
31508;2
31509;2
31510;2
31511;2
31512;3
31513;3
31514;3
31515;3
31516;3
31517;3
31518;3
31519;3
31520;3
31521;3
31522;3
31523;3
31524;7
31525;3
31526;7
31527;4
31528;3
31529;2
31530;58
31531;41
31532;41
31533;3
31534;15
31535;2
31536;3
31537;37
31538;3
31539;3
31540;3
31541;3
31542;3
31543;2
31544;12
31545;3
31546;3
31547;3
31548;3
31549;37
31550;51
31551;2
31552;3
31553;15
31554;3
31555;3
31556;3
31557;3
31558;3
31559;2
31560;2
31561;3
31562;3
31563;37
31564;37
31565;3
31566;4
31567;17
31568;4
31569;18
31570;3
31571;7
31572;38
31573;8
31574;3
31575;3
31576;14
31577;3
31578;3
31579;3
31580;2
31581;2
31582;2
31583;2
31584;2
31585;39
31586;3
31587;3
31588;3
31589;3
31590;3
31591;4
31592;2
31593;3
31594;3
31595;3
31596;3
31597;2
31598;2
31599;2
31600;2
31601;3
31602;14
31603;2
31604;2
31605;2
31606;2
31607;2
31608;3
31609;3
31610;3
31611;4
31612;2
31613;2
31614;2
31615;3
31616;3
31617;2
31618;3
31619;37
31620;37
31621;3
31622;3
31623;2
31624;3
31625;48
31626;22
31627;3
31628;3
31629;3
31630;11
31631;2
31632;2
31633;3
31634;3
31635;4
31636;38
31637;38
31638;38
31639;3
31640;4
31641;2
31642;2
31643;2
31644;2
31645;3
31646;3
31647;3
31648;3
31649;3
31650;2
31651;11
31652;3
31653;3
31654;2
31655;2
31656;3
31657;2
31658;2
31659;2
31660;3
31661;3
31662;3
31663;2
31664;2
31665;2
31666;3
31667;3
31668;2
31669;2
31670;2
31671;2
31672;2
31673;2
31674;14
31675;3
31676;3
31677;3
31678;2
31679;2
31680;2
31681;10
31682;2
31683;2
31684;2
31685;2
31686;2
31687;2
31688;3
31689;2
31690;2
31691;3
31692;4
31693;4
31694;7
31695;10
31696;2
31697;2
31698;38
31699;8
31700;3
31701;3
31702;3
31703;3
31704;6
31705;3
31706;3
31707;4
31708;4
31709;4
31710;3
31711;6
31712;3
31713;3
31714;3
31715;2
31716;4
31717;3
31718;4
31719;2
31720;2
31721;2
31722;2
31723;2
31724;3
31725;2
31726;2
31727;2
31728;3
31729;2
31730;4
31731;4
31732;2
31733;3
31734;3
31735;3
31736;4
31737;4
31738;3
31739;12
31740;3
31741;2
31742;2
31743;2
31744;2
31745;7
31746;2
31747;2
31748;2
31749;3
31750;3
31751;3
31752;6
31753;2
31754;2
31755;2
31756;4
31757;6
31758;3
31759;3
31760;3
31761;2
31762;4
31763;4
31764;4
31765;4
31766;3
31767;3
31768;37
31769;10
31770;10
31771;4
31772;39
31773;4
31774;4
31775;2
31776;0
31777;2
31778;6
31779;6
31780;6
31781;6
31782;3
31783;3
31784;7
31785;3
31786;43
31787;2
31788;2
31789;3
31790;41
31791;41
31792;41
31793;5
31794;38
31795;6
31796;3
31797;3
31798;3
31799;3
31800;7
31801;3
31802;3
31803;3
31804;2
31805;4
31806;37
31807;37
31808;37
31809;3
31810;4
31811;4
31812;3
31813;3
31814;4
31815;2
31816;6
31817;9
31818;0
31819;7
31820;3
31821;3
31822;2
31823;3
31824;3
31825;2
31826;2
31827;4
31828;4
31829;28
31830;3
31831;3
31832;3
31833;3
31834;3
31835;2
31836;3
31837;3
31838;3
31839;2
31840;3
31841;4
31842;3
31843;2
31844;5
31845;4
31846;2
31847;2
31848;3
31849;3
31850;3
31851;3
31852;3
31853;3
31854;6
31855;3
31856;3
31857;3
31858;4
31859;36
31860;2
31861;3
31862;3
31863;3
31864;17
31865;2
31866;3
31867;38
31868;3
31869;30
31870;3
31871;3
31872;3
31873;3
31874;38
31875;38
31876;38
31877;2
31878;2
31879;3
31880;3
31881;3
31882;3
31883;6
31884;3
31885;3
31886;4
31887;4
31888;4
31889;2
31890;3
31891;3
31892;2
31893;2
31894;2
31895;4
31896;3
31897;3
31898;3
31899;3
31900;37
31901;3
31902;2
31903;2
31904;20
31905;3
31906;2
31907;2
31908;2
31909;2
31910;2
31911;2
31912;2
31913;3
31914;3
31915;4
31916;2
31917;3
31918;3
31919;6
31920;2
31921;3
31922;3
31923;2
31924;3
31925;3
31926;3
31927;4
31928;4
31929;3
31930;2
31931;2
31932;3
31933;12
31934;2
31935;2
31936;3
31937;3
31938;2
31939;3
31940;3
31941;3
31942;38
31943;3
31944;3
31945;4
31946;2
31947;2
31948;3
31949;3
31950;3
31951;3
31952;3
31953;4
31954;3
31955;3
31956;3
31957;4
31958;4
31959;2
31960;2
31961;2
31962;2
31963;11
31964;3
31965;7
31966;3
31967;2
31968;2
31969;2
31970;2
31971;2
31972;39
31973;3
31974;3
31975;12
31976;0
31977;3
31978;36
31979;3
31980;2
31981;3
31982;3
31983;37
31984;3
31985;3
31986;3
31987;17
31988;2
31989;3
31990;3
31991;38
31992;38
31993;4
31994;6
31995;3
31996;3
31997;6
31998;6
31999;2
32000;2
32001;3
32002;3
32003;3
32004;11
32005;3
32006;3
32007;2
32008;2
32009;4
32010;3
32011;10
32012;3
32013;3
32014;3
32015;3
32016;3
32017;2
32018;3
32019;4
32020;3
32021;3
32022;2
32023;2
32024;2
32025;4
32026;3
32027;37
32028;7
32029;7
32030;2
32031;45
32032;3
32033;3
32034;6
32035;4
32036;3
32037;20
32038;4
32039;3
32040;3
32041;45
32042;0
32043;3
32044;36
32045;3
32046;6
32047;3
32048;19
32049;3
32050;3
32051;9
32052;3
32053;54
32054;3
32055;6
32056;3
32057;4
32058;4
32059;3
32060;3
32061;3
32062;2
32063;2
32064;3
32065;3
32066;3
32067;3
32068;3
32069;3
32070;3
32071;3
32072;3
32073;6
32074;6
32075;3
32076;3
32077;6
32078;2
32079;3
32080;3
32081;3
32082;2
32083;3
32084;3
32085;3
32086;3
32087;6
32088;3
32089;2
32090;3
32091;3
32092;3
32093;4
32094;2
32095;3
32096;2
32097;11
32098;3
32099;3
32100;2
32101;4
32102;2
32103;6
32104;3
32105;18
32106;3
32107;3
32108;3
32109;3
32110;2
32111;3
32112;3
32113;2
32114;2
32115;3
32116;3
32117;3
32118;0
32119;2
32120;10
32121;10
32122;37
32123;38
32124;2
32125;3
32126;3
32127;3
32128;3
32129;15
32130;3
32131;3
32132;17
32133;4
32134;7
32135;7
32136;2
32137;2
32138;6
32139;3
32140;3
32141;3
32142;3
32143;3
32144;3
32145;3
32146;3
32147;2
32148;2
32149;2
32150;2
32151;3
32152;2
32153;2
32154;3
32155;3
32156;3
32157;38
32158;2
32159;4
32160;2
32161;3
32162;2
32163;2
32164;2
32165;3
32166;37
32167;3
32168;3
32169;3
32170;3
32171;3
32172;3
32173;15
32174;7
32175;7
32176;3
32177;3
32178;3
32179;2
32180;3
32181;3
32182;3
32183;3
32184;3
32185;2
32186;3
32187;3
32188;3
32189;3
32190;2
32191;3
32192;3
32193;8
32194;3
32195;5
32196;3
32197;15
32198;3
32199;2
32200;3
32201;7
32202;2
32203;2
32204;4
32205;3
32206;3
32207;4
32208;3
32209;3
32210;6
32211;3
32212;3
32213;3
32214;3
32215;3
32216;3
32217;2
32218;3
32219;4
32220;7
32221;7
32222;3
32223;3
32224;3
32225;3
32226;2
32227;2
32228;3
32229;3
32230;2
32231;2
32232;2
32233;2
32234;2
32235;3
32236;3
32237;3
32238;3
32239;3
32240;2
32241;2
32242;2
32243;2
32244;2
32245;2
32246;2
32247;3
32248;3
32249;3
32250;2
32251;2
32252;3
32253;3
32254;3
32255;2
32256;6
32257;8
32258;8
32259;2
32260;2
32261;4
32262;2
32263;2
32264;4
32265;4
32266;7
32267;4
32268;37
32269;3
32270;20
32271;4
32272;4
32273;5
32274;2
32275;2
32276;4
32277;3
32278;3
32279;2
32280;2
32281;37
32282;6
32283;37
32284;37
32285;37
32286;3
32287;3
32288;2
32289;2
32290;2
32291;21
32292;2
32293;2
32294;3
32295;3
32296;2
32297;2
32298;3
32299;3
32300;3
32301;3
32302;3
32303;8
32304;3
32305;4
32306;3
32307;3
32308;7
32309;7
32310;2
32311;2
32312;3
32313;3
32314;3
32315;2
32316;2
32317;14
32318;3
32319;3
32320;3
32321;7
32322;3
32323;0
32324;42
32325;3
32326;3
32327;2
32328;36
32329;3
32330;3
32331;4
32332;4
32333;4
32334;2
32335;3
32336;3
32337;2
32338;3
32339;3
32340;3
32341;2
32342;2
32343;2
32344;2
32345;3
32346;3
32347;3
32348;3
32349;10
32350;2
32351;3
32352;4
32353;2
32354;3
32355;2
32356;2
32357;2
32358;2
32359;2
32360;3
32361;35
32362;3
32363;2
32364;2
32365;6
32366;3
32367;3
32368;3
32369;3
32370;3
32371;16
32372;2
32373;16
32374;16
32375;2
32376;3
32377;0
32378;3
32379;3
32380;3
32381;4
32382;37
32383;37
32384;37
32385;3
32386;3
32387;3
32388;3
32389;22
32390;2
32391;4
32392;36
32393;2
32394;2
32395;3
32396;12
32397;12
32398;3
32399;3
32400;3
32401;38
32402;2
32403;3
32404;2
32405;2
32406;2
32407;3
32408;3
32409;3
32410;3
32411;3
32412;3
32413;3
32414;5
32415;3
32416;2
32417;51
32418;2
32419;5
32420;3
32421;2
32422;37
32423;15
32424;15
32425;2
32426;3
32427;3
32428;3
32429;3
32430;4
32431;4
32432;2
32433;3
32434;3
32435;3
32436;3
32437;3
32438;6
32439;3
32440;2
32441;10
32442;3
32443;2
32444;2
32445;3
32446;7
32447;7
32448;3
32449;3
32450;3
32451;3
32452;3
32453;3
32454;2
32455;2
32456;2
32457;2
32458;2
32459;2
32460;3
32461;10
32462;3
32463;2
32464;17
32465;7
32466;7
32467;7
32468;3
32469;4
32470;2
32471;3
32472;3
32473;2
32474;2
32475;2
32476;2
32477;2
32478;3
32479;2
32480;2
32481;3
32482;3
32483;36
32484;2
32485;2
32486;3
32487;37
32488;2
32489;2
32490;2
32491;2
32492;2
32493;3
32494;4
32495;4
32496;3
32497;4
32498;4
32499;2
32500;2
32501;8
32502;3
32503;3
32504;3
32505;2
32506;3
32507;2
32508;16
32509;3
32510;10
32511;3
32512;3
32513;39
32514;3
32515;3
32516;3
32517;3
32518;12
32519;12
32520;2
32521;3
32522;4
32523;35
32524;8
32525;4
32526;3
32527;3
32528;3
32529;2
32530;2
32531;3
32532;7
32533;3
32534;3
32535;3
32536;3
32537;3
32538;2
32539;2
32540;3
32541;3
32542;3
32543;4
32544;4
32545;3
32546;3
32547;3
32548;3
32549;3
32550;3
32551;2
32552;3
32553;3
32554;4
32555;12
32556;3
32557;3
32558;3
32559;3
32560;2
32561;3
32562;3
32563;3
32564;2
32565;3
32566;2
32567;2
32568;2
32569;3
32570;3
32571;3
32572;3
32573;3
32574;2
32575;3
32576;3
32577;4
32578;2
32579;2
32580;3
32581;4
32582;3
32583;3
32584;4
32585;2
32586;3
32587;3
32588;3
32589;38
32590;3
32591;3
32592;4
32593;4
32594;2
32595;3
32596;3
32597;3
32598;2
32599;4
32600;4
32601;3
32602;22
32603;3
32604;2
32605;3
32606;3
32607;17
32608;3
32609;2
32610;4
32611;3
32612;3
32613;38
32614;3
32615;3
32616;3
32617;3
32618;3
32619;3
32620;14
32621;3
32622;3
32623;3
32624;3
32625;5
32626;3
32627;3
32628;3
32629;2
32630;7
32631;7
32632;13
32633;13
32634;2
32635;2
32636;12
32637;3
32638;3
32639;3
32640;3
32641;3
32642;2
32643;3
32644;3
32645;3
32646;2
32647;2
32648;2
32649;2
32650;3
32651;3
32652;2
32653;3
32654;2
32655;4
32656;2
32657;3
32658;3
32659;3
32660;3
32661;7
32662;3
32663;7
32664;2
32665;2
32666;2
32667;18
32668;3
32669;3
32670;3
32671;3
32672;3
32673;3
32674;3
32675;4
32676;2
32677;31
32678;3
32679;3
32680;3
32681;8
32682;2
32683;3
32684;2
32685;2
32686;17
32687;4
32688;4
32689;7
32690;2
32691;4
32692;3
32693;2
32694;38
32695;38
32696;2
32697;3
32698;3
32699;3
32700;3
32701;2
32702;38
32703;38
32704;2
32705;2
32706;2
32707;2
32708;3
32709;2
32710;2
32711;2
32712;2
32713;4
32714;4
32715;3
32716;2
32717;2
32718;2
32719;3
32720;3
32721;3
32722;8
32723;8
32724;3
32725;4
32726;38
32727;35
32728;3
32729;3
32730;3
32731;6
32732;3
32733;3
32734;2
32735;3
32736;8
32737;37
32738;3
32739;3
32740;7
32741;3
32742;4
32743;4
32744;2
32745;2
32746;2
32747;2
32748;2
32749;2
32750;2
32751;4
32752;4
32753;11
32754;6
32755;3
32756;6
32757;3
32758;4
32759;2
32760;3
32761;3
32762;3
32763;4
32764;3
32765;6
32766;3
32767;2
32768;3
32769;3
32770;38
32771;38
32772;3
32773;3
32774;4
32775;20
32776;4
32777;37
32778;37
32779;4
32780;3
32781;3
32782;3
32783;3
32784;6
32785;17
32786;2
32787;3
32788;3
32789;2
32790;3
32791;21
32792;4
32793;4
32794;6
32795;3
32796;2
32797;3
32798;3
32799;3
32800;3
32801;3
32802;6
32803;2
32804;2
32805;3
32806;4
32807;18
32808;38
32809;2
32810;3
32811;2
32812;2
32813;4
32814;16
32815;2
32816;38
32817;3
32818;0
32819;3
32820;3
32821;2
32822;3
32823;3
32824;2
32825;38
32826;3
32827;3
32828;3
32829;3
32830;2
32831;10
32832;0
32833;2
32834;6
32835;2
32836;3
32837;2
32838;36
32839;3
32840;2
32841;2
32842;2
32843;3
32844;18
32845;18
32846;3
32847;3
32848;10
32849;7
32850;3
32851;3
32852;3
32853;3
32854;3
32855;38
32856;3
32857;3
32858;3
32859;3
32860;3
32861;3
32862;2
32863;2
32864;2
32865;3
32866;3
32867;3
32868;2
32869;19
32870;37
32871;3
32872;4
32873;16
32874;3
32875;3
32876;3
32877;2
32878;2
32879;3
32880;3
32881;43
32882;3
32883;3
32884;3
32885;3
32886;3
32887;6
32888;3
32889;3
32890;3
32891;2
32892;2
32893;2
32894;3
32895;3
32896;3
32897;3
32898;35
32899;35
32900;35
32901;3
32902;3
32903;3
32904;4
32905;4
32906;3
32907;3
32908;4
32909;3
32910;3
32911;3
32912;3
32913;3
32914;3
32915;3
32916;3
32917;3
32918;3
32919;3
32920;2
32921;2
32922;2
32923;2
32924;2
32925;2
32926;2
32927;3
32928;3
32929;3
32930;2
32931;15
32932;3
32933;3
32934;3
32935;4
32936;38
32937;2
32938;2
32939;3
32940;3
32941;3
32942;2
32943;3
32944;3
32945;2
32946;38
32947;38
32948;3
32949;38
32950;3
32951;3
32952;4
32953;2
32954;2
32955;4
32956;2
32957;3
32958;37
32959;37
32960;2
32961;2
32962;2
32963;2
32964;7
32965;4
32966;4
32967;3
32968;3
32969;3
32970;3
32971;2
32972;3
32973;3
32974;3
32975;3
32976;2
32977;2
32978;3
32979;21
32980;3
32981;3
32982;3
32983;3
32984;4
32985;3
32986;5
32987;35
32988;52
32989;35
32990;3
32991;27
32992;17
32993;2
32994;2
32995;2
32996;36
32997;4
32998;3
32999;4
33000;3
33001;2
33002;2
33003;3
33004;3
33005;7
33006;3
33007;3
33008;38
33009;18
33010;3
33011;3
33012;3
33013;4
33014;3
33015;2
33016;2
33017;4
33018;8
33019;8
33020;2
33021;2
33022;3
33023;3
33024;3
33025;2
33026;3
33027;3
33028;16
33029;3
33030;2
33031;3
33032;4
33033;16
33034;8
33035;4
33036;12
33037;3
33038;7
33039;7
33040;2
33041;38
33042;38
33043;13
33044;2
33045;2
33046;2
33047;2
33048;3
33049;3
33050;3
33051;3
33052;3
33053;3
33054;3
33055;3
33056;3
33057;2
33058;2
33059;2
33060;3
33061;36
33062;3
33063;3
33064;2
33065;0
33066;3
33067;3
33068;36
33069;3
33070;3
33071;3
33072;2
33073;2
33074;11
33075;3
33076;3
33077;3
33078;3
33079;5
33080;3
33081;37
33082;37
33083;10
33084;3
33085;3
33086;3
33087;13
33088;4
33089;3
33090;3
33091;4
33092;4
33093;2
33094;9
33095;7
33096;3
33097;2
33098;2
33099;3
33100;3
33101;3
33102;3
33103;3
33104;3
33105;2
33106;3
33107;2
33108;2
33109;3
33110;3
33111;3
33112;3
33113;3
33114;3
33115;3
33116;3
33117;3
33118;3
33119;2
33120;2
33121;2
33122;3
33123;2
33124;3
33125;3
33126;3
33127;3
33128;3
33129;3
33130;3
33131;2
33132;3
33133;3
33134;3
33135;3
33136;3
33137;4
33138;48
33139;35
33140;35
33141;35
33142;35
33143;2
33144;4
33145;3
33146;4
33147;4
33148;2
33149;4
33150;4
33151;4
33152;2
33153;2
33154;3
33155;3
33156;3
33157;14
33158;14
33159;14
33160;2
33161;2
33162;2
33163;39
33164;2
33165;3
33166;3
33167;39
33168;2
33169;3
33170;43
33171;38
33172;2
33173;3
33174;3
33175;2
33176;4
33177;3
33178;2
33179;2
33180;2
33181;4
33182;4
33183;3
33184;3
33185;14
33186;37
33187;2
33188;3
33189;3
33190;3
33191;4
33192;3
33193;3
33194;3
33195;3
33196;3
33197;3
33198;3
33199;2
33200;2
33201;11
33202;4
33203;2
33204;38
33205;2
33206;2
33207;2
33208;2
33209;4
33210;38
33211;26
33212;3
33213;3
33214;3
33215;3
33216;3
33217;3
33218;3
33219;3
33220;3
33221;2
33222;3
33223;3
33224;3
33225;4
33226;4
33227;2
33228;3
33229;2
33230;37
33231;37
33232;3
33233;3
33234;2
33235;3
33236;3
33237;3
33238;5
33239;2
33240;47
33241;2
33242;2
33243;3
33244;2
33245;2
33246;2
33247;2
33248;18
33249;3
33250;3
33251;3
33252;2
33253;3
33254;3
33255;6
33256;3
33257;4
33258;3
33259;3
33260;38
33261;2
33262;4
33263;3
33264;2
33265;2
33266;3
33267;2
33268;4
33269;3
33270;3
33271;3
33272;3
33273;3
33274;3
33275;38
33276;2
33277;2
33278;3
33279;10
33280;6
33281;38
33282;48
33283;2
33284;2
33285;2
33286;6
33287;7
33288;3
33289;15
33290;2
33291;2
33292;3
33293;14
33294;24
33295;3
33296;3
33297;3
33298;3
33299;2
33300;3
33301;3
33302;2
33303;3
33304;4
33305;3
33306;3
33307;3
33308;12
33309;3
33310;3
33311;3
33312;3
33313;3
33314;2
33315;2
33316;2
33317;2
33318;2
33319;13
33320;0
33321;2
33322;2
33323;24
33324;3
33325;3
33326;3
33327;3
33328;3
33329;16
33330;3
33331;3
33332;2
33333;3
33334;3
33335;3
33336;3
33337;2
33338;6
33339;3
33340;3
33341;2
33342;2
33343;2
33344;2
33345;2
33346;3
33347;3
33348;2
33349;3
33350;2
33351;2
33352;2
33353;3
33354;3
33355;2
33356;2
33357;2
33358;2
33359;4
33360;4
33361;4
33362;3
33363;2
33364;4
33365;3
33366;3
33367;3
33368;3
33369;38
33370;2
33371;2
33372;2
33373;2
33374;3
33375;2
33376;2
33377;3
33378;3
33379;3
33380;3
33381;3
33382;2
33383;6
33384;3
33385;3
33386;3
33387;2
33388;2
33389;6
33390;3
33391;3
33392;3
33393;5
33394;5
33395;3
33396;2
33397;3
33398;6
33399;3
33400;3
33401;3
33402;3
33403;3
33404;6
33405;3
33406;38
33407;5
33408;3
33409;12
33410;2
33411;3
33412;4
33413;3
33414;3
33415;2
33416;2
33417;2
33418;2
33419;4
33420;7
33421;3
33422;3
33423;3
33424;3
33425;3
33426;2
33427;3
33428;2
33429;2
33430;3
33431;3
33432;4
33433;3
33434;2
33435;3
33436;37
33437;2
33438;14
33439;2
33440;2
33441;3
33442;19
33443;2
33444;2
33445;2
33446;2
33447;2
33448;3
33449;14
33450;3
33451;3
33452;3
33453;3
33454;4
33455;3
33456;2
33457;3
33458;2
33459;9
33460;3
33461;5
33462;22
33463;22
33464;4
33465;4
33466;3
33467;3
33468;3
33469;3
33470;3
33471;3
33472;3
33473;3
33474;7
33475;2
33476;7
33477;4
33478;4
33479;19
33480;6
33481;6
33482;6
33483;3
33484;2
33485;2
33486;2
33487;2
33488;3
33489;3
33490;2
33491;6
33492;48
33493;21
33494;2
33495;3
33496;2
33497;3
33498;7
33499;3
33500;12
33501;3
33502;2
33503;3
33504;16
33505;2
33506;2
33507;2
33508;37
33509;4
33510;4
33511;3
33512;12
33513;2
33514;0
33515;0
33516;2
33517;3
33518;3
33519;4
33520;2
33521;3
33522;39
33523;4
33524;3
33525;3
33526;4
33527;2
33528;3
33529;3
33530;3
33531;37
33532;3
33533;2
33534;3
33535;3
33536;3
33537;2
33538;2
33539;2
33540;2
33541;2
33542;3
33543;3
33544;7
33545;2
33546;0
33547;35
33548;3
33549;3
33550;2
33551;3
33552;3
33553;2
33554;3
33555;2
33556;2
33557;2
33558;4
33559;2
33560;16
33561;3
33562;2
33563;3
33564;3
33565;3
33566;3
33567;6
33568;3
33569;3
33570;3
33571;2
33572;2
33573;2
33574;2
33575;2
33576;2
33577;3
33578;7
33579;4
33580;3
33581;2
33582;2
33583;2
33584;2
33585;4
33586;4
33587;2
33588;2
33589;2
33590;3
33591;3
33592;3
33593;3
33594;3
33595;38
33596;52
33597;3
33598;3
33599;3
33600;3
33601;8
33602;3
33603;3
33604;13
33605;2
33606;3
33607;3
33608;3
33609;4
33610;2
33611;6
33612;3
33613;3
33614;37
33615;5
33616;37
33617;3
33618;3
33619;46
33620;3
33621;3
33622;3
33623;6
33624;3
33625;3
33626;2
33627;11
33628;3
33629;3
33630;3
33631;3
33632;3
33633;7
33634;3
33635;3
33636;3
33637;3
33638;3
33639;2
33640;2
33641;3
33642;2
33643;2
33644;2
33645;2
33646;3
33647;38
33648;16
33649;2
33650;2
33651;2
33652;2
33653;2
33654;2
33655;2
33656;2
33657;2
33658;2
33659;3
33660;2
33661;3
33662;4
33663;3
33664;3
33665;3
33666;3
33667;3
33668;3
33669;2
33670;2
33671;2
33672;3
33673;3
33674;2
33675;3
33676;3
33677;3
33678;2
33679;14
33680;2
33681;3
33682;3
33683;3
33684;4
33685;3
33686;3
33687;7
33688;3
33689;2
33690;2
33691;2
33692;4
33693;4
33694;3
33695;3
33696;3
33697;2
33698;3
33699;3
33700;7
33701;7
33702;7
33703;3
33704;2
33705;3
33706;3
33707;2
33708;3
33709;2
33710;2
33711;4
33712;3
33713;3
33714;3
33715;39
33716;4
33717;3
33718;3
33719;3
33720;4
33721;8
33722;3
33723;3
33724;2
33725;3
33726;3
33727;2
33728;4
33729;3
33730;6
33731;38
33732;38
33733;2
33734;2
33735;2
33736;2
33737;7
33738;3
33739;3
33740;3
33741;3
33742;3
33743;3
33744;3
33745;39
33746;2
33747;2
33748;3
33749;3
33750;3
33751;2
33752;4
33753;3
33754;3
33755;8
33756;3
33757;3
33758;6
33759;2
33760;2
33761;4
33762;3
33763;3
33764;3
33765;3
33766;3
33767;3
33768;3
33769;2
33770;7
33771;7
33772;8
33773;3
33774;3
33775;3
33776;3
33777;3
33778;3
33779;14
33780;3
33781;2
33782;4
33783;4
33784;2
33785;3
33786;4
33787;4
33788;2
33789;3
33790;3
33791;6
33792;6
33793;11
33794;2
33795;2
33796;3
33797;3
33798;3
33799;2
33800;2
33801;2
33802;2
33803;4
33804;4
33805;2
33806;3
33807;3
33808;3
33809;3
33810;3
33811;3
33812;37
33813;37
33814;37
33815;3
33816;3
33817;4
33818;35
33819;2
33820;2
33821;2
33822;2
33823;2
33824;3
33825;3
33826;2
33827;4
33828;2
33829;2
33830;2
33831;3
33832;4
33833;3
33834;3
33835;38
33836;71
33837;6
33838;3
33839;4
33840;3
33841;3
33842;2
33843;2
33844;3
33845;2
33846;2
33847;2
33848;2
33849;3
33850;5
33851;4
33852;3
33853;3
33854;3
33855;39
33856;2
33857;3
33858;3
33859;2
33860;3
33861;2
33862;2
33863;4
33864;4
33865;3
33866;3
33867;3
33868;2
33869;3
33870;3
33871;3
33872;3
33873;3
33874;3
33875;4
33876;2
33877;7
33878;2
33879;2
33880;2
33881;2
33882;3
33883;4
33884;4
33885;3
33886;2
33887;39
33888;48
33889;48
33890;48
33891;4
33892;7
33893;3
33894;3
33895;2
33896;2
33897;2
33898;3
33899;3
33900;3
33901;2
33902;2
33903;3
33904;12
33905;3
33906;2
33907;2
33908;2
33909;3
33910;5
33911;4
33912;4
33913;3
33914;3
33915;50
33916;12
33917;3
33918;3
33919;11
33920;3
33921;3
33922;2
33923;2
33924;2
33925;2
33926;3
33927;38
33928;4
33929;3
33930;3
33931;37
33932;2
33933;4
33934;2
33935;2
33936;3
33937;3
33938;3
33939;3
33940;3
33941;2
33942;2
33943;2
33944;6
33945;6
33946;6
33947;2
33948;20
33949;3
33950;3
33951;3
33952;3
33953;2
33954;2
33955;3
33956;9
33957;4
33958;2
33959;12
33960;12
33961;3
33962;3
33963;39
33964;2
33965;2
33966;3
33967;3
33968;3
33969;4
33970;4
33971;2
33972;35
33973;35
33974;4
33975;2
33976;3
33977;3
33978;3
33979;3
33980;2
33981;3
33982;3
33983;3
33984;3
33985;3
33986;6
33987;3
33988;4
33989;3
33990;37
33991;3
33992;3
33993;18
33994;3
33995;3
33996;3
33997;3
33998;3
33999;3
34000;5
34001;2
34002;2
34003;2
34004;2
34005;2
34006;3
34007;3
34008;3
34009;41
34010;3
34011;38
34012;38
34013;52
34014;3
34015;3
34016;4
34017;4
34018;2
34019;3
34020;2
34021;13
34022;13
34023;13
34024;3
34025;3
34026;3
34027;7
34028;3
34029;3
34030;3
34031;7
34032;3
34033;3
34034;3
34035;3
34036;3
34037;2
34038;3
34039;3
34040;3
34041;7
34042;7
34043;2
34044;2
34045;3
34046;3
34047;3
34048;3
34049;3
34050;3
34051;4
34052;3
34053;3
34054;3
34055;3
34056;3
34057;5
34058;3
34059;4
34060;3
34061;3
34062;2
34063;3
34064;3
34065;2
34066;3
34067;3
34068;21
34069;3
34070;3
34071;2
34072;2
34073;3
34074;14
34075;2
34076;4
34077;14
34078;3
34079;3
34080;2
34081;38
34082;2
34083;3
34084;2
34085;2
34086;3
34087;2
34088;2
34089;2
34090;38
34091;38
34092;2
34093;3
34094;6
34095;4
34096;3
34097;3
34098;3
34099;3
34100;3
34101;2
34102;2
34103;3
34104;3
34105;10
34106;3
34107;3
34108;2
34109;2
34110;2
34111;2
34112;2
34113;3
34114;3
34115;2
34116;3
34117;38
34118;2
34119;3
34120;3
34121;38
34122;2
34123;3
34124;3
34125;3
34126;3
34127;4
34128;2
34129;37
34130;39
34131;3
34132;37
34133;37
34134;37
34135;4
34136;3
34137;3
34138;4
34139;2
34140;2
34141;2
34142;2
34143;2
34144;93
34145;3
34146;20
34147;42
34148;4
34149;37
34150;2
34151;3
34152;2
34153;13
34154;3
34155;3
34156;3
34157;4
34158;3
34159;3
34160;37
34161;48
34162;3
34163;3
34164;6
34165;6
34166;4
34167;4
34168;2
34169;3
34170;3
34171;3
34172;3
34173;3
34174;3
34175;3
34176;3
34177;3
34178;4
34179;4
34180;4
34181;3
34182;4
34183;3
34184;3
34185;2
34186;3
34187;3
34188;3
34189;3
34190;3
34191;3
34192;7
34193;3
34194;3
34195;3
34196;2
34197;2
34198;37
34199;3
34200;37
34201;37
34202;4
34203;4
34204;4
34205;3
34206;2
34207;2
34208;2
34209;2
34210;2
34211;4
34212;3
34213;38
34214;4
34215;3
34216;3
34217;3
34218;3
34219;2
34220;42
34221;42
34222;3
34223;4
34224;2
34225;4
34226;2
34227;15
34228;15
34229;3
34230;3
34231;2
34232;4
34233;4
34234;3
34235;3
34236;3
34237;2
34238;4
34239;2
34240;2
34241;3
34242;2
34243;2
34244;3
34245;4
34246;3
34247;3
34248;3
34249;3
34250;36
34251;4
34252;3
34253;2
34254;2
34255;3
34256;3
34257;3
34258;2
34259;2
34260;2
34261;9
34262;3
34263;37
34264;2
34265;3
34266;3
34267;3
34268;2
34269;38
34270;7
34271;4
34272;2
34273;3
34274;3
34275;3
34276;3
34277;3
34278;3
34279;37
34280;4
34281;37
34282;4
34283;3
34284;2
34285;3
34286;2
34287;2
34288;2
34289;2
34290;3
34291;5
34292;2
34293;19
34294;2
34295;50
34296;3
34297;2
34298;2
34299;3
34300;15
34301;5
34302;2
34303;38
34304;3
34305;3
34306;7
34307;3
34308;2
34309;3
34310;10
34311;10
34312;3
34313;2
34314;3
34315;8
34316;4
34317;3
34318;3
34319;11
34320;3
34321;13
34322;2
34323;2
34324;2
34325;2
34326;2
34327;2
34328;2
34329;3
34330;7
34331;7
34332;3
34333;48
34334;37
34335;37
34336;2
34337;2
34338;2
34339;2
34340;3
34341;3
34342;3
34343;2
34344;2
34345;2
34346;2
34347;2
34348;2
34349;3
34350;3
34351;3
34352;3
34353;3
34354;3
34355;3
34356;3
34357;3
34358;3
34359;4
34360;4
34361;3
34362;7
34363;3
34364;3
34365;3
34366;0
34367;3
34368;4
34369;4
34370;3
34371;4
34372;7
34373;16
34374;2
34375;2
34376;2
34377;3
34378;3
34379;3
34380;3
34381;3
34382;3
34383;7
34384;39
34385;3
34386;2
34387;2
34388;2
34389;49
34390;38
34391;8
34392;48
34393;3
34394;3
34395;3
34396;2
34397;4
34398;2
34399;3
34400;3
34401;3
34402;21
34403;2
34404;2
34405;2
34406;3
34407;3
34408;2
34409;38
34410;3
34411;3
34412;2
34413;2
34414;2
34415;2
34416;3
34417;19
34418;4
34419;4
34420;4
34421;3
34422;38
34423;3
34424;4
34425;4
34426;10
34427;2
34428;13
34429;13
34430;13
34431;3
34432;3
34433;6
34434;6
34435;7
34436;7
34437;2
34438;2
34439;5
34440;4
34441;4
34442;3
34443;3
34444;3
34445;4
34446;2
34447;2
34448;2
34449;2
34450;17
34451;6
34452;6
34453;3
34454;3
34455;10
34456;38
34457;3
34458;10
34459;39
34460;3
34461;3
34462;2
34463;2
34464;2
34465;3
34466;3
34467;8
34468;2
34469;2
34470;3
34471;3
34472;3
34473;2
34474;2
34475;2
34476;4
34477;3
34478;3
34479;3
34480;4
34481;2
34482;78
34483;72
34484;4
34485;3
34486;15
34487;4
34488;4
34489;3
34490;3
34491;9
34492;2
34493;2
34494;2
34495;2
34496;2
34497;2
34498;2
34499;2
34500;2
34501;4
34502;3
34503;3
34504;3
34505;3
34506;3
34507;3
34508;18
34509;3
34510;3
34511;2
34512;2
34513;2
34514;4
34515;4
34516;35
34517;10
34518;3
34519;3
34520;3
34521;4
34522;4
34523;3
34524;2
34525;2
34526;14
34527;14
34528;3
34529;2
34530;2
34531;4
34532;3
34533;3
34534;2
34535;2
34536;2
34537;37
34538;3
34539;3
34540;3
34541;38
34542;3
34543;4
34544;4
34545;6
34546;0
34547;2
34548;2
34549;2
34550;2
34551;4
34552;4
34553;3
34554;3
34555;21
34556;3
34557;10
34558;3
34559;2
34560;2
34561;2
34562;4
34563;2
34564;35
34565;3
34566;39
34567;3
34568;3
34569;2
34570;2
34571;3
34572;2
34573;2
34574;2
34575;3
34576;3
34577;4
34578;3
34579;3
34580;5
34581;3
34582;3
34583;3
34584;4
34585;2
34586;2
34587;2
34588;6
34589;2
34590;3
34591;3
34592;2
34593;38
34594;2
34595;2
34596;4
34597;3
34598;7
34599;4
34600;4
34601;3
34602;39
34603;3
34604;3
34605;2
34606;3
34607;2
34608;3
34609;3
34610;3
34611;7
34612;2
34613;4
34614;3
34615;2
34616;3
34617;3
34618;3
34619;3
34620;5
34621;3
34622;3
34623;39
34624;37
34625;3
34626;2
34627;3
34628;2
34629;9
34630;37
34631;37
34632;37
34633;7
34634;3
34635;3
34636;3
34637;3
34638;3
34639;7
34640;3
34641;2
34642;6
34643;3
34644;3
34645;37
34646;3
34647;3
34648;2
34649;2
34650;2
34651;3
34652;38
34653;3
34654;3
34655;3
34656;3
34657;38
34658;6
34659;11
34660;3
34661;39
34662;2
34663;2
34664;4
34665;39
34666;4
34667;2
34668;10
34669;2
34670;2
34671;2
34672;3
34673;3
34674;2
34675;2
34676;18
34677;3
34678;3
34679;3
34680;6
34681;6
34682;6
34683;3
34684;3
34685;3
34686;2
34687;3
34688;3
34689;3
34690;3
34691;51
34692;2
34693;2
34694;3
34695;3
34696;4
34697;3
34698;3
34699;3
34700;3
34701;38
34702;3
34703;3
34704;3
34705;7
34706;3
34707;3
34708;3
34709;3
34710;2
34711;2
34712;2
34713;4
34714;2
34715;3
34716;2
34717;18
34718;2
34719;4
34720;8
34721;3
34722;3
34723;3
34724;25
34725;3
34726;3
34727;2
34728;3
34729;2
34730;3
34731;3
34732;2
34733;3
34734;38
34735;5
34736;3
34737;3
34738;3
34739;3
34740;2
34741;0
34742;2
34743;2
34744;2
34745;2
34746;3
34747;3
34748;2
34749;2
34750;2
34751;3
34752;3
34753;13
34754;3
34755;3
34756;6
34757;6
34758;2
34759;2
34760;3
34761;3
34762;3
34763;2
34764;3
34765;4
34766;3
34767;3
34768;3
34769;3
34770;3
34771;3
34772;2
34773;2
34774;3
34775;15
34776;3
34777;3
34778;3
34779;3
34780;4
34781;3
34782;3
34783;8
34784;2
34785;2
34786;3
34787;3
34788;4
34789;2
34790;2
34791;2
34792;3
34793;3
34794;9
34795;3
34796;2
34797;2
34798;2
34799;2
34800;2
34801;4
34802;37
34803;54
34804;38
34805;2
34806;3
34807;7
34808;3
34809;3
34810;16
34811;3
34812;3
34813;3
34814;3
34815;2
34816;7
34817;2
34818;11
34819;3
34820;11
34821;4
34822;3
34823;3
34824;4
34825;4
34826;3
34827;11
34828;2
34829;3
34830;3
34831;3
34832;3
34833;3
34834;2
34835;2
34836;2
34837;2
34838;4
34839;4
34840;3
34841;3
34842;48
34843;2
34844;3
34845;36
34846;3
34847;39
34848;3
34849;2
34850;3
34851;3
34852;2
34853;3
34854;39
34855;2
34856;13
34857;13
34858;13
34859;2
34860;2
34861;3
34862;11
34863;3
34864;2
34865;2
34866;38
34867;6
34868;3
34869;36
34870;3
34871;2
34872;2
34873;2
34874;2
34875;2
34876;2
34877;2
34878;2
34879;38
34880;3
34881;3
34882;4
34883;3
34884;6
34885;3
34886;14
34887;2
34888;6
34889;3
34890;3
34891;3
34892;3
34893;3
34894;3
34895;3
34896;2
34897;16
34898;16
34899;37
34900;3
34901;3
34902;3
34903;3
34904;3
34905;3
34906;2
34907;12
34908;3
34909;2
34910;2
34911;3
34912;3
34913;3
34914;3
34915;4
34916;2
34917;3
34918;3
34919;2
34920;2
34921;3
34922;3
34923;3
34924;3
34925;3
34926;3
34927;3
34928;3
34929;2
34930;2
34931;2
34932;3
34933;39
34934;2
34935;8
34936;8
34937;4
34938;3
34939;3
34940;3
34941;3
34942;4
34943;10
34944;3
34945;39
34946;3
34947;3
34948;2
34949;4
34950;3
34951;3
34952;20
34953;4
34954;3
34955;3
34956;4
34957;4
34958;3
34959;38
34960;2
34961;3
34962;2
34963;2
34964;2
34965;2
34966;3
34967;2
34968;3
34969;3
34970;3
34971;35
34972;2
34973;6
34974;2
34975;9
34976;3
34977;3
34978;3
34979;3
34980;2
34981;2
34982;3
34983;3
34984;3
34985;13
34986;7
34987;3
34988;2
34989;2
34990;2
34991;7
34992;7
34993;3
34994;12
34995;4
34996;3
34997;3
34998;2
34999;2
35000;3
35001;2
35002;3
35003;3
35004;3
35005;2
35006;4
35007;3
35008;2
35009;2
35010;3
35011;17
35012;2
35013;2
35014;3
35015;3
35016;3
35017;2
35018;2
35019;2
35020;2
35021;2
35022;3
35023;3
35024;4
35025;2
35026;2
35027;2
35028;2
35029;2
35030;2
35031;2
35032;3
35033;3
35034;36
35035;2
35036;2
35037;2
35038;2
35039;2
35040;3
35041;3
35042;3
35043;6
35044;3
35045;3
35046;3
35047;22
35048;3
35049;2
35050;2
35051;3
35052;7
35053;3
35054;3
35055;2
35056;3
35057;10
35058;3
35059;2
35060;2
35061;5
35062;3
35063;4
35064;4
35065;4
35066;2
35067;2
35068;38
35069;4
35070;3
35071;3
35072;4
35073;4
35074;18
35075;4
35076;18
35077;18
35078;2
35079;3
35080;2
35081;2
35082;3
35083;3
35084;3
35085;7
35086;11
35087;39
35088;39
35089;3
35090;3
35091;3
35092;6
35093;2
35094;3
35095;3
35096;3
35097;2
35098;2
35099;3
35100;3
35101;3
35102;4
35103;4
35104;6
35105;3
35106;3
35107;3
35108;3
35109;3
35110;3
35111;2
35112;12
35113;3
35114;3
35115;3
35116;3
35117;39
35118;3
35119;2
35120;4
35121;2
35122;2
35123;39
35124;2
35125;3
35126;2
35127;2
35128;3
35129;3
35130;2
35131;3
35132;6
35133;3
35134;3
35135;3
35136;4
35137;6
35138;3
35139;3
35140;2
35141;2
35142;2
35143;2
35144;2
35145;2
35146;3
35147;2
35148;2
35149;3
35150;3
35151;72
35152;3
35153;3
35154;2
35155;2
35156;3
35157;3
35158;3
35159;4
35160;4
35161;4
35162;2
35163;2
35164;4
35165;4
35166;4
35167;3
35168;7
35169;7
35170;2
35171;43
35172;43
35173;43
35174;3
35175;3
35176;3
35177;3
35178;3
35179;3
35180;3
35181;3
35182;2
35183;2
35184;2
35185;6
35186;3
35187;3
35188;3
35189;7
35190;7
35191;3
35192;3
35193;3
35194;10
35195;3
35196;20
35197;3
35198;3
35199;3
35200;2
35201;2
35202;2
35203;3
35204;4
35205;2
35206;3
35207;3
35208;3
35209;3
35210;5
35211;2
35212;3
35213;16
35214;6
35215;2
35216;3
35217;38
35218;6
35219;4
35220;3
35221;4
35222;3
35223;35
35224;3
35225;4
35226;4
35227;2
35228;3
35229;12
35230;6
35231;16
35232;3
35233;3
35234;3
35235;3
35236;4
35237;4
35238;2
35239;2
35240;2
35241;3
35242;3
35243;3
35244;3
35245;2
35246;2
35247;2
35248;2
35249;3
35250;3
35251;3
35252;36
35253;2
35254;2
35255;2
35256;3
35257;5
35258;5
35259;5
35260;2
35261;2
35262;2
35263;3
35264;15
35265;3
35266;3
35267;3
35268;3
35269;3
35270;3
35271;3
35272;2
35273;3
35274;3
35275;3
35276;3
35277;2
35278;2
35279;39
35280;2
35281;7
35282;3
35283;3
35284;3
35285;3
35286;3
35287;2
35288;2
35289;3
35290;3
35291;3
35292;3
35293;2
35294;2
35295;2
35296;2
35297;2
35298;4
35299;2
35300;2
35301;6
35302;2
35303;2
35304;3
35305;3
35306;2
35307;2
35308;2
35309;2
35310;2
35311;2
35312;12
35313;2
35314;2
35315;2
35316;2
35317;3
35318;9
35319;4
35320;4
35321;3
35322;3
35323;6
35324;3
35325;3
35326;3
35327;7
35328;38
35329;38
35330;3
35331;2
35332;4
35333;4
35334;3
35335;4
35336;21
35337;3
35338;3
35339;2
35340;3
35341;2
35342;3
35343;3
35344;2
35345;3
35346;3
35347;3
35348;3
35349;2
35350;2
35351;3
35352;3
35353;3
35354;3
35355;3
35356;2
35357;3
35358;3
35359;3
35360;3
35361;3
35362;2
35363;6
35364;6
35365;3
35366;7
35367;7
35368;7
35369;51
35370;3
35371;3
35372;3
35373;3
35374;19
35375;19
35376;3
35377;3
35378;7
35379;2
35380;3
35381;4
35382;2
35383;3
35384;3
35385;16
35386;4
35387;38
35388;3
35389;0
35390;12
35391;12
35392;3
35393;3
35394;3
35395;3
35396;3
35397;3
35398;3
35399;3
35400;2
35401;4
35402;3
35403;2
35404;37
35405;37
35406;2
35407;2
35408;3
35409;2
35410;38
35411;3
35412;3
35413;3
35414;3
35415;6
35416;7
35417;7
35418;61
35419;61
35420;4
35421;3
35422;3
35423;3
35424;37
35425;3
35426;3
35427;3
35428;3
35429;3
35430;3
35431;8
35432;3
35433;3
35434;3
35435;3
35436;3
35437;3
35438;3
35439;0
35440;3
35441;3
35442;3
35443;3
35444;4
35445;3
35446;4
35447;4
35448;3
35449;6
35450;6
35451;3
35452;38
35453;3
35454;3
35455;2
35456;2
35457;3
35458;3
35459;4
35460;3
35461;10
35462;3
35463;38
35464;38
35465;3
35466;2
35467;2
35468;3
35469;2
35470;2
35471;3
35472;3
35473;2
35474;2
35475;2
35476;3
35477;3
35478;14
35479;3
35480;2
35481;3
35482;3
35483;3
35484;3
35485;3
35486;7
35487;3
35488;2
35489;4
35490;2
35491;2
35492;2
35493;3
35494;3
35495;3
35496;7
35497;2
35498;2
35499;2
35500;2
35501;3
35502;3
35503;3
35504;2
35505;3
35506;2
35507;3
35508;4
35509;3
35510;3
35511;2
35512;2
35513;2
35514;2
35515;37
35516;37
35517;37
35518;3
35519;3
35520;2
35521;2
35522;2
35523;3
35524;2
35525;2
35526;3
35527;26
35528;4
35529;4
35530;3
35531;3
35532;3
35533;9
35534;9
35535;2
35536;2
35537;2
35538;4
35539;5
35540;5
35541;5
35542;3
35543;3
35544;3
35545;3
35546;3
35547;2
35548;11
35549;2
35550;3
35551;11
35552;3
35553;3
35554;2
35555;3
35556;4
35557;3
35558;3
35559;3
35560;8
35561;8
35562;3
35563;2
35564;10
35565;6
35566;37
35567;37
35568;37
35569;2
35570;2
35571;3
35572;4
35573;4
35574;3
35575;3
35576;2
35577;6
35578;4
35579;3
35580;3
35581;3
35582;3
35583;3
35584;3
35585;39
35586;3
35587;2
35588;2
35589;4
35590;3
35591;3
35592;3
35593;3
35594;2
35595;12
35596;3
35597;4
35598;2
35599;35
35600;3
35601;3
35602;2
35603;3
35604;3
35605;3
35606;3
35607;2
35608;2
35609;2
35610;9
35611;35
35612;0
35613;2
35614;38
35615;2
35616;3
35617;35
35618;40
35619;4
35620;4
35621;3
35622;2
35623;2
35624;3
35625;3
35626;3
35627;4
35628;2
35629;3
35630;3
35631;3
35632;3
35633;2
35634;0
35635;3
35636;2
35637;2
35638;2
35639;2
35640;2
35641;3
35642;3
35643;3
35644;3
35645;3
35646;2
35647;2
35648;3
35649;4
35650;18
35651;18
35652;18
35653;3
35654;2
35655;2
35656;2
35657;2
35658;3
35659;2
35660;2
35661;2
35662;2
35663;2
35664;2
35665;6
35666;2
35667;14
35668;3
35669;3
35670;3
35671;3
35672;3
35673;3
35674;2
35675;6
35676;3
35677;2
35678;7
35679;3
35680;2
35681;2
35682;4
35683;3
35684;3
35685;3
35686;2
35687;3
35688;3
35689;2
35690;3
35691;3
35692;3
35693;3
35694;38
35695;2
35696;3
35697;3
35698;3
35699;3
35700;3
35701;2
35702;2
35703;2
35704;2
35705;2
35706;10
35707;3
35708;12
35709;2
35710;2
35711;2
35712;2
35713;2
35714;2
35715;7
35716;7
35717;3
35718;3
35719;2
35720;2
35721;3
35722;3
35723;2
35724;2
35725;2
35726;2
35727;4
35728;4
35729;2
35730;3
35731;9
35732;2
35733;2
35734;3
35735;3
35736;2
35737;4
35738;13
35739;2
35740;2
35741;3
35742;3
35743;3
35744;3
35745;2
35746;2
35747;3
35748;3
35749;3
35750;3
35751;3
35752;3
35753;7
35754;3
35755;3
35756;3
35757;4
35758;3
35759;3
35760;35
35761;37
35762;51
35763;3
35764;2
35765;3
35766;12
35767;4
35768;3
35769;3
35770;6
35771;3
35772;2
35773;5
35774;6
35775;3
35776;4
35777;2
35778;6
35779;3
35780;3
35781;2
35782;2
35783;2
35784;2
35785;3
35786;3
35787;3
35788;3
35789;2
35790;2
35791;3
35792;2
35793;6
35794;3
35795;2
35796;2
35797;2
35798;2
35799;2
35800;3
35801;4
35802;4
35803;7
35804;3
35805;3
35806;3
35807;4
35808;16
35809;3
35810;3
35811;2
35812;2
35813;2
35814;2
35815;3
35816;2
35817;2
35818;3
35819;3
35820;3
35821;3
35822;3
35823;19
35824;3
35825;6
35826;3
35827;3
35828;37
35829;0
35830;2
35831;14
35832;3
35833;3
35834;10
35835;3
35836;2
35837;9
35838;15
35839;2
35840;2
35841;3
35842;3
35843;3
35844;36
35845;3
35846;2
35847;3
35848;2
35849;3
35850;2
35851;2
35852;2
35853;3
35854;3
35855;3
35856;2
35857;3
35858;36
35859;2
35860;4
35861;2
35862;2
35863;3
35864;2
35865;2
35866;2
35867;2
35868;3
35869;2
35870;3
35871;2
35872;3
35873;2
35874;2
35875;3
35876;21
35877;10
35878;7
35879;6
35880;4
35881;2
35882;16
35883;3
35884;18
35885;0
35886;3
35887;3
35888;2
35889;6
35890;6
35891;6
35892;8
35893;4
35894;3
35895;3
35896;3
35897;2
35898;2
35899;2
35900;3
35901;3
35902;3
35903;11
35904;3
35905;3
35906;3
35907;3
35908;3
35909;37
35910;37
35911;37
35912;3
35913;3
35914;3
35915;2
35916;7
35917;3
35918;3
35919;3
35920;2
35921;16
35922;35
35923;3
35924;3
35925;2
35926;2
35927;3
35928;3
35929;3
35930;3
35931;10
35932;2
35933;4
35934;2
35935;2
35936;2
35937;3
35938;3
35939;3
35940;13
35941;11
35942;38
35943;3
35944;3
35945;13
35946;3
35947;2
35948;2
35949;2
35950;15
35951;2
35952;2
35953;2
35954;3
35955;4
35956;2
35957;3
35958;3
35959;3
35960;4
35961;3
35962;4
35963;3
35964;3
35965;2
35966;3
35967;2
35968;4
35969;2
35970;2
35971;6
35972;2
35973;3
35974;3
35975;3
35976;3
35977;3
35978;2
35979;3
35980;2
35981;2
35982;3
35983;7
35984;2
35985;2
35986;2
35987;2
35988;3
35989;3
35990;3
35991;3
35992;3
35993;2
35994;3
35995;3
35996;4
35997;3
35998;4
35999;3
36000;3
36001;3
36002;3
36003;3
36004;3
36005;3
36006;2
36007;2
36008;2
36009;2
36010;3
36011;4
36012;4
36013;3
36014;2
36015;38
36016;3
36017;3
36018;2
36019;19
36020;4
36021;4
36022;3
36023;3
36024;2
36025;3
36026;3
36027;3
36028;3
36029;3
36030;15
36031;2
36032;2
36033;2
36034;2
36035;3
36036;3
36037;2
36038;37
36039;4
36040;3
36041;8
36042;3
36043;3
36044;4
36045;2
36046;3
36047;3
36048;3
36049;3
36050;3
36051;3
36052;2
36053;73
36054;2
36055;4
36056;3
36057;3
36058;3
36059;37
36060;37
36061;2
36062;2
36063;2
36064;10
36065;2
36066;2
36067;3
36068;7
36069;6
36070;3
36071;3
36072;3
36073;3
36074;36
36075;2
36076;2
36077;2
36078;3
36079;3
36080;3
36081;4
36082;37
36083;0
36084;0
36085;3
36086;3
36087;3
36088;3
36089;3
36090;3
36091;3
36092;3
36093;2
36094;3
36095;3
36096;4
36097;3
36098;3
36099;2
36100;2
36101;2
36102;2
36103;2
36104;3
36105;3
36106;2
36107;3
36108;3
36109;2
36110;3
36111;3
36112;3
36113;3
36114;3
36115;2
36116;2
36117;3
36118;10
36119;3
36120;3
36121;4
36122;3
36123;3
36124;3
36125;2
36126;2
36127;10
36128;2
36129;2
36130;37
36131;3
36132;2
36133;2
36134;3
36135;3
36136;3
36137;4
36138;3
36139;3
36140;2
36141;4
36142;4
36143;2
36144;2
36145;2
36146;3
36147;3
36148;39
36149;6
36150;3
36151;3
36152;2
36153;2
36154;2
36155;35
36156;3
36157;3
36158;7
36159;3
36160;3
36161;3
36162;3
36163;3
36164;3
36165;3
36166;3
36167;6
36168;19
36169;38
36170;38
36171;4
36172;4
36173;3
36174;3
36175;3
36176;3
36177;3
36178;2
36179;4
36180;4
36181;2
36182;2
36183;2
36184;3
36185;3
36186;2
36187;2
36188;3
36189;3
36190;3
36191;3
36192;3
36193;42
36194;38
36195;3
36196;2
36197;2
36198;2
36199;3
36200;0
36201;12
36202;8
36203;2
36204;2
36205;7
36206;4
36207;2
36208;3
36209;4
36210;3
36211;3
36212;3
36213;3
36214;4
36215;2
36216;7
36217;2
36218;2
36219;2
36220;4
36221;4
36222;5
36223;2
36224;10
36225;7
36226;2
36227;3
36228;4
36229;2
36230;3
36231;3
36232;3
36233;3
36234;2
36235;12
36236;12
36237;3
36238;3
36239;2
36240;2
36241;2
36242;4
36243;3
36244;3
36245;3
36246;2
36247;2
36248;2
36249;51
36250;35
36251;3
36252;3
36253;4
36254;52
36255;2
36256;7
36257;3
36258;3
36259;3
36260;4
36261;3
36262;45
36263;3
36264;4
36265;2
36266;3
36267;2
36268;2
36269;3
36270;3
36271;3
36272;3
36273;38
36274;3
36275;8
36276;2
36277;3
36278;38
36279;2
36280;2
36281;38
36282;3
36283;2
36284;3
36285;3
36286;3
36287;3
36288;3
36289;3
36290;4
36291;4
36292;2
36293;3
36294;6
36295;3
36296;3
36297;3
36298;4
36299;3
36300;3
36301;3
36302;3
36303;3
36304;3
36305;3
36306;39
36307;11
36308;39
36309;3
36310;4
36311;2
36312;2
36313;2
36314;3
36315;3
36316;3
36317;3
36318;37
36319;37
36320;37
36321;3
36322;4
36323;4
36324;3
36325;19
36326;4
36327;2
36328;2
36329;4
36330;3
36331;3
36332;2
36333;3
36334;3
36335;3
36336;2
36337;2
36338;3
36339;3
36340;3
36341;7
36342;4
36343;2
36344;3
36345;3
36346;3
36347;3
36348;2
36349;3
36350;17
36351;2
36352;3
36353;3
36354;2
36355;16
36356;3
36357;3
36358;2
36359;3
36360;3
36361;3
36362;3
36363;3
36364;3
36365;3
36366;7
36367;7
36368;3
36369;2
36370;3
36371;2
36372;2
36373;2
36374;3
36375;5
36376;2
36377;2
36378;3
36379;3
36380;2
36381;3
36382;10
36383;3
36384;3
36385;4
36386;4
36387;2
36388;2
36389;3
36390;3
36391;3
36392;3
36393;3
36394;11
36395;3
36396;3
36397;2
36398;2
36399;3
36400;4
36401;4
36402;3
36403;3
36404;7
36405;2
36406;3
36407;3
36408;14
36409;2
36410;7
36411;3
36412;3
36413;3
36414;3
36415;35
36416;4
36417;3
36418;3
36419;3
36420;2
36421;2
36422;3
36423;12
36424;3
36425;2
36426;2
36427;3
36428;3
36429;3
36430;5
36431;3
36432;3
36433;3
36434;3
36435;3
36436;3
36437;2
36438;3
36439;3
36440;49
36441;16
36442;3
36443;3
36444;7
36445;2
36446;3
36447;3
36448;3
36449;2
36450;2
36451;2
36452;2
36453;13
36454;7
36455;4
36456;12
36457;2
36458;3
36459;39
36460;3
36461;3
36462;3
36463;3
36464;2
36465;3
36466;3
36467;3
36468;25
36469;3
36470;12
36471;3
36472;2
36473;2
36474;3
36475;3
36476;3
36477;2
36478;3
36479;3
36480;2
36481;2
36482;3
36483;3
36484;3
36485;3
36486;3
36487;3
36488;3
36489;4
36490;4
36491;2
36492;4
36493;2
36494;3
36495;3
36496;3
36497;25
36498;3
36499;7
36500;2
36501;2
36502;3
36503;5
36504;5
36505;2
36506;3
36507;4
36508;2
36509;2
36510;10
36511;3
36512;2
36513;2
36514;2
36515;2
36516;2
36517;3
36518;3
36519;3
36520;3
36521;3
36522;3
36523;3
36524;35
36525;2
36526;2
36527;3
36528;2
36529;2
36530;2
36531;2
36532;2
36533;11
36534;3
36535;3
36536;3
36537;2
36538;2
36539;4
36540;2
36541;3
36542;3
36543;2
36544;4
36545;2
36546;3
36547;2
36548;2
36549;3
36550;2
36551;4
36552;4
36553;3
36554;2
36555;3
36556;4
36557;2
36558;8
36559;6
36560;3
36561;4
36562;3
36563;2
36564;3
36565;3
36566;3
36567;3
36568;3
36569;3
36570;3
36571;3
36572;3
36573;3
36574;3
36575;2
36576;3
36577;3
36578;3
36579;3
36580;2
36581;4
36582;4
36583;2
36584;3
36585;3
36586;2
36587;0
36588;4
36589;3
36590;3
36591;3
36592;3
36593;3
36594;39
36595;7
36596;3
36597;3
36598;3
36599;2
36600;4
36601;4
36602;48
36603;48
36604;2
36605;3
36606;6
36607;3
36608;3
36609;2
36610;0
36611;6
36612;4
36613;3
36614;3
36615;3
36616;2
36617;8
36618;3
36619;4
36620;3
36621;2
36622;2
36623;2
36624;3
36625;3
36626;37
36627;37
36628;2
36629;3
36630;3
36631;4
36632;5
36633;3
36634;3
36635;3
36636;2
36637;3
36638;3
36639;6
36640;3
36641;3
36642;38
36643;2
36644;3
36645;3
36646;3
36647;3
36648;39
36649;39
36650;3
36651;3
36652;3
36653;4
36654;3
36655;3
36656;3
36657;2
36658;3
36659;3
36660;3
36661;2
36662;2
36663;3
36664;4
36665;2
36666;2
36667;2
36668;2
36669;3
36670;3
36671;3
36672;2
36673;3
36674;6
36675;3
36676;18
36677;2
36678;2
36679;2
36680;3
36681;3
36682;2
36683;2
36684;2
36685;3
36686;38
36687;3
36688;2
36689;3
36690;3
36691;3
36692;38
36693;3
36694;3
36695;3
36696;3
36697;3
36698;6
36699;3
36700;2
36701;2
36702;2
36703;2
36704;2
36705;2
36706;2
36707;4
36708;7
36709;15
36710;3
36711;2
36712;2
36713;3
36714;4
36715;55
36716;36
36717;3
36718;3
36719;3
36720;7
36721;3
36722;2
36723;2
36724;50
36725;3
36726;3
36727;3
36728;2
36729;3
36730;2
36731;4
36732;4
36733;3
36734;3
36735;3
36736;3
36737;3
36738;2
36739;3
36740;3
36741;2
36742;2
36743;2
36744;2
36745;3
36746;4
36747;4
36748;2
36749;2
36750;3
36751;3
36752;2
36753;2
36754;2
36755;3
36756;3
36757;3
36758;3
36759;3
36760;9
36761;9
36762;2
36763;2
36764;38
36765;2
36766;3
36767;3
36768;3
36769;2
36770;3
36771;3
36772;40
36773;52
36774;4
36775;3
36776;3
36777;3
36778;3
36779;17
36780;3
36781;3
36782;3
36783;3
36784;3
36785;3
36786;2
36787;2
36788;2
36789;2
36790;2
36791;2
36792;12
36793;41
36794;3
36795;3
36796;3
36797;3
36798;3
36799;3
36800;3
36801;4
36802;3
36803;2
36804;7
36805;7
36806;2
36807;2
36808;3
36809;2
36810;2
36811;2
36812;2
36813;3
36814;3
36815;6
36816;11
36817;11
36818;2
36819;4
36820;2
36821;2
36822;2
36823;4
36824;3
36825;49
36826;38
36827;4
36828;4
36829;2
36830;2
36831;3
36832;3
36833;2
36834;2
36835;2
36836;2
36837;3
36838;16
36839;3
36840;7
36841;7
36842;2
36843;2
36844;2
36845;6
36846;7
36847;7
36848;3
36849;3
36850;3
36851;3
36852;2
36853;3
36854;22
36855;3
36856;38
36857;3
36858;2
36859;3
36860;3
36861;38
36862;2
36863;2
36864;2
36865;8
36866;3
36867;4
36868;2
36869;2
36870;6
36871;6
36872;2
36873;4
36874;4
36875;3
36876;3
36877;3
36878;2
36879;2
36880;37
36881;2
36882;2
36883;2
36884;2
36885;2
36886;4
36887;3
36888;3
36889;4
36890;3
36891;3
36892;3
36893;4
36894;2
36895;3
36896;39
36897;2
36898;4
36899;2
36900;2
36901;2
36902;14
36903;3
36904;2
36905;2
36906;52
36907;2
36908;3
36909;3
36910;38
36911;0
36912;3
36913;12
36914;2
36915;3
36916;2
36917;2
36918;2
36919;51
36920;3
36921;11
36922;2
36923;2
36924;15
36925;2
36926;2
36927;3
36928;3
36929;3
36930;3
36931;3
36932;16
36933;4
36934;2
36935;2
36936;2
36937;3
36938;3
36939;38
36940;2
36941;8
36942;3
36943;14
36944;14
36945;14
36946;6
36947;3
36948;9
36949;2
36950;2
36951;2
36952;12
36953;3
36954;2
36955;3
36956;7
36957;7
36958;3
36959;2
36960;2
36961;3
36962;3
36963;3
36964;2
36965;3
36966;3
36967;3
36968;2
36969;3
36970;13
36971;3
36972;3
36973;2
36974;3
36975;3
36976;0
36977;3
36978;2
36979;6
36980;6
36981;3
36982;2
36983;2
36984;2
36985;3
36986;3
36987;2
36988;3
36989;4
36990;2
36991;3
36992;3
36993;2
36994;3
36995;2
36996;3
36997;2
36998;2
36999;3
37000;3
37001;3
37002;3
37003;3
37004;7
37005;2
37006;41
37007;3
37008;8
37009;2
37010;2
37011;2
37012;3
37013;3
37014;2
37015;2
37016;2
37017;4
37018;6
37019;3
37020;3
37021;4
37022;2
37023;3
37024;13
37025;2
37026;2
37027;3
37028;2
37029;3
37030;12
37031;2
37032;43
37033;3
37034;3
37035;2
37036;7
37037;12
37038;12
37039;3
37040;3
37041;3
37042;8
37043;2
37044;3
37045;3
37046;4
37047;2
37048;4
37049;2
37050;3
37051;43
37052;43
37053;2
37054;2
37055;6
37056;3
37057;3
37058;39
37059;3
37060;3
37061;4
37062;2
37063;2
37064;2
37065;3
37066;2
37067;2
37068;2
37069;2
37070;8
37071;3
37072;5
37073;3
37074;3
37075;2
37076;4
37077;3
37078;3
37079;2
37080;4
37081;38
37082;38
37083;3
37084;3
37085;3
37086;3
37087;10
37088;3
37089;3
37090;2
37091;19
37092;2
37093;12
37094;39
37095;3
37096;37
37097;3
37098;3
37099;3
37100;3
37101;3
37102;2
37103;4
37104;2
37105;38
37106;3
37107;3
37108;3
37109;3
37110;3
37111;2
37112;4
37113;3
37114;3
37115;3
37116;3
37117;3
37118;3
37119;3
37120;2
37121;3
37122;0
37123;3
37124;14
37125;14
37126;3
37127;1
37128;1
37129;2
37130;2
37131;4
37132;38
37133;3
37134;3
37135;3
37136;3
37137;12
37138;3
37139;3
37140;2
37141;3
37142;3
37143;2
37144;2
37145;2
37146;2
37147;2
37148;3
37149;12
37150;2
37151;2
37152;3
37153;2
37154;3
37155;2
37156;3
37157;37
37158;3
37159;2
37160;3
37161;3
37162;2
37163;2
37164;35
37165;3
37166;3
37167;2
37168;2
37169;3
37170;2
37171;3
37172;4
37173;3
37174;3
37175;3
37176;3
37177;2
37178;2
37179;3
37180;3
37181;2
37182;2
37183;37
37184;64
37185;53
37186;2
37187;10
37188;3
37189;2
37190;3
37191;3
37192;3
37193;3
37194;4
37195;2
37196;3
37197;3
37198;2
37199;2
37200;7
37201;2
37202;3
37203;2
37204;2
37205;2
37206;4
37207;2
37208;3
37209;2
37210;3
37211;3
37212;3
37213;3
37214;3
37215;3
37216;39
37217;3
37218;3
37219;3
37220;3
37221;3
37222;38
37223;2
37224;2
37225;2
37226;37
37227;56
37228;3
37229;3
37230;38
37231;3
37232;3
37233;3
37234;3
37235;3
37236;3
37237;3
37238;2
37239;46
37240;37
37241;3
37242;3
37243;3
37244;3
37245;3
37246;3
37247;3
37248;3
37249;3
37250;37
37251;3
37252;3
37253;3
37254;3
37255;3
37256;4
37257;4
37258;2
37259;2
37260;3
37261;3
37262;2
37263;13
37264;3
37265;3
37266;3
37267;3
37268;4
37269;3
37270;3
37271;3
37272;2
37273;6
37274;7
37275;4
37276;37
37277;3
37278;6
37279;3
37280;2
37281;3
37282;12
37283;12
37284;3
37285;3
37286;2
37287;2
37288;4
37289;3
37290;3
37291;3
37292;2
37293;37
37294;37
37295;11
37296;2
37297;2
37298;2
37299;3
37300;8
37301;2
37302;4
37303;3
37304;2
37305;3
37306;4
37307;16
37308;16
37309;2
37310;2
37311;3
37312;3
37313;3
37314;4
37315;4
37316;2
37317;2
37318;39
37319;3
37320;2
37321;39
37322;3
37323;3
37324;3
37325;2
37326;38
37327;4
37328;4
37329;2
37330;2
37331;2
37332;2
37333;4
37334;3
37335;3
37336;3
37337;3
37338;4
37339;2
37340;3
37341;2
37342;3
37343;3
37344;2
37345;13
37346;3
37347;3
37348;4
37349;3
37350;7
37351;2
37352;3
37353;3
37354;3
37355;2
37356;2
37357;35
37358;3
37359;3
37360;3
37361;3
37362;3
37363;2
37364;11
37365;3
37366;3
37367;3
37368;3
37369;2
37370;16
37371;2
37372;3
37373;3
37374;23
37375;23
37376;3
37377;3
37378;2
37379;2
37380;2
37381;4
37382;3
37383;7
37384;3
37385;41
37386;2
37387;3
37388;3
37389;2
37390;3
37391;3
37392;2
37393;3
37394;17
37395;3
37396;3
37397;2
37398;3
37399;2
37400;4
37401;4
37402;3
37403;3
37404;3
37405;3
37406;3
37407;2
37408;3
37409;3
37410;3
37411;3
37412;3
37413;5
37414;37
37415;2
37416;2
37417;3
37418;37
37419;3
37420;3
37421;3
37422;3
37423;3
37424;3
37425;3
37426;7
37427;7
37428;3
37429;3
37430;2
37431;2
37432;3
37433;3
37434;3
37435;3
37436;2
37437;2
37438;3
37439;3
37440;3
37441;3
37442;3
37443;38
37444;3
37445;4
37446;38
37447;38
37448;38
37449;4
37450;2
37451;2
37452;16
37453;4
37454;3
37455;3
37456;3
37457;3
37458;3
37459;4
37460;3
37461;3
37462;2
37463;3
37464;2
37465;2
37466;2
37467;3
37468;3
37469;3
37470;7
37471;7
37472;7
37473;3
37474;3
37475;2
37476;2
37477;3
37478;3
37479;10
37480;37
37481;3
37482;3
37483;3
37484;4
37485;4
37486;3
37487;4
37488;3
37489;0
37490;0
37491;3
37492;2
37493;2
37494;2
37495;2
37496;2
37497;38
37498;38
37499;2
37500;3
37501;3
37502;2
37503;3
37504;38
37505;38
37506;38
37507;38
37508;3
37509;2
37510;2
37511;2
37512;1
37513;2
37514;38
37515;54
37516;54
37517;4
37518;3
37519;6
37520;2
37521;39
37522;2
37523;2
37524;3
37525;2
37526;39
37527;3
37528;38
37529;3
37530;3
37531;5
37532;3
37533;3
37534;3
37535;3
37536;3
37537;14
37538;3
37539;3
37540;3
37541;10
37542;2
37543;3
37544;3
37545;2
37546;3
37547;3
37548;2
37549;3
37550;38
37551;2
37552;4
37553;3
37554;2
37555;2
37556;2
37557;3
37558;3
37559;2
37560;2
37561;37
37562;39
37563;3
37564;3
37565;3
37566;3
37567;3
37568;2
37569;3
37570;3
37571;3
37572;48
37573;2
37574;2
37575;11
37576;8
37577;8
37578;7
37579;3
37580;5
37581;3
37582;3
37583;3
37584;0
37585;17
37586;2
37587;3
37588;3
37589;2
37590;2
37591;2
37592;2
37593;6
37594;2
37595;3
37596;2
37597;3
37598;2
37599;3
37600;3
37601;3
37602;2
37603;2
37604;3
37605;3
37606;3
37607;3
37608;21
37609;3
37610;7
37611;3
37612;6
37613;2
37614;39
37615;3
37616;4
37617;3
37618;3
37619;39
37620;3
37621;3
37622;6
37623;6
37624;3
37625;2
37626;2
37627;2
37628;3
37629;3
37630;6
37631;4
37632;4
37633;3
37634;2
37635;3
37636;2
37637;3
37638;3
37639;3
37640;3
37641;5
37642;3
37643;38
37644;15
37645;3
37646;2
37647;3
37648;3
37649;6
37650;2
37651;3
37652;4
37653;6
37654;2
37655;3
37656;3
37657;3
37658;3
37659;3
37660;4
37661;4
37662;4
37663;5
37664;2
37665;2
37666;3
37667;2
37668;3
37669;4
37670;4
37671;3
37672;7
37673;2
37674;2
37675;11
37676;11
37677;0
37678;3
37679;3
37680;2
37681;3
37682;4
37683;3
37684;2
37685;2
37686;2
37687;22
37688;2
37689;2
37690;2
37691;2
37692;3
37693;2
37694;3
37695;3
37696;3
37697;39
37698;3
37699;3
37700;2
37701;2
37702;3
37703;2
37704;2
37705;4
37706;2
37707;11
37708;38
37709;38
37710;0
37711;3
37712;38
37713;2
37714;73
37715;73
37716;3
37717;7
37718;3
37719;2
37720;3
37721;3
37722;3
37723;3
37724;3
37725;3
37726;2
37727;3
37728;2
37729;2
37730;2
37731;2
37732;3
37733;3
37734;23
37735;3
37736;13
37737;2
37738;2
37739;2
37740;2
37741;2
37742;2
37743;2
37744;4
37745;2
37746;2
37747;3
37748;3
37749;2
37750;2
37751;2
37752;2
37753;3
37754;3
37755;3
37756;3
37757;2
37758;2
37759;2
37760;7
37761;2
37762;2
37763;3
37764;3
37765;3
37766;3
37767;4
37768;3
37769;85
37770;14
37771;3
37772;3
37773;2
37774;2
37775;3
37776;5
37777;3
37778;3
37779;2
37780;3
37781;3
37782;3
37783;3
37784;3
37785;3
37786;3
37787;3
37788;2
37789;2
37790;2
37791;3
37792;3
37793;6
37794;3
37795;14
37796;3
37797;3
37798;4
37799;3
37800;3
37801;2
37802;8
37803;8
37804;2
37805;2
37806;3
37807;7
37808;7
37809;22
37810;4
37811;4
37812;3
37813;3
37814;4
37815;2
37816;4
37817;4
37818;37
37819;37
37820;3
37821;2
37822;2
37823;3
37824;39
37825;37
37826;74
37827;3
37828;3
37829;3
37830;3
37831;3
37832;38
37833;2
37834;3
37835;2
37836;2
37837;2
37838;2
37839;2
37840;2
37841;2
37842;2
37843;2
37844;4
37845;2
37846;3
37847;4
37848;2
37849;12
37850;2
37851;12
37852;2
37853;2
37854;2
37855;3
37856;3
37857;3
37858;17
37859;3
37860;2
37861;3
37862;2
37863;2
37864;2
37865;4
37866;3
37867;14
37868;2
37869;3
37870;12
37871;2
37872;2
37873;37
37874;37
37875;4
37876;4
37877;3
37878;2
37879;0
37880;3
37881;3
37882;3
37883;2
37884;2
37885;2
37886;3
37887;3
37888;11
37889;3
37890;3
37891;3
37892;3
37893;3
37894;6
37895;6
37896;3
37897;7
37898;7
37899;3
37900;3
37901;0
37902;3
37903;2
37904;2
37905;2
37906;3
37907;3
37908;3
37909;13
37910;3
37911;2
37912;3
37913;3
37914;3
37915;2
37916;3
37917;3
37918;4
37919;4
37920;2
37921;3
37922;3
37923;3
37924;3
37925;3
37926;3
37927;3
37928;3
37929;3
37930;3
37931;2
37932;3
37933;3
37934;3
37935;3
37936;3
37937;3
37938;3
37939;4
37940;4
37941;4
37942;3
37943;3
37944;2
37945;2
37946;2
37947;3
37948;3
37949;37
37950;2
37951;5
37952;3
37953;2
37954;2
37955;3
37956;3
37957;2
37958;7
37959;2
37960;2
37961;2
37962;0
37963;2
37964;3
37965;4
37966;3
37967;8
37968;7
37969;7
37970;2
37971;2
37972;3
37973;2
37974;3
37975;4
37976;3
37977;7
37978;3
37979;3
37980;14
37981;36
37982;3
37983;3
37984;3
37985;15
37986;6
37987;6
37988;6
37989;1
37990;1
37991;3
37992;15
37993;3
37994;3
37995;7
37996;0
37997;2
37998;3
37999;4
38000;4
38001;3
38002;4
38003;4
38004;4
38005;3
38006;3
38007;2
38008;3
38009;3
38010;2
38011;3
38012;3
38013;4
38014;3
38015;2
38016;2
38017;2
38018;3
38019;3
38020;2
38021;6
38022;3
38023;3
38024;3
38025;3
38026;3
38027;3
38028;3
38029;3
38030;39
38031;2
38032;3
38033;2
38034;3
38035;3
38036;3
38037;3
38038;3
38039;3
38040;58
38041;3
38042;3
38043;3
38044;3
38045;2
38046;2
38047;39
38048;2
38049;2
38050;6
38051;3
38052;3
38053;2
38054;2
38055;2
38056;2
38057;11
38058;7
38059;2
38060;3
38061;3
38062;2
38063;3
38064;16
38065;3
38066;16
38067;16
38068;38
38069;38
38070;2
38071;2
38072;2
38073;7
38074;14
38075;3
38076;3
38077;2
38078;3
38079;4
38080;3
38081;3
38082;2
38083;2
38084;2
38085;2
38086;2
38087;2
38088;2
38089;3
38090;3
38091;3
38092;2
38093;3
38094;3
38095;3
38096;3
38097;3
38098;3
38099;3
38100;8
38101;2
38102;2
38103;2
38104;2
38105;3
38106;2
38107;2
38108;5
38109;3
38110;3
38111;4
38112;5
38113;2
38114;3
38115;3
38116;3
38117;3
38118;2
38119;5
38120;39
38121;0
38122;41
38123;3
38124;3
38125;13
38126;3
38127;3
38128;3
38129;2
38130;2
38131;2
38132;2
38133;2
38134;2
38135;37
38136;3
38137;3
38138;38
38139;38
38140;38
38141;2
38142;4
38143;4
38144;3
38145;3
38146;3
38147;3
38148;2
38149;2
38150;20
38151;2
38152;2
38153;3
38154;3
38155;25
38156;3
38157;3
38158;3
38159;7
38160;3
38161;3
38162;2
38163;2
38164;7
38165;3
38166;3
38167;35
38168;2
38169;35
38170;35
38171;3
38172;3
38173;3
38174;2
38175;2
38176;2
38177;2
38178;4
38179;3
38180;3
38181;73
38182;73
38183;2
38184;2
38185;3
38186;5
38187;3
38188;2
38189;2
38190;3
38191;3
38192;3
38193;4
38194;2
38195;2
38196;4
38197;3
38198;2
38199;2
38200;39
38201;4
38202;7
38203;2
38204;2
38205;3
38206;3
38207;3
38208;3
38209;2
38210;7
38211;4
38212;2
38213;3
38214;3
38215;3
38216;2
38217;2
38218;2
38219;3
38220;3
38221;10
38222;3
38223;3
38224;3
38225;3
38226;3
38227;3
38228;3
38229;2
38230;4
38231;3
38232;3
38233;14
38234;3
38235;3
38236;3
38237;2
38238;3
38239;3
38240;37
38241;3
38242;3
38243;50
38244;2
38245;2
38246;3
38247;3
38248;3
38249;2
38250;2
38251;3
38252;3
38253;37
38254;2
38255;3
38256;22
38257;3
38258;3
38259;3
38260;3
38261;3
38262;3
38263;3
38264;3
38265;3
38266;4
38267;2
38268;7
38269;7
38270;7
38271;39
38272;3
38273;8
38274;2
38275;7
38276;3
38277;2
38278;43
38279;2
38280;2
38281;2
38282;4
38283;3
38284;3
38285;3
38286;3
38287;3
38288;3
38289;3
38290;3
38291;41
38292;3
38293;3
38294;14
38295;3
38296;3
38297;3
38298;2
38299;2
38300;2
38301;3
38302;3
38303;3
38304;3
38305;2
38306;2
38307;2
38308;2
38309;3
38310;2
38311;2
38312;6
38313;3
38314;3
38315;3
38316;3
38317;4
38318;3
38319;7
38320;6
38321;6
38322;3
38323;2
38324;3
38325;3
38326;3
38327;3
38328;17
38329;4
38330;36
38331;3
38332;4
38333;4
38334;3
38335;2
38336;3
38337;3
38338;3
38339;2
38340;3
38341;3
38342;2
38343;3
38344;3
38345;3
38346;3
38347;3
38348;2
38349;2
38350;37
38351;3
38352;39
38353;39
38354;39
38355;3
38356;2
38357;3
38358;3
38359;3
38360;3
38361;7
38362;3
38363;3
38364;3
38365;37
38366;47
38367;2
38368;2
38369;4
38370;2
38371;36
38372;3
38373;2
38374;2
38375;3
38376;3
38377;3
38378;3
38379;17
38380;3
38381;3
38382;3
38383;3
38384;3
38385;3
38386;3
38387;3
38388;3
38389;3
38390;10
38391;3
38392;38
38393;3
38394;3
38395;3
38396;4
38397;3
38398;38
38399;2
38400;2
38401;38
38402;3
38403;36
38404;3
38405;3
38406;3
38407;3
38408;3
38409;3
38410;3
38411;3
38412;3
38413;3
38414;2
38415;2
38416;3
38417;36
38418;2
38419;2
38420;2
38421;4
38422;3
38423;3
38424;3
38425;3
38426;8
38427;8
38428;2
38429;2
38430;4
38431;2
38432;3
38433;3
38434;20
38435;4
38436;3
38437;3
38438;3
38439;4
38440;3
38441;3
38442;3
38443;3
38444;3
38445;2
38446;2
38447;4
38448;3
38449;3
38450;3
38451;3
38452;3
38453;3
38454;6
38455;2
38456;13
38457;2
38458;2
38459;3
38460;3
38461;2
38462;2
38463;37
38464;37
38465;3
38466;2
38467;3
38468;3
38469;3
38470;10
38471;16
38472;3
38473;3
38474;3
38475;3
38476;3
38477;3
38478;2
38479;3
38480;3
38481;3
38482;2
38483;2
38484;2
38485;4
38486;2
38487;2
38488;2
38489;3
38490;7
38491;14
38492;3
38493;3
38494;4
38495;7
38496;7
38497;3
38498;2
38499;4
38500;3
38501;3
38502;17
38503;38
38504;7
38505;7
38506;2
38507;6
38508;6
38509;3
38510;3
38511;2
38512;3
38513;3
38514;3
38515;2
38516;2
38517;2
38518;4
38519;9
38520;25
38521;7
38522;2
38523;3
38524;4
38525;2
38526;4
38527;3
38528;6
38529;9
38530;3
38531;3
38532;3
38533;3
38534;0
38535;2
38536;3
38537;3
38538;3
38539;3
38540;3
38541;3
38542;3
38543;3
38544;4
38545;3
38546;3
38547;2
38548;3
38549;3
38550;2
38551;7
38552;7
38553;3
38554;3
38555;3
38556;3
38557;3
38558;3
38559;3
38560;7
38561;7
38562;3
38563;9
38564;3
38565;3
38566;3
38567;2
38568;9
38569;9
38570;3
38571;3
38572;3
38573;3
38574;2
38575;3
38576;37
38577;3
38578;3
38579;10
38580;3
38581;38
38582;2
38583;4
38584;2
38585;2
38586;3
38587;5
38588;3
38589;10
38590;3
38591;4
38592;2
38593;2
38594;3
38595;3
38596;3
38597;7
38598;2
38599;55
38600;6
38601;2
38602;10
38603;3
38604;3
38605;35
38606;0
38607;3
38608;3
38609;5
38610;3
38611;3
38612;3
38613;2
38614;3
38615;3
38616;3
38617;3
38618;3
38619;3
38620;3
38621;2
38622;2
38623;3
38624;3
38625;4
38626;4
38627;3
38628;2
38629;2
38630;37
38631;2
38632;2
38633;2
38634;3
38635;12
38636;3
38637;3
38638;7
38639;2
38640;2
38641;2
38642;3
38643;11
38644;4
38645;3
38646;2
38647;4
38648;35
38649;4
38650;2
38651;3
38652;4
38653;3
38654;3
38655;3
38656;2
38657;3
38658;3
38659;14
38660;7
38661;7
38662;2
38663;2
38664;2
38665;2
38666;17
38667;2
38668;3
38669;3
38670;11
38671;2
38672;3
38673;3
38674;3
38675;3
38676;4
38677;4
38678;3
38679;2
38680;4
38681;4
38682;3
38683;20
38684;3
38685;7
38686;3
38687;8
38688;4
38689;4
38690;4
38691;2
38692;2
38693;2
38694;2
38695;2
38696;18
38697;4
38698;2
38699;2
38700;3
38701;3
38702;2
38703;2
38704;2
38705;4
38706;4
38707;3
38708;3
38709;38
38710;3
38711;4
38712;4
38713;16
38714;16
38715;2
38716;2
38717;2
38718;2
38719;2
38720;7
38721;3
38722;2
38723;3
38724;3
38725;3
38726;2
38727;2
38728;4
38729;3
38730;4
38731;4
38732;21
38733;21
38734;3
38735;3
38736;3
38737;3
38738;2
38739;12
38740;3
38741;3
38742;2
38743;2
38744;2
38745;3
38746;3
38747;3
38748;5
38749;5
38750;3
38751;4
38752;6
38753;2
38754;2
38755;2
38756;3
38757;3
38758;3
38759;10
38760;2
38761;2
38762;37
38763;3
38764;0
38765;19
38766;3
38767;3
38768;2
38769;49
38770;49
38771;49
38772;38
38773;38
38774;2
38775;3
38776;3
38777;3
38778;2
38779;3
38780;11
38781;36
38782;2
38783;4
38784;2
38785;2
38786;3
38787;2
38788;2
38789;3
38790;3
38791;3
38792;3
38793;3
38794;3
38795;3
38796;3
38797;2
38798;2
38799;2
38800;3
38801;3
38802;3
38803;20
38804;4
38805;2
38806;2
38807;3
38808;3
38809;3
38810;3
38811;3
38812;2
38813;3
38814;3
38815;2
38816;2
38817;3
38818;7
38819;7
38820;3
38821;3
38822;2
38823;4
38824;4
38825;3
38826;3
38827;3
38828;2
38829;2
38830;2
38831;2
38832;3
38833;3
38834;2
38835;35
38836;2
38837;3
38838;2
38839;3
38840;4
38841;41
38842;2
38843;2
38844;2
38845;3
38846;4
38847;3
38848;5
38849;4
38850;3
38851;3
38852;0
38853;0
38854;0
38855;38
38856;3
38857;3
38858;2
38859;2
38860;2
38861;2
38862;2
38863;2
38864;2
38865;2
38866;2
38867;2
38868;2
38869;2
38870;2
38871;2
38872;3
38873;3
38874;4
38875;2
38876;2
38877;2
38878;2
38879;3
38880;38
38881;2
38882;2
38883;3
38884;38
38885;38
38886;3
38887;16
38888;3
38889;0
38890;3
38891;14
38892;3
38893;3
38894;4
38895;3
38896;7
38897;5
38898;8
38899;8
38900;3
38901;15
38902;38
38903;3
38904;3
38905;3
38906;2
38907;2
38908;2
38909;3
38910;13
38911;2
38912;3
38913;3
38914;3
38915;3
38916;6
38917;39
38918;2
38919;14
38920;3
38921;3
38922;2
38923;4
38924;3
38925;2
38926;2
38927;7
38928;37
38929;2
38930;2
38931;2
38932;22
38933;3
38934;3
38935;4
38936;2
38937;3
38938;38
38939;2
38940;3
38941;4
38942;2
38943;2
38944;10
38945;3
38946;3
38947;3
38948;2
38949;3
38950;3
38951;3
38952;40
38953;3
38954;3
38955;3
38956;3
38957;3
38958;3
38959;6
38960;5
38961;5
38962;3
38963;4
38964;10
38965;2
38966;3
38967;4
38968;3
38969;4
38970;3
38971;2
38972;3
38973;2
38974;3
38975;3
38976;4
38977;3
38978;20
38979;38
38980;38
38981;3
38982;2
38983;3
38984;3
38985;2
38986;3
38987;10
38988;2
38989;3
38990;3
38991;3
38992;2
38993;2
38994;2
38995;4
38996;4
38997;3
38998;3
38999;2
39000;3
39001;3
39002;3
39003;3
39004;4
39005;2
39006;3
39007;3
39008;3
39009;2
39010;4
39011;3
39012;14
39013;38
39014;3
39015;3
39016;2
39017;2
39018;4
39019;4
39020;4
39021;3
39022;3
39023;3
39024;3
39025;3
39026;3
39027;3
39028;4
39029;4
39030;3
39031;2
39032;2
39033;2
39034;3
39035;3
39036;3
39037;3
39038;8
39039;3
39040;3
39041;7
39042;3
39043;3
39044;3
39045;8
39046;3
39047;3
39048;3
39049;3
39050;3
39051;3
39052;8
39053;3
39054;3
39055;3
39056;4
39057;3
39058;3
39059;3
39060;3
39061;3
39062;3
39063;2
39064;6
39065;3
39066;3
39067;2
39068;2
39069;2
39070;4
39071;2
39072;2
39073;4
39074;3
39075;2
39076;2
39077;2
39078;4
39079;4
39080;2
39081;2
39082;3
39083;3
39084;3
39085;2
39086;18
39087;38
39088;7
39089;7
39090;2
39091;3
39092;3
39093;3
39094;7
39095;3
39096;3
39097;3
39098;3
39099;3
39100;3
39101;3
39102;4
39103;7
39104;3
39105;3
39106;3
39107;3
39108;4
39109;2
39110;3
39111;3
39112;3
39113;4
39114;50
39115;6
39116;6
39117;2
39118;5
39119;3
39120;2
39121;2
39122;3
39123;3
39124;13
39125;13
39126;4
39127;11
39128;2
39129;12
39130;3
39131;4
39132;2
39133;15
39134;2
39135;3
39136;3
39137;3
39138;3
39139;3
39140;2
39141;3
39142;2
39143;38
39144;3
39145;2
39146;2
39147;3
39148;2
39149;2
39150;3
39151;3
39152;3
39153;3
39154;2
39155;2
39156;2
39157;3
39158;4
39159;4
39160;3
39161;3
39162;2
39163;2
39164;3
39165;3
39166;3
39167;3
39168;3
39169;3
39170;2
39171;2
39172;2
39173;3
39174;3
39175;3
39176;4
39177;4
39178;3
39179;4
39180;4
39181;3
39182;8
39183;2
39184;3
39185;3
39186;0
39187;5
39188;5
39189;5
39190;4
39191;44
39192;3
39193;3
39194;2
39195;3
39196;18
39197;4
39198;7
39199;2
39200;39
39201;38
39202;2
39203;2
39204;2
39205;3
39206;2
39207;2
39208;3
39209;3
39210;7
39211;3
39212;3
39213;2
39214;3
39215;3
39216;23
39217;4
39218;2
39219;2
39220;3
39221;2
39222;11
39223;4
39224;2
39225;2
39226;2
39227;2
39228;2
39229;54
39230;3
39231;2
39232;3
39233;3
39234;3
39235;2
39236;14
39237;14
39238;3
39239;3
39240;6
39241;6
39242;3
39243;3
39244;37
39245;37
39246;37
39247;37
39248;3
39249;2
39250;12
39251;2
39252;4
39253;3
39254;3
39255;3
39256;3
39257;10
39258;10
39259;3
39260;3
39261;3
39262;3
39263;3
39264;3
39265;3
39266;3
39267;3
39268;3
39269;3
39270;3
39271;39
39272;3
39273;3
39274;2
39275;38
39276;3
39277;4
39278;3
39279;2
39280;2
39281;2
39282;3
39283;3
39284;3
39285;3
39286;2
39287;2
39288;2
39289;37
39290;47
39291;47
39292;2
39293;2
39294;2
39295;3
39296;3
39297;2
39298;2
39299;2
39300;2
39301;15
39302;3
39303;2
39304;2
39305;3
39306;3
39307;3
39308;2
39309;3
39310;3
39311;3
39312;3
39313;3
39314;3
39315;4
39316;3
39317;2
39318;2
39319;2
39320;3
39321;3
39322;3
39323;6
39324;6
39325;6
39326;3
39327;3
39328;3
39329;3
39330;3
39331;3
39332;37
39333;3
39334;3
39335;2
39336;2
39337;2
39338;2
39339;3
39340;2
39341;2
39342;3
39343;3
39344;2
39345;2
39346;6
39347;2
39348;2
39349;2
39350;3
39351;2
39352;43
39353;3
39354;2
39355;4
39356;22
39357;3
39358;2
39359;2
39360;3
39361;3
39362;2
39363;2
39364;3
39365;3
39366;37
39367;37
39368;3
39369;3
39370;3
39371;9
39372;3
39373;3
39374;3
39375;3
39376;3
39377;3
39378;3
39379;3
39380;2
39381;2
39382;3
39383;7
39384;0
39385;40
39386;40
39387;3
39388;3
39389;3
39390;3
39391;14
39392;14
39393;2
39394;2
39395;38
39396;3
39397;23
39398;3
39399;4
39400;9
39401;2
39402;2
39403;39
39404;5
39405;3
39406;3
39407;6
39408;6
39409;3
39410;4
39411;3
39412;2
39413;38
39414;3
39415;3
39416;2
39417;38
39418;2
39419;2
39420;3
39421;6
39422;6
39423;6
39424;4
39425;2
39426;3
39427;0
39428;3
39429;3
39430;3
39431;3
39432;3
39433;2
39434;2
39435;2
39436;3
39437;2
39438;2
39439;2
39440;2
39441;3
39442;3
39443;38
39444;3
39445;4
39446;3
39447;3
39448;3
39449;3
39450;2
39451;2
39452;2
39453;7
39454;2
39455;2
39456;4
39457;3
39458;3
39459;2
39460;3
39461;3
39462;13
39463;4
39464;38
39465;38
39466;2
39467;3
39468;2
39469;4
39470;0
39471;3
39472;13
39473;3
39474;2
39475;2
39476;3
39477;3
39478;46
39479;4
39480;20
39481;3
39482;3
39483;3
39484;3
39485;3
39486;2
39487;7
39488;7
39489;7
39490;3
39491;6
39492;6
39493;3
39494;3
39495;3
39496;10
39497;2
39498;11
39499;2
39500;3
39501;3
39502;3
39503;3
39504;3
39505;3
39506;12
39507;3
39508;3
39509;9
39510;9
39511;3
39512;2
39513;3
39514;3
39515;3
39516;17
39517;3
39518;3
39519;3
39520;3
39521;7
39522;2
39523;2
39524;3
39525;4
39526;4
39527;7
39528;7
39529;3
39530;2
39531;6
39532;7
39533;3
39534;3
39535;3
39536;4
39537;4
39538;3
39539;3
39540;4
39541;3
39542;2
39543;2
39544;3
39545;3
39546;3
39547;2
39548;3
39549;3
39550;2
39551;2
39552;2
39553;3
39554;2
39555;6
39556;2
39557;2
39558;2
39559;3
39560;2
39561;4
39562;2
39563;2
39564;2
39565;13
39566;3
39567;3
39568;3
39569;3
39570;3
39571;3
39572;3
39573;2
39574;2
39575;3
39576;17
39577;2
39578;4
39579;38
39580;2
39581;4
39582;2
39583;2
39584;2
39585;2
39586;3
39587;3
39588;3
39589;3
39590;2
39591;3
39592;3
39593;5
39594;38
39595;24
39596;3
39597;14
39598;4
39599;4
39600;4
39601;3
39602;4
39603;4
39604;3
39605;2
39606;3
39607;3
39608;2
39609;2
39610;2
39611;3
39612;3
39613;8
39614;3
39615;3
39616;4
39617;3
39618;3
39619;3
39620;2
39621;2
39622;38
39623;2
39624;2
39625;2
39626;3
39627;3
39628;19
39629;3
39630;2
39631;2
39632;2
39633;2
39634;2
39635;2
39636;3
39637;7
39638;3
39639;2
39640;3
39641;3
39642;2
39643;2
39644;3
39645;2
39646;3
39647;3
39648;10
39649;2
39650;4
39651;2
39652;2
39653;3
39654;3
39655;2
39656;2
39657;47
39658;3
39659;3
39660;3
39661;2
39662;6
39663;2
39664;2
39665;2
39666;2
39667;14
39668;3
39669;3
39670;2
39671;2
39672;2
39673;2
39674;10
39675;3
39676;39
39677;3
39678;3
39679;2
39680;3
39681;0
39682;3
39683;3
39684;8
39685;2
39686;2
39687;2
39688;3
39689;3
39690;3
39691;3
39692;2
39693;3
39694;3
39695;14
39696;14
39697;14
39698;4
39699;4
39700;3
39701;3
39702;2
39703;2
39704;3
39705;3
39706;2
39707;3
39708;3
39709;3
39710;3
39711;3
39712;3
39713;2
39714;3
39715;4
39716;3
39717;19
39718;19
39719;3
39720;3
39721;38
39722;41
39723;3
39724;3
39725;3
39726;3
39727;3
39728;2
39729;15
39730;3
39731;3
39732;3
39733;3
39734;3
39735;8
39736;3
39737;2
39738;2
39739;2
39740;2
39741;3
39742;38
39743;2
39744;16
39745;2
39746;8
39747;4
39748;4
39749;42
39750;3
39751;7
39752;7
39753;3
39754;3
39755;2
39756;3
39757;3
39758;3
39759;2
39760;2
39761;2
39762;3
39763;13
39764;4
39765;3
39766;7
39767;7
39768;3
39769;3
39770;3
39771;3
39772;2
39773;2
39774;2
39775;3
39776;3
39777;3
39778;38
39779;0
39780;3
39781;3
39782;3
39783;39
39784;0
39785;2
39786;7
39787;8
39788;10
39789;3
39790;3
39791;2
39792;3
39793;4
39794;2
39795;3
39796;15
39797;3
39798;3
39799;3
39800;3
39801;3
39802;3
39803;3
39804;3
39805;6
39806;6
39807;2
39808;7
39809;3
39810;7
39811;4
39812;8
39813;2
39814;2
39815;2
39816;3
39817;3
39818;6
39819;3
39820;4
39821;3
39822;3
39823;3
39824;2
39825;4
39826;39
39827;2
39828;3
39829;3
39830;2
39831;3
39832;3
39833;3
39834;2
39835;2
39836;2
39837;3
39838;2
39839;2
39840;3
39841;3
39842;3
39843;3
39844;2
39845;4
39846;3
39847;3
39848;3
39849;3
39850;3
39851;22
39852;2
39853;2
39854;2
39855;2
39856;2
39857;4
39858;14
39859;2
39860;3
39861;3
39862;3
39863;3
39864;35
39865;3
39866;6
39867;6
39868;6
39869;2
39870;3
39871;3
39872;3
39873;2
39874;2
39875;37
39876;3
39877;3
39878;2
39879;2
39880;2
39881;3
39882;2
39883;39
39884;39
39885;3
39886;27
39887;2
39888;2
39889;3
39890;3
39891;2
39892;3
39893;3
39894;3
39895;3
39896;2
39897;2
39898;3
39899;3
39900;3
39901;3
39902;3
39903;7
39904;2
39905;0
39906;0
39907;0
39908;4
39909;3
39910;3
39911;3
39912;3
39913;3
39914;7
39915;3
39916;3
39917;3
39918;3
39919;3
39920;3
39921;7
39922;3
39923;36
39924;0
39925;3
39926;6
39927;6
39928;3
39929;2
39930;18
39931;2
39932;10
39933;2
39934;4
39935;4
39936;4
39937;3
39938;3
39939;39
39940;3
39941;3
39942;47
39943;6
39944;7
39945;3
39946;3
39947;3
39948;16
39949;3
39950;0
39951;2
39952;3
39953;3
39954;4
39955;3
39956;23
39957;7
39958;1
39959;3
39960;2
39961;2
39962;3
39963;3
39964;3
39965;2
39966;2
39967;2
39968;2
39969;2
39970;3
39971;3
39972;3
39973;3
39974;2
39975;2
39976;2
39977;3
39978;3
39979;3
39980;3
39981;2
39982;4
39983;3
39984;3
39985;2
39986;13
39987;3
39988;3
39989;2
39990;3
39991;3
39992;3
39993;3
39994;37
39995;37
39996;37
39997;4
39998;3
39999;2
40000;3
40001;3
40002;4
40003;3
40004;2
40005;2
40006;3
40007;3
40008;4
40009;0
40010;2
40011;2
40012;2
40013;2
40014;2
40015;3
40016;3
40017;2
40018;2
40019;0
40020;2
40021;5
40022;42
40023;54
40024;3
40025;3
40026;3
40027;4
40028;4
40029;2
40030;2
40031;3
40032;3
40033;3
40034;3
40035;16
40036;7
40037;7
40038;7
40039;3
40040;3
40041;2
40042;5
40043;2
40044;0
40045;3
40046;3
40047;6
40048;6
40049;3
40050;3
40051;3
40052;3
40053;2
40054;10
40055;3
40056;3
40057;3
40058;2
40059;3
40060;3
40061;3
40062;2
40063;2
40064;2
40065;3
40066;3
40067;3
40068;3
40069;3
40070;2
40071;2
40072;4
40073;4
40074;7
40075;3
40076;3
40077;3
40078;3
40079;37
40080;3
40081;2
40082;2
40083;2
40084;2
40085;2
40086;3
40087;2
40088;3
40089;3
40090;3
40091;3
40092;3
40093;10
40094;2
40095;3
40096;3
40097;2
40098;2
40099;2
40100;3
40101;2
40102;2
40103;3
40104;4
40105;2
40106;2
40107;2
40108;3
40109;4
40110;3
40111;2
40112;2
40113;2
40114;3
40115;11
40116;11
40117;2
40118;2
40119;2
40120;3
40121;3
40122;2
40123;2
40124;2
40125;3
40126;3
40127;2
40128;20
40129;38
40130;38
40131;3
40132;4
40133;7
40134;3
40135;3
40136;2
40137;3
40138;3
40139;3
40140;3
40141;3
40142;2
40143;2
40144;2
40145;3
40146;2
40147;2
40148;7
40149;3
40150;11
40151;3
40152;3
40153;3
40154;3
40155;3
40156;3
40157;3
40158;3
40159;2
40160;2
40161;2
40162;2
40163;2
40164;2
40165;2
40166;2
40167;2
40168;2
40169;36
40170;3
40171;6
40172;6
40173;3
40174;15
40175;2
40176;2
40177;2
40178;3
40179;3
40180;2
40181;2
40182;3
40183;4
40184;4
40185;3
40186;3
40187;3
40188;3
40189;3
40190;3
40191;3
40192;3
40193;3
40194;3
40195;6
40196;3
40197;2
40198;3
40199;3
40200;3
40201;3
40202;41
40203;2
40204;4
40205;3
40206;3
40207;3
40208;3
40209;7
40210;2
40211;2
40212;2
40213;38
40214;3
40215;4
40216;4
40217;3
40218;2
40219;3
40220;3
40221;3
40222;3
40223;3
40224;6
40225;7
40226;3
40227;3
40228;3
40229;36
40230;3
40231;3
40232;2
40233;3
40234;4
40235;3
40236;8
40237;3
40238;14
40239;14
40240;3
40241;3
40242;2
40243;3
40244;3
40245;3
40246;3
40247;3
40248;3
40249;2
40250;36
40251;3
40252;3
40253;7
40254;15
40255;3
40256;3
40257;2
40258;2
40259;2
40260;4
40261;3
40262;2
40263;2
40264;2
40265;2
40266;2
40267;3
40268;3
40269;39
40270;3
40271;35
40272;3
40273;3
40274;3
40275;2
40276;3
40277;2
40278;2
40279;2
40280;3
40281;3
40282;3
40283;3
40284;2
40285;2
40286;3
40287;3
40288;2
40289;3
40290;3
40291;3
40292;21
40293;3
40294;3
40295;3
40296;3
40297;3
40298;37
40299;3
40300;3
40301;3
40302;3
40303;3
40304;3
40305;3
40306;3
40307;4
40308;2
40309;2
40310;3
40311;3
40312;3
40313;3
40314;2
40315;2
40316;4
40317;18
40318;4
40319;4
40320;4
40321;35
40322;2
40323;3
40324;4
40325;2
40326;2
40327;2
40328;10
40329;3
40330;2
40331;2
40332;4
40333;37
40334;37
40335;37
40336;3
40337;2
40338;3
40339;2
40340;2
40341;6
40342;2
40343;2
40344;2
40345;6
40346;3
40347;2
40348;3
40349;25
40350;2
40351;2
40352;2
40353;2
40354;2
40355;3
40356;3
40357;2
40358;3
40359;3
40360;3
40361;3
40362;3
40363;14
40364;7
40365;25
40366;3
40367;3
40368;73
40369;73
40370;3
40371;48
40372;3
40373;3
40374;3
40375;2
40376;2
40377;2
40378;2
40379;39
40380;3
40381;2
40382;2
40383;2
40384;2
40385;4
40386;4
40387;4
40388;2
40389;15
40390;2
40391;3
40392;2
40393;2
40394;4
40395;3
40396;2
40397;2
40398;2
40399;2
40400;3
40401;2
40402;2
40403;7
40404;7
40405;3
40406;18
40407;1
40408;1
40409;3
40410;3
40411;3
40412;3
40413;2
40414;2
40415;2
40416;4
40417;3
40418;5
40419;3
40420;2
40421;2
40422;3
40423;4
40424;3
40425;3
40426;2
40427;2
40428;3
40429;3
40430;3
40431;3
40432;3
40433;2
40434;3
40435;13
40436;3
40437;3
40438;3
40439;3
40440;2
40441;13
40442;13
40443;3
40444;4
40445;4
40446;2
40447;2
40448;38
40449;38
40450;38
40451;2
40452;3
40453;2
40454;3
40455;2
40456;2
40457;2
40458;3
40459;2
40460;2
40461;2
40462;3
40463;3
40464;2
40465;2
40466;3
40467;2
40468;3
40469;3
40470;3
40471;3
40472;2
40473;2
40474;3
40475;3
40476;3
40477;16
40478;3
40479;3
40480;3
40481;2
40482;11
40483;39
40484;38
40485;3
40486;3
40487;2
40488;3
40489;3
40490;3
40491;3
40492;3
40493;3
40494;4
40495;4
40496;3
40497;20
40498;2
40499;3
40500;2
40501;2
40502;2
40503;3
40504;3
40505;3
40506;4
40507;3
40508;3
40509;2
40510;8
40511;19
40512;7
40513;3
40514;2
40515;3
40516;3
40517;3
40518;3
40519;2
40520;8
40521;8
40522;3
40523;56
40524;3
40525;3
40526;4
40527;7
40528;2
40529;2
40530;2
40531;3
40532;3
40533;2
40534;13
40535;13
40536;13
40537;38
40538;38
40539;3
40540;11
40541;3
40542;2
40543;3
40544;0
40545;3
40546;2
40547;18
40548;3
40549;3
40550;3
40551;3
40552;3
40553;2
40554;2
40555;3
40556;3
40557;3
40558;3
40559;3
40560;3
40561;2
40562;2
40563;3
40564;3
40565;41
40566;6
40567;6
40568;2
40569;2
40570;2
40571;2
40572;3
40573;7
40574;4
40575;5
40576;5
40577;3
40578;3
40579;3
40580;2
40581;3
40582;2
40583;2
40584;2
40585;3
40586;3
40587;3
40588;2
40589;3
40590;10
40591;3
40592;3
40593;4
40594;3
40595;3
40596;3
40597;3
40598;3
40599;3
40600;3
40601;4
40602;3
40603;3
40604;2
40605;3
40606;4
40607;35
40608;35
40609;3
40610;15
40611;3
40612;28
40613;28
40614;2
40615;13
40616;2
40617;2
40618;3
40619;3
40620;2
40621;2
40622;44
40623;7
40624;21
40625;2
40626;2
40627;2
40628;2
40629;3
40630;7
40631;3
40632;3
40633;3
40634;2
40635;2
40636;2
40637;2
40638;3
40639;2
40640;39
40641;2
40642;2
40643;3
40644;2
40645;3
40646;3
40647;2
40648;3
40649;3
40650;10
40651;10
40652;3
40653;3
40654;2
40655;2
40656;2
40657;2
40658;3
40659;3
40660;7
40661;3
40662;10
40663;2
40664;3
40665;4
40666;3
40667;3
40668;3
40669;3
40670;4
40671;4
40672;4
40673;4
40674;2
40675;4
40676;3
40677;3
40678;6
40679;6
40680;2
40681;2
40682;2
40683;2
40684;9
40685;8
40686;8
40687;8
40688;2
40689;2
40690;38
40691;2
40692;37
40693;37
40694;2
40695;2
40696;11
40697;3
40698;3
40699;16
40700;38
40701;0
40702;3
40703;6
40704;3
40705;3
40706;3
40707;3
40708;3
40709;2
40710;3
40711;3
40712;15
40713;3
40714;3
40715;3
40716;3
40717;4
40718;4
40719;4
40720;42
40721;3
40722;3
40723;3
40724;3
40725;3
40726;3
40727;3
40728;3
40729;3
40730;3
40731;12
40732;3
40733;3
40734;3
40735;38
40736;3
40737;3
40738;2
40739;16
40740;16
40741;2
40742;12
40743;3
40744;3
40745;2
40746;2
40747;6
40748;4
40749;2
40750;2
40751;3
40752;3
40753;38
40754;38
40755;2
40756;2
40757;3
40758;3
40759;2
40760;2
40761;3
40762;0
40763;4
40764;2
40765;2
40766;2
40767;3
40768;3
40769;3
40770;3
40771;3
40772;2
40773;3
40774;2
40775;2
40776;3
40777;3
40778;3
40779;3
40780;17
40781;38
40782;3
40783;3
40784;3
40785;36
40786;10
40787;3
40788;3
40789;3
40790;3
40791;3
40792;2
40793;2
40794;2
40795;3
40796;3
40797;3
40798;19
40799;5
40800;3
40801;3
40802;2
40803;3
40804;3
40805;18
40806;4
40807;2
40808;2
40809;2
40810;38
40811;2
40812;2
40813;4
40814;2
40815;4
40816;3
40817;2
40818;7
40819;7
40820;2
40821;3
40822;2
40823;3
40824;3
40825;3
40826;3
40827;3
40828;3
40829;3
40830;2
40831;37
40832;37
40833;2
40834;35
40835;2
40836;2
40837;2
40838;2
40839;2
40840;4
40841;4
40842;2
40843;2
40844;3
40845;3
40846;3
40847;12
40848;2
40849;6
40850;2
40851;3
40852;3
40853;3
40854;37
40855;37
40856;37
40857;3
40858;3
40859;3
40860;21
40861;3
40862;2
40863;2
40864;3
40865;6
40866;6
40867;2
40868;3
40869;3
40870;3
40871;3
40872;3
40873;3
40874;3
40875;10
40876;3
40877;3
40878;3
40879;0
40880;3
40881;3
40882;3
40883;3
40884;3
40885;3
40886;3
40887;3
40888;7
40889;3
40890;2
40891;13
40892;13
40893;6
40894;2
40895;2
40896;2
40897;2
40898;3
40899;2
40900;2
40901;3
40902;16
40903;2
40904;2
40905;2
40906;2
40907;2
40908;2
40909;3
40910;3
40911;2
40912;3
40913;11
40914;3
40915;3
40916;3
40917;2
40918;4
40919;2
40920;4
40921;2
40922;2
40923;2
40924;3
40925;3
40926;2
40927;3
40928;3
40929;2
40930;2
40931;11
40932;36
40933;4
40934;4
40935;3
40936;3
40937;3
40938;11
40939;36
40940;2
40941;3
40942;2
40943;3
40944;6
40945;3
40946;3
40947;3
40948;3
40949;3
40950;3
40951;2
40952;3
40953;7
40954;3
40955;3
40956;3
40957;3
40958;3
40959;4
40960;3
40961;2
40962;4
40963;14
40964;37
40965;3
40966;3
40967;2
40968;2
40969;2
40970;2
40971;2
40972;10
40973;2
40974;13
40975;13
40976;13
40977;6
40978;3
40979;3
40980;2
40981;2
40982;3
40983;3
40984;2
40985;2
40986;2
40987;3
40988;39
40989;3
40990;17
40991;7
40992;3
40993;5
40994;11
40995;3
40996;3
40997;2
40998;2
40999;3
41000;3
41001;3
41002;3
41003;3
41004;7
41005;3
41006;3
41007;35
41008;7
41009;3
41010;3
41011;3
41012;10
41013;2
41014;2
41015;2
41016;3
41017;3
41018;2
41019;37
41020;37
41021;3
41022;4
41023;2
41024;4
41025;3
41026;3
41027;3
41028;4
41029;7
41030;23
41031;6
41032;3
41033;3
41034;12
41035;3
41036;3
41037;3
41038;1
41039;3
41040;2
41041;2
41042;2
41043;2
41044;3
41045;3
41046;3
41047;4
41048;3
41049;3
41050;3
41051;3
41052;2
41053;3
41054;4
41055;5
41056;3
41057;2
41058;2
41059;11
41060;3
41061;3
41062;3
41063;2
41064;4
41065;2
41066;2
41067;3
41068;2
41069;3
41070;3
41071;4
41072;19
41073;38
41074;2
41075;2
41076;2
41077;2
41078;2
41079;9
41080;2
41081;4
41082;4
41083;4
41084;3
41085;3
41086;2
41087;2
41088;21
41089;4
41090;4
41091;3
41092;3
41093;3
41094;3
41095;2
41096;7
41097;3
41098;3
41099;3
41100;3
41101;38
41102;3
41103;73
41104;2
41105;2
41106;2
41107;2
41108;3
41109;2
41110;2
41111;3
41112;2
41113;3
41114;3
41115;7
41116;2
41117;3
41118;2
41119;3
41120;2
41121;3
41122;3
41123;3
41124;3
41125;2
41126;3
41127;0
41128;2
41129;3
41130;4
41131;36
41132;12
41133;3
41134;4
41135;2
41136;3
41137;3
41138;3
41139;3
41140;2
41141;2
41142;2
41143;3
41144;2
41145;3
41146;4
41147;3
41148;25
41149;4
41150;2
41151;3
41152;3
41153;3
41154;3
41155;3
41156;3
41157;3
41158;3
41159;2
41160;2
41161;2
41162;36
41163;3
41164;3
41165;3
41166;3
41167;3
41168;3
41169;2
41170;3
41171;3
41172;3
41173;3
41174;3
41175;3
41176;19
41177;2
41178;2
41179;3
41180;3
41181;3
41182;3
41183;3
41184;3
41185;2
41186;2
41187;3
41188;11
41189;4
41190;3
41191;4
41192;11
41193;7
41194;3
41195;2
41196;4
41197;7
41198;37
41199;3
41200;4
41201;3
41202;22
41203;4
41204;4
41205;6
41206;2
41207;2
41208;2
41209;6
41210;6
41211;6
41212;2
41213;3
41214;36
41215;4
41216;38
41217;55
41218;55
41219;2
41220;2
41221;2
41222;3
41223;2
41224;4
41225;3
41226;2
41227;3
41228;3
41229;3
41230;4
41231;3
41232;3
41233;2
41234;3
41235;3
41236;3
41237;3
41238;2
41239;2
41240;3
41241;3
41242;3
41243;3
41244;3
41245;3
41246;3
41247;38
41248;2
41249;2
41250;2
41251;2
41252;3
41253;2
41254;2
41255;3
41256;3
41257;3
41258;38
41259;38
41260;2
41261;2
41262;4
41263;3
41264;3
41265;3
41266;3
41267;10
41268;4
41269;4
41270;4
41271;2
41272;4
41273;4
41274;4
41275;17
41276;17
41277;3
41278;10
41279;3
41280;3
41281;4
41282;4
41283;5
41284;39
41285;0
41286;3
41287;4
41288;4
41289;3
41290;38
41291;38
41292;0
41293;2
41294;2
41295;2
41296;2
41297;2
41298;3
41299;3
41300;3
41301;3
41302;2
41303;3
41304;3
41305;2
41306;3
41307;3
41308;3
41309;3
41310;3
41311;3
41312;3
41313;3
41314;3
41315;3
41316;2
41317;2
41318;4
41319;4
41320;4
41321;37
41322;3
41323;2
41324;2
41325;2
41326;2
41327;2
41328;3
41329;12
41330;38
41331;3
41332;3
41333;6
41334;3
41335;3
41336;3
41337;3
41338;2
41339;3
41340;3
41341;2
41342;2
41343;4
41344;2
41345;0
41346;2
41347;35
41348;3
41349;2
41350;3
41351;3
41352;2
41353;7
41354;3
41355;3
41356;7
41357;3
41358;3
41359;3
41360;3
41361;3
41362;3
41363;4
41364;4
41365;2
41366;0
41367;11
41368;3
41369;38
41370;3
41371;2
41372;9
41373;2
41374;6
41375;2
41376;3
41377;3
41378;2
41379;4
41380;4
41381;2
41382;2
41383;2
41384;2
41385;0
41386;2
41387;2
41388;2
41389;2
41390;2
41391;2
41392;5
41393;2
41394;14
41395;42
41396;42
41397;2
41398;7
41399;7
41400;3
41401;6
41402;2
41403;2
41404;2
41405;2
41406;3
41407;41
41408;3
41409;3
41410;3
41411;50
41412;50
41413;2
41414;3
41415;4
41416;4
41417;3
41418;3
41419;4
41420;3
41421;3
41422;4
41423;3
41424;4
41425;2
41426;2
41427;2
41428;3
41429;3
41430;2
41431;2
41432;3
41433;3
41434;3
41435;3
41436;11
41437;3
41438;3
41439;3
41440;3
41441;0
41442;3
41443;3
41444;5
41445;3
41446;3
41447;3
41448;2
41449;2
41450;5
41451;5
41452;5
41453;3
41454;41
41455;41
41456;2
41457;3
41458;3
41459;4
41460;14
41461;3
41462;3
41463;3
41464;2
41465;2
41466;2
41467;3
41468;3
41469;3
41470;11
41471;2
41472;2
41473;3
41474;3
41475;3
41476;2
41477;3
41478;3
41479;12
41480;2
41481;2
41482;3
41483;3
41484;3
41485;2
41486;2
41487;2
41488;3
41489;3
41490;3
41491;3
41492;2
41493;2
41494;0
41495;0
41496;2
41497;3
41498;38
41499;38
41500;2
41501;2
41502;2
41503;2
41504;2
41505;2
41506;3
41507;2
41508;3
41509;2
41510;2
41511;3
41512;7
41513;37
41514;2
41515;2
41516;3
41517;2
41518;3
41519;3
41520;4
41521;4
41522;2
41523;2
41524;3
41525;3
41526;3
41527;4
41528;4
41529;4
41530;3
41531;2
41532;2
41533;3
41534;4
41535;3
41536;3
41537;3
41538;2
41539;11
41540;3
41541;3
41542;6
41543;3
41544;18
41545;3
41546;16
41547;3
41548;3
41549;3
41550;3
41551;2
41552;3
41553;3
41554;3
41555;3
41556;3
41557;3
41558;3
41559;3
41560;2
41561;2
41562;3
41563;3
41564;3
41565;3
41566;3
41567;4
41568;39
41569;3
41570;3
41571;4
41572;3
41573;3
41574;2
41575;3
41576;2
41577;3
41578;3
41579;3
41580;2
41581;3
41582;3
41583;3
41584;48
41585;3
41586;3
41587;4
41588;2
41589;2
41590;2
41591;3
41592;3
41593;8
41594;3
41595;3
41596;3
41597;2
41598;2
41599;7
41600;4
41601;3
41602;3
41603;16
41604;3
41605;3
41606;3
41607;4
41608;12
41609;3
41610;2
41611;3
41612;3
41613;3
41614;3
41615;10
41616;3
41617;2
41618;3
41619;3
41620;3
41621;2
41622;35
41623;10
41624;3
41625;2
41626;2
41627;2
41628;3
41629;3
41630;3
41631;2
41632;3
41633;3
41634;2
41635;3
41636;3
41637;2
41638;4
41639;3
41640;3
41641;3
41642;2
41643;2
41644;3
41645;2
41646;3
41647;3
41648;3
41649;3
41650;3
41651;2
41652;3
41653;7
41654;2
41655;2
41656;2
41657;3
41658;0
41659;4
41660;2
41661;2
41662;4
41663;4
41664;2
41665;16
41666;4
41667;4
41668;4
41669;3
41670;4
41671;3
41672;3
41673;3
41674;2
41675;2
41676;2
41677;3
41678;3
41679;3
41680;3
41681;2
41682;3
41683;3
41684;2
41685;2
41686;2
41687;14
41688;3
41689;3
41690;36
41691;3
41692;11
41693;10
41694;0
41695;3
41696;38
41697;3
41698;2
41699;2
41700;3
41701;3
41702;3
41703;17
41704;2
41705;2
41706;2
41707;2
41708;2
41709;3
41710;3
41711;7
41712;6
41713;3
41714;3
41715;3
41716;2
41717;2
41718;2
41719;38
41720;58
41721;3
41722;3
41723;2
41724;18
41725;39
41726;3
41727;3
41728;3
41729;3
41730;3
41731;0
41732;2
41733;2
41734;3
41735;3
41736;3
41737;6
41738;3
41739;3
41740;4
41741;50
41742;4
41743;4
41744;4
41745;4
41746;2
41747;3
41748;3
41749;3
41750;3
41751;3
41752;3
41753;3
41754;4
41755;2
41756;3
41757;3
41758;3
41759;3
41760;0
41761;2
41762;3
41763;24
41764;24
41765;7
41766;3
41767;21
41768;3
41769;2
41770;3
41771;2
41772;2
41773;2
41774;3
41775;10
41776;3
41777;3
41778;3
41779;3
41780;3
41781;3
41782;3
41783;3
41784;2
41785;3
41786;2
41787;8
41788;3
41789;2
41790;2
41791;3
41792;2
41793;3
41794;3
41795;12
41796;3
41797;2
41798;16
41799;16
41800;38
41801;3
41802;3
41803;3
41804;3
41805;3
41806;3
41807;11
41808;3
41809;3
41810;2
41811;19
41812;3
41813;3
41814;3
41815;14
41816;2
41817;2
41818;2
41819;4
41820;4
41821;3
41822;4
41823;4
41824;3
41825;2
41826;2
41827;2
41828;3
41829;6
41830;3
41831;3
41832;2
41833;37
41834;3
41835;3
41836;2
41837;3
41838;3
41839;3
41840;3
41841;3
41842;10
41843;2
41844;2
41845;16
41846;3
41847;3
41848;2
41849;2
41850;2
41851;2
41852;3
41853;3
41854;4
41855;0
41856;3
41857;3
41858;3
41859;3
41860;4
41861;3
41862;2
41863;2
41864;2
41865;2
41866;2
41867;2
41868;3
41869;2
41870;2
41871;2
41872;2
41873;5
41874;3
41875;2
41876;13
41877;39
41878;3
41879;7
41880;7
41881;7
41882;3
41883;3
41884;3
41885;2
41886;2
41887;3
41888;3
41889;2
41890;2
41891;3
41892;3
41893;4
41894;2
41895;38
41896;7
41897;2
41898;3
41899;3
41900;3
41901;3
41902;2
41903;2
41904;2
41905;3
41906;3
41907;3
41908;2
41909;3
41910;3
41911;38
41912;3
41913;4
41914;36
41915;38
41916;50
41917;50
41918;3
41919;2
41920;8
41921;3
41922;3
41923;3
41924;3
41925;3
41926;3
41927;3
41928;3
41929;2
41930;4
41931;36
41932;3
41933;2
41934;3
41935;11
41936;3
41937;9
41938;4
41939;2
41940;2
41941;2
41942;3
41943;3
41944;3
41945;2
41946;2
41947;4
41948;3
41949;4
41950;4
41951;2
41952;3
41953;11
41954;3
41955;3
41956;2
41957;2
41958;2
41959;2
41960;2
41961;3
41962;22
41963;6
41964;3
41965;3
41966;3
41967;3
41968;3
41969;3
41970;4
41971;7
41972;37
41973;3
41974;3
41975;51
41976;3
41977;3
41978;2
41979;2
41980;2
41981;3
41982;2
41983;2
41984;2
41985;3
41986;3
41987;11
41988;6
41989;6
41990;2
41991;39
41992;2
41993;2
41994;2
41995;2
41996;3
41997;2
41998;3
41999;2
42000;2
42001;2
42002;4
42003;3
42004;3
42005;41
42006;3
42007;7
42008;6
42009;2
42010;2
42011;3
42012;2
42013;2
42014;3
42015;3
42016;6
42017;4
42018;4
42019;3
42020;3
42021;3
42022;3
42023;3
42024;3
42025;3
42026;3
42027;3
42028;2
42029;2
42030;3
42031;16
42032;3
42033;3
42034;4
42035;3
42036;12
42037;12
42038;3
42039;38
42040;4
42041;3
42042;3
42043;3
42044;3
42045;10
42046;3
42047;2
42048;2
42049;2
42050;3
42051;3
42052;2
42053;7
42054;2
42055;6
42056;3
42057;2
42058;2
42059;2
42060;2
42061;13
42062;4
42063;4
42064;2
42065;3
42066;3
42067;3
42068;3
42069;3
42070;6
42071;6
42072;4
42073;6
42074;6
42075;3
42076;4
42077;4
42078;4
42079;3
42080;3
42081;3
42082;2
42083;36
42084;36
42085;2
42086;3
42087;3
42088;37
42089;38
42090;38
42091;38
42092;2
42093;3
42094;3
42095;3
42096;3
42097;2
42098;3
42099;3
42100;3
42101;3
42102;3
42103;3
42104;3
42105;3
42106;3
42107;2
42108;3
42109;4
42110;4
42111;16
42112;0
42113;0
42114;38
42115;37
42116;17
42117;6
42118;15
42119;3
42120;2
42121;3
42122;2
42123;2
42124;2
42125;39
42126;4
42127;2
42128;2
42129;3
42130;7
42131;3
42132;3
42133;38
42134;3
42135;3
42136;3
42137;35
42138;3
42139;3
42140;3
42141;3
42142;3
42143;2
42144;2
42145;3
42146;3
42147;3
42148;6
42149;4
42150;2
42151;3
42152;3
42153;2
42154;2
42155;3
42156;37
42157;37
42158;3
42159;3
42160;3
42161;2
42162;3
42163;3
42164;2
42165;2
42166;2
42167;3
42168;38
42169;3
42170;3
42171;3
42172;4
42173;4
42174;3
42175;7
42176;10
42177;3
42178;3
42179;3
42180;2
42181;3
42182;3
42183;3
42184;2
42185;3
42186;3
42187;3
42188;3
42189;3
42190;3
42191;3
42192;3
42193;3
42194;3
42195;3
42196;3
42197;3
42198;3
42199;2
42200;11
42201;37
42202;3
42203;3
42204;3
42205;4
42206;3
42207;3
42208;7
42209;24
42210;7
42211;3
42212;3
42213;3
42214;3
42215;2
42216;4
42217;2
42218;6
42219;2
42220;36
42221;41
42222;3
42223;4
42224;14
42225;2
42226;2
42227;3
42228;3
42229;2
42230;3
42231;2
42232;3
42233;2
42234;2
42235;2
42236;2
42237;2
42238;50
42239;2
42240;3
42241;10
42242;3
42243;3
42244;3
42245;2
42246;3
42247;6
42248;2
42249;2
42250;2
42251;3
42252;4
42253;3
42254;4
42255;3
42256;3
42257;3
42258;3
42259;2
42260;5
42261;3
42262;2
42263;2
42264;2
42265;3
42266;3
42267;3
42268;2
42269;3
42270;3
42271;37
42272;37
42273;3
42274;4
42275;3
42276;3
42277;4
42278;39
42279;3
42280;3
42281;4
42282;2
42283;3
42284;4
42285;2
42286;3
42287;3
42288;2
42289;2
42290;2
42291;14
42292;3
42293;3
42294;2
42295;2
42296;2
42297;2
42298;3
42299;2
42300;3
42301;3
42302;3
42303;2
42304;3
42305;2
42306;4
42307;3
42308;18
42309;3
42310;3
42311;3
42312;3
42313;2
42314;2
42315;7
42316;19
42317;2
42318;3
42319;3
42320;3
42321;3
42322;3
42323;3
42324;42
42325;36
42326;3
42327;3
42328;3
42329;3
42330;3
42331;2
42332;2
42333;4
42334;3
42335;3
42336;3
42337;2
42338;2
42339;2
42340;3
42341;2
42342;3
42343;3
42344;2
42345;3
42346;4
42347;3
42348;2
42349;2
42350;2
42351;3
42352;3
42353;2
42354;39
42355;3
42356;2
42357;11
42358;6
42359;3
42360;3
42361;3
42362;2
42363;2
42364;2
42365;16
42366;3
42367;3
42368;3
42369;2
42370;16
42371;16
42372;3
42373;2
42374;37
42375;4
42376;4
42377;3
42378;3
42379;3
42380;3
42381;3
42382;3
42383;3
42384;0
42385;3
42386;3
42387;3
42388;2
42389;3
42390;3
42391;3
42392;3
42393;4
42394;4
42395;2
42396;2
42397;39
42398;3
42399;3
42400;2
42401;2
42402;3
42403;39
42404;3
42405;2
42406;2
42407;3
42408;2
42409;3
42410;38
42411;41
42412;3
42413;2
42414;3
42415;3
42416;3
42417;4
42418;36
42419;3
42420;39
42421;39
42422;3
42423;3
42424;2
42425;2
42426;2
42427;4
42428;3
42429;3
42430;3
42431;3
42432;3
42433;3
42434;3
42435;3
42436;3
42437;3
42438;3
42439;2
42440;12
42441;3
42442;3
42443;3
42444;3
42445;3
42446;3
42447;3
42448;38
42449;3
42450;4
42451;4
42452;4
42453;37
42454;3
42455;3
42456;3
42457;3
42458;3
42459;3
42460;3
42461;13
42462;11
42463;3
42464;2
42465;2
42466;2
42467;4
42468;3
42469;2
42470;38
42471;2
42472;3
42473;3
42474;3
42475;4
42476;10
42477;3
42478;2
42479;3
42480;3
42481;3
42482;7
42483;3
42484;3
42485;3
42486;3
42487;3
42488;3
42489;3
42490;2
42491;2
42492;2
42493;3
42494;3
42495;2
42496;2
42497;2
42498;3
42499;16
42500;3
42501;17
42502;2
42503;3
42504;2
42505;3
42506;3
42507;3
42508;7
42509;2
42510;2
42511;2
42512;4
42513;3
42514;2
42515;2
42516;2
42517;3
42518;2
42519;3
42520;3
42521;4
42522;3
42523;38
42524;38
42525;38
42526;3
42527;3
42528;3
42529;3
42530;3
42531;3
42532;3
42533;3
42534;3
42535;3
42536;3
42537;2
42538;3
42539;3
42540;3
42541;4
42542;4
42543;11
42544;3
42545;3
42546;3
42547;2
42548;2
42549;38
42550;38
42551;2
42552;3
42553;3
42554;3
42555;3
42556;3
42557;2
42558;3
42559;3
42560;3
42561;3
42562;3
42563;7
42564;7
42565;2
42566;3
42567;7
42568;19
42569;3
42570;3
42571;2
42572;4
42573;3
42574;2
42575;2
42576;2
42577;3
42578;3
42579;3
42580;4
42581;4
42582;3
42583;3
42584;3
42585;39
42586;7
42587;7
42588;41
42589;3
42590;3
42591;3
42592;36
42593;3
42594;3
42595;3
42596;3
42597;20
42598;3
42599;3
42600;2
42601;3
42602;38
42603;3
42604;2
42605;2
42606;2
42607;2
42608;2
42609;2
42610;2
42611;2
42612;3
42613;3
42614;3
42615;3
42616;3
42617;4
42618;4
42619;4
42620;3
42621;3
42622;2
42623;2
42624;3
42625;3
42626;3
42627;3
42628;3
42629;4
42630;7
42631;7
42632;2
42633;2
42634;19
42635;4
42636;4
42637;3
42638;3
42639;3
42640;3
42641;4
42642;4
42643;3
42644;3
42645;37
42646;4
42647;16
42648;3
42649;3
42650;3
42651;2
42652;2
42653;2
42654;3
42655;4
42656;3
42657;2
42658;3
42659;3
42660;5
42661;3
42662;3
42663;3
42664;2
42665;2
42666;2
42667;3
42668;3
42669;3
42670;11
42671;2
42672;2
42673;2
42674;2
42675;2
42676;2
42677;4
42678;3
42679;3
42680;3
42681;2
42682;9
42683;3
42684;2
42685;2
42686;2
42687;2
42688;3
42689;3
42690;18
42691;18
42692;2
42693;2
42694;8
42695;3
42696;2
42697;12
42698;2
42699;3
42700;3
42701;2
42702;2
42703;3
42704;3
42705;2
42706;2
42707;3
42708;3
42709;3
42710;36
42711;3
42712;3
42713;3
42714;4
42715;4
42716;13
42717;3
42718;3
42719;3
42720;3
42721;3
42722;2
42723;3
42724;3
42725;3
42726;2
42727;3
42728;2
42729;50
42730;3
42731;3
42732;6
42733;3
42734;14
42735;2
42736;3
42737;3
42738;46
42739;46
42740;3
42741;6
42742;3
42743;8
42744;4
42745;12
42746;4
42747;2
42748;8
42749;8
42750;3
42751;3
42752;4
42753;3
42754;3
42755;3
42756;2
42757;3
42758;3
42759;3
42760;3
42761;3
42762;2
42763;73
42764;45
42765;18
42766;3
42767;3
42768;3
42769;38
42770;3
42771;3
42772;3
42773;2
42774;3
42775;3
42776;6
42777;4
42778;2
42779;3
42780;3
42781;37
42782;37
42783;3
42784;17
42785;3
42786;37
42787;8
42788;15
42789;40
42790;2
42791;3
42792;7
42793;0
42794;3
42795;3
42796;4
42797;7
42798;3
42799;3
42800;3
42801;0
42802;0
42803;2
42804;2
42805;2
42806;3
42807;2
42808;3
42809;3
42810;3
42811;3
42812;3
42813;3
42814;2
42815;4
42816;4
42817;3
42818;2
42819;3
42820;3
42821;3
42822;3
42823;3
42824;3
42825;2
42826;2
42827;2
42828;14
42829;2
42830;3
42831;3
42832;3
42833;3
42834;3
42835;3
42836;2
42837;18
42838;4
42839;2
42840;3
42841;5
42842;3
42843;11
42844;3
42845;3
42846;3
42847;2
42848;3
42849;2
42850;2
42851;3
42852;3
42853;8
42854;8
42855;3
42856;3
42857;3
42858;6
42859;16
42860;15
42861;2
42862;3
42863;2
42864;2
42865;2
42866;2
42867;2
42868;2
42869;3
42870;2
42871;13
42872;13
42873;13
42874;6
42875;14
42876;12
42877;3
42878;3
42879;3
42880;4
42881;3
42882;2
42883;2
42884;3
42885;2
42886;3
42887;3
42888;3
42889;4
42890;3
42891;3
42892;21
42893;4
42894;4
42895;3
42896;3
42897;3
42898;2
42899;3
42900;3
42901;3
42902;4
42903;3
42904;2
42905;2
42906;2
42907;3
42908;3
42909;4
42910;3
42911;2
42912;2
42913;2
42914;2
42915;3
42916;3
42917;3
42918;3
42919;3
42920;2
42921;7
42922;2
42923;3
42924;3
42925;27
42926;2
42927;3
42928;3
42929;3
42930;2
42931;2
42932;2
42933;3
42934;2
42935;3
42936;3
42937;3
42938;16
42939;38
42940;6
42941;3
42942;3
42943;3
42944;2
42945;47
42946;2
42947;3
42948;2
42949;2
42950;3
42951;3
42952;3
42953;3
42954;3
42955;3
42956;2
42957;3
42958;4
42959;37
42960;51
42961;51
42962;6
42963;3
42964;3
42965;2
42966;3
42967;3
42968;3
42969;3
42970;3
42971;39
42972;2
42973;3
42974;3
42975;2
42976;2
42977;2
42978;3
42979;3
42980;3
42981;2
42982;3
42983;3
42984;3
42985;3
42986;3
42987;2
42988;2
42989;3
42990;2
42991;38
42992;7
42993;37
42994;3
42995;2
42996;3
42997;4
42998;3
42999;7
43000;4
43001;2
43002;2
43003;3
43004;3
43005;3
43006;3
43007;4
43008;3
43009;3
43010;3
43011;3
43012;17
43013;2
43014;2
43015;2
43016;4
43017;3
43018;3
43019;4
43020;3
43021;3
43022;3
43023;2
43024;2
43025;2
43026;3
43027;4
43028;3
43029;3
43030;3
43031;3
43032;4
43033;2
43034;13
43035;2
43036;3
43037;2
43038;2
43039;2
43040;2
43041;3
43042;2
43043;3
43044;2
43045;3
43046;3
43047;3
43048;3
43049;3
43050;5
43051;3
43052;3
43053;3
43054;3
43055;4
43056;3
43057;2
43058;3
43059;3
43060;2
43061;2
43062;2
43063;38
43064;3
43065;3
43066;4
43067;3
43068;2
43069;2
43070;37
43071;9
43072;9
43073;9
43074;3
43075;2
43076;35
43077;3
43078;2
43079;3
43080;3
43081;2
43082;2
43083;10
43084;3
43085;3
43086;3
43087;3
43088;3
43089;14
43090;3
43091;2
43092;2
43093;3
43094;3
43095;4
43096;4
43097;3
43098;3
43099;3
43100;3
43101;3
43102;7
43103;2
43104;7
43105;3
43106;3
43107;3
43108;3
43109;37
43110;37
43111;37
43112;3
43113;4
43114;4
43115;2
43116;7
43117;4
43118;4
43119;4
43120;2
43121;2
43122;2
43123;2
43124;12
43125;3
43126;3
43127;2
43128;2
43129;3
43130;3
43131;3
43132;3
43133;3
43134;3
43135;38
43136;2
43137;2
43138;3
43139;6
43140;6
43141;3
43142;3
43143;2
43144;2
43145;2
43146;2
43147;22
43148;2
43149;3
43150;3
43151;3
43152;3
43153;2
43154;3
43155;3
43156;3
43157;3
43158;2
43159;2
43160;4
43161;2
43162;13
43163;6
43164;3
43165;3
43166;3
43167;3
43168;3
43169;2
43170;8
43171;8
43172;3
43173;3
43174;3
43175;7
43176;2
43177;3
43178;3
43179;2
43180;3
43181;12
43182;2
43183;2
43184;39
43185;3
43186;2
43187;2
43188;2
43189;2
43190;2
43191;3
43192;3
43193;37
43194;37
43195;4
43196;4
43197;3
43198;2
43199;2
43200;2
43201;14
43202;3
43203;38
43204;38
43205;0
43206;3
43207;3
43208;49
43209;56
43210;3
43211;2
43212;38
43213;4
43214;4
43215;2
43216;3
43217;2
43218;3
43219;3
43220;2
43221;3
43222;39
43223;2
43224;8
43225;36
43226;3
43227;3
43228;3
43229;37
43230;3
43231;3
43232;39
43233;39
43234;2
43235;2
43236;3
43237;3
43238;3
43239;3
43240;3
43241;2
43242;3
43243;3
43244;2
43245;3
43246;3
43247;37
43248;4
43249;4
43250;2
43251;2
43252;2
43253;3
43254;3
43255;3
43256;3
43257;3
43258;2
43259;39
43260;3
43261;7
43262;3
43263;2
43264;2
43265;40
43266;3
43267;2
43268;3
43269;2
43270;2
43271;7
43272;2
43273;2
43274;39
43275;3
43276;3
43277;3
43278;3
43279;2
43280;2
43281;3
43282;3
43283;3
43284;4
43285;3
43286;2
43287;2
43288;2
43289;3
43290;3
43291;5
43292;2
43293;2
43294;2
43295;2
43296;3
43297;3
43298;2
43299;3
43300;2
43301;2
43302;2
43303;3
43304;3
43305;2
43306;2
43307;3
43308;4
43309;2
43310;10
43311;37
43312;7
43313;3
43314;2
43315;3
43316;3
43317;2
43318;2
43319;2
43320;2
43321;2
43322;2
43323;3
43324;3
43325;3
43326;3
43327;3
43328;2
43329;8
43330;3
43331;3
43332;3
43333;3
43334;2
43335;3
43336;3
43337;7
43338;3
43339;3
43340;3
43341;2
43342;6
43343;3
43344;3
43345;3
43346;2
43347;3
43348;3
43349;2
43350;2
43351;3
43352;4
43353;4
43354;3
43355;4
43356;2
43357;6
43358;47
43359;2
43360;10
43361;2
43362;35
43363;3
43364;11
43365;2
43366;3
43367;2
43368;3
43369;3
43370;14
43371;3
43372;2
43373;3
43374;3
43375;48
43376;3
43377;3
43378;2
43379;3
43380;3
43381;2
43382;2
43383;2
43384;4
43385;3
43386;2
43387;3
43388;3
43389;2
43390;3
43391;4
43392;2
43393;3
43394;3
43395;7
43396;18
43397;18
43398;37
43399;3
43400;3
43401;39
43402;39
43403;3
43404;3
43405;3
43406;2
43407;11
43408;38
43409;3
43410;3
43411;3
43412;3
43413;3
43414;3
43415;3
43416;2
43417;5
43418;5
43419;3
43420;3
43421;3
43422;3
43423;3
43424;3
43425;3
43426;3
43427;17
43428;3
43429;2
43430;6
43431;6
43432;2
43433;3
43434;38
43435;3
43436;3
43437;3
43438;3
43439;3
43440;3
43441;3
43442;3
43443;3
43444;3
43445;3
43446;3
43447;3
43448;3
43449;2
43450;3
43451;2
43452;2
43453;2
43454;4
43455;4
43456;3
43457;38
43458;2
43459;2
43460;2
43461;3
43462;3
43463;3
43464;3
43465;4
43466;2
43467;3
43468;3
43469;3
43470;40
43471;16
43472;3
43473;3
43474;37
43475;3
43476;3
43477;10
43478;3
43479;3
43480;3
43481;4
43482;2
43483;3
43484;3
43485;3
43486;3
43487;3
43488;3
43489;3
43490;3
43491;3
43492;39
43493;3
43494;3
43495;4
43496;38
43497;4
43498;2
43499;3
43500;4
43501;3
43502;4
43503;3
43504;3
43505;3
43506;6
43507;3
43508;3
43509;3
43510;5
43511;24
43512;3
43513;3
43514;38
43515;6
43516;37
43517;44
43518;2
43519;3
43520;3
43521;3
43522;3
43523;3
43524;3
43525;3
43526;38
43527;3
43528;3
43529;3
43530;3
43531;3
43532;4
43533;3
43534;39
43535;2
43536;3
43537;4
43538;10
43539;3
43540;37
43541;2
43542;2
43543;3
43544;13
43545;2
43546;2
43547;2
43548;2
43549;3
43550;3
43551;3
43552;3
43553;3
43554;3
43555;3
43556;3
43557;4
43558;3
43559;3
43560;4
43561;3
43562;3
43563;2
43564;2
43565;3
43566;35
43567;3
43568;2
43569;2
43570;2
43571;2
43572;2
43573;2
43574;2
43575;3
43576;2
43577;2
43578;3
43579;3
43580;3
43581;9
43582;15
43583;2
43584;38
43585;3
43586;2
43587;4
43588;38
43589;3
43590;3
43591;3
43592;3
43593;2
43594;2
43595;3
43596;2
43597;2
43598;2
43599;3
43600;3
43601;3
43602;2
43603;3
43604;3
43605;3
43606;2
43607;2
43608;2
43609;2
43610;3
43611;3
43612;3
43613;9
43614;3
43615;2
43616;3
43617;2
43618;3
43619;3
43620;3
43621;2
43622;2
43623;3
43624;3
43625;3
43626;3
43627;37
43628;3
43629;3
43630;3
43631;3
43632;2
43633;2
43634;4
43635;2
43636;3
43637;42
43638;3
43639;3
43640;2
43641;12
43642;3
43643;4
43644;13
43645;2
43646;35
43647;3
43648;3
43649;3
43650;3
43651;3
43652;11
43653;11
43654;7
43655;7
43656;2
43657;35
43658;35
43659;3
43660;2
43661;3
43662;3
43663;3
43664;2
43665;3
43666;2
43667;3
43668;2
43669;2
43670;2
43671;4
43672;4
43673;3
43674;3
43675;2
43676;2
43677;3
43678;3
43679;4
43680;4
43681;2
43682;4
43683;4
43684;17
43685;17
43686;4
43687;3
43688;2
43689;11
43690;2
43691;3
43692;3
43693;3
43694;3
43695;3
43696;3
43697;3
43698;3
43699;3
43700;3
43701;13
43702;3
43703;3
43704;2
43705;2
43706;2
43707;3
43708;7
43709;4
43710;4
43711;4
43712;3
43713;3
43714;3
43715;3
43716;3
43717;11
43718;38
43719;3
43720;2
43721;2
43722;2
43723;2
43724;3
43725;2
43726;7
43727;7
43728;2
43729;2
43730;3
43731;2
43732;2
43733;2
43734;3
43735;39
43736;11
43737;2
43738;2
43739;2
43740;3
43741;2
43742;3
43743;2
43744;37
43745;3
43746;3
43747;3
43748;3
43749;3
43750;3
43751;3
43752;3
43753;2
43754;2
43755;3
43756;3
43757;3
43758;3
43759;35
43760;3
43761;7
43762;39
43763;2
43764;2
43765;2
43766;3
43767;3
43768;2
43769;2
43770;2
43771;3
43772;2
43773;2
43774;4
43775;4
43776;3
43777;5
43778;3
43779;38
43780;44
43781;2
43782;2
43783;3
43784;3
43785;3
43786;3
43787;3
43788;3
43789;5
43790;3
43791;2
43792;3
43793;4
43794;2
43795;3
43796;2
43797;2
43798;2
43799;3
43800;10
43801;10
43802;2
43803;3
43804;4
43805;3
43806;3
43807;2
43808;2
43809;7
43810;3
43811;3
43812;3
43813;2
43814;2
43815;38
43816;6
43817;6
43818;3
43819;3
43820;4
43821;6
43822;3
43823;3
43824;3
43825;3
43826;2
43827;4
43828;3
43829;2
43830;3
43831;2
43832;38
43833;54
43834;54
43835;3
43836;3
43837;2
43838;3
43839;3
43840;3
43841;3
43842;7
43843;3
43844;3
43845;3
43846;3
43847;3
43848;11
43849;37
43850;2
43851;3
43852;3
43853;3
43854;3
43855;3
43856;3
43857;40
43858;40
43859;3
43860;2
43861;2
43862;3
43863;3
43864;35
43865;3
43866;3
43867;3
43868;3
43869;2
43870;2
43871;2
43872;3
43873;2
43874;2
43875;2
43876;2
43877;3
43878;3
43879;2
43880;2
43881;2
43882;3
43883;2
43884;3
43885;3
43886;3
43887;3
43888;3
43889;6
43890;6
43891;6
43892;4
43893;4
43894;3
43895;3
43896;3
43897;10
43898;3
43899;3
43900;2
43901;7
43902;4
43903;3
43904;4
43905;4
43906;3
43907;7
43908;7
43909;2
43910;39
43911;3
43912;10
43913;3
43914;2
43915;10
43916;4
43917;38
43918;3
43919;3
43920;3
43921;2
43922;3
43923;3
43924;4
43925;4
43926;4
43927;3
43928;3
43929;3
43930;17
43931;3
43932;2
43933;2
43934;2
43935;4
43936;3
43937;3
43938;4
43939;4
43940;3
43941;4
43942;4
43943;3
43944;3
43945;2
43946;3
43947;3
43948;3
43949;2
43950;4
43951;3
43952;15
43953;3
43954;3
43955;2
43956;2
43957;3
43958;6
43959;3
43960;8
43961;3
43962;2
43963;3
43964;3
43965;3
43966;3
43967;2
43968;2
43969;2
43970;3
43971;3
43972;3
43973;3
43974;3
43975;3
43976;3
43977;3
43978;6
43979;0
43980;37
43981;37
43982;3
43983;3
43984;3
43985;3
43986;3
43987;3
43988;3
43989;2
43990;8
43991;3
43992;3
43993;2
43994;3
43995;2
43996;2
43997;3
43998;3
43999;3
44000;2
44001;11
44002;3
44003;3
44004;3
44005;3
44006;7
44007;2
44008;3
44009;3
44010;3
44011;3
44012;3
44013;3
44014;3
44015;3
44016;3
44017;3
44018;2
44019;6
44020;3
44021;3
44022;3
44023;3
44024;4
44025;3
44026;3
44027;3
44028;3
44029;3
44030;2
44031;2
44032;3
44033;3
44034;3
44035;7
44036;35
44037;0
44038;4
44039;3
44040;3
44041;3
44042;4
44043;4
44044;3
44045;8
44046;28
44047;28
44048;3
44049;3
44050;7
44051;3
44052;3
44053;3
44054;2
44055;2
44056;2
44057;7
44058;3
44059;3
44060;3
44061;3
44062;2
44063;3
44064;2
44065;2
44066;2
44067;3
44068;3
44069;3
44070;3
44071;2
44072;4
44073;4
44074;38
44075;3
44076;6
44077;2
44078;3
44079;2
44080;2
44081;2
44082;5
44083;3
44084;3
44085;3
44086;3
44087;2
44088;2
44089;3
44090;38
44091;3
44092;3
44093;3
44094;3
44095;7
44096;13
44097;2
44098;3
44099;3
44100;4
44101;2
44102;2
44103;2
44104;2
44105;3
44106;18
44107;6
44108;6
44109;6
44110;4
44111;7
44112;2
44113;6
44114;6
44115;3
44116;2
44117;2
44118;2
44119;3
44120;2
44121;3
44122;3
44123;3
44124;3
44125;2
44126;2
44127;2
44128;3
44129;6
44130;2
44131;7
44132;6
44133;6
44134;3
44135;2
44136;2
44137;2
44138;39
44139;6
44140;6
44141;3
44142;3
44143;3
44144;3
44145;2
44146;2
44147;3
44148;11
44149;3
44150;3
44151;10
44152;3
44153;3
44154;3
44155;3
44156;3
44157;3
44158;7
44159;3
44160;4
44161;4
44162;2
44163;3
44164;3
44165;3
44166;3
44167;6
44168;2
44169;2
44170;12
44171;7
44172;5
44173;3
44174;3
44175;2
44176;5
44177;2
44178;2
44179;3
44180;4
44181;4
44182;3
44183;3
44184;3
44185;2
44186;3
44187;3
44188;2
44189;2
44190;3
44191;4
44192;3
44193;7
44194;2
44195;3
44196;3
44197;2
44198;2
44199;2
44200;2
44201;2
44202;4
44203;4
44204;8
44205;2
44206;2
44207;3
44208;3
44209;3
44210;37
44211;37
44212;3
44213;3
44214;3
44215;6
44216;6
44217;3
44218;3
44219;3
44220;2
44221;10
44222;2
44223;2
44224;2
44225;8
44226;4
44227;2
44228;2
44229;3
44230;3
44231;3
44232;3
44233;3
44234;3
44235;3
44236;3
44237;0
44238;3
44239;3
44240;4
44241;2
44242;15
44243;38
44244;3
44245;3
44246;3
44247;3
44248;3
44249;3
44250;3
44251;3
44252;3
44253;4
44254;42
44255;42
44256;3
44257;2
44258;14
44259;10
44260;2
44261;2
44262;2
44263;6
44264;6
44265;2
44266;8
44267;2
44268;2
44269;3
44270;3
44271;3
44272;3
44273;3
44274;3
44275;3
44276;3
44277;4
44278;2
44279;3
44280;3
44281;37
44282;3
44283;4
44284;3
44285;3
44286;3
44287;3
44288;3
44289;6
44290;2
44291;2
44292;2
44293;2
44294;4
44295;2
44296;35
44297;3
44298;3
44299;3
44300;2
44301;2
44302;37
44303;47
44304;3
44305;4
44306;3
44307;3
44308;3
44309;3
44310;3
44311;72
44312;72
44313;3
44314;3
44315;3
44316;3
44317;3
44318;4
44319;4
44320;2
44321;2
44322;2
44323;39
44324;2
44325;2
44326;7
44327;3
44328;3
44329;3
44330;2
44331;2
44332;2
44333;3
44334;7
44335;7
44336;3
44337;3
44338;2
44339;2
44340;2
44341;6
44342;3
44343;2
44344;7
44345;11
44346;3
44347;2
44348;2
44349;2
44350;3
44351;2
44352;2
44353;2
44354;6
44355;3
44356;14
44357;3
44358;3
44359;3
44360;3
44361;3
44362;37
44363;3
44364;2
44365;2
44366;3
44367;3
44368;3
44369;10
44370;2
44371;2
44372;2
44373;2
44374;2
44375;2
44376;2
44377;3
44378;10
44379;37
44380;3
44381;2
44382;3
44383;3
44384;3
44385;3
44386;3
44387;3
44388;7
44389;13
44390;3
44391;4
44392;3
44393;38
44394;3
44395;3
44396;3
44397;3
44398;2
44399;3
44400;8
44401;37
44402;10
44403;3
44404;3
44405;6
44406;37
44407;4
44408;4
44409;3
44410;3
44411;37
44412;37
44413;8
44414;2
44415;3
44416;3
44417;11
44418;10
44419;2
44420;2
44421;3
44422;3
44423;2
44424;2
44425;2
44426;3
44427;3
44428;7
44429;7
44430;2
44431;2
44432;4
44433;10
44434;3
44435;3
44436;3
44437;2
44438;4
44439;4
44440;2
44441;2
44442;3
44443;3
44444;3
44445;39
44446;6
44447;3
44448;6
44449;3
44450;3
44451;3
44452;3
44453;3
44454;3
44455;3
44456;3
44457;3
44458;5
44459;3
44460;3
44461;3
44462;3
44463;4
44464;3
44465;7
44466;3
44467;3
44468;4
44469;4
44470;2
44471;2
44472;4
44473;3
44474;3
44475;3
44476;3
44477;3
44478;2
44479;8
44480;4
44481;4
44482;3
44483;3
44484;3
44485;3
44486;38
44487;3
44488;3
44489;3
44490;3
44491;3
44492;2
44493;2
44494;3
44495;2
44496;38
44497;38
44498;3
44499;3
44500;3
44501;3
44502;3
44503;2
44504;3
44505;3
44506;4
44507;16
44508;2
44509;39
44510;7
44511;3
44512;2
44513;3
44514;2
44515;2
44516;2
44517;2
44518;35
44519;35
44520;2
44521;2
44522;3
44523;3
44524;3
44525;4
44526;3
44527;3
44528;3
44529;2
44530;2
44531;3
44532;3
44533;3
44534;3
44535;3
44536;70
44537;2
44538;2
44539;2
44540;3
44541;3
44542;2
44543;3
44544;3
44545;3
44546;3
44547;3
44548;3
44549;7
44550;4
44551;2
44552;2
44553;4
44554;2
44555;2
44556;2
44557;2
44558;2
44559;2
44560;3
44561;3
44562;4
44563;7
44564;15
44565;3
44566;3
44567;3
44568;3
44569;3
44570;3
44571;3
44572;7
44573;3
44574;2
44575;10
44576;10
44577;10
44578;2
44579;3
44580;2
44581;3
44582;3
44583;35
44584;3
44585;2
44586;2
44587;2
44588;3
44589;2
44590;2
44591;2
44592;38
44593;38
44594;38
44595;2
44596;2
44597;3
44598;3
44599;3
44600;6
44601;2
44602;3
44603;3
44604;4
44605;4
44606;4
44607;6
44608;3
44609;6
44610;37
44611;3
44612;2
44613;2
44614;3
44615;2
44616;2
44617;17
44618;17
44619;2
44620;42
44621;2
44622;2
44623;2
44624;3
44625;5
44626;22
44627;22
44628;37
44629;7
44630;3
44631;3
44632;2
44633;3
44634;2
44635;38
44636;2
44637;3
44638;3
44639;3
44640;2
44641;2
44642;2
44643;3
44644;2
44645;2
44646;2
44647;2
44648;2
44649;2
44650;3
44651;3
44652;3
44653;2
44654;3
44655;3
44656;3
44657;3
44658;3
44659;3
44660;3
44661;3
44662;3
44663;38
44664;3
44665;38
44666;2
44667;2
44668;2
44669;3
44670;4
44671;2
44672;3
44673;8
44674;37
44675;3
44676;2
44677;15
44678;3
44679;6
44680;7
44681;2
44682;3
44683;8
44684;2
44685;6
44686;6
44687;7
44688;2
44689;3
44690;2
44691;39
44692;2
44693;4
44694;3
44695;3
44696;3
44697;2
44698;2
44699;4
44700;2
44701;3
44702;3
44703;16
44704;16
44705;4
44706;2
44707;2
44708;2
44709;2
44710;3
44711;3
44712;3
44713;2
44714;2
44715;3
44716;4
44717;4
44718;37
44719;7
44720;7
44721;3
44722;3
44723;3
44724;3
44725;3
44726;2
44727;2
44728;2
44729;3
44730;2
44731;3
44732;3
44733;3
44734;3
44735;3
44736;2
44737;3
44738;0
44739;2
44740;2
44741;1
44742;1
44743;2
44744;2
44745;2
44746;7
44747;0
44748;2
44749;3
44750;3
44751;3
44752;2
44753;2
44754;2
44755;2
44756;2
44757;3
44758;2
44759;3
44760;2
44761;2
44762;2
44763;2
44764;2
44765;2
44766;16
44767;3
44768;2
44769;3
44770;4
44771;3
44772;3
44773;3
44774;3
44775;37
44776;3
44777;3
44778;3
44779;3
44780;2
44781;37
44782;37
44783;2
44784;2
44785;3
44786;3
44787;3
44788;3
44789;4
44790;15
44791;15
44792;15
44793;2
44794;2
44795;4
44796;3
44797;3
44798;7
44799;3
44800;4
44801;3
44802;3
44803;15
44804;3
44805;3
44806;3
44807;36
44808;2
44809;3
44810;3
44811;3
44812;3
44813;2
44814;2
44815;2
44816;2
44817;39
44818;3
44819;3
44820;3
44821;3
44822;3
44823;2
44824;2
44825;3
44826;3
44827;4
44828;38
44829;7
44830;6
44831;6
44832;38
44833;38
44834;2
44835;2
44836;3
44837;2
44838;3
44839;3
44840;3
44841;3
44842;3
44843;10
44844;2
44845;2
44846;2
44847;3
44848;6
44849;3
44850;3
44851;3
44852;3
44853;3
44854;3
44855;3
44856;3
44857;10
44858;16
44859;2
44860;2
44861;3
44862;4
44863;3
44864;7
44865;3
44866;2
44867;10
44868;10
44869;2
44870;4
44871;6
44872;40
44873;40
44874;5
44875;3
44876;3
44877;3
44878;2
44879;4
44880;44
44881;3
44882;3
44883;3
44884;2
44885;2
44886;2
44887;3
44888;7
44889;2
44890;3
44891;6
44892;2
44893;3
44894;4
44895;4
44896;3
44897;2
44898;7
44899;3
44900;2
44901;2
44902;2
44903;2
44904;2
44905;4
44906;37
44907;2
44908;2
44909;3
44910;3
44911;3
44912;3
44913;2
44914;2
44915;3
44916;6
44917;6
44918;2
44919;2
44920;2
44921;2
44922;3
44923;17
44924;3
44925;4
44926;4
44927;3
44928;3
44929;4
44930;4
44931;2
44932;2
44933;38
44934;2
44935;2
44936;4
44937;2
44938;2
44939;3
44940;2
44941;2
44942;2
44943;3
44944;3
44945;2
44946;3
44947;3
44948;20
44949;3
44950;3
44951;3
44952;2
44953;2
44954;3
44955;3
44956;3
44957;3
44958;3
44959;3
44960;3
44961;4
44962;4
44963;3
44964;3
44965;2
44966;3
44967;3
44968;2
44969;37
44970;37
44971;37
44972;2
44973;3
44974;3
44975;38
44976;4
44977;4
44978;3
44979;10
44980;21
44981;3
44982;3
44983;3
44984;3
44985;3
44986;3
44987;6
44988;2
44989;2
44990;2
44991;2
44992;2
44993;4
44994;26
44995;3
44996;3
44997;19
44998;2
44999;3
45000;3
45001;0
45002;0
45003;2
45004;2
45005;2
45006;2
45007;39
45008;37
45009;37
45010;3
45011;3
45012;3
45013;2
45014;2
45015;4
45016;37
45017;2
45018;3
45019;2
45020;2
45021;2
45022;10
45023;3
45024;3
45025;3
45026;3
45027;3
45028;4
45029;4
45030;3
45031;2
45032;2
45033;3
45034;3
45035;4
45036;2
45037;3
45038;3
45039;74
45040;2
45041;2
45042;2
45043;7
45044;3
45045;7
45046;7
45047;3
45048;3
45049;3
45050;2
45051;2
45052;2
45053;2
45054;3
45055;3
45056;3
45057;3
45058;3
45059;3
45060;4
45061;3
45062;6
45063;3
45064;2
45065;2
45066;3
45067;6
45068;6
45069;3
45070;4
45071;4
45072;3
45073;17
45074;6
45075;6
45076;4
45077;19
45078;38
45079;38
45080;37
45081;3
45082;3
45083;3
45084;3
45085;2
45086;4
45087;4
45088;3
45089;3
45090;3
45091;6
45092;6
45093;2
45094;3
45095;3
45096;3
45097;3
45098;3
45099;2
45100;9
45101;2
45102;3
45103;2
45104;2
45105;3
45106;2
45107;3
45108;2
45109;3
45110;3
45111;0
45112;4
45113;4
45114;2
45115;2
45116;3
45117;3
45118;2
45119;2
45120;2
45121;3
45122;3
45123;9
45124;9
45125;38
45126;3
45127;3
45128;3
45129;3
45130;3
45131;3
45132;3
45133;3
45134;2
45135;3
45136;2
45137;2
45138;2
45139;3
45140;2
45141;6
45142;2
45143;2
45144;2
45145;3
45146;3
45147;2
45148;3
45149;3
45150;3
45151;2
45152;2
45153;2
45154;2
45155;3
45156;3
45157;6
45158;3
45159;3
45160;3
45161;3
45162;2
45163;2
45164;2
45165;3
45166;4
45167;3
45168;3
45169;3
45170;7
45171;7
45172;4
45173;3
45174;3
45175;2
45176;2
45177;6
45178;6
45179;6
45180;3
45181;2
45182;3
45183;2
45184;2
45185;3
45186;3
45187;3
45188;3
45189;3
45190;3
45191;1
45192;3
45193;2
45194;3
45195;2
45196;2
45197;3
45198;3
45199;2
45200;2
45201;3
45202;3
45203;3
45204;2
45205;2
45206;3
45207;3
45208;3
45209;3
45210;3
45211;2
45212;2
45213;2
45214;3
45215;3
45216;2
45217;3
45218;3
45219;3
45220;3
45221;3
45222;4
45223;4
45224;3
45225;3
45226;3
45227;7
45228;3
45229;2
45230;2
45231;3
45232;3
45233;7
45234;3
45235;3
45236;3
45237;3
45238;3
45239;3
45240;3
45241;2
45242;38
45243;3
45244;4
45245;4
45246;2
45247;2
45248;2
45249;8
45250;8
45251;3
45252;3
45253;3
45254;2
45255;3
45256;2
45257;3
45258;3
45259;3
45260;3
45261;3
45262;3
45263;3
45264;2
45265;3
45266;3
45267;3
45268;3
45269;3
45270;5
45271;9
45272;2
45273;2
45274;2
45275;3
45276;10
45277;10
45278;6
45279;6
45280;3
45281;2
45282;3
45283;3
45284;3
45285;2
45286;3
45287;4
45288;2
45289;2
45290;2
45291;3
45292;10
45293;2
45294;9
45295;3
45296;10
45297;3
45298;3
45299;2
45300;3
45301;3
45302;3
45303;2
45304;3
45305;3
45306;3
45307;3
45308;3
45309;4
45310;3
45311;3
45312;4
45313;2
45314;3
45315;6
45316;3
45317;3
45318;3
45319;8
45320;3
45321;3
45322;3
45323;3
45324;2
45325;3
45326;4
45327;3
45328;3
45329;35
45330;2
45331;3
45332;3
45333;38
45334;3
45335;3
45336;18
45337;3
45338;2
45339;2
45340;2
45341;2
45342;2
45343;4
45344;3
45345;3
45346;7
45347;3
45348;4
45349;3
45350;2
45351;2
45352;4
45353;4
45354;2
45355;2
45356;35
45357;2
45358;3
45359;3
45360;7
45361;3
45362;2
45363;2
45364;3
45365;13
45366;3
45367;3
45368;2
45369;3
45370;3
45371;3
45372;3
45373;3
45374;9
45375;3
45376;3
45377;3
45378;3
45379;2
45380;2
45381;2
45382;3
45383;3
45384;2
45385;3
45386;3
45387;3
45388;3
45389;3
45390;21
45391;4
45392;12
45393;0
45394;7
45395;3
45396;3
45397;3
45398;3
45399;3
45400;3
45401;3
45402;3
45403;3
45404;3
45405;3
45406;3
45407;3
45408;2
45409;5
45410;3
45411;3
45412;2
45413;2
45414;2
45415;3
45416;2
45417;12
45418;2
45419;3
45420;2
45421;3
45422;3
45423;3
45424;2
45425;3
45426;10
45427;2
45428;39
45429;2
45430;38
45431;2
45432;3
45433;3
45434;2
45435;3
45436;2
45437;3
45438;3
45439;3
45440;3
45441;3
45442;4
45443;5
45444;21
45445;3
45446;3
45447;3
45448;3
45449;3
45450;3
45451;3
45452;3
45453;3
45454;0
45455;3
45456;3
45457;4
45458;3
45459;2
45460;2
45461;11
45462;2
45463;2
45464;2
45465;2
45466;3
45467;3
45468;3
45469;3
45470;3
45471;37
45472;3
45473;6
45474;3
45475;3
45476;3
45477;6
45478;15
45479;2
45480;3
45481;3
45482;3
45483;3
45484;2
45485;3
45486;3
45487;3
45488;6
45489;3
45490;3
45491;3
45492;3
45493;3
45494;3
45495;4
45496;16
45497;3
45498;38
45499;3
45500;2
45501;2
45502;3
45503;2
45504;2
45505;3
45506;2
45507;2
45508;2
45509;3
45510;2
45511;2
45512;8
45513;2
45514;2
45515;10
45516;3
45517;3
45518;3
45519;37
45520;3
45521;3
45522;2
45523;2
45524;2
45525;2
45526;2
45527;2
45528;2
45529;3
45530;3
45531;6
45532;3
45533;3
45534;3
45535;3
45536;52
45537;4
45538;2
45539;3
45540;17
45541;6
45542;38
45543;13
45544;13
45545;4
45546;2
45547;4
45548;3
45549;2
45550;3
45551;13
45552;3
45553;2
45554;3
45555;3
45556;3
45557;4
45558;3
45559;3
45560;2
45561;3
45562;3
45563;3
45564;0
45565;2
45566;4
45567;4
45568;3
45569;3
45570;3
45571;2
45572;3
45573;2
45574;2
45575;3
45576;3
45577;3
45578;3
45579;3
45580;3
45581;3
45582;3
45583;3
45584;3
45585;3
45586;3
45587;3
45588;2
45589;3
45590;2
45591;2
45592;2
45593;3
45594;3
45595;3
45596;2
45597;2
45598;15
45599;4
45600;4
45601;3
45602;4
45603;2
45604;3
45605;10
45606;2
45607;2
45608;3
45609;35
45610;16
45611;44
45612;2
45613;4
45614;4
45615;3
45616;3
45617;11
45618;3
45619;45
45620;70
45621;35
45622;2
45623;3
45624;4
45625;3
45626;3
45627;2
45628;2
45629;3
45630;3
45631;3
45632;3
45633;3
45634;3
45635;3
45636;38
45637;3
45638;4
45639;2
45640;2
45641;4
45642;4
45643;3
45644;3
45645;3
45646;3
45647;8
45648;2
45649;3
45650;2
45651;2
45652;8
45653;8
45654;3
45655;52
45656;2
45657;3
45658;36
45659;3
45660;3
45661;2
45662;2
45663;4
45664;4
45665;3
45666;3
45667;3
45668;3
45669;2
45670;2
45671;2
45672;2
45673;2
45674;38
45675;38
45676;38
45677;3
45678;42
45679;7
45680;8
45681;2
45682;2
45683;14
45684;10
45685;37
45686;37
45687;37
45688;7
45689;7
45690;3
45691;3
45692;3
45693;3
45694;3
45695;6
45696;6
45697;3
45698;3
45699;3
45700;4
45701;37
45702;3
45703;3
45704;3
45705;3
45706;2
45707;3
45708;7
45709;7
45710;7
45711;3
45712;3
45713;3
45714;2
45715;2
45716;2
45717;2
45718;3
45719;3
45720;2
45721;3
45722;2
45723;11
45724;2
45725;2
45726;2
45727;2
45728;3
45729;3
45730;2
45731;8
45732;2
45733;2
45734;3
45735;3
45736;16
45737;5
45738;55
45739;10
45740;7
45741;3
45742;2
45743;3
45744;3
45745;3
45746;3
45747;3
45748;3
45749;2
45750;35
45751;3
45752;3
45753;3
45754;3
45755;4
45756;51
45757;7
45758;2
45759;2
45760;3
45761;3
45762;3
45763;2
45764;3
45765;3
45766;3
45767;17
45768;7
45769;3
45770;3
45771;3
45772;4
45773;3
45774;3
45775;3
45776;3
45777;3
45778;3
45779;3
45780;36
45781;4
45782;37
45783;7
45784;14
45785;3
45786;2
45787;2
45788;2
45789;3
45790;4
45791;4
45792;2
45793;3
45794;11
45795;3
45796;3
45797;3
45798;4
45799;21
45800;3
45801;2
45802;3
45803;39
45804;39
45805;2
45806;3
45807;3
45808;2
45809;2
45810;2
45811;2
45812;3
45813;13
45814;3
45815;2
45816;6
45817;3
45818;3
45819;3
45820;2
45821;2
45822;2
45823;2
45824;5
45825;3
45826;3
45827;2
45828;2
45829;3
45830;7
45831;2
45832;13
45833;3
45834;3
45835;3
45836;4
45837;2
45838;50
45839;10
45840;38
45841;4
45842;8
45843;2
45844;2
45845;7
45846;7
45847;2
45848;15
45849;2
45850;3
45851;3
45852;2
45853;2
45854;2
45855;3
45856;5
45857;3
45858;3
45859;3
45860;3
45861;2
45862;3
45863;2
45864;38
45865;7
45866;2
45867;39
45868;4
45869;4
45870;7
45871;3
45872;2
45873;36
45874;4
45875;38
45876;3
45877;3
45878;3
45879;3
45880;14
45881;3
45882;8
45883;8
45884;4
45885;2
45886;10
45887;3
45888;2
45889;2
45890;2
45891;2
45892;2
45893;5
45894;5
45895;3
45896;6
45897;6
45898;3
45899;2
45900;2
45901;2
45902;3
45903;2
45904;2
45905;6
45906;2
45907;4
45908;3
45909;14
45910;3
45911;3
45912;3
45913;2
45914;3
45915;6
45916;2
45917;3
45918;3
45919;12
45920;3
45921;3
45922;4
45923;3
45924;4
45925;3
45926;2
45927;3
45928;3
45929;3
45930;3
45931;3
45932;3
45933;3
45934;3
45935;3
45936;3
45937;3
45938;3
45939;2
45940;2
45941;3
45942;3
45943;2
45944;3
45945;3
45946;4
45947;4
45948;5
45949;5
45950;3
45951;3
45952;3
45953;3
45954;3
45955;2
45956;2
45957;3
45958;3
45959;3
45960;42
45961;42
45962;3
45963;2
45964;9
45965;3
45966;3
45967;3
45968;3
45969;3
45970;6
45971;2
45972;5
45973;2
45974;2
45975;2
45976;35
45977;3
45978;3
45979;9
45980;3
45981;3
45982;2
45983;3
45984;4
45985;2
45986;3
45987;12
45988;2
45989;3
45990;2
45991;17
45992;3
45993;2
45994;39
45995;3
45996;5
45997;3
45998;3
45999;3
46000;6
46001;3
46002;4
46003;3
46004;3
46005;2
46006;3
46007;3
46008;3
46009;7
46010;2
46011;2
46012;3
46013;4
46014;4
46015;3
46016;3
46017;3
46018;3
46019;2
46020;37
46021;3
46022;3
46023;6
46024;2
46025;2
46026;2
46027;2
46028;38
46029;3
46030;3
46031;3
46032;3
46033;8
46034;2
46035;2
46036;2
46037;2
46038;0
46039;0
46040;13
46041;3
46042;3
46043;3
46044;37
46045;3
46046;7
46047;8
46048;43
46049;2
46050;2
46051;2
46052;3
46053;4
46054;3
46055;3
46056;3
46057;3
46058;7
46059;3
46060;3
46061;2
46062;3
46063;3
46064;3
46065;3
46066;38
46067;3
46068;38
46069;51
46070;3
46071;13
46072;2
46073;73
46074;73
46075;73
46076;97
46077;2
46078;2
46079;2
46080;2
46081;2
46082;2
46083;2
46084;2
46085;3
46086;0
46087;39
46088;3
46089;3
46090;3
46091;14
46092;3
46093;4
46094;2
46095;4
46096;3
46097;3
46098;2
46099;3
46100;13
46101;2
46102;2
46103;2
46104;2
46105;3
46106;3
46107;12
46108;4
46109;3
46110;3
46111;3
46112;3
46113;2
46114;2
46115;5
46116;3
46117;6
46118;3
46119;3
46120;4
46121;3
46122;72
46123;82
46124;3
46125;3
46126;3
46127;3
46128;3
46129;3
46130;5
46131;5
46132;4
46133;18
46134;36
46135;3
46136;3
46137;3
46138;7
46139;49
46140;3
46141;3
46142;3
46143;3
46144;3
46145;39
46146;38
46147;3
46148;4
46149;44
46150;7
46151;3
46152;3
46153;3
46154;3
46155;3
46156;3
46157;2
46158;3
46159;2
46160;2
46161;2
46162;3
46163;2
46164;2
46165;3
46166;3
46167;3
46168;50
46169;37
46170;3
46171;3
46172;3
46173;3
46174;3
46175;3
46176;2
46177;3
46178;2
46179;12
46180;2
46181;3
46182;3
46183;3
46184;3
46185;3
46186;3
46187;3
46188;2
46189;38
46190;3
46191;38
46192;41
46193;3
46194;3
46195;17
46196;3
46197;2
46198;38
46199;7
46200;3
46201;2
46202;3
46203;17
46204;3
46205;3
46206;3
46207;2
46208;2
46209;3
46210;37
46211;37
46212;37
46213;4
46214;2
46215;3
46216;0
46217;3
46218;2
46219;2
46220;2
46221;3
46222;3
46223;3
46224;3
46225;3
46226;3
46227;2
46228;2
46229;3
46230;3
46231;2
46232;2
46233;3
46234;2
46235;3
46236;3
46237;17
46238;8
46239;3
46240;4
46241;12
46242;3
46243;2
46244;2
46245;3
46246;4
46247;2
46248;2
46249;38
46250;3
46251;3
46252;3
46253;3
46254;0
46255;2
46256;2
46257;2
46258;3
46259;3
46260;2
46261;3
46262;3
46263;3
46264;3
46265;3
46266;2
46267;2
46268;2
46269;2
46270;3
46271;37
46272;74
46273;3
46274;38
46275;4
46276;13
46277;2
46278;2
46279;4
46280;2
46281;3
46282;5
46283;3
46284;2
46285;3
46286;3
46287;3
46288;2
46289;2
46290;37
46291;3
46292;9
46293;2
46294;4
46295;8
46296;2
46297;3
46298;3
46299;3
46300;2
46301;2
46302;2
46303;2
46304;2
46305;3
46306;3
46307;15
46308;3
46309;3
46310;3
46311;3
46312;2
46313;3
46314;2
46315;0
46316;0
46317;0
46318;38
46319;38
46320;3
46321;3
46322;3
46323;2
46324;2
46325;2
46326;7
46327;3
46328;0
46329;3
46330;4
46331;3
46332;3
46333;3
46334;3
46335;10
46336;3
46337;3
46338;4
46339;3
46340;6
46341;3
46342;3
46343;2
46344;2
46345;2
46346;4
46347;17
46348;17
46349;8
46350;3
46351;3
46352;3
46353;2
46354;16
46355;3
46356;0
46357;2
46358;2
46359;39
46360;3
46361;3
46362;3
46363;37
46364;37
46365;37
46366;3
46367;3
46368;2
46369;2
46370;3
46371;3
46372;2
46373;2
46374;4
46375;3
46376;3
46377;38
46378;3
46379;2
46380;3
46381;8
46382;3
46383;9
46384;2
46385;2
46386;2
46387;3
46388;3
46389;3
46390;3
46391;3
46392;3
46393;8
46394;8
46395;3
46396;3
46397;3
46398;14
46399;3
46400;3
46401;2
46402;2
46403;4
46404;4
46405;2
46406;3
46407;3
46408;3
46409;3
46410;3
46411;3
46412;3
46413;3
46414;3
46415;3
46416;4
46417;4
46418;2
46419;3
46420;2
46421;3
46422;3
46423;2
46424;50
46425;4
46426;4
46427;3
46428;4
46429;4
46430;4
46431;3
46432;3
46433;3
46434;3
46435;3
46436;2
46437;2
46438;3
46439;0
46440;2
46441;3
46442;3
46443;3
46444;3
46445;3
46446;39
46447;7
46448;51
46449;37
46450;3
46451;3
46452;3
46453;4
46454;3
46455;3
46456;2
46457;2
46458;2
46459;2
46460;3
46461;3
46462;3
46463;3
46464;3
46465;3
46466;3
46467;3
46468;35
46469;6
46470;6
46471;3
46472;2
46473;4
46474;2
46475;2
46476;2
46477;2
46478;2
46479;2
46480;2
46481;3
46482;3
46483;2
46484;3
46485;2
46486;2
46487;2
46488;3
46489;3
46490;2
46491;3
46492;3
46493;4
46494;4
46495;3
46496;3
46497;3
46498;38
46499;39
46500;39
46501;4
46502;4
46503;3
46504;6
46505;3
46506;9
46507;40
46508;2
46509;38
46510;38
46511;2
46512;4
46513;2
46514;2
46515;2
46516;3
46517;3
46518;3
46519;3
46520;2
46521;2
46522;2
46523;38
46524;4
46525;3
46526;38
46527;43
46528;73
46529;73
46530;3
46531;3
46532;2
46533;2
46534;3
46535;2
46536;2
46537;3
46538;39
46539;3
46540;3
46541;3
46542;4
46543;3
46544;6
46545;3
46546;4
46547;3
46548;3
46549;3
46550;3
46551;38
46552;2
46553;3
46554;39
46555;39
46556;3
46557;3
46558;3
46559;3
46560;9
46561;38
46562;18
46563;3
46564;3
46565;3
46566;2
46567;3
46568;46
46569;2
46570;2
46571;3
46572;3
46573;2
46574;2
46575;2
46576;38
46577;38
46578;3
46579;11
46580;3
46581;2
46582;3
46583;3
46584;7
46585;4
46586;2
46587;2
46588;3
46589;3
46590;3
46591;4
46592;2
46593;2
46594;3
46595;3
46596;2
46597;2
46598;2
46599;50
46600;3
46601;3
46602;4
46603;3
46604;3
46605;3
46606;3
46607;2
46608;3
46609;3
46610;3
46611;2
46612;2
46613;4
46614;3
46615;39
46616;0
46617;3
46618;3
46619;3
46620;3
46621;3
46622;3
46623;3
46624;4
46625;4
46626;3
46627;3
46628;2
46629;3
46630;15
46631;2
46632;2
46633;2
46634;3
46635;3
46636;35
46637;3
46638;3
46639;3
46640;7
46641;3
46642;3
46643;2
46644;2
46645;3
46646;3
46647;3
46648;2
46649;2
46650;3
46651;3
46652;6
46653;6
46654;2
46655;3
46656;4
46657;2
46658;2
46659;2
46660;3
46661;39
46662;74
46663;4
46664;2
46665;3
46666;3
46667;2
46668;2
46669;3
46670;2
46671;3
46672;4
46673;3
46674;3
46675;3
46676;3
46677;6
46678;4
46679;4
46680;3
46681;2
46682;2
46683;3
46684;14
46685;11
46686;3
46687;3
46688;2
46689;2
46690;2
46691;2
46692;2
46693;2
46694;2
46695;2
46696;3
46697;7
46698;3
46699;27
46700;17
46701;2
46702;2
46703;3
46704;3
46705;2
46706;3
46707;3
46708;3
46709;3
46710;3
46711;3
46712;3
46713;3
46714;3
46715;7
46716;6
46717;35
46718;4
46719;4
46720;3
46721;3
46722;3
46723;3
46724;3
46725;4
46726;4
46727;3
46728;2
46729;12
46730;3
46731;36
46732;3
46733;38
46734;38
46735;11
46736;6
46737;3
46738;3
46739;3
46740;3
46741;3
46742;3
46743;3
46744;2
46745;1
46746;1
46747;7
46748;3
46749;2
46750;2
46751;3
46752;2
46753;3
46754;3
46755;2
46756;2
46757;2
46758;2
46759;3
46760;3
46761;3
46762;3
46763;2
46764;2
46765;2
46766;4
46767;3
46768;34
46769;3
46770;3
46771;6
46772;3
46773;2
46774;2
46775;3
46776;3
46777;3
46778;38
46779;38
46780;3
46781;3
46782;2
46783;2
46784;3
46785;4
46786;6
46787;6
46788;3
46789;3
46790;4
46791;2
46792;2
46793;2
46794;18
46795;18
46796;4
46797;2
46798;3
46799;3
46800;7
46801;3
46802;2
46803;2
46804;2
46805;4
46806;3
46807;2
46808;7
46809;38
46810;3
46811;4
46812;3
46813;2
46814;2
46815;2
46816;2
46817;3
46818;2
46819;2
46820;3
46821;38
46822;38
46823;2
46824;2
46825;3
46826;3
46827;2
46828;3
46829;2
46830;3
46831;2
46832;3
46833;3
46834;3
46835;3
46836;3
46837;3
46838;7
46839;3
46840;2
46841;2
46842;2
46843;3
46844;2
46845;2
46846;8
46847;8
46848;5
46849;3
46850;12
46851;3
46852;3
46853;2
46854;3
46855;3
46856;7
46857;3
46858;3
46859;3
46860;4
46861;3
46862;38
46863;59
46864;3
46865;11
46866;3
46867;3
46868;3
46869;8
46870;8
46871;2
46872;2
46873;2
46874;49
46875;38
46876;38
46877;38
46878;2
46879;4
46880;39
46881;2
46882;2
46883;3
46884;3
46885;18
46886;3
46887;3
46888;3
46889;36
46890;2
46891;4
46892;2
46893;3
46894;2
46895;3
46896;18
46897;3
46898;4
46899;3
46900;3
46901;16
46902;2
46903;3
46904;3
46905;16
46906;3
46907;2
46908;2
46909;2
46910;2
46911;2
46912;2
46913;3
46914;3
46915;3
46916;3
46917;4
46918;3
46919;3
46920;2
46921;2
46922;2
46923;3
46924;3
46925;2
46926;2
46927;2
46928;2
46929;3
46930;2
46931;3
46932;3
46933;2
46934;2
46935;3
46936;2
46937;7
46938;7
46939;7
46940;3
46941;3
46942;3
46943;3
46944;37
46945;3
46946;2
46947;2
46948;3
46949;2
46950;2
46951;2
46952;3
46953;3
46954;17
46955;3
46956;3
46957;3
46958;3
46959;10
46960;3
46961;3
46962;3
46963;2
46964;4
46965;3
46966;3
46967;3
46968;3
46969;2
46970;0
46971;4
46972;3
46973;3
46974;2
46975;3
46976;3
46977;3
46978;3
46979;12
46980;3
46981;2
46982;2
46983;7
46984;3
46985;3
46986;38
46987;38
46988;3
46989;3
46990;4
46991;4
46992;3
46993;3
46994;3
46995;2
46996;3
46997;3
46998;4
46999;3
47000;2
47001;2
47002;4
47003;2
47004;3
47005;4
47006;4
47007;2
47008;2
47009;2
47010;3
47011;2
47012;3
47013;3
47014;3
47015;3
47016;2
47017;3
47018;3
47019;3
47020;2
47021;3
47022;6
47023;3
47024;3
47025;2
47026;2
47027;37
47028;3
47029;3
47030;3
47031;3
47032;18
47033;0
47034;3
47035;3
47036;2
47037;3
47038;3
47039;3
47040;3
47041;3
47042;38
47043;3
47044;3
47045;2
47046;4
47047;4
47048;14
47049;21
47050;4
47051;4
47052;3
47053;3
47054;3
47055;3
47056;3
47057;3
47058;3
47059;2
47060;3
47061;3
47062;37
47063;3
47064;3
47065;17
47066;6
47067;6
47068;3
47069;3
47070;2
47071;2
47072;2
47073;2
47074;35
47075;3
47076;3
47077;3
47078;2
47079;38
47080;2
47081;3
47082;3
47083;5
47084;2
47085;3
47086;3
47087;3
47088;2
47089;2
47090;2
47091;2
47092;37
47093;37
47094;3
47095;7
47096;2
47097;4
47098;4
47099;4
47100;2
47101;3
47102;3
47103;3
47104;3
47105;3
47106;3
47107;37
47108;37
47109;3
47110;3
47111;3
47112;2
47113;2
47114;17
47115;17
47116;2
47117;2
47118;2
47119;7
47120;7
47121;4
47122;3
47123;3
47124;3
47125;3
47126;3
47127;3
47128;37
47129;2
47130;2
47131;3
47132;2
47133;5
47134;2
47135;3
47136;2
47137;4
47138;4
47139;4
47140;4
47141;3
47142;3
47143;3
47144;3
47145;3
47146;3
47147;3
47148;3
47149;4
47150;2
47151;3
47152;3
47153;4
47154;4
47155;4
47156;8
47157;3
47158;3
47159;9
47160;3
47161;2
47162;2
47163;2
47164;2
47165;3
47166;4
47167;6
47168;3
47169;3
47170;4
47171;3
47172;19
47173;19
47174;3
47175;2
47176;39
47177;3
47178;4
47179;4
47180;22
47181;3
47182;3
47183;7
47184;2
47185;36
47186;3
47187;2
47188;2
47189;3
47190;4
47191;7
47192;2
47193;38
47194;46
47195;3
47196;2
47197;2
47198;2
47199;2
47200;2
47201;3
47202;2
47203;2
47204;3
47205;2
47206;2
47207;2
47208;2
47209;39
47210;2
47211;3
47212;3
47213;3
47214;3
47215;4
47216;39
47217;3
47218;3
47219;35
47220;35
47221;2
47222;2
47223;2
47224;2
47225;2
47226;2
47227;20
47228;2
47229;2
47230;3
47231;3
47232;37
47233;37
47234;4
47235;4
47236;3
47237;3
47238;3
47239;3
47240;49
47241;38
47242;43
47243;4
47244;3
47245;3
47246;2
47247;2
47248;2
47249;2
47250;15
47251;15
47252;15
47253;2
47254;4
47255;4
47256;3
47257;3
47258;3
47259;3
47260;3
47261;11
47262;3
47263;2
47264;3
47265;5
47266;5
47267;4
47268;3
47269;4
47270;4
47271;2
47272;2
47273;2
47274;3
47275;3
47276;3
47277;2
47278;3
47279;2
47280;2
47281;4
47282;3
47283;4
47284;6
47285;6
47286;2
47287;2
47288;2
47289;2
47290;0
47291;3
47292;3
47293;3
47294;2
47295;3
47296;2
47297;3
47298;3
47299;2
47300;16
47301;3
47302;6
47303;4
47304;3
47305;3
47306;3
47307;3
47308;3
47309;2
47310;2
47311;3
47312;6
47313;3
47314;6
47315;2
47316;2
47317;3
47318;3
47319;3
47320;3
47321;3
47322;6
47323;2
47324;3
47325;3
47326;3
47327;35
47328;35
47329;3
47330;3
47331;3
47332;2
47333;2
47334;2
47335;3
47336;2
47337;2
47338;3
47339;3
47340;3
47341;6
47342;2
47343;6
47344;2
47345;2
47346;2
47347;3
47348;3
47349;3
47350;3
47351;3
47352;3
47353;3
47354;3
47355;3
47356;3
47357;3
47358;3
47359;3
47360;3
47361;3
47362;20
47363;3
47364;3
47365;2
47366;3
47367;3
47368;3
47369;3
47370;4
47371;2
47372;3
47373;3
47374;2
47375;3
47376;3
47377;3
47378;2
47379;45
47380;3
47381;3
47382;3
47383;5
47384;5
47385;5
47386;3
47387;3
47388;3
47389;3
47390;2
47391;6
47392;6
47393;4
47394;11
47395;3
47396;3
47397;2
47398;2
47399;3
47400;3
47401;3
47402;3
47403;3
47404;2
47405;4
47406;39
47407;4
47408;4
47409;7
47410;3
47411;15
47412;2
47413;3
47414;3
47415;5
47416;3
47417;3
47418;2
47419;2
47420;11
47421;8
47422;4
47423;3
47424;2
47425;2
47426;3
47427;3
47428;37
47429;3
47430;3
47431;3
47432;4
47433;3
47434;2
47435;2
47436;3
47437;3
47438;3
47439;15
47440;3
47441;2
47442;3
47443;8
47444;2
47445;2
47446;3
47447;17
47448;3
47449;3
47450;4
47451;6
47452;6
47453;3
47454;2
47455;38
47456;38
47457;0
47458;2
47459;3
47460;3
47461;2
47462;4
47463;6
47464;3
47465;4
47466;38
47467;3
47468;3
47469;3
47470;3
47471;3
47472;3
47473;3
47474;2
47475;2
47476;2
47477;2
47478;4
47479;7
47480;3
47481;7
47482;3
47483;3
47484;3
47485;2
47486;3
47487;3
47488;3
47489;3
47490;3
47491;3
47492;3
47493;73
47494;3
47495;7
47496;3
47497;3
47498;5
47499;7
47500;3
47501;3
47502;3
47503;2
47504;41
47505;3
47506;15
47507;3
47508;37
47509;3
47510;3
47511;3
47512;3
47513;3
47514;3
47515;4
47516;3
47517;2
47518;2
47519;3
47520;3
47521;3
47522;8
47523;2
47524;2
47525;2
47526;2
47527;3
47528;2
47529;3
47530;2
47531;3
47532;3
47533;3
47534;3
47535;3
47536;3
47537;3
47538;3
47539;2
47540;3
47541;3
47542;3
47543;2
47544;3
47545;3
47546;2
47547;2
47548;2
47549;2
47550;9
47551;3
47552;2
47553;3
47554;3
47555;3
47556;3
47557;3
47558;3
47559;3
47560;2
47561;2
47562;2
47563;2
47564;2
47565;2
47566;2
47567;3
47568;3
47569;3
47570;2
47571;3
47572;3
47573;35
47574;0
47575;3
47576;2
47577;3
47578;3
47579;3
47580;4
47581;2
47582;2
47583;2
47584;3
47585;3
47586;3
47587;38
47588;5
47589;25
47590;3
47591;38
47592;3
47593;3
47594;3
47595;2
47596;2
47597;6
47598;2
47599;3
47600;3
47601;3
47602;3
47603;2
47604;2
47605;2
47606;2
47607;3
47608;3
47609;4
47610;2
47611;2
47612;2
47613;2
47614;3
47615;2
47616;2
47617;14
47618;3
47619;8
47620;3
47621;3
47622;3
47623;3
47624;3
47625;6
47626;6
47627;3
47628;3
47629;2
47630;2
47631;3
47632;3
47633;3
47634;37
47635;3
47636;12
47637;3
47638;13
47639;3
47640;3
47641;3
47642;3
47643;3
47644;3
47645;3
47646;2
47647;2
47648;2
47649;3
47650;38
47651;3
47652;2
47653;2
47654;2
47655;3
47656;3
47657;3
47658;3
47659;13
47660;7
47661;3
47662;3
47663;3
47664;2
47665;23
47666;3
47667;3
47668;2
47669;6
47670;3
47671;3
47672;3
47673;4
47674;3
47675;2
47676;3
47677;2
47678;2
47679;2
47680;2
47681;3
47682;11
47683;2
47684;2
47685;2
47686;3
47687;2
47688;3
47689;2
47690;2
47691;3
47692;4
47693;4
47694;7
47695;3
47696;3
47697;3
47698;3
47699;2
47700;2
47701;2
47702;3
47703;53
47704;2
47705;2
47706;2
47707;2
47708;2
47709;3
47710;3
47711;11
47712;3
47713;3
47714;2
47715;2
47716;4
47717;3
47718;2
47719;2
47720;2
47721;3
47722;38
47723;3
47724;3
47725;3
47726;3
47727;3
47728;11
47729;37
47730;3
47731;3
47732;3
47733;3
47734;3
47735;3
47736;3
47737;2
47738;3
47739;2
47740;36
47741;4
47742;2
47743;2
47744;4
47745;3
47746;3
47747;4
47748;3
47749;2
47750;2
47751;2
47752;2
47753;3
47754;3
47755;3
47756;3
47757;3
47758;3
47759;2
47760;2
47761;2
47762;3
47763;3
47764;3
47765;2
47766;2
47767;2
47768;14
47769;3
47770;3
47771;3
47772;3
47773;37
47774;3
47775;17
47776;6
47777;3
47778;3
47779;2
47780;2
47781;2
47782;3
47783;3
47784;2
47785;2
47786;38
47787;38
47788;38
47789;38
47790;38
47791;4
47792;37
47793;5
47794;3
47795;3
47796;3
47797;17
47798;3
47799;3
47800;4
47801;3
47802;3
47803;2
47804;2
47805;17
47806;17
47807;3
47808;3
47809;2
47810;4
47811;4
47812;2
47813;3
47814;2
47815;3
47816;3
47817;3
47818;3
47819;3
47820;4
47821;4
47822;3
47823;3
47824;4
47825;3
47826;3
47827;2
47828;2
47829;3
47830;3
47831;2
47832;2
47833;4
47834;13
47835;2
47836;2
47837;2
47838;4
47839;3
47840;35
47841;2
47842;5
47843;5
47844;8
47845;3
47846;11
47847;38
47848;3
47849;3
47850;3
47851;3
47852;7
47853;3
47854;2
47855;15
47856;2
47857;2
47858;2
47859;4
47860;4
47861;3
47862;3
47863;3
47864;3
47865;2
47866;2
47867;2
47868;2
47869;2
47870;3
47871;3
47872;3
47873;3
47874;3
47875;3
47876;2
47877;3
47878;3
47879;3
47880;4
47881;10
47882;4
47883;3
47884;2
47885;2
47886;3
47887;3
47888;3
47889;2
47890;37
47891;3
47892;2
47893;2
47894;2
47895;2
47896;4
47897;2
47898;2
47899;2
47900;3
47901;3
47902;2
47903;37
47904;4
47905;4
47906;3
47907;2
47908;2
47909;3
47910;3
47911;7
47912;37
47913;8
47914;3
47915;2
47916;3
47917;19
47918;2
47919;2
47920;5
47921;5
47922;5
47923;3
47924;3
47925;3
47926;3
47927;3
47928;3
47929;3
47930;38
47931;3
47932;2
47933;2
47934;3
47935;3
47936;3
47937;3
47938;18
47939;2
47940;3
47941;3
47942;3
47943;8
47944;3
47945;3
47946;3
47947;4
47948;3
47949;3
47950;3
47951;3
47952;3
47953;3
47954;12
47955;3
47956;3
47957;3
47958;3
47959;3
47960;3
47961;3
47962;2
47963;3
47964;3
47965;2
47966;7
47967;3
47968;3
47969;4
47970;4
47971;4
47972;2
47973;2
47974;3
47975;3
47976;3
47977;3
47978;3
47979;22
47980;2
47981;2
47982;7
47983;2
47984;2
47985;3
47986;3
47987;7
47988;3
47989;3
47990;3
47991;3
47992;3
47993;2
47994;2
47995;2
47996;3
47997;2
47998;3
47999;2
48000;35
48001;3
48002;3
48003;2
48004;56
48005;2
48006;4
48007;3
48008;3
48009;4
48010;25
48011;25
48012;3
48013;3
48014;37
48015;3
48016;3
48017;3
48018;3
48019;8
48020;3
48021;2
48022;8
48023;3
48024;3
48025;3
48026;3
48027;2
48028;2
48029;3
48030;2
48031;3
48032;2
48033;3
48034;3
48035;4
48036;5
48037;35
48038;9
48039;35
48040;35
48041;3
48042;3
48043;7
48044;3
48045;38
48046;38
48047;38
48048;3
48049;3
48050;3
48051;2
48052;2
48053;2
48054;4
48055;4
48056;3
48057;3
48058;3
48059;3
48060;17
48061;2
48062;2
48063;2
48064;3
48065;3
48066;13
48067;3
48068;12
48069;2
48070;2
48071;2
48072;3
48073;3
48074;3
48075;4
48076;39
48077;52
48078;2
48079;3
48080;3
48081;3
48082;3
48083;2
48084;2
48085;3
48086;3
48087;3
48088;2
48089;2
48090;2
48091;38
48092;38
48093;38
48094;2
48095;2
48096;2
48097;3
48098;3
48099;2
48100;3
48101;3
48102;38
48103;38
48104;3
48105;3
48106;2
48107;35
48108;4
48109;3
48110;3
48111;3
48112;3
48113;3
48114;3
48115;2
48116;2
48117;4
48118;3
48119;4
48120;4
48121;2
48122;3
48123;3
48124;3
48125;2
48126;2
48127;2
48128;3
48129;3
48130;3
48131;3
48132;3
48133;3
48134;3
48135;3
48136;3
48137;3
48138;3
48139;3
48140;38
48141;3
48142;4
48143;3
48144;2
48145;2
48146;3
48147;3
48148;3
48149;2
48150;2
48151;3
48152;2
48153;3
48154;3
48155;2
48156;2
48157;3
48158;3
48159;3
48160;2
48161;2
48162;39
48163;2
48164;2
48165;7
48166;3
48167;3
48168;2
48169;21
48170;2
48171;2
48172;2
48173;2
48174;2
48175;3
48176;39
48177;37
48178;37
48179;37
48180;3
48181;4
48182;6
48183;3
48184;2
48185;7
48186;2
48187;37
48188;37
48189;2
48190;37
48191;37
48192;37
48193;2
48194;3
48195;3
48196;3
48197;3
48198;2
48199;3
48200;35
48201;3
48202;4
48203;3
48204;3
48205;4
48206;3
48207;3
48208;3
48209;3
48210;3
48211;36
48212;3
48213;2
48214;3
48215;3
48216;3
48217;7
48218;35
48219;3
48220;5
48221;3
48222;3
48223;6
48224;3
48225;3
48226;3
48227;2
48228;3
48229;37
48230;3
48231;2
48232;3
48233;35
48234;2
48235;2
48236;2
48237;2
48238;3
48239;3
48240;3
48241;3
48242;7
48243;3
48244;7
48245;2
48246;2
48247;3
48248;3
48249;2
48250;3
48251;3
48252;37
48253;42
48254;3
48255;3
48256;3
48257;3
48258;38
48259;2
48260;4
48261;5
48262;2
48263;2
48264;3
48265;2
48266;2
48267;2
48268;3
48269;13
48270;13
48271;38
48272;4
48273;3
48274;2
48275;2
48276;2
48277;3
48278;2
48279;74
48280;3
48281;2
48282;13
48283;3
48284;2
48285;3
48286;3
48287;5
48288;3
48289;3
48290;3
48291;3
48292;3
48293;3
48294;3
48295;3
48296;3
48297;2
48298;3
48299;3
48300;3
48301;2
48302;2
48303;2
48304;2
48305;17
48306;2
48307;3
48308;3
48309;3
48310;3
48311;3
48312;3
48313;4
48314;4
48315;3
48316;4
48317;3
48318;7
48319;38
48320;2
48321;2
48322;2
48323;3
48324;3
48325;36
48326;3
48327;3
48328;4
48329;2
48330;3
48331;4
48332;4
48333;3
48334;3
48335;4
48336;7
48337;2
48338;2
48339;3
48340;3
48341;3
48342;6
48343;3
48344;3
48345;3
48346;38
48347;4
48348;2
48349;4
48350;2
48351;0
48352;0
48353;5
48354;2
48355;8
48356;3
48357;3
48358;3
48359;5
48360;38
48361;15
48362;2
48363;3
48364;3
48365;3
48366;2
48367;3
48368;3
48369;3
48370;2
48371;2
48372;2
48373;3
48374;2
48375;3
48376;2
48377;2
48378;2
48379;3
48380;3
48381;4
48382;3
48383;3
48384;3
48385;3
48386;3
48387;3
48388;2
48389;3
48390;3
48391;3
48392;40
48393;40
48394;4
48395;3
48396;38
48397;3
48398;3
48399;2
48400;3
48401;4
48402;3
48403;3
48404;3
48405;4
48406;3
48407;3
48408;3
48409;3
48410;3
48411;3
48412;3
48413;14
48414;2
48415;2
48416;2
48417;3
48418;10
48419;2
48420;2
48421;3
48422;3
48423;3
48424;3
48425;3
48426;3
48427;3
48428;3
48429;3
48430;3
48431;4
48432;4
48433;12
48434;3
48435;3
48436;3
48437;3
48438;3
48439;37
48440;10
48441;2
48442;37
48443;37
48444;37
48445;3
48446;3
48447;2
48448;3
48449;3
48450;3
48451;3
48452;2
48453;4
48454;2
48455;4
48456;14
48457;3
48458;3
48459;4
48460;4
48461;2
48462;5
48463;3
48464;3
48465;3
48466;3
48467;3
48468;3
48469;4
48470;3
48471;3
48472;8
48473;3
48474;3
48475;3
48476;3
48477;3
48478;3
48479;3
48480;3
48481;3
48482;4
48483;4
48484;4
48485;3
48486;3
48487;2
48488;2
48489;2
48490;2
48491;2
48492;2
48493;3
48494;2
48495;2
48496;2
48497;3
48498;3
48499;3
48500;2
48501;3
48502;2
48503;2
48504;2
48505;7
48506;15
48507;3
48508;3
48509;3
48510;39
48511;3
48512;16
48513;16
48514;2
48515;2
48516;3
48517;25
48518;3
48519;3
48520;3
48521;7
48522;3
48523;2
48524;2
48525;2
48526;2
48527;2
48528;3
48529;3
48530;38
48531;3
48532;3
48533;12
48534;3
48535;3
48536;2
48537;7
48538;20
48539;2
48540;3
48541;2
48542;2
48543;2
48544;2
48545;2
48546;2
48547;3
48548;10
48549;2
48550;3
48551;3
48552;3
48553;3
48554;15
48555;18
48556;3
48557;4
48558;38
48559;2
48560;2
48561;3
48562;3
48563;3
48564;2
48565;3
48566;3
48567;3
48568;2
48569;6
48570;2
48571;2
48572;2
48573;17
48574;3
48575;3
48576;3
48577;3
48578;4
48579;3
48580;2
48581;2
48582;3
48583;3
48584;4
48585;4
48586;2
48587;3
48588;2
48589;10
48590;1
48591;1
48592;3
48593;3
48594;5
48595;7
48596;3
48597;2
48598;2
48599;2
48600;2
48601;3
48602;3
48603;37
48604;3
48605;3
48606;3
48607;3
48608;10
48609;3
48610;3
48611;2
48612;6
48613;6
48614;6
48615;2
48616;3
48617;0
48618;2
48619;2
48620;3
48621;2
48622;0
48623;3
48624;14
48625;14
48626;3
48627;3
48628;8
48629;4
48630;4
48631;6
48632;2
48633;37
48634;2
48635;37
48636;3
48637;16
48638;3
48639;3
48640;3
48641;2
48642;2
48643;3
48644;3
48645;3
48646;3
48647;2
48648;3
48649;3
48650;3
48651;15
48652;3
48653;3
48654;3
48655;35
48656;35
48657;4
48658;3
48659;2
48660;3
48661;2
48662;4
48663;3
48664;3
48665;3
48666;4
48667;3
48668;3
48669;2
48670;3
48671;3
48672;3
48673;3
48674;2
48675;10
48676;3
48677;3
48678;40
48679;3
48680;6
48681;3
48682;15
48683;2
48684;2
48685;2
48686;2
48687;2
48688;3
48689;3
48690;3
48691;3
48692;4
48693;2
48694;18
48695;3
48696;3
48697;6
48698;13
48699;13
48700;2
48701;3
48702;3
48703;7
48704;3
48705;3
48706;3
48707;3
48708;38
48709;3
48710;8
48711;2
48712;2
48713;2
48714;3
48715;3
48716;3
48717;3
48718;3
48719;3
48720;3
48721;3
48722;3
48723;20
48724;3
48725;3
48726;3
48727;38
48728;38
48729;3
48730;3
48731;3
48732;4
48733;3
48734;3
48735;3
48736;3
48737;3
48738;3
48739;2
48740;2
48741;2
48742;3
48743;3
48744;3
48745;3
48746;3
48747;3
48748;3
48749;12
48750;3
48751;8
48752;2
48753;3
48754;3
48755;2
48756;10
48757;3
48758;3
48759;3
48760;3
48761;3
48762;4
48763;2
48764;2
48765;3
48766;3
48767;3
48768;8
48769;3
48770;4
48771;2
48772;48
48773;2
48774;2
48775;2
48776;3
48777;5
48778;5
48779;2
48780;2
48781;2
48782;2
48783;3
48784;12
48785;3
48786;3
48787;3
48788;3
48789;3
48790;2
48791;2
48792;3
48793;3
48794;3
48795;3
48796;3
48797;3
48798;2
48799;3
48800;3
48801;3
48802;7
48803;3
48804;3
48805;3
48806;3
48807;3
48808;2
48809;2
48810;2
48811;2
48812;2
48813;2
48814;3
48815;2
48816;8
48817;8
48818;2
48819;4
48820;3
48821;16
48822;2
48823;16
48824;16
48825;2
48826;2
48827;3
48828;3
48829;3
48830;7
48831;42
48832;2
48833;2
48834;2
48835;19
48836;2
48837;3
48838;3
48839;3
48840;3
48841;3
48842;36
48843;2
48844;3
48845;38
48846;3
48847;3
48848;3
48849;2
48850;3
48851;35
48852;3
48853;3
48854;2
48855;14
48856;14
48857;2
48858;3
48859;3
48860;4
48861;4
48862;2
48863;45
48864;3
48865;17
48866;3
48867;3
48868;3
48869;38
48870;2
48871;2
48872;49
48873;2
48874;3
48875;2
48876;3
48877;3
48878;3
48879;3
48880;3
48881;3
48882;3
48883;2
48884;3
48885;2
48886;2
48887;3
48888;3
48889;2
48890;4
48891;10
48892;2
48893;2
48894;2
48895;2
48896;39
48897;2
48898;3
48899;3
48900;3
48901;3
48902;3
48903;3
48904;3
48905;3
48906;3
48907;3
48908;4
48909;3
48910;37
48911;3
48912;2
48913;2
48914;37
48915;4
48916;2
48917;2
48918;3
48919;9
48920;10
48921;2
48922;12
48923;3
48924;3
48925;2
48926;17
48927;4
48928;4
48929;10
48930;4
48931;18
48932;18
48933;4
48934;3
48935;2
48936;4
48937;2
48938;2
48939;2
48940;2
48941;2
48942;3
48943;4
48944;3
48945;2
48946;2
48947;2
48948;3
48949;3
48950;3
48951;3
48952;3
48953;3
48954;3
48955;2
48956;2
48957;0
48958;3
48959;3
48960;3
48961;3
48962;7
48963;3
48964;3
48965;3
48966;3
48967;3
48968;2
48969;3
48970;7
48971;4
48972;3
48973;2
48974;35
48975;15
48976;2
48977;3
48978;2
48979;13
48980;2
48981;2
48982;2
48983;2
48984;2
48985;3
48986;2
48987;2
48988;3
48989;3
48990;3
48991;37
48992;37
48993;3
48994;2
48995;3
48996;3
48997;8
48998;6
48999;3
49000;3
49001;3
49002;2
49003;3
49004;3
49005;3
49006;3
49007;4
49008;3
49009;3
49010;2
49011;3
49012;4
49013;3
49014;38
49015;3
49016;2
49017;2
49018;3
49019;3
49020;2
49021;2
49022;7
49023;3
49024;3
49025;3
49026;3
49027;3
49028;3
49029;3
49030;3
49031;42
49032;3
49033;3
49034;3
49035;3
49036;3
49037;11
49038;3
49039;3
49040;3
49041;4
49042;7
49043;3
49044;3
49045;3
49046;3
49047;3
49048;2
49049;2
49050;2
49051;3
49052;2
49053;3
49054;3
49055;11
49056;3
49057;3
49058;3
49059;6
49060;22
49061;3
49062;3
49063;3
49064;2
49065;3
49066;8
49067;73
49068;4
49069;2
49070;3
49071;3
49072;4
49073;35
49074;2
49075;3
49076;2
49077;3
49078;0
49079;3
49080;20
49081;3
49082;3
49083;3
49084;3
49085;3
49086;3
49087;3
49088;38
49089;38
49090;3
49091;2
49092;3
49093;2
49094;3
49095;35
49096;2
49097;2
49098;2
49099;3
49100;2
49101;37
49102;2
49103;2
49104;2
49105;2
49106;2
49107;4
49108;2
49109;2
49110;2
49111;7
49112;7
49113;2
49114;3
49115;3
49116;3
49117;3
49118;7
49119;2
49120;2
49121;2
49122;2
49123;2
49124;2
49125;3
49126;3
49127;3
49128;3
49129;3
49130;3
49131;3
49132;4
49133;3
49134;3
49135;3
49136;2
49137;2
49138;4
49139;3
49140;3
49141;2
49142;3
49143;3
49144;2
49145;2
49146;3
49147;37
49148;37
49149;37
49150;7
49151;6
49152;36
49153;3
49154;2
49155;6
49156;6
49157;2
49158;2
49159;2
49160;2
49161;3
49162;3
49163;3
49164;11
49165;2
49166;3
49167;2
49168;3
49169;2
49170;16
49171;1
49172;1
49173;3
49174;2
49175;2
49176;2
49177;4
49178;4
49179;35
49180;0
49181;2
49182;2
49183;38
49184;38
49185;38
49186;0
49187;3
49188;3
49189;3
49190;2
49191;2
49192;3
49193;3
49194;3
49195;3
49196;2
49197;39
49198;38
49199;3
49200;3
49201;3
49202;36
49203;4
49204;4
49205;3
49206;3
49207;3
49208;7
49209;3
49210;3
49211;3
49212;3
49213;6
49214;6
49215;3
49216;3
49217;0
49218;3
49219;50
49220;4
49221;40
49222;3
49223;3
49224;4
49225;14
49226;14
49227;11
49228;3
49229;4
49230;4
49231;3
49232;3
49233;2
49234;2
49235;3
49236;2
49237;16
49238;3
49239;3
49240;3
49241;2
49242;39
49243;39
49244;39
49245;4
49246;39
49247;3
49248;3
49249;7
49250;2
49251;3
49252;3
49253;13
49254;13
49255;4
49256;3
49257;7
49258;2
49259;3
49260;2
49261;3
49262;3
49263;3
49264;12
49265;3
49266;4
49267;2
49268;3
49269;41
49270;3
49271;3
49272;15
49273;3
49274;3
49275;6
49276;7
49277;3
49278;2
49279;12
49280;3
49281;3
49282;3
49283;3
49284;2
49285;2
49286;11
49287;4
49288;11
49289;3
49290;2
49291;2
49292;2
49293;14
49294;2
49295;38
49296;38
49297;3
49298;3
49299;3
49300;7
49301;7
49302;3
49303;2
49304;3
49305;0
49306;2
49307;2
49308;4
49309;2
49310;7
49311;3
49312;3
49313;3
49314;3
49315;3
49316;0
49317;2
49318;6
49319;6
49320;2
49321;3
49322;15
49323;3
49324;3
49325;3
49326;6
49327;2
49328;14
49329;3
49330;3
49331;3
49332;2
49333;3
49334;3
49335;3
49336;72
49337;3
49338;3
49339;3
49340;3
49341;3
49342;2
49343;3
49344;7
49345;3
49346;3
49347;3
49348;2
49349;3
49350;2
49351;3
49352;2
49353;2
49354;3
49355;3
49356;2
49357;2
49358;2
49359;4
49360;3
49361;4
49362;3
49363;3
49364;2
49365;2
49366;4
49367;2
49368;3
49369;8
49370;3
49371;2
49372;3
49373;41
49374;3
49375;3
49376;3
49377;2
49378;2
49379;2
49380;2
49381;2
49382;3
49383;2
49384;3
49385;3
49386;2
49387;3
49388;3
49389;3
49390;3
49391;3
49392;3
49393;3
49394;7
49395;3
49396;4
49397;4
49398;5
49399;2
49400;2
49401;2
49402;3
49403;3
49404;3
49405;3
49406;16
49407;2
49408;3
49409;4
49410;3
49411;3
49412;3
49413;2
49414;2
49415;3
49416;3
49417;3
49418;3
49419;3
49420;3
49421;3
49422;7
49423;2
49424;2
49425;2
49426;2
49427;3
49428;3
49429;3
49430;3
49431;3
49432;4
49433;2
49434;3
49435;5
49436;2
49437;3
49438;3
49439;3
49440;3
49441;2
49442;11
49443;3
49444;3
49445;2
49446;2
49447;2
49448;3
49449;3
49450;39
49451;2
49452;3
49453;3
49454;2
49455;2
49456;3
49457;2
49458;2
49459;2
49460;3
49461;9
49462;3
49463;3
49464;0
49465;2
49466;3
49467;6
49468;3
49469;3
49470;3
49471;2
49472;2
49473;2
49474;3
49475;3
49476;3
49477;2
49478;2
49479;3
49480;3
49481;2
49482;4
49483;2
49484;4
49485;3
49486;3
49487;3
49488;2
49489;39
49490;3
49491;4
49492;2
49493;3
49494;3
49495;3
49496;6
49497;3
49498;17
49499;2
49500;2
49501;3
49502;3
49503;3
49504;39
49505;3
49506;3
49507;0
49508;0
49509;2
49510;2
49511;13
49512;3
49513;3
49514;4
49515;3
49516;3
49517;2
49518;2
49519;2
49520;2
49521;2
49522;2
49523;3
49524;3
49525;3
49526;3
49527;3
49528;4
49529;3
49530;7
49531;2
49532;2
49533;2
49534;3
49535;3
49536;3
49537;2
49538;4
49539;2
49540;3
49541;3
49542;3
49543;0
49544;10
49545;2
49546;2
49547;2
49548;4
49549;2
49550;2
49551;3
49552;2
49553;2
49554;2
49555;3
49556;3
49557;3
49558;3
49559;4
49560;4
49561;2
49562;2
49563;10
49564;3
49565;3
49566;3
49567;3
49568;3
49569;3
49570;3
49571;11
49572;2
49573;3
49574;3
49575;3
49576;4
49577;4
49578;4
49579;4
49580;18
49581;3
49582;9
49583;7
49584;7
49585;7
49586;2
49587;39
49588;3
49589;2
49590;10
49591;2
49592;3
49593;3
49594;3
49595;3
49596;3
49597;3
49598;3
49599;3
49600;3
49601;3
49602;3
49603;2
49604;2
49605;3
49606;3
49607;3
49608;18
49609;38
49610;2
49611;2
49612;2
49613;2
49614;2
49615;2
49616;3
49617;3
49618;2
49619;3
49620;12
49621;12
49622;3
49623;24
49624;24
49625;3
49626;3
49627;3
49628;38
49629;0
49630;0
49631;0
49632;3
49633;3
49634;3
49635;3
49636;3
49637;2
49638;3
49639;37
49640;3
49641;3
49642;3
49643;3
49644;7
49645;69
49646;3
49647;2
49648;3
49649;3
49650;5
49651;3
49652;3
49653;3
49654;3
49655;3
49656;3
49657;2
49658;2
49659;2
49660;2
49661;2
49662;2
49663;3
49664;3
49665;2
49666;3
49667;3
49668;3
49669;43
49670;2
49671;2
49672;3
49673;3
49674;3
49675;3
49676;3
49677;2
49678;3
49679;2
49680;2
49681;7
49682;7
49683;3
49684;39
49685;2
49686;2
49687;3
49688;3
49689;3
49690;3
49691;38
49692;3
49693;7
49694;2
49695;2
49696;2
49697;4
49698;2
49699;4
49700;7
49701;3
49702;2
49703;2
49704;3
49705;3
49706;2
49707;7
49708;3
49709;35
49710;3
49711;3
49712;3
49713;4
49714;3
49715;4
49716;4
49717;3
49718;4
49719;2
49720;2
49721;3
49722;3
49723;3
49724;3
49725;3
49726;2
49727;2
49728;2
49729;3
49730;9
49731;2
49732;2
49733;4
49734;4
49735;16
49736;2
49737;2
49738;2
49739;4
49740;4
49741;3
49742;3
49743;2
49744;3
49745;3
49746;2
49747;3
49748;2
49749;2
49750;3
49751;3
49752;2
49753;2
49754;6
49755;2
49756;2
49757;16
49758;35
49759;3
49760;3
49761;3
49762;3
49763;3
49764;2
49765;3
49766;24
49767;39
49768;3
49769;2
49770;5
49771;3
49772;3
49773;3
49774;3
49775;3
49776;3
49777;8
49778;3
49779;19
49780;4
49781;3
49782;2
49783;2
49784;2
49785;4
49786;3
49787;2
49788;3
49789;3
49790;2
49791;2
49792;3
49793;2
49794;2
49795;35
49796;2
49797;2
49798;3
49799;3
49800;6
49801;3
49802;2
49803;2
49804;3
49805;2
49806;3
49807;3
49808;3
49809;9
49810;3
49811;3
49812;4
49813;4
49814;3
49815;2
49816;3
49817;2
49818;2
49819;3
49820;17
49821;3
49822;37
49823;37
49824;11
49825;3
49826;2
49827;3
49828;2
49829;2
49830;3
49831;3
49832;2
49833;2
49834;3
49835;3
49836;7
49837;3
49838;7
49839;3
49840;3
49841;2
49842;9
49843;3
49844;3
49845;17
49846;7
49847;7
49848;23
49849;3
49850;3
49851;2
49852;2
49853;2
49854;4
49855;2
49856;2
49857;2
49858;3
49859;2
49860;4
49861;8
49862;2
49863;2
49864;3
49865;2
49866;4
49867;3
49868;3
49869;3
49870;3
49871;4
49872;3
49873;3
49874;3
49875;2
49876;2
49877;2
49878;10
49879;2
49880;2
49881;2
49882;4
49883;4
49884;38
49885;37
49886;37
49887;2
49888;2
49889;3
49890;16
49891;2
49892;2
49893;2
49894;2
49895;3
49896;3
49897;3
49898;3
49899;3
49900;3
49901;2
49902;3
49903;3
49904;7
49905;3
49906;4
49907;4
49908;4
49909;4
49910;3
49911;2
49912;3
49913;2
49914;4
49915;4
49916;3
49917;4
49918;3
49919;14
49920;2
49921;3
49922;3
49923;3
49924;3
49925;4
49926;4
49927;4
49928;2
49929;3
49930;3
49931;3
49932;2
49933;2
49934;2
49935;3
49936;3
49937;3
49938;17
49939;3
49940;4
49941;4
49942;4
49943;4
49944;3
49945;2
49946;2
49947;2
49948;4
49949;4
49950;6
49951;2
49952;2
49953;3
49954;10
49955;2
49956;3
49957;2
49958;2
49959;2
49960;3
49961;6
49962;3
49963;3
49964;3
49965;2
49966;2
49967;2
49968;7
49969;2
49970;2
49971;38
49972;3
49973;3
49974;3
49975;3
49976;18
49977;3
49978;3
49979;2
49980;3
49981;2
49982;3
49983;4
49984;4
49985;4
49986;2
49987;2
49988;0
49989;3
49990;3
49991;3
49992;6
49993;2
49994;3
49995;2
49996;12
49997;2
49998;3
49999;3
50000;3
50001;3
50002;3
50003;2
50004;3
50005;2
50006;35
50007;35
50008;3
50009;3
50010;3
50011;2
50012;2
50013;2
50014;7
50015;3
50016;3
50017;2
50018;3
50019;3
50020;3
50021;3
50022;3
50023;3
50024;3
50025;11
50026;2
50027;3
50028;37
50029;2
50030;2
50031;2
50032;2
50033;2
50034;2
50035;2
50036;2
50037;2
50038;3
50039;38
50040;38
50041;3
50042;2
50043;2
50044;4
50045;3
50046;3
50047;3
50048;4
50049;3
50050;3
50051;3
50052;2
50053;2
50054;3
50055;4
50056;2
50057;4
50058;3
50059;3
50060;3
50061;23
50062;2
50063;2
50064;3
50065;3
50066;4
50067;3
50068;3
50069;2
50070;2
50071;2
50072;3
50073;6
50074;6
50075;38
50076;4
50077;15
50078;3
50079;2
50080;2
50081;2
50082;3
50083;3
50084;2
50085;2
50086;2
50087;3
50088;2
50089;3
50090;4
50091;3
50092;2
50093;2
50094;2
50095;3
50096;2
50097;38
50098;3
50099;3
50100;2
50101;2
50102;3
50103;3
50104;4
50105;2
50106;7
50107;3
50108;3
50109;3
50110;3
50111;3
50112;4
50113;4
50114;3
50115;0
50116;3
50117;2
50118;19
50119;2
50120;2
50121;3
50122;2
50123;4
50124;17
50125;17
50126;3
50127;3
50128;3
50129;3
50130;2
50131;2
50132;4
50133;3
50134;3
50135;38
50136;3
50137;2
50138;2
50139;3
50140;7
50141;7
50142;3
50143;4
50144;3
50145;3
50146;3
50147;5
50148;5
50149;3
50150;20
50151;3
50152;2
50153;3
50154;3
50155;3
50156;7
50157;7
50158;3
50159;3
50160;3
50161;3
50162;3
50163;3
50164;3
50165;5
50166;3
50167;2
50168;2
50169;2
50170;7
50171;3
50172;7
50173;3
50174;2
50175;3
50176;3
50177;3
50178;2
50179;2
50180;2
50181;3
50182;3
50183;3
50184;3
50185;3
50186;3
50187;2
50188;21
50189;3
50190;3
50191;3
50192;3
50193;2
50194;2
50195;3
50196;3
50197;2
50198;2
50199;13
50200;3
50201;3
50202;6
50203;3
50204;3
50205;2
50206;9
50207;9
50208;3
50209;2
50210;2
50211;2
50212;2
50213;3
50214;3
50215;2
50216;3
50217;3
50218;3
50219;2
50220;2
50221;3
50222;3
50223;3
50224;6
50225;3
50226;2
50227;2
50228;3
50229;7
50230;2
50231;8
50232;2
50233;3
50234;2
50235;2
50236;3
50237;3
50238;2
50239;3
50240;3
50241;3
50242;6
50243;6
50244;3
50245;3
50246;3
50247;2
50248;3
50249;4
50250;3
50251;3
50252;12
50253;3
50254;7
50255;7
50256;7
50257;2
50258;2
50259;2
50260;2
50261;2
50262;3
50263;3
50264;7
50265;3
50266;2
50267;2
50268;2
50269;4
50270;5
50271;2
50272;4
50273;2
50274;3
50275;3
50276;3
50277;3
50278;3
50279;4
50280;3
50281;6
50282;39
50283;13
50284;13
50285;4
50286;3
50287;2
50288;2
50289;3
50290;2
50291;2
50292;7
50293;2
50294;6
50295;3
50296;3
50297;3
50298;3
50299;3
50300;3
50301;3
50302;3
50303;2
50304;2
50305;2
50306;3
50307;3
50308;3
50309;3
50310;3
50311;3
50312;3
50313;3
50314;3
50315;6
50316;3
50317;3
50318;0
50319;7
50320;3
50321;6
50322;6
50323;4
50324;3
50325;13
50326;4
50327;2
50328;3
50329;3
50330;3
50331;3
50332;3
50333;2
50334;3
50335;3
50336;3
50337;3
50338;2
50339;3
50340;2
50341;3
50342;38
50343;2
50344;3
50345;3
50346;3
50347;3
50348;3
50349;16
50350;16
50351;6
50352;2
50353;2
50354;38
50355;38
50356;3
50357;3
50358;3
50359;3
50360;3
50361;3
50362;3
50363;2
50364;3
50365;3
50366;3
50367;3
50368;38
50369;3
50370;2
50371;2
50372;2
50373;2
50374;2
50375;2
50376;2
50377;4
50378;3
50379;3
50380;3
50381;3
50382;2
50383;4
50384;38
50385;2
50386;10
50387;3
50388;3
50389;3
50390;3
50391;2
50392;2
50393;2
50394;3
50395;3
50396;3
50397;37
50398;37
50399;3
50400;3
50401;3
50402;3
50403;3
50404;3
50405;3
50406;3
50407;3
50408;3
50409;36
50410;2
50411;2
50412;2
50413;2
50414;2
50415;3
50416;2
50417;3
50418;3
50419;2
50420;2
50421;3
50422;7
50423;6
50424;6
50425;3
50426;2
50427;4
50428;10
50429;3
50430;3
50431;3
50432;3
50433;2
50434;2
50435;2
50436;2
50437;2
50438;3
50439;3
50440;2
50441;3
50442;3
50443;3
50444;8
50445;36
50446;6
50447;4
50448;4
50449;3
50450;3
50451;2
50452;2
50453;3
50454;2
50455;3
50456;4
50457;7
50458;4
50459;3
50460;3
50461;3
50462;3
50463;3
50464;3
50465;3
50466;3
50467;4
50468;2
50469;2
50470;2
50471;2
50472;3
50473;3
50474;3
50475;3
50476;3
50477;2
50478;3
50479;40
50480;40
50481;3
50482;3
50483;2
50484;4
50485;19
50486;3
50487;2
50488;10
50489;37
50490;3
50491;3
50492;2
50493;3
50494;10
50495;3
50496;2
50497;3
50498;2
50499;3
50500;3
50501;2
50502;6
50503;3
50504;3
50505;3
50506;3
50507;3
50508;15
50509;3
50510;3
50511;3
50512;3
50513;3
50514;2
50515;3
50516;4
50517;3
50518;38
50519;2
50520;2
50521;3
50522;2
50523;2
50524;4
50525;3
50526;3
50527;3
50528;3
50529;3
50530;38
50531;5
50532;2
50533;2
50534;3
50535;4
50536;3
50537;3
50538;6
50539;6
50540;6
50541;38
50542;3
50543;2
50544;3
50545;2
50546;2
50547;2
50548;4
50549;11
50550;3
50551;14
50552;3
50553;3
50554;2
50555;6
50556;2
50557;13
50558;4
50559;4
50560;14
50561;6
50562;2
50563;3
50564;3
50565;3
50566;3
50567;2
50568;3
50569;2
50570;3
50571;3
50572;9
50573;2
50574;3
50575;21
50576;3
50577;3
50578;3
50579;3
50580;3
50581;3
50582;3
50583;4
50584;3
50585;3
50586;7
50587;7
50588;3
50589;3
50590;3
50591;6
50592;4
50593;2
50594;3
50595;3
50596;3
50597;3
50598;35
50599;3
50600;3
50601;3
50602;2
50603;3
50604;3
50605;3
50606;3
50607;2
50608;4
50609;3
50610;4
50611;3
50612;3
50613;8
50614;3
50615;39
50616;4
50617;4
50618;3
50619;3
50620;3
50621;4
50622;73
50623;3
50624;2
50625;3
50626;2
50627;2
50628;2
50629;4
50630;4
50631;3
50632;14
50633;10
50634;4
50635;2
50636;2
50637;2
50638;2
50639;2
50640;2
50641;2
50642;4
50643;4
50644;4
50645;3
50646;2
50647;2
50648;38
50649;0
50650;4
50651;17
50652;4
50653;4
50654;3
50655;2
50656;2
50657;13
50658;7
50659;7
50660;3
50661;3
50662;3
50663;2
50664;3
50665;3
50666;3
50667;4
50668;4
50669;3
50670;3
50671;3
50672;2
50673;3
50674;2
50675;4
50676;3
50677;3
50678;3
50679;3
50680;3
50681;3
50682;3
50683;28
50684;2
50685;2
50686;2
50687;3
50688;3
50689;3
50690;3
50691;2
50692;2
50693;2
50694;38
50695;38
50696;3
50697;4
50698;4
50699;3
50700;11
50701;10
50702;3
50703;3
50704;2
50705;2
50706;3
50707;3
50708;3
50709;3
50710;3
50711;3
50712;3
50713;3
50714;3
50715;3
50716;3
50717;3
50718;3
50719;4
50720;2
50721;3
50722;38
50723;38
50724;38
50725;37
50726;3
50727;3
50728;11
50729;3
50730;4
50731;3
50732;2
50733;3
50734;2
50735;39
50736;3
50737;6
50738;2
50739;3
50740;8
50741;20
50742;3
50743;3
50744;3
50745;3
50746;3
50747;3
50748;3
50749;3
50750;3
50751;4
50752;3
50753;3
50754;7
50755;7
50756;0
50757;0
50758;6
50759;2
50760;2
50761;2
50762;3
50763;5
50764;5
50765;3
50766;10
50767;10
50768;3
50769;3
50770;2
50771;3
50772;9
50773;9
50774;9
50775;2
50776;3
50777;2
50778;6
50779;3
50780;3
50781;3
50782;6
50783;3
50784;9
50785;4
50786;3
50787;39
50788;2
50789;2
50790;2
50791;3
50792;3
50793;39
50794;4
50795;3
50796;39
50797;3
50798;3
50799;2
50800;4
50801;4
50802;2
50803;2
50804;2
50805;3
50806;3
50807;3
50808;2
50809;2
50810;2
50811;42
50812;13
50813;13
50814;3
50815;2
50816;3
50817;3
50818;3
50819;3
50820;7
50821;2
50822;3
50823;1
50824;1
50825;3
50826;2
50827;2
50828;2
50829;2
50830;2
50831;2
50832;2
50833;2
50834;18
50835;3
50836;35
50837;3
50838;3
50839;3
50840;3
50841;2
50842;2
50843;2
50844;39
50845;3
50846;2
50847;4
50848;3
50849;3
50850;14
50851;14
50852;14
50853;3
50854;3
50855;4
50856;3
50857;3
50858;3
50859;3
50860;3
50861;3
50862;3
50863;3
50864;3
50865;3
50866;3
50867;3
50868;3
50869;6
50870;5
50871;7
50872;2
50873;2
50874;2
50875;3
50876;2
50877;3
50878;3
50879;3
50880;3
50881;3
50882;3
50883;3
50884;3
50885;3
50886;2
50887;2
50888;2
50889;5
50890;37
50891;37
50892;7
50893;3
50894;3
50895;2
50896;2
50897;3
50898;3
50899;14
50900;14
50901;3
50902;3
50903;2
50904;2
50905;3
50906;3
50907;3
50908;3
50909;3
50910;4
50911;2
50912;3
50913;15
50914;11
50915;3
50916;17
50917;7
50918;3
50919;3
50920;3
50921;11
50922;4
50923;2
50924;3
50925;6
50926;6
50927;3
50928;3
50929;3
50930;3
50931;4
50932;12
50933;3
50934;2
50935;2
50936;2
50937;3
50938;3
50939;3
50940;39
50941;3
50942;7
50943;2
50944;2
50945;3
50946;3
50947;4
50948;3
50949;3
50950;4
50951;3
50952;3
50953;3
50954;3
50955;3
50956;3
50957;3
50958;3
50959;3
50960;3
50961;3
50962;2
50963;3
50964;3
50965;2
50966;2
50967;2
50968;3
50969;11
50970;3
50971;17
50972;7
50973;3
50974;3
50975;6
50976;2
50977;3
50978;3
50979;3
50980;2
50981;10
50982;2
50983;3
50984;11
50985;3
50986;2
50987;3
50988;3
50989;7
50990;7
50991;3
50992;3
50993;2
50994;4
50995;3
50996;4
50997;8
50998;7
50999;3
51000;37
51001;2
51002;2
51003;3
51004;12
51005;2
51006;2
51007;2
51008;12
51009;2
51010;2
51011;2
51012;3
51013;35
51014;3
51015;2
51016;2
51017;3
51018;4
51019;4
51020;2
51021;2
51022;38
51023;3
51024;13
51025;3
51026;4
51027;3
51028;3
51029;20
51030;3
51031;3
51032;4
51033;3
51034;3
51035;3
51036;3
51037;7
51038;19
51039;7
51040;16
51041;3
51042;3
51043;3
51044;3
51045;12
51046;12
51047;3
51048;3
51049;1
51050;1
51051;37
51052;2
51053;3
51054;3
51055;2
51056;2
51057;3
51058;3
51059;3
51060;37
51061;2
51062;2
51063;3
51064;3
51065;4
51066;4
51067;2
51068;3
51069;3
51070;2
51071;2
51072;3
51073;3
51074;2
51075;3
51076;3
51077;3
51078;3
51079;3
51080;3
51081;3
51082;3
51083;3
51084;3
51085;2
51086;7
51087;3
51088;4
51089;3
51090;8
51091;8
51092;3
51093;3
51094;39
51095;2
51096;3
51097;2
51098;3
51099;3
51100;2
51101;2
51102;3
51103;3
51104;2
51105;2
51106;3
51107;4
51108;12
51109;2
51110;3
51111;4
51112;2
51113;3
51114;2
51115;2
51116;2
51117;2
51118;4
51119;11
51120;3
51121;2
51122;2
51123;3
51124;3
51125;38
51126;3
51127;3
51128;3
51129;3
51130;6
51131;3
51132;3
51133;15
51134;4
51135;36
51136;3
51137;2
51138;3
51139;4
51140;4
51141;3
51142;3
51143;4
51144;10
51145;7
51146;38
51147;2
51148;17
51149;4
51150;4
51151;4
51152;3
51153;3
51154;4
51155;4
51156;2
51157;2
51158;6
51159;10
51160;2
51161;2
51162;3
51163;3
51164;3
51165;3
51166;2
51167;2
51168;2
51169;2
51170;7
51171;3
51172;3
51173;4
51174;7
51175;6
51176;3
51177;3
51178;3
51179;2
51180;4
51181;3
51182;2
51183;3
51184;12
51185;2
51186;2
51187;2
51188;0
51189;2
51190;16
51191;6
51192;8
51193;5
51194;3
51195;3
51196;13
51197;3
51198;3
51199;3
51200;3
51201;3
51202;3
51203;7
51204;3
51205;3
51206;6
51207;3
51208;3
51209;3
51210;2
51211;2
51212;13
51213;13
51214;2
51215;3
51216;3
51217;3
51218;3
51219;7
51220;3
51221;2
51222;3
51223;3
51224;37
51225;3
51226;3
51227;2
51228;37
51229;37
51230;3
51231;4
51232;3
51233;2
51234;58
51235;2
51236;4
51237;7
51238;2
51239;2
51240;2
51241;3
51242;5
51243;6
51244;3
51245;3
51246;7
51247;2
51248;3
51249;16
51250;3
51251;3
51252;3
51253;2
51254;6
51255;5
51256;6
51257;3
51258;3
51259;3
51260;3
51261;3
51262;3
51263;3
51264;3
51265;7
51266;3
51267;2
51268;2
51269;3
51270;3
51271;2
51272;41
51273;3
51274;3
51275;2
51276;3
51277;3
51278;4
51279;4
51280;2
51281;2
51282;3
51283;11
51284;38
51285;3
51286;3
51287;3
51288;3
51289;3
51290;5
51291;7
51292;7
51293;3
51294;2
51295;2
51296;4
51297;4
51298;3
51299;2
51300;3
51301;3
51302;3
51303;3
51304;13
51305;2
51306;2
51307;3
51308;3
51309;3
51310;2
51311;3
51312;2
51313;37
51314;3
51315;3
51316;3
51317;3
51318;2
51319;2
51320;7
51321;3
51322;3
51323;3
51324;4
51325;53
51326;42
51327;2
51328;3
51329;3
51330;4
51331;3
51332;47
51333;2
51334;2
51335;3
51336;4
51337;37
51338;3
51339;3
51340;3
51341;3
51342;3
51343;2
51344;39
51345;39
51346;3
51347;0
51348;3
51349;5
51350;3
51351;3
51352;7
51353;2
51354;38
51355;3
51356;2
51357;3
51358;7
51359;2
51360;2
51361;50
51362;3
51363;7
51364;7
51365;2
51366;2
51367;4
51368;3
51369;3
51370;3
51371;3
51372;3
51373;2
51374;4
51375;4
51376;3
51377;3
51378;4
51379;3
51380;3
51381;2
51382;6
51383;2
51384;2
51385;3
51386;3
51387;3
51388;2
51389;2
51390;4
51391;3
51392;3
51393;3
51394;2
51395;0
51396;3
51397;3
51398;7
51399;3
51400;3
51401;4
51402;4
51403;3
51404;3
51405;2
51406;7
51407;2
51408;3
51409;3
51410;3
51411;3
51412;3
51413;3
51414;3
51415;2
51416;4
51417;3
51418;3
51419;3
51420;3
51421;3
51422;3
51423;3
51424;3
51425;9
51426;4
51427;3
51428;4
51429;39
51430;22
51431;3
51432;2
51433;3
51434;10
51435;2
51436;4
51437;4
51438;3
51439;2
51440;4
51441;11
51442;2
51443;4
51444;2
51445;2
51446;3
51447;3
51448;2
51449;4
51450;3
51451;3
51452;2
51453;2
51454;3
51455;3
51456;3
51457;2
51458;3
51459;3
51460;38
51461;3
51462;2
51463;2
51464;2
51465;3
51466;3
51467;3
51468;3
51469;4
51470;2
51471;2
51472;2
51473;3
51474;3
51475;3
51476;3
51477;2
51478;2
51479;2
51480;3
51481;3
51482;21
51483;3
51484;3
51485;3
51486;2
51487;2
51488;3
51489;3
51490;2
51491;2
51492;13
51493;2
51494;3
51495;3
51496;3
51497;3
51498;10
51499;3
51500;2
51501;2
51502;3
51503;3
51504;6
51505;3
51506;3
51507;2
51508;2
51509;2
51510;3
51511;3
51512;3
51513;2
51514;4
51515;4
51516;3
51517;2
51518;2
51519;7
51520;14
51521;2
51522;3
51523;2
51524;2
51525;2
51526;6
51527;4
51528;2
51529;2
51530;3
51531;2
51532;2
51533;2
51534;6
51535;6
51536;2
51537;2
51538;3
51539;3
51540;3
51541;2
51542;2
51543;37
51544;3
51545;2
51546;3
51547;3
51548;2
51549;4
51550;2
51551;2
51552;2
51553;2
51554;2
51555;4
51556;4
51557;6
51558;13
51559;3
51560;3
51561;3
51562;37
51563;3
51564;3
51565;40
51566;3
51567;3
51568;6
51569;4
51570;4
51571;4
51572;15
51573;3
51574;3
51575;70
51576;7
51577;2
51578;2
51579;2
51580;2
51581;2
51582;3
51583;42
51584;0
51585;3
51586;3
51587;2
51588;0
51589;3
51590;3
51591;4
51592;17
51593;17
51594;7
51595;3
51596;3
51597;3
51598;3
51599;2
51600;2
51601;7
51602;3
51603;3
51604;3
51605;2
51606;3
51607;2
51608;2
51609;2
51610;6
51611;2
51612;3
51613;10
51614;2
51615;3
51616;3
51617;4
51618;3
51619;3
51620;2
51621;2
51622;3
51623;2
51624;2
51625;2
51626;3
51627;52
51628;52
51629;2
51630;4
51631;2
51632;37
51633;3
51634;3
51635;2
51636;3
51637;0
51638;2
51639;2
51640;2
51641;37
51642;37
51643;3
51644;2
51645;3
51646;2
51647;2
51648;2
51649;2
51650;2
51651;2
51652;2
51653;2
51654;3
51655;3
51656;2
51657;2
51658;10
51659;3
51660;3
51661;4
51662;2
51663;2
51664;4
51665;39
51666;4
51667;4
51668;3
51669;3
51670;7
51671;3
51672;3
51673;3
51674;4
51675;11
51676;7
51677;3
51678;49
51679;3
51680;3
51681;3
51682;3
51683;2
51684;2
51685;2
51686;3
51687;3
51688;2
51689;6
51690;3
51691;3
51692;3
51693;2
51694;2
51695;3
51696;3
51697;54
51698;38
51699;3
51700;2
51701;2
51702;3
51703;2
51704;3
51705;3
51706;5
51707;5
51708;5
51709;3
51710;4
51711;2
51712;2
51713;3
51714;2
51715;2
51716;2
51717;3
51718;3
51719;4
51720;4
51721;3
51722;2
51723;6
51724;3
51725;2
51726;2
51727;3
51728;18
51729;2
51730;2
51731;2
51732;3
51733;3
51734;3
51735;3
51736;3
51737;3
51738;3
51739;3
51740;2
51741;2
51742;2
51743;2
51744;2
51745;3
51746;3
51747;2
51748;2
51749;3
51750;3
51751;3
51752;3
51753;3
51754;2
51755;2
51756;2
51757;3
51758;3
51759;2
51760;3
51761;3
51762;2
51763;2
51764;2
51765;3
51766;2
51767;2
51768;2
51769;2
51770;2
51771;3
51772;3
51773;3
51774;2
51775;2
51776;2
51777;10
51778;18
51779;2
51780;37
51781;3
51782;3
51783;2
51784;2
51785;3
51786;2
51787;3
51788;3
51789;3
51790;2
51791;3
51792;3
51793;3
51794;3
51795;3
51796;2
51797;3
51798;3
51799;35
51800;3
51801;4
51802;2
51803;3
51804;2
51805;3
51806;2
51807;4
51808;3
51809;4
51810;3
51811;4
51812;4
51813;3
51814;3
51815;3
51816;3
51817;2
51818;2
51819;2
51820;2
51821;3
51822;3
51823;3
51824;37
51825;3
51826;3
51827;3
51828;3
51829;3
51830;3
51831;3
51832;2
51833;2
51834;3
51835;4
51836;3
51837;3
51838;3
51839;3
51840;3
51841;3
51842;3
51843;2
51844;10
51845;3
51846;3
51847;4
51848;2
51849;4
51850;7
51851;2
51852;2
51853;2
51854;20
51855;20
51856;20
51857;2
51858;2
51859;2
51860;2
51861;2
51862;2
51863;2
51864;3
51865;3
51866;2
51867;35
51868;3
51869;2
51870;3
51871;3
51872;3
51873;3
51874;3
51875;3
51876;3
51877;3
51878;12
51879;6
51880;4
51881;44
51882;44
51883;4
51884;39
51885;3
51886;3
51887;3
51888;3
51889;2
51890;3
51891;3
51892;3
51893;3
51894;7
51895;3
51896;3
51897;3
51898;13
51899;13
51900;2
51901;2
51902;2
51903;35
51904;35
51905;3
51906;3
51907;11
51908;3
51909;3
51910;3
51911;3
51912;3
51913;35
51914;2
51915;3
51916;14
51917;3
51918;4
51919;2
51920;3
51921;3
51922;3
51923;3
51924;2
51925;2
51926;4
51927;3
51928;3
51929;2
51930;3
51931;38
51932;41
51933;4
51934;39
51935;3
51936;12
51937;0
51938;4
51939;14
51940;3
51941;8
51942;8
51943;2
51944;2
51945;2
51946;12
51947;3
51948;3
51949;3
51950;3
51951;3
51952;13
51953;3
51954;2
51955;2
51956;2
51957;2
51958;3
51959;3
51960;3
51961;3
51962;3
51963;2
51964;4
51965;2
51966;15
51967;2
51968;2
51969;3
51970;2
51971;2
51972;2
51973;3
51974;3
51975;3
51976;2
51977;2
51978;0
51979;4
51980;3
51981;2
51982;3
51983;3
51984;3
51985;3
51986;3
51987;3
51988;2
51989;3
51990;3
51991;3
51992;3
51993;4
51994;38
51995;3
51996;3
51997;3
51998;3
51999;3
52000;2
52001;3
52002;9
52003;2
52004;3
52005;3
52006;2
52007;2
52008;2
52009;3
52010;2
52011;2
52012;2
52013;3
52014;3
52015;3
52016;2
52017;3
52018;2
52019;3
52020;10
52021;2
52022;2
52023;39
52024;2
52025;2
52026;2
52027;3
52028;3
52029;3
52030;3
52031;2
52032;3
52033;3
52034;3
52035;3
52036;2
52037;2
52038;3
52039;3
52040;2
52041;2
52042;2
52043;36
52044;3
52045;39
52046;2
52047;3
52048;15
52049;11
52050;2
52051;3
52052;2
52053;3
52054;3
52055;3
52056;3
52057;2
52058;2
52059;4
52060;3
52061;3
52062;2
52063;3
52064;3
52065;3
52066;3
52067;3
52068;3
52069;7
52070;38
52071;3
52072;4
52073;3
52074;3
52075;3
52076;3
52077;42
52078;42
52079;3
52080;3
52081;4
52082;2
52083;2
52084;2
52085;3
52086;2
52087;2
52088;3
52089;2
52090;2
52091;2
52092;3
52093;4
52094;14
52095;2
52096;2
52097;2
52098;0
52099;2
52100;2
52101;2
52102;3
52103;3
52104;2
52105;2
52106;2
52107;4
52108;3
52109;3
52110;3
52111;3
52112;2
52113;2
52114;2
52115;3
52116;3
52117;2
52118;2
52119;39
52120;3
52121;12
52122;3
52123;3
52124;6
52125;3
52126;2
52127;7
52128;7
52129;2
52130;2
52131;6
52132;3
52133;3
52134;3
52135;9
52136;9
52137;9
52138;2
52139;3
52140;2
52141;3
52142;3
52143;3
52144;4
52145;4
52146;4
52147;3
52148;15
52149;3
52150;22
52151;3
52152;3
52153;2
52154;2
52155;2
52156;7
52157;15
52158;3
52159;3
52160;4
52161;2
52162;2
52163;3
52164;2
52165;3
52166;4
52167;35
52168;0
52169;3
52170;4
52171;3
52172;3
52173;3
52174;3
52175;3
52176;36
52177;3
52178;2
52179;2
52180;4
52181;3
52182;3
52183;3
52184;3
52185;3
52186;3
52187;3
52188;3
52189;3
52190;3
52191;3
52192;3
52193;3
52194;9
52195;4
52196;3
52197;3
52198;3
52199;3
52200;3
52201;3
52202;3
52203;2
52204;2
52205;3
52206;3
52207;3
52208;3
52209;37
52210;37
52211;37
52212;2
52213;2
52214;2
52215;2
52216;37
52217;2
52218;2
52219;3
52220;2
52221;2
52222;2
52223;2
52224;3
52225;2
52226;2
52227;2
52228;3
52229;38
52230;38
52231;2
52232;2
52233;3
52234;3
52235;2
52236;3
52237;3
52238;3
52239;7
52240;7
52241;2
52242;3
52243;3
52244;3
52245;2
52246;2
52247;2
52248;2
52249;3
52250;4
52251;4
52252;3
52253;2
52254;4
52255;3
52256;3
52257;3
52258;3
52259;6
52260;23
52261;4
52262;4
52263;37
52264;37
52265;3
52266;2
52267;2
52268;2
52269;6
52270;17
52271;4
52272;4
52273;3
52274;6
52275;3
52276;3
52277;3
52278;2
52279;14
52280;14
52281;3
52282;3
52283;3
52284;2
52285;3
52286;3
52287;3
52288;3
52289;10
52290;2
52291;3
52292;3
52293;3
52294;3
52295;3
52296;2
52297;3
52298;3
52299;3
52300;39
52301;38
52302;3
52303;7
52304;7
52305;7
52306;3
52307;3
52308;4
52309;2
52310;3
52311;3
52312;3
52313;2
52314;3
52315;3
52316;14
52317;2
52318;3
52319;4
52320;3
52321;2
52322;50
52323;27
52324;27
52325;2
52326;2
52327;7
52328;7
52329;2
52330;2
52331;3
52332;3
52333;2
52334;3
52335;3
52336;3
52337;3
52338;3
52339;3
52340;3
52341;3
52342;3
52343;3
52344;3
52345;3
52346;3
52347;5
52348;2
52349;2
52350;2
52351;3
52352;3
52353;3
52354;3
52355;3
52356;3
52357;9
52358;2
52359;2
52360;2
52361;2
52362;4
52363;2
52364;2
52365;41
52366;3
52367;2
52368;2
52369;4
52370;3
52371;4
52372;3
52373;2
52374;3
52375;4
52376;3
52377;3
52378;3
52379;15
52380;2
52381;2
52382;7
52383;7
52384;3
52385;3
52386;3
52387;3
52388;3
52389;3
52390;39
52391;4
52392;2
52393;2
52394;12
52395;3
52396;10
52397;3
52398;3
52399;2
52400;2
52401;39
52402;4
52403;3
52404;3
52405;3
52406;39
52407;3
52408;3
52409;43
52410;3
52411;7
52412;16
52413;16
52414;16
52415;2
52416;2
52417;3
52418;3
52419;9
52420;4
52421;4
52422;2
52423;17
52424;10
52425;3
52426;3
52427;3
52428;3
52429;3
52430;26
52431;7
52432;3
52433;3
52434;3
52435;3
52436;5
52437;15
52438;3
52439;3
52440;3
52441;7
52442;3
52443;21
52444;2
52445;7
52446;3
52447;3
52448;3
52449;2
52450;2
52451;2
52452;4
52453;2
52454;3
52455;39
52456;2
52457;2
52458;2
52459;6
52460;3
52461;3
52462;3
52463;3
52464;3
52465;2
52466;3
52467;3
52468;3
52469;3
52470;4
52471;4
52472;4
52473;17
52474;3
52475;18
52476;3
52477;2
52478;6
52479;3
52480;3
52481;2
52482;2
52483;2
52484;3
52485;2
52486;2
52487;3
52488;7
52489;2
52490;2
52491;2
52492;3
52493;3
52494;3
52495;2
52496;3
52497;3
52498;11
52499;4
52500;3
52501;2
52502;3
52503;3
52504;8
52505;39
52506;3
52507;3
52508;3
52509;4
52510;3
52511;3
52512;2
52513;2
52514;37
52515;2
52516;3
52517;4
52518;10
52519;3
52520;3
52521;3
52522;38
52523;2
52524;2
52525;2
52526;2
52527;4
52528;2
52529;2
52530;2
52531;6
52532;3
52533;3
52534;3
52535;10
52536;3
52537;3
52538;3
52539;4
52540;41
52541;39
52542;2
52543;2
52544;2
52545;3
52546;2
52547;3
52548;4
52549;3
52550;8
52551;2
52552;38
52553;3
52554;2
52555;15
52556;2
52557;2
52558;2
52559;2
52560;38
52561;38
52562;3
52563;3
52564;3
52565;3
52566;2
52567;2
52568;3
52569;3
52570;35
52571;2
52572;2
52573;3
52574;3
52575;3
52576;3
52577;6
52578;2
52579;3
52580;3
52581;23
52582;38
52583;3
52584;6
52585;3
52586;3
52587;2
52588;2
52589;2
52590;2
52591;3
52592;3
52593;3
52594;2
52595;3
52596;3
52597;3
52598;3
52599;2
52600;47
52601;3
52602;3
52603;4
52604;3
52605;3
52606;3
52607;3
52608;3
52609;3
52610;3
52611;39
52612;0
52613;37
52614;2
52615;3
52616;3
52617;37
52618;3
52619;3
52620;3
52621;2
52622;0
52623;3
52624;3
52625;2
52626;2
52627;2
52628;3
52629;3
52630;3
52631;3
52632;3
52633;3
52634;3
52635;3
52636;25
52637;3
52638;3
52639;2
52640;3
52641;3
52642;2
52643;3
52644;3
52645;3
52646;3
52647;2
52648;3
52649;3
52650;3
52651;3
52652;4
52653;18
52654;3
52655;3
52656;3
52657;3
52658;3
52659;12
52660;2
52661;2
52662;5
52663;2
52664;2
52665;2
52666;2
52667;7
52668;3
52669;2
52670;37
52671;4
52672;4
52673;2
52674;3
52675;42
52676;3
52677;2
52678;35
52679;2
52680;36
52681;3
52682;38
52683;4
52684;3
52685;2
52686;2
52687;2
52688;3
52689;3
52690;3
52691;0
52692;2
52693;2
52694;2
52695;2
52696;2
52697;2
52698;2
52699;3
52700;2
52701;3
52702;3
52703;3
52704;4
52705;11
52706;12
52707;3
52708;3
52709;3
52710;3
52711;6
52712;3
52713;38
52714;7
52715;3
52716;3
52717;2
52718;3
52719;7
52720;19
52721;4
52722;3
52723;3
52724;3
52725;3
52726;3
52727;4
52728;37
52729;37
52730;38
52731;2
52732;2
52733;2
52734;7
52735;38
52736;3
52737;3
52738;3
52739;3
52740;39
52741;3
52742;3
52743;3
52744;3
52745;3
52746;12
52747;4
52748;36
52749;7
52750;24
52751;7
52752;3
52753;3
52754;3
52755;3
52756;3
52757;4
52758;7
52759;3
52760;3
52761;3
52762;3
52763;3
52764;2
52765;3
52766;85
52767;38
52768;3
52769;3
52770;12
52771;3
52772;3
52773;3
52774;7
52775;3
52776;3
52777;3
52778;37
52779;3
52780;3
52781;3
52782;3
52783;3
52784;38
52785;3
52786;3
52787;3
52788;3
52789;2
52790;12
52791;18
52792;3
52793;3
52794;3
52795;3
52796;3
52797;38
52798;2
52799;2
52800;2
52801;3
52802;3
52803;4
52804;2
52805;2
52806;2
52807;2
52808;12
52809;4
52810;4
52811;2
52812;2
52813;3
52814;11
52815;3
52816;4
52817;15
52818;2
52819;2
52820;6
52821;2
52822;3
52823;3
52824;3
52825;3
52826;2
52827;3
52828;2
52829;5
52830;3
52831;0
52832;3
52833;2
52834;3
52835;3
52836;3
52837;3
52838;3
52839;3
52840;3
52841;3
52842;2
52843;2
52844;41
52845;41
52846;2
52847;3
52848;4
52849;3
52850;13
52851;11
52852;3
52853;2
52854;52
52855;3
52856;3
52857;3
52858;3
52859;3
52860;3
52861;8
52862;8
52863;3
52864;3
52865;3
52866;3
52867;3
52868;3
52869;2
52870;3
52871;3
52872;2
52873;2
52874;3
52875;2
52876;2
52877;2
52878;2
52879;3
52880;3
52881;3
52882;3
52883;3
52884;2
52885;2
52886;2
52887;2
52888;2
52889;11
52890;3
52891;2
52892;2
52893;3
52894;3
52895;3
52896;3
52897;3
52898;3
52899;3
52900;4
52901;4
52902;2
52903;2
52904;2
52905;2
52906;2
52907;38
52908;38
52909;2
52910;2
52911;2
52912;2
52913;10
52914;3
52915;9
52916;3
52917;10
52918;3
52919;2
52920;9
52921;2
52922;2
52923;2
52924;3
52925;39
52926;3
52927;3
52928;3
52929;35
52930;45
52931;3
52932;2
52933;2
52934;3
52935;2
52936;3
52937;3
52938;3
52939;2
52940;3
52941;3
52942;3
52943;3
52944;3
52945;3
52946;3
52947;3
52948;3
52949;3
52950;3
52951;3
52952;50
52953;14
52954;14
52955;2
52956;3
52957;3
52958;3
52959;3
52960;3
52961;3
52962;2
52963;12
52964;12
52965;1
52966;1
52967;4
52968;2
52969;2
52970;3
52971;10
52972;10
52973;3
52974;3
52975;3
52976;3
52977;3
52978;74
52979;74
52980;2
52981;4
52982;4
52983;3
52984;2
52985;3
52986;3
52987;2
52988;3
52989;3
52990;3
52991;7
52992;3
52993;3
52994;3
52995;3
52996;3
52997;3
52998;3
52999;2
53000;3
53001;3
53002;3
53003;3
53004;4
53005;4
53006;3
53007;3
53008;3
53009;3
53010;3
53011;2
53012;3
53013;3
53014;3
53015;3
53016;5
53017;16
53018;16
53019;37
53020;3
53021;3
53022;4
53023;0
53024;2
53025;2
53026;2
53027;3
53028;2
53029;2
53030;3
53031;3
53032;3
53033;2
53034;3
53035;2
53036;3
53037;3
53038;13
53039;3
53040;2
53041;4
53042;2
53043;4
53044;3
53045;35
53046;3
53047;2
53048;3
53049;2
53050;37
53051;37
53052;37
53053;2
53054;2
53055;3
53056;3
53057;38
53058;38
53059;38
53060;2
53061;6
53062;2
53063;3
53064;3
53065;3
53066;3
53067;2
53068;2
53069;2
53070;2
53071;2
53072;3
53073;4
53074;3
53075;3
53076;2
53077;35
53078;0
53079;3
53080;7
53081;7
53082;3
53083;3
53084;37
53085;37
53086;2
53087;2
53088;2
53089;38
53090;3
53091;3
53092;3
53093;2
53094;35
53095;3
53096;3
53097;7
53098;2
53099;3
53100;3
53101;3
53102;3
53103;3
53104;3
53105;2
53106;2
53107;4
53108;4
53109;4
53110;3
53111;38
53112;2
53113;6
53114;3
53115;2
53116;4
53117;3
53118;3
53119;3
53120;2
53121;2
53122;2
53123;2
53124;3
53125;2
53126;2
53127;2
53128;3
53129;8
53130;8
53131;3
53132;3
53133;3
53134;2
53135;6
53136;3
53137;2
53138;2
53139;2
53140;3
53141;8
53142;20
53143;3
53144;3
53145;3
53146;3
53147;3
53148;3
53149;10
53150;40
53151;2
53152;3
53153;3
53154;3
53155;3
53156;2
53157;2
53158;3
53159;3
53160;2
53161;7
53162;7
53163;3
53164;3
53165;3
53166;3
53167;3
53168;3
53169;3
53170;3
53171;3
53172;0
53173;3
53174;3
53175;3
53176;3
53177;11
53178;3
53179;3
53180;2
53181;2
53182;42
53183;5
53184;2
53185;2
53186;2
53187;3
53188;38
53189;3
53190;2
53191;2
53192;2
53193;10
53194;7
53195;2
53196;3
53197;3
53198;2
53199;3
53200;2
53201;2
53202;2
53203;2
53204;3
53205;3
53206;2
53207;2
53208;3
53209;3
53210;2
53211;2
53212;7
53213;7
53214;3
53215;36
53216;3
53217;4
53218;2
53219;4
53220;3
53221;3
53222;3
53223;3
53224;3
53225;3
53226;3
53227;3
53228;4
53229;3
53230;38
53231;3
53232;3
53233;7
53234;3
53235;3
53236;3
53237;3
53238;3
53239;39
53240;3
53241;3
53242;4
53243;4
53244;2
53245;2
53246;2
53247;3
53248;8
53249;3
53250;3
53251;3
53252;7
53253;4
53254;4
53255;3
53256;2
53257;4
53258;4
53259;4
53260;2
53261;2
53262;3
53263;4
53264;4
53265;3
53266;6
53267;2
53268;2
53269;3
53270;3
53271;3
53272;2
53273;2
53274;19
53275;4
53276;45
53277;18
53278;3
53279;3
53280;3
53281;7
53282;3
53283;2
53284;4
53285;3
53286;2
53287;2
53288;3
53289;4
53290;3
53291;2
53292;3
53293;3
53294;3
53295;3
53296;2
53297;3
53298;2
53299;3
53300;2
53301;3
53302;3
53303;6
53304;6
53305;3
53306;13
53307;3
53308;3
53309;2
53310;2
53311;3
53312;3
53313;3
53314;3
53315;2
53316;11
53317;2
53318;2
53319;2
53320;2
53321;3
53322;7
53323;3
53324;2
53325;3
53326;2
53327;3
53328;2
53329;2
53330;3
53331;3
53332;3
53333;3
53334;3
53335;2
53336;2
53337;38
53338;44
53339;35
53340;3
53341;3
53342;3
53343;4
53344;3
53345;3
53346;3
53347;3
53348;3
53349;3
53350;3
53351;3
53352;7
53353;7
53354;3
53355;9
53356;3
53357;3
53358;2
53359;2
53360;2
53361;2
53362;2
53363;10
53364;2
53365;2
53366;3
53367;3
53368;3
53369;38
53370;3
53371;2
53372;2
53373;2
53374;3
53375;3
53376;3
53377;3
53378;3
53379;3
53380;3
53381;3
53382;3
53383;3
53384;3
53385;2
53386;2
53387;3
53388;2
53389;3
53390;3
53391;3
53392;3
53393;2
53394;2
53395;2
53396;3
53397;2
53398;3
53399;3
53400;3
53401;3
53402;2
53403;3
53404;3
53405;3
53406;3
53407;3
53408;3
53409;3
53410;36
53411;3
53412;2
53413;10
53414;10
53415;3
53416;3
53417;2
53418;2
53419;3
53420;3
53421;3
53422;3
53423;4
53424;2
53425;2
53426;38
53427;3
53428;2
53429;7
53430;2
53431;4
53432;4
53433;2
53434;3
53435;3
53436;3
53437;2
53438;4
53439;2
53440;3
53441;3
53442;3
53443;2
53444;2
53445;3
53446;3
53447;3
53448;3
53449;3
53450;3
53451;36
53452;3
53453;2
53454;2
53455;2
53456;3
53457;7
53458;2
53459;11
53460;2
53461;4
53462;3
53463;2
53464;2
53465;2
53466;4
53467;4
53468;3
53469;3
53470;3
53471;3
53472;3
53473;3
53474;3
53475;4
53476;4
53477;7
53478;2
53479;19
53480;2
53481;2
53482;3
53483;8
53484;8
53485;3
53486;3
53487;3
53488;2
53489;2
53490;2
53491;3
53492;3
53493;3
53494;3
53495;2
53496;2
53497;7
53498;3
53499;3
53500;4
53501;5
53502;3
53503;8
53504;3
53505;3
53506;2
53507;3
53508;3
53509;3
53510;3
53511;3
53512;3
53513;37
53514;3
53515;3
53516;2
53517;4
53518;2
53519;3
53520;2
53521;4
53522;12
53523;2
53524;2
53525;4
53526;4
53527;3
53528;2
53529;3
53530;11
53531;4
53532;2
53533;39
53534;4
53535;2
53536;37
53537;2
53538;3
53539;3
53540;37
53541;5
53542;2
53543;2
53544;3
53545;3
53546;2
53547;3
53548;3
53549;3
53550;7
53551;3
53552;3
53553;3
53554;3
53555;3
53556;3
53557;2
53558;2
53559;2
53560;10
53561;3
53562;3
53563;3
53564;3
53565;4
53566;3
53567;3
53568;3
53569;2
53570;3
53571;3
53572;2
53573;3
53574;3
53575;3
53576;3
53577;3
53578;3
53579;2
53580;2
53581;2
53582;4
53583;4
53584;3
53585;3
53586;3
53587;2
53588;3
53589;3
53590;3
53591;4
53592;4
53593;4
53594;3
53595;2
53596;3
53597;2
53598;2
53599;2
53600;2
53601;3
53602;3
53603;3
53604;3
53605;3
53606;3
53607;2
53608;3
53609;38
53610;38
53611;38
53612;6
53613;7
53614;7
53615;3
53616;2
53617;2
53618;2
53619;3
53620;7
53621;3
53622;3
53623;2
53624;2
53625;3
53626;3
53627;3
53628;3
53629;3
53630;2
53631;2
53632;3
53633;3
53634;3
53635;3
53636;2
53637;3
53638;3
53639;2
53640;7
53641;15
53642;2
53643;2
53644;2
53645;3
53646;3
53647;3
53648;3
53649;3
53650;2
53651;3
53652;3
53653;3
53654;3
53655;3
53656;3
53657;3
53658;2
53659;3
53660;3
53661;3
53662;3
53663;3
53664;3
53665;3
53666;2
53667;3
53668;3
53669;3
53670;3
53671;72
53672;3
53673;3
53674;10
53675;2
53676;2
53677;3
53678;3
53679;19
53680;2
53681;2
53682;3
53683;4
53684;0
53685;4
53686;37
53687;3
53688;2
53689;3
53690;3
53691;3
53692;35
53693;35
53694;2
53695;3
53696;3
53697;3
53698;4
53699;3
53700;3
53701;2
53702;2
53703;37
53704;3
53705;2
53706;2
53707;3
53708;2
53709;3
53710;3
53711;3
53712;3
53713;3
53714;3
53715;3
53716;2
53717;3
53718;3
53719;3
53720;3
53721;3
53722;3
53723;2
53724;4
53725;4
53726;4
53727;3
53728;0
53729;39
53730;3
53731;2
53732;3
53733;2
53734;3
53735;3
53736;3
53737;2
53738;2
53739;2
53740;35
53741;0
53742;3
53743;2
53744;2
53745;2
53746;4
53747;4
53748;3
53749;3
53750;3
53751;3
53752;3
53753;3
53754;3
53755;3
53756;23
53757;3
53758;6
53759;3
53760;3
53761;2
53762;2
53763;2
53764;3
53765;3
53766;2
53767;35
53768;41
53769;3
53770;2
53771;35
53772;2
53773;5
53774;2
53775;3
53776;2
53777;3
53778;3
53779;3
53780;3
53781;3
53782;4
53783;7
53784;2
53785;3
53786;3
53787;3
53788;3
53789;3
53790;3
53791;2
53792;2
53793;2
53794;9
53795;3
53796;3
53797;3
53798;3
53799;3
53800;16
53801;16
53802;2
53803;3
53804;3
53805;2
53806;11
53807;2
53808;39
53809;2
53810;3
53811;2
53812;2
53813;3
53814;3
53815;4
53816;3
53817;2
53818;3
53819;3
53820;38
53821;3
53822;2
53823;2
53824;2
53825;40
53826;3
53827;3
53828;3
53829;3
53830;3
53831;3
53832;3
53833;3
53834;4
53835;38
53836;2
53837;3
53838;3
53839;4
53840;37
53841;3
53842;3
53843;2
53844;3
53845;3
53846;2
53847;3
53848;3
53849;3
53850;7
53851;3
53852;3
53853;3
53854;3
53855;8
53856;2
53857;3
53858;3
53859;2
53860;3
53861;2
53862;3
53863;3
53864;3
53865;3
53866;3
53867;3
53868;3
53869;3
53870;2
53871;39
53872;39
53873;3
53874;2
53875;3
53876;13
53877;3
53878;3
53879;2
53880;3
53881;3
53882;13
53883;2
53884;4
53885;38
53886;2
53887;3
53888;3
53889;4
53890;6
53891;2
53892;6
53893;9
53894;3
53895;3
53896;0
53897;37
53898;37
53899;2
53900;2
53901;3
53902;3
53903;4
53904;4
53905;3
53906;7
53907;4
53908;2
53909;2
53910;3
53911;3
53912;3
53913;3
53914;4
53915;4
53916;3
53917;4
53918;2
53919;2
53920;4
53921;7
53922;7
53923;3
53924;3
53925;3
53926;3
53927;2
53928;3
53929;3
53930;3
53931;3
53932;7
53933;3
53934;2
53935;2
53936;3
53937;3
53938;3
53939;3
53940;2
53941;3
53942;2
53943;2
53944;2
53945;2
53946;8
53947;8
53948;3
53949;3
53950;21
53951;0
53952;2
53953;2
53954;4
53955;4
53956;4
53957;4
53958;2
53959;2
53960;3
53961;3
53962;3
53963;11
53964;11
53965;2
53966;2
53967;2
53968;21
53969;4
53970;4
53971;3
53972;7
53973;18
53974;5
53975;2
53976;4
53977;4
53978;2
53979;2
53980;2
53981;3
53982;2
53983;3
53984;17
53985;3
53986;2
53987;2
53988;2
53989;3
53990;2
53991;2
53992;2
53993;3
53994;2
53995;5
53996;6
53997;3
53998;3
53999;3
54000;3
54001;5
54002;2
54003;3
54004;17
54005;13
54006;3
54007;3
54008;2
54009;3
54010;5
54011;3
54012;3
54013;22
54014;3
54015;3
54016;3
54017;3
54018;3
54019;4
54020;2
54021;2
54022;2
54023;3
54024;3
54025;3
54026;2
54027;3
54028;35
54029;6
54030;3
54031;3
54032;3
54033;39
54034;3
54035;3
54036;3
54037;3
54038;3
54039;2
54040;3
54041;12
54042;2
54043;2
54044;2
54045;37
54046;3
54047;5
54048;3
54049;3
54050;6
54051;4
54052;35
54053;2
54054;3
54055;3
54056;7
54057;3
54058;3
54059;2
54060;2
54061;2
54062;3
54063;3
54064;3
54065;3
54066;2
54067;2
54068;4
54069;4
54070;4
54071;3
54072;3
54073;3
54074;3
54075;3
54076;3
54077;3
54078;4
54079;2
54080;39
54081;3
54082;3
54083;3
54084;3
54085;3
54086;6
54087;28
54088;3
54089;3
54090;4
54091;17
54092;17
54093;3
54094;4
54095;4
54096;3
54097;3
54098;3
54099;3
54100;2
54101;3
54102;3
54103;3
54104;3
54105;3
54106;3
54107;4
54108;3
54109;7
54110;4
54111;19
54112;3
54113;3
54114;3
54115;3
54116;3
54117;3
54118;3
54119;3
54120;2
54121;2
54122;2
54123;2
54124;3
54125;2
54126;2
54127;2
54128;3
54129;5
54130;5
54131;2
54132;2
54133;2
54134;4
54135;3
54136;3
54137;3
54138;2
54139;3
54140;3
54141;3
54142;13
54143;2
54144;3
54145;3
54146;3
54147;3
54148;3
54149;3
54150;13
54151;3
54152;2
54153;0
54154;7
54155;2
54156;2
54157;2
54158;3
54159;14
54160;2
54161;2
54162;2
54163;2
54164;2
54165;3
54166;3
54167;4
54168;3
54169;3
54170;2
54171;2
54172;2
54173;35
54174;0
54175;3
54176;3
54177;3
54178;2
54179;2
54180;2
54181;2
54182;2
54183;2
54184;3
54185;4
54186;4
54187;3
54188;3
54189;6
54190;3
54191;38
54192;3
54193;3
54194;3
54195;4
54196;3
54197;2
54198;9
54199;2
54200;2
54201;2
54202;2
54203;2
54204;2
54205;2
54206;2
54207;39
54208;2
54209;2
54210;2
54211;2
54212;3
54213;3
54214;3
54215;3
54216;2
54217;2
54218;2
54219;2
54220;2
54221;2
54222;2
54223;3
54224;3
54225;3
54226;3
54227;2
54228;3
54229;3
54230;7
54231;3
54232;15
54233;3
54234;3
54235;0
54236;6
54237;4
54238;7
54239;3
54240;3
54241;3
54242;3
54243;7
54244;4
54245;3
54246;3
54247;2
54248;38
54249;12
54250;0
54251;35
54252;4
54253;2
54254;2
54255;2
54256;3
54257;2
54258;3
54259;3
54260;4
54261;10
54262;39
54263;3
54264;38
54265;2
54266;2
54267;37
54268;37
54269;7
54270;2
54271;2
54272;2
54273;3
54274;3
54275;2
54276;7
54277;3
54278;3
54279;3
54280;2
54281;3
54282;3
54283;3
54284;3
54285;5
54286;5
54287;7
54288;2
54289;3
54290;6
54291;2
54292;3
54293;4
54294;3
54295;3
54296;14
54297;3
54298;2
54299;2
54300;2
54301;2
54302;3
54303;3
54304;3
54305;3
54306;9
54307;39
54308;2
54309;2
54310;2
54311;2
54312;3
54313;2
54314;7
54315;3
54316;3
54317;2
54318;3
54319;3
54320;2
54321;3
54322;3
54323;3
54324;3
54325;2
54326;39
54327;2
54328;2
54329;3
54330;3
54331;2
54332;2
54333;2
54334;2
54335;4
54336;4
54337;3
54338;3
54339;3
54340;6
54341;2
54342;2
54343;2
54344;2
54345;4
54346;2
54347;2
54348;2
54349;3
54350;2
54351;3
54352;3
54353;3
54354;3
54355;3
54356;3
54357;2
54358;2
54359;7
54360;3
54361;7
54362;3
54363;3
54364;3
54365;3
54366;3
54367;2
54368;4
54369;3
54370;37
54371;5
54372;5
54373;5
54374;3
54375;49
54376;3
54377;2
54378;10
54379;10
54380;10
54381;3
54382;3
54383;3
54384;2
54385;2
54386;3
54387;2
54388;3
54389;3
54390;3
54391;3
54392;3
54393;3
54394;3
54395;3
54396;3
54397;3
54398;11
54399;2
54400;3
54401;38
54402;38
54403;3
54404;2
54405;4
54406;3
54407;11
54408;6
54409;3
54410;3
54411;3
54412;3
54413;2
54414;2
54415;2
54416;4
54417;7
54418;3
54419;4
54420;20
54421;3
54422;3
54423;3
54424;3
54425;3
54426;3
54427;2
54428;2
54429;2
54430;4
54431;3
54432;3
54433;3
54434;3
54435;3
54436;3
54437;2
54438;2
54439;3
54440;3
54441;2
54442;3
54443;4
54444;2
54445;2
54446;2
54447;4
54448;3
54449;3
54450;3
54451;3
54452;2
54453;37
54454;3
54455;3
54456;3
54457;2
54458;14
54459;2
54460;0
54461;3
54462;2
54463;3
54464;13
54465;2
54466;18
54467;3
54468;3
54469;39
54470;2
54471;2
54472;3
54473;3
54474;3
54475;2
54476;3
54477;3
54478;2
54479;16
54480;3
54481;3
54482;3
54483;4
54484;2
54485;7
54486;4
54487;4
54488;2
54489;2
54490;3
54491;3
54492;2
54493;3
54494;2
54495;2
54496;2
54497;39
54498;3
54499;3
54500;3
54501;2
54502;2
54503;2
54504;3
54505;11
54506;3
54507;3
54508;2
54509;2
54510;3
54511;3
54512;6
54513;6
54514;4
54515;3
54516;3
54517;3
54518;3
54519;3
54520;3
54521;2
54522;38
54523;3
54524;3
54525;2
54526;2
54527;3
54528;3
54529;3
54530;2
54531;3
54532;2
54533;4
54534;4
54535;3
54536;3
54537;3
54538;3
54539;3
54540;3
54541;3
54542;2
54543;2
54544;2
54545;3
54546;2
54547;2
54548;2
54549;2
54550;2
54551;3
54552;3
54553;2
54554;2
54555;15
54556;3
54557;3
54558;3
54559;4
54560;3
54561;2
54562;3
54563;2
54564;2
54565;8
54566;2
54567;2
54568;3
54569;2
54570;3
54571;3
54572;4
54573;3
54574;2
54575;2
54576;2
54577;2
54578;3
54579;3
54580;2
54581;3
54582;3
54583;3
54584;3
54585;2
54586;2
54587;2
54588;2
54589;0
54590;9
54591;4
54592;4
54593;4
54594;2
54595;3
54596;2
54597;3
54598;37
54599;20
54600;3
54601;3
54602;3
54603;4
54604;37
54605;3
54606;3
54607;2
54608;3
54609;2
54610;3
54611;3
54612;2
54613;2
54614;3
54615;2
54616;3
54617;23
54618;4
54619;3
54620;2
54621;2
54622;3
54623;3
54624;2
54625;2
54626;4
54627;2
54628;3
54629;3
54630;14
54631;3
54632;3
54633;2
54634;3
54635;3
54636;3
54637;4
54638;4
54639;2
54640;2
54641;2
54642;3
54643;15
54644;37
54645;4
54646;39
54647;3
54648;2
54649;2
54650;38
54651;3
54652;3
54653;4
54654;6
54655;6
54656;2
54657;3
54658;3
54659;2
54660;2
54661;2
54662;2
54663;2
54664;3
54665;2
54666;3
54667;3
54668;3
54669;3
54670;3
54671;3
54672;3
54673;3
54674;2
54675;2
54676;3
54677;3
54678;3
54679;3
54680;4
54681;3
54682;2
54683;3
54684;3
54685;41
54686;2
54687;38
54688;3
54689;3
54690;2
54691;2
54692;4
54693;22
54694;3
54695;2
54696;3
54697;6
54698;2
54699;2
54700;2
54701;2
54702;3
54703;4
54704;4
54705;3
54706;38
54707;3
54708;3
54709;3
54710;3
54711;3
54712;3
54713;4
54714;3
54715;3
54716;3
54717;2
54718;3
54719;2
54720;3
54721;3
54722;2
54723;2
54724;4
54725;2
54726;2
54727;2
54728;2
54729;12
54730;2
54731;2
54732;2
54733;3
54734;2
54735;2
54736;2
54737;2
54738;2
54739;2
54740;3
54741;3
54742;3
54743;3
54744;3
54745;3
54746;4
54747;4
54748;2
54749;3
54750;38
54751;2
54752;3
54753;2
54754;2
54755;2
54756;2
54757;3
54758;2
54759;39
54760;3
54761;2
54762;2
54763;15
54764;2
54765;2
54766;9
54767;4
54768;3
54769;0
54770;14
54771;38
54772;4
54773;4
54774;2
54775;3
54776;3
54777;3
54778;3
54779;3
54780;3
54781;2
54782;2
54783;3
54784;3
54785;3
54786;2
54787;3
54788;13
54789;2
54790;4
54791;2
54792;3
54793;3
54794;4
54795;72
54796;3
54797;2
54798;3
54799;2
54800;2
54801;2
54802;3
54803;3
54804;2
54805;2
54806;6
54807;6
54808;3
54809;2
54810;2
54811;2
54812;3
54813;3
54814;3
54815;4
54816;2
54817;3
54818;3
54819;3
54820;3
54821;3
54822;3
54823;3
54824;4
54825;3
54826;3
54827;3
54828;2
54829;3
54830;7
54831;13
54832;2
54833;4
54834;2
54835;3
54836;4
54837;0
54838;3
54839;3
54840;2
54841;2
54842;3
54843;2
54844;3
54845;4
54846;3
54847;3
54848;3
54849;3
54850;3
54851;3
54852;2
54853;2
54854;4
54855;4
54856;6
54857;3
54858;3
54859;2
54860;4
54861;4
54862;3
54863;3
54864;16
54865;16
54866;4
54867;3
54868;3
54869;2
54870;2
54871;2
54872;18
54873;3
54874;3
54875;7
54876;8
54877;3
54878;3
54879;3
54880;6
54881;39
54882;3
54883;4
54884;3
54885;3
54886;38
54887;46
54888;3
54889;36
54890;3
54891;3
54892;3
54893;3
54894;3
54895;3
54896;3
54897;6
54898;2
54899;10
54900;2
54901;10
54902;3
54903;3
54904;2
54905;2
54906;4
54907;37
54908;5
54909;3
54910;2
54911;2
54912;2
54913;2
54914;3
54915;3
54916;2
54917;2
54918;7
54919;3
54920;2
54921;2
54922;2
54923;4
54924;3
54925;3
54926;2
54927;3
54928;2
54929;2
54930;3
54931;3
54932;3
54933;2
54934;38
54935;0
54936;3
54937;8
54938;3
54939;3
54940;25
54941;3
54942;3
54943;3
54944;3
54945;7
54946;35
54947;2
54948;2
54949;2
54950;3
54951;15
54952;2
54953;2
54954;2
54955;6
54956;5
54957;5
54958;10
54959;3
54960;4
54961;42
54962;3
54963;4
54964;3
54965;3
54966;3
54967;2
54968;2
54969;2
54970;2
54971;5
54972;2
54973;3
54974;2
54975;39
54976;51
54977;56
54978;56
54979;3
54980;3
54981;3
54982;3
54983;4
54984;4
54985;3
54986;16
54987;3
54988;3
54989;3
54990;3
54991;3
54992;3
54993;2
54994;3
54995;3
54996;2
54997;3
54998;3
54999;3
55000;3
55001;3
55002;3
55003;4
55004;2
55005;2
55006;3
55007;3
55008;2
55009;4
55010;4
55011;4
55012;4
55013;3
55014;3
55015;14
55016;3
55017;3
55018;4
55019;7
55020;7
55021;16
55022;3
55023;16
55024;16
55025;3
55026;3
55027;3
55028;3
55029;12
55030;3
55031;38
55032;38
55033;4
55034;4
55035;3
55036;3
55037;3
55038;3
55039;3
55040;3
55041;3
55042;3
55043;3
55044;2
55045;2
55046;3
55047;3
55048;3
55049;2
55050;2
55051;3
55052;7
55053;3
55054;2
55055;3
55056;3
55057;3
55058;2
55059;3
55060;3
55061;4
55062;3
55063;2
55064;3
55065;3
55066;2
55067;38
55068;3
55069;3
55070;14
55071;3
55072;2
55073;3
55074;3
55075;2
55076;4
55077;3
55078;2
55079;3
55080;2
55081;2
55082;2
55083;3
55084;3
55085;3
55086;4
55087;4
55088;3
55089;3
55090;3
55091;3
55092;2
55093;2
55094;2
55095;3
55096;3
55097;40
55098;7
55099;2
55100;3
55101;2
55102;2
55103;38
55104;2
55105;2
55106;2
55107;2
55108;3
55109;3
55110;2
55111;39
55112;4
55113;4
55114;3
55115;3
55116;38
55117;3
55118;3
55119;3
55120;2
55121;2
55122;8
55123;3
55124;4
55125;2
55126;3
55127;4
55128;2
55129;2
55130;3
55131;2
55132;3
55133;3
55134;2
55135;3
55136;3
55137;4
55138;4
55139;3
55140;14
55141;2
55142;3
55143;5
55144;2
55145;2
55146;2
55147;3
55148;3
55149;38
55150;2
55151;3
55152;3
55153;3
55154;3
55155;2
55156;3
55157;3
55158;3
55159;3
55160;2
55161;2
55162;2
55163;2
55164;5
55165;3
55166;3
55167;3
55168;3
55169;4
55170;3
55171;3
55172;3
55173;3
55174;3
55175;3
55176;4
55177;4
55178;19
55179;19
55180;3
55181;3
55182;3
55183;3
55184;3
55185;14
55186;3
55187;3
55188;3
55189;3
55190;3
55191;3
55192;2
55193;2
55194;2
55195;3
55196;2
55197;2
55198;6
55199;6
55200;11
55201;2
55202;3
55203;3
55204;13
55205;2
55206;14
55207;2
55208;2
55209;2
55210;3
55211;3
55212;3
55213;4
55214;2
55215;3
55216;38
55217;2
55218;2
55219;3
55220;3
55221;3
55222;3
55223;2
55224;3
55225;3
55226;5
55227;23
55228;3
55229;3
55230;7
55231;3
55232;3
55233;2
55234;4
55235;4
55236;2
55237;3
55238;8
55239;3
55240;4
55241;3
55242;3
55243;2
55244;3
55245;3
55246;2
55247;3
55248;3
55249;3
55250;7
55251;7
55252;3
55253;2
55254;2
55255;3
55256;3
55257;3
55258;3
55259;3
55260;3
55261;2
55262;2
55263;2
55264;38
55265;51
55266;3
55267;3
55268;3
55269;3
55270;3
55271;3
55272;8
55273;16
55274;12
55275;3
55276;3
55277;3
55278;3
55279;3
55280;2
55281;2
55282;3
55283;3
55284;3
55285;3
55286;7
55287;7
55288;3
55289;3
55290;2
55291;3
55292;3
55293;2
55294;2
55295;22
55296;3
55297;2
55298;3
55299;3
55300;2
55301;2
55302;3
55303;3
55304;3
55305;3
55306;3
55307;3
55308;2
55309;35
55310;2
55311;2
55312;3
55313;3
55314;3
55315;3
55316;15
55317;3
55318;3
55319;3
55320;6
55321;6
55322;3
55323;2
55324;2
55325;3
55326;6
55327;3
55328;3
55329;2
55330;3
55331;2
55332;2
55333;2
55334;7
55335;39
55336;2
55337;3
55338;3
55339;3
55340;3
55341;2
55342;2
55343;3
55344;3
55345;8
55346;2
55347;2
55348;2
55349;2
55350;2
55351;6
55352;3
55353;3
55354;3
55355;3
55356;2
55357;3
55358;3
55359;3
55360;3
55361;4
55362;4
55363;3
55364;3
55365;4
55366;2
55367;2
55368;2
55369;2
55370;3
55371;2
55372;0
55373;2
55374;4
55375;9
55376;1
55377;1
55378;0
55379;3
55380;3
55381;3
55382;3
55383;3
55384;3
55385;3
55386;4
55387;4
55388;4
55389;2
55390;3
55391;75
55392;37
55393;37
55394;37
55395;3
55396;13
55397;3
55398;3
55399;3
55400;3
55401;39
55402;3
55403;3
55404;2
55405;2
55406;3
55407;3
55408;3
55409;3
55410;3
55411;3
55412;2
55413;2
55414;2
55415;6
55416;3
55417;0
55418;3
55419;3
55420;3
55421;9
55422;2
55423;7
55424;4
55425;3
55426;6
55427;4
55428;4
55429;3
55430;2
55431;6
55432;2
55433;3
55434;2
55435;3
55436;2
55437;2
55438;3
55439;2
55440;2
55441;2
55442;3
55443;4
55444;4
55445;3
55446;3
55447;39
55448;39
55449;3
55450;3
55451;2
55452;2
55453;2
55454;3
55455;37
55456;3
55457;8
55458;3
55459;3
55460;2
55461;3
55462;3
55463;41
55464;2
55465;2
55466;2
55467;2
55468;4
55469;3
55470;3
55471;3
55472;6
55473;3
55474;2
55475;2
55476;3
55477;4
55478;4
55479;2
55480;3
55481;3
55482;3
55483;3
55484;4
55485;2
55486;3
55487;9
55488;12
55489;2
55490;2
55491;3
55492;3
55493;3
55494;2
55495;2
55496;3
55497;3
55498;2
55499;4
55500;2
55501;2
55502;2
55503;2
55504;2
55505;2
55506;3
55507;2
55508;2
55509;22
55510;3
55511;2
55512;2
55513;2
55514;3
55515;3
55516;3
55517;2
55518;2
55519;2
55520;3
55521;3
55522;2
55523;3
55524;38
55525;3
55526;3
55527;2
55528;2
55529;3
55530;2
55531;3
55532;3
55533;3
55534;3
55535;2
55536;2
55537;3
55538;4
55539;4
55540;4
55541;3
55542;2
55543;3
55544;3
55545;2
55546;3
55547;3
55548;2
55549;2
55550;37
55551;3
55552;12
55553;12
55554;38
55555;44
55556;4
55557;19
55558;2
55559;2
55560;2
55561;7
55562;3
55563;15
55564;11
55565;3
55566;3
55567;38
55568;3
55569;2
55570;3
55571;3
55572;10
55573;2
55574;3
55575;3
55576;3
55577;3
55578;3
55579;3
55580;5
55581;2
55582;36
55583;3
55584;3
55585;4
55586;2
55587;4
55588;7
55589;2
55590;3
55591;15
55592;3
55593;3
55594;8
55595;8
55596;37
55597;2
55598;2
55599;3
55600;3
55601;4
55602;4
55603;4
55604;3
55605;3
55606;3
55607;3
55608;4
55609;2
55610;2
55611;3
55612;3
55613;3
55614;3
55615;3
55616;3
55617;3
55618;72
55619;3
55620;3
55621;3
55622;2
55623;3
55624;3
55625;3
55626;37
55627;5
55628;3
55629;2
55630;3
55631;3
55632;3
55633;6
55634;6
55635;2
55636;2
55637;3
55638;4
55639;7
55640;7
55641;7
55642;2
55643;2
55644;2
55645;2
55646;3
55647;2
55648;10
55649;2
55650;2
55651;2
55652;3
55653;3
55654;2
55655;2
55656;3
55657;3
55658;4
55659;4
55660;2
55661;2
55662;2
55663;38
55664;3
55665;3
55666;2
55667;3
55668;3
55669;6
55670;3
55671;0
55672;3
55673;3
55674;3
55675;3
55676;2
55677;2
55678;39
55679;3
55680;3
55681;4
55682;2
55683;3
55684;16
55685;16
55686;3
55687;2
55688;4
55689;3
55690;35
55691;4
55692;4
55693;37
55694;17
55695;17
55696;3
55697;3
55698;2
55699;35
55700;2
55701;2
55702;4
55703;3
55704;2
55705;8
55706;3
55707;2
55708;3
55709;3
55710;2
55711;2
55712;38
55713;19
55714;2
55715;2
55716;3
55717;2
55718;2
55719;2
55720;2
55721;3
55722;3
55723;3
55724;7
55725;4
55726;3
55727;3
55728;3
55729;17
55730;3
55731;72
55732;86
55733;3
55734;3
55735;7
55736;2
55737;2
55738;6
55739;3
55740;3
55741;3
55742;3
55743;2
55744;2
55745;3
55746;6
55747;3
55748;3
55749;2
55750;3
55751;2
55752;2
55753;2
55754;2
55755;3
55756;2
55757;2
55758;4
55759;29
55760;0
55761;0
55762;3
55763;2
55764;3
55765;3
55766;3
55767;3
55768;3
55769;2
55770;3
55771;3
55772;2
55773;3
55774;6
55775;3
55776;37
55777;2
55778;3
55779;3
55780;2
55781;3
55782;2
55783;2
55784;3
55785;2
55786;5
55787;2
55788;3
55789;3
55790;2
55791;3
55792;3
55793;3
55794;2
55795;2
55796;6
55797;2
55798;39
55799;39
55800;37
55801;4
55802;2
55803;3
55804;3
55805;3
55806;4
55807;3
55808;3
55809;3
55810;3
55811;4
55812;3
55813;2
55814;7
55815;2
55816;3
55817;18
55818;2
55819;2
55820;3
55821;6
55822;6
55823;3
55824;3
55825;3
55826;3
55827;2
55828;2
55829;2
55830;2
55831;2
55832;3
55833;3
55834;3
55835;3
55836;27
55837;2
55838;2
55839;2
55840;2
55841;2
55842;3
55843;4
55844;3
55845;3
55846;3
55847;3
55848;2
55849;4
55850;4
55851;2
55852;2
55853;2
55854;2
55855;10
55856;4
55857;4
55858;3
55859;2
55860;38
55861;3
55862;3
55863;3
55864;3
55865;3
55866;3
55867;3
55868;2
55869;2
55870;2
55871;2
55872;2
55873;2
55874;3
55875;7
55876;2
55877;3
55878;4
55879;3
55880;3
55881;3
55882;2
55883;3
55884;3
55885;3
55886;3
55887;3
55888;2
55889;2
55890;3
55891;3
55892;3
55893;3
55894;3
55895;3
55896;2
55897;2
55898;3
55899;3
55900;3
55901;2
55902;3
55903;3
55904;3
55905;3
55906;3
55907;17
55908;17
55909;3
55910;3
55911;2
55912;2
55913;7
55914;2
55915;2
55916;3
55917;3
55918;3
55919;38
55920;3
55921;3
55922;3
55923;2
55924;2
55925;3
55926;3
55927;2
55928;2
55929;20
55930;3
55931;2
55932;7
55933;3
55934;4
55935;2
55936;2
55937;4
55938;3
55939;3
55940;3
55941;13
55942;3
55943;2
55944;2
55945;5
55946;2
55947;3
55948;42
55949;42
55950;2
55951;3
55952;3
55953;6
55954;3
55955;13
55956;2
55957;2
55958;2
55959;37
55960;37
55961;84
55962;2
55963;39
55964;3
55965;2
55966;6
55967;2
55968;2
55969;8
55970;3
55971;3
55972;2
55973;39
55974;2
55975;3
55976;2
55977;3
55978;3
55979;2
55980;1
55981;1
55982;1
55983;3
55984;2
55985;3
55986;3
55987;13
55988;2
55989;2
55990;4
55991;3
55992;4
55993;3
55994;2
55995;2
55996;2
55997;3
55998;3
55999;4
56000;5
56001;3
56002;3
56003;2
56004;38
56005;3
56006;12
56007;2
56008;10
56009;2
56010;2
56011;3
56012;12
56013;3
56014;2
56015;2
56016;2
56017;42
56018;3
56019;3
56020;3
56021;2
56022;3
56023;3
56024;3
56025;3
56026;3
56027;3
56028;2
56029;2
56030;6
56031;0
56032;0
56033;4
56034;17
56035;17
56036;2
56037;2
56038;2
56039;2
56040;2
56041;3
56042;3
56043;3
56044;3
56045;2
56046;37
56047;3
56048;3
56049;3
56050;3
56051;2
56052;3
56053;3
56054;3
56055;3
56056;4
56057;4
56058;3
56059;4
56060;6
56061;6
56062;3
56063;2
56064;3
56065;5
56066;3
56067;3
56068;3
56069;3
56070;3
56071;6
56072;3
56073;3
56074;3
56075;3
56076;3
56077;3
56078;2
56079;5
56080;18
56081;3
56082;3
56083;3
56084;3
56085;3
56086;3
56087;15
56088;2
56089;3
56090;3
56091;2
56092;2
56093;4
56094;3
56095;2
56096;2
56097;2
56098;2
56099;2
56100;5
56101;2
56102;4
56103;10
56104;3
56105;3
56106;3
56107;3
56108;3
56109;3
56110;3
56111;2
56112;4
56113;2
56114;2
56115;2
56116;2
56117;37
56118;3
56119;3
56120;72
56121;3
56122;14
56123;2
56124;3
56125;3
56126;3
56127;3
56128;2
56129;3
56130;39
56131;3
56132;3
56133;3
56134;3
56135;3
56136;3
56137;4
56138;4
56139;3
56140;2
56141;8
56142;3
56143;3
56144;3
56145;4
56146;3
56147;2
56148;2
56149;2
56150;3
56151;3
56152;3
56153;2
56154;3
56155;3
56156;3
56157;4
56158;3
56159;3
56160;3
56161;3
56162;3
56163;17
56164;2
56165;2
56166;2
56167;8
56168;3
56169;3
56170;2
56171;3
56172;8
56173;3
56174;3
56175;3
56176;13
56177;3
56178;3
56179;2
56180;3
56181;3
56182;3
56183;39
56184;3
56185;4
56186;3
56187;3
56188;3
56189;2
56190;19
56191;8
56192;4
56193;4
56194;2
56195;3
56196;3
56197;3
56198;3
56199;3
56200;3
56201;2
56202;3
56203;3
56204;35
56205;35
56206;35
56207;3
56208;3
56209;8
56210;3
56211;3
56212;3
56213;3
56214;3
56215;4
56216;2
56217;3
56218;3
56219;36
56220;2
56221;4
56222;3
56223;3
56224;3
56225;3
56226;4
56227;16
56228;3
56229;3
56230;3
56231;3
56232;3
56233;3
56234;3
56235;3
56236;2
56237;3
56238;4
56239;4
56240;6
56241;2
56242;3
56243;3
56244;14
56245;14
56246;3
56247;3
56248;18
56249;2
56250;3
56251;2
56252;3
56253;3
56254;45
56255;4
56256;3
56257;3
56258;7
56259;37
56260;3
56261;2
56262;3
56263;2
56264;2
56265;12
56266;3
56267;3
56268;3
56269;3
56270;2
56271;37
56272;37
56273;37
56274;3
56275;3
56276;3
56277;4
56278;2
56279;2
56280;3
56281;3
56282;2
56283;3
56284;43
56285;10
56286;3
56287;3
56288;3
56289;3
56290;0
56291;0
56292;43
56293;0
56294;0
56295;2
56296;2
56297;2
56298;2
56299;4
56300;4
56301;3
56302;3
56303;3
56304;4
56305;17
56306;17
56307;2
56308;3
56309;2
56310;2
56311;3
56312;3
56313;3
56314;15
56315;2
56316;2
56317;3
56318;3
56319;3
56320;3
56321;3
56322;3
56323;3
56324;3
56325;3
56326;3
56327;5
56328;10
56329;3
56330;3
56331;3
56332;3
56333;3
56334;4
56335;4
56336;37
56337;2
56338;3
56339;38
56340;3
56341;3
56342;2
56343;3
56344;3
56345;3
56346;3
56347;2
56348;3
56349;2
56350;3
56351;17
56352;3
56353;2
56354;3
56355;3
56356;3
56357;4
56358;4
56359;3
56360;3
56361;3
56362;3
56363;3
56364;3
56365;2
56366;41
56367;41
56368;3
56369;4
56370;3
56371;2
56372;4
56373;3
56374;3
56375;3
56376;2
56377;3
56378;3
56379;3
56380;14
56381;7
56382;2
56383;3
56384;2
56385;2
56386;2
56387;2
56388;3
56389;3
56390;3
56391;6
56392;7
56393;3
56394;2
56395;9
56396;3
56397;3
56398;3
56399;3
56400;2
56401;39
56402;3
56403;2
56404;2
56405;2
56406;2
56407;2
56408;3
56409;3
56410;3
56411;3
56412;3
56413;3
56414;3
56415;2
56416;3
56417;3
56418;4
56419;3
56420;3
56421;3
56422;3
56423;2
56424;3
56425;2
56426;2
56427;2
56428;2
56429;3
56430;17
56431;3
56432;3
56433;13
56434;4
56435;3
56436;2
56437;35
56438;3
56439;2
56440;38
56441;2
56442;2
56443;3
56444;3
56445;4
56446;3
56447;14
56448;3
56449;3
56450;2
56451;3
56452;2
56453;6
56454;6
56455;3
56456;2
56457;7
56458;2
56459;11
56460;2
56461;2
56462;2
56463;7
56464;7
56465;6
56466;2
56467;2
56468;2
56469;3
56470;3
56471;8
56472;3
56473;3
56474;3
56475;17
56476;2
56477;10
56478;4
56479;2
56480;2
56481;2
56482;2
56483;3
56484;3
56485;37
56486;12
56487;14
56488;3
56489;3
56490;3
56491;3
56492;3
56493;7
56494;3
56495;2
56496;4
56497;4
56498;2
56499;2
56500;2
56501;3
56502;3
56503;3
56504;2
56505;3
56506;2
56507;2
56508;3
56509;9
56510;9
56511;4
56512;2
56513;2
56514;2
56515;3
56516;3
56517;2
56518;2
56519;7
56520;2
56521;2
56522;3
56523;2
56524;2
56525;23
56526;23
56527;2
56528;2
56529;2
56530;3
56531;3
56532;2
56533;2
56534;2
56535;3
56536;3
56537;3
56538;3
56539;3
56540;3
56541;2
56542;0
56543;2
56544;15
56545;3
56546;12
56547;3
56548;3
56549;3
56550;3
56551;2
56552;2
56553;50
56554;4
56555;4
56556;3
56557;2
56558;2
56559;6
56560;3
56561;3
56562;3
56563;3
56564;3
56565;3
56566;18
56567;2
56568;2
56569;2
56570;3
56571;3
56572;3
56573;3
56574;3
56575;2
56576;2
56577;3
56578;3
56579;3
56580;3
56581;3
56582;2
56583;7
56584;3
56585;3
56586;3
56587;2
56588;2
56589;6
56590;7
56591;2
56592;3
56593;3
56594;2
56595;2
56596;2
56597;3
56598;3
56599;7
56600;3
56601;5
56602;3
56603;3
56604;3
56605;3
56606;2
56607;2
56608;38
56609;3
56610;3
56611;3
56612;7
56613;21
56614;2
56615;3
56616;4
56617;3
56618;2
56619;4
56620;3
56621;2
56622;10
56623;3
56624;6
56625;2
56626;2
56627;2
56628;2
56629;2
56630;2
56631;2
56632;37
56633;15
56634;4
56635;7
56636;3
56637;2
56638;2
56639;2
56640;2
56641;3
56642;3
56643;8
56644;2
56645;7
56646;7
56647;2
56648;39
56649;4
56650;2
56651;2
56652;2
56653;7
56654;3
56655;2
56656;2
56657;7
56658;4
56659;6
56660;4
56661;35
56662;2
56663;2
56664;2
56665;3
56666;2
56667;2
56668;38
56669;54
56670;3
56671;3
56672;3
56673;24
56674;10
56675;3
56676;2
56677;2
56678;2
56679;4
56680;13
56681;3
56682;3
56683;3
56684;3
56685;3
56686;2
56687;2
56688;43
56689;43
56690;3
56691;3
56692;4
56693;2
56694;2
56695;2
56696;3
56697;3
56698;3
56699;4
56700;4
56701;4
56702;2
56703;2
56704;35
56705;35
56706;3
56707;3
56708;4
56709;3
56710;10
56711;3
56712;3
56713;3
56714;2
56715;3
56716;39
56717;3
56718;3
56719;2
56720;2
56721;3
56722;3
56723;3
56724;3
56725;4
56726;3
56727;2
56728;3
56729;7
56730;4
56731;2
56732;3
56733;38
56734;38
56735;38
56736;3
56737;9
56738;3
56739;3
56740;3
56741;3
56742;14
56743;3
56744;10
56745;3
56746;3
56747;3
56748;4
56749;2
56750;18
56751;2
56752;2
56753;38
56754;37
56755;2
56756;2
56757;2
56758;3
56759;17
56760;3
56761;41
56762;3
56763;3
56764;3
56765;2
56766;3
56767;3
56768;3
56769;3
56770;3
56771;3
56772;3
56773;3
56774;3
56775;2
56776;2
56777;3
56778;3
56779;2
56780;2
56781;3
56782;2
56783;2
56784;2
56785;4
56786;4
56787;4
56788;4
56789;3
56790;4
56791;4
56792;4
56793;3
56794;3
56795;3
56796;3
56797;7
56798;3
56799;2
56800;3
56801;3
56802;3
56803;0
56804;37
56805;37
56806;37
56807;37
56808;6
56809;3
56810;10
56811;2
56812;3
56813;2
56814;2
56815;3
56816;37
56817;37
56818;3
56819;3
56820;4
56821;3
56822;3
56823;3
56824;3
56825;3
56826;2
56827;4
56828;3
56829;2
56830;4
56831;38
56832;2
56833;3
56834;2
56835;2
56836;2
56837;3
56838;8
56839;7
56840;4
56841;3
56842;2
56843;3
56844;3
56845;3
56846;3
56847;3
56848;7
56849;7
56850;3
56851;2
56852;2
56853;3
56854;3
56855;3
56856;2
56857;3
56858;3
56859;38
56860;38
56861;3
56862;3
56863;3
56864;2
56865;3
56866;3
56867;2
56868;2
56869;6
56870;6
56871;2
56872;3
56873;3
56874;2
56875;11
56876;3
56877;3
56878;3
56879;3
56880;2
56881;4
56882;2
56883;3
56884;6
56885;3
56886;3
56887;3
56888;3
56889;3
56890;3
56891;17
56892;2
56893;2
56894;7
56895;3
56896;3
56897;3
56898;4
56899;38
56900;38
56901;38
56902;3
56903;3
56904;6
56905;3
56906;37
56907;3
56908;4
56909;3
56910;37
56911;2
56912;2
56913;3
56914;3
56915;3
56916;3
56917;38
56918;3
56919;23
56920;3
56921;0
56922;3
56923;3
56924;3
56925;2
56926;3
56927;3
56928;3
56929;3
56930;3
56931;3
56932;37
56933;2
56934;3
56935;0
56936;2
56937;2
56938;2
56939;2
56940;2
56941;2
56942;2
56943;3
56944;3
56945;10
56946;2
56947;3
56948;3
56949;6
56950;11
56951;11
56952;3
56953;2
56954;13
56955;38
56956;38
56957;4
56958;3
56959;3
56960;3
56961;8
56962;3
56963;37
56964;3
56965;3
56966;2
56967;15
56968;3
56969;2
56970;2
56971;2
56972;3
56973;4
56974;3
56975;4
56976;2
56977;2
56978;3
56979;4
56980;2
56981;2
56982;4
56983;3
56984;3
56985;3
56986;7
56987;2
56988;37
56989;37
56990;2
56991;3
56992;3
56993;3
56994;3
56995;4
56996;4
56997;3
56998;2
56999;3
57000;3
57001;4
57002;3
57003;3
57004;8
57005;3
57006;12
57007;2
57008;3
57009;2
57010;4
57011;3
57012;2
57013;2
57014;39
57015;3
57016;12
57017;2
57018;2
57019;3
57020;3
57021;3
57022;38
57023;38
57024;7
57025;25
57026;4
57027;3
57028;3
57029;2
57030;2
57031;39
57032;4
57033;4
57034;3
57035;3
57036;3
57037;3
57038;3
57039;3
57040;3
57041;3
57042;2
57043;2
57044;2
57045;3
57046;3
57047;10
57048;3
57049;13
57050;2
57051;3
57052;3
57053;3
57054;2
57055;2
57056;3
57057;3
57058;2
57059;4
57060;38
57061;38
57062;3
57063;17
57064;3
57065;3
57066;4
57067;3
57068;3
57069;14
57070;3
57071;3
57072;6
57073;2
57074;2
57075;2
57076;2
57077;3
57078;3
57079;3
57080;3
57081;14
57082;14
57083;14
57084;3
57085;3
57086;3
57087;10
57088;4
57089;3
57090;9
57091;0
57092;2
57093;3
57094;3
57095;39
57096;3
57097;2
57098;2
57099;2
57100;4
57101;3
57102;3
57103;3
57104;3
57105;17
57106;3
57107;3
57108;2
57109;2
57110;2
57111;3
57112;3
57113;3
57114;3
57115;7
57116;3
57117;3
57118;2
57119;3
57120;3
57121;3
57122;3
57123;2
57124;2
57125;2
57126;3
57127;3
57128;3
57129;3
57130;3
57131;3
57132;3
57133;3
57134;3
57135;4
57136;4
57137;2
57138;74
57139;74
57140;3
57141;3
57142;3
57143;3
57144;3
57145;3
57146;3
57147;3
57148;2
57149;2
57150;3
57151;36
57152;2
57153;3
57154;3
57155;3
57156;3
57157;3
57158;3
57159;3
57160;3
57161;3
57162;5
57163;3
57164;2
57165;48
57166;35
57167;3
57168;3
57169;3
57170;3
57171;5
57172;5
57173;3
57174;3
57175;3
57176;4
57177;16
57178;3
57179;0
57180;3
57181;3
57182;3
57183;3
57184;3
57185;7
57186;3
57187;17
57188;2
57189;2
57190;2
57191;3
57192;2
57193;3
57194;3
57195;4
57196;3
57197;3
57198;3
57199;3
57200;3
57201;3
57202;2
57203;7
57204;2
57205;3
57206;3
57207;2
57208;4
57209;2
57210;3
57211;38
57212;3
57213;3
57214;3
57215;3
57216;10
57217;39
57218;3
57219;3
57220;3
57221;2
57222;2
57223;3
57224;2
57225;2
57226;2
57227;2
57228;2
57229;2
57230;2
57231;2
57232;3
57233;3
57234;3
57235;11
57236;0
57237;3
57238;3
57239;4
57240;4
57241;3
57242;7
57243;3
57244;2
57245;2
57246;2
57247;2
57248;1
57249;1
57250;2
57251;2
57252;2
57253;2
57254;3
57255;3
57256;3
57257;3
57258;2
57259;3
57260;2
57261;2
57262;2
57263;2
57264;36
57265;4
57266;5
57267;2
57268;2
57269;3
57270;2
57271;2
57272;4
57273;3
57274;2
57275;2
57276;2
57277;3
57278;3
57279;3
57280;3
57281;3
57282;2
57283;2
57284;2
57285;2
57286;2
57287;2
57288;9
57289;19
57290;19
57291;19
57292;3
57293;3
57294;3
57295;3
57296;2
57297;3
57298;3
57299;7
57300;2
57301;2
57302;3
57303;2
57304;2
57305;3
57306;3
57307;4
57308;3
57309;2
57310;2
57311;3
57312;3
57313;7
57314;3
57315;3
57316;3
57317;3
57318;3
57319;7
57320;4
57321;3
57322;3
57323;3
57324;3
57325;2
57326;2
57327;4
57328;3
57329;37
57330;13
57331;13
57332;41
57333;2
57334;2
57335;2
57336;3
57337;3
57338;2
57339;2
57340;2
57341;3
57342;3
57343;3
57344;2
57345;15
57346;6
57347;38
57348;38
57349;3
57350;2
57351;3
57352;2
57353;1
57354;3
57355;2
57356;2
57357;3
57358;3
57359;3
57360;3
57361;1
57362;1
57363;3
57364;3
57365;2
57366;2
57367;13
57368;0
57369;3
57370;35
57371;2
57372;2
57373;2
57374;2
57375;2
57376;3
57377;2
57378;2
57379;35
57380;3
57381;2
57382;2
57383;2
57384;3
57385;3
57386;2
57387;2
57388;2
57389;3
57390;4
57391;3
57392;3
57393;16
57394;2
57395;10
57396;3
57397;3
57398;4
57399;3
57400;2
57401;3
57402;2
57403;2
57404;2
57405;2
57406;3
57407;5
57408;5
57409;5
57410;3
57411;2
57412;3
57413;3
57414;2
57415;3
57416;4
57417;3
57418;4
57419;2
57420;2
57421;3
57422;3
57423;49
57424;2
57425;2
57426;17
57427;2
57428;7
57429;2
57430;3
57431;3
57432;3
57433;13
57434;3
57435;3
57436;4
57437;8
57438;2
57439;3
57440;13
57441;2
57442;4
57443;3
57444;2
57445;2
57446;3
57447;3
57448;2
57449;3
57450;35
57451;3
57452;2
57453;3
57454;3
57455;3
57456;3
57457;25
57458;2
57459;3
57460;38
57461;38
57462;50
57463;3
57464;3
57465;3
57466;3
57467;3
57468;2
57469;3
57470;4
57471;3
57472;2
57473;3
57474;11
57475;36
57476;3
57477;2
57478;3
57479;3
57480;3
57481;3
57482;3
57483;3
57484;3
57485;2
57486;3
57487;8
57488;3
57489;3
57490;3
57491;3
57492;3
57493;2
57494;11
57495;37
57496;46
57497;2
57498;4
57499;4
57500;35
57501;35
57502;2
57503;3
57504;3
57505;3
57506;3
57507;3
57508;3
57509;2
57510;11
57511;2
57512;2
57513;3
57514;3
57515;38
57516;3
57517;4
57518;2
57519;2
57520;3
57521;3
57522;3
57523;3
57524;4
57525;4
57526;4
57527;38
57528;10
57529;2
57530;3
57531;3
57532;4
57533;2
57534;4
57535;3
57536;3
57537;3
57538;22
57539;22
57540;3
57541;3
57542;16
57543;3
57544;3
57545;4
57546;35
57547;3
57548;3
57549;8
57550;2
57551;2
57552;2
57553;2
57554;3
57555;3
57556;2
57557;38
57558;2
57559;10
57560;10
57561;6
57562;3
57563;0
57564;0
57565;3
57566;4
57567;3
57568;47
57569;2
57570;3
57571;3
57572;4
57573;35
57574;49
57575;0
57576;39
57577;2
57578;2
57579;2
57580;35
57581;35
57582;4
57583;4
57584;3
57585;3
57586;2
57587;3
57588;3
57589;3
57590;2
57591;2
57592;3
57593;3
57594;3
57595;3
57596;3
57597;3
57598;3
57599;2
57600;3
57601;37
57602;37
57603;3
57604;3
57605;3
57606;3
57607;4
57608;2
57609;2
57610;4
57611;3
57612;3
57613;3
57614;3
57615;2
57616;2
57617;2
57618;3
57619;3
57620;3
57621;3
57622;3
57623;2
57624;3
57625;9
57626;9
57627;3
57628;3
57629;3
57630;3
57631;3
57632;3
57633;3
57634;3
57635;3
57636;3
57637;3
57638;6
57639;7
57640;3
57641;2
57642;3
57643;2
57644;2
57645;2
57646;3
57647;5
57648;0
57649;0
57650;3
57651;3
57652;3
57653;13
57654;2
57655;2
57656;2
57657;3
57658;3
57659;19
57660;3
57661;3
57662;3
57663;3
57664;3
57665;11
57666;35
57667;3
57668;3
57669;3
57670;3
57671;3
57672;38
57673;38
57674;3
57675;3
57676;3
57677;38
57678;2
57679;6
57680;3
57681;3
57682;3
57683;3
57684;2
57685;4
57686;4
57687;3
57688;3
57689;2
57690;7
57691;3
57692;11
57693;3
57694;3
57695;0
57696;3
57697;3
57698;2
57699;2
57700;2
57701;4
57702;3
57703;3
57704;7
57705;3
57706;3
57707;3
57708;3
57709;2
57710;3
57711;3
57712;3
57713;3
57714;3
57715;3
57716;4
57717;18
57718;2
57719;3
57720;3
57721;16
57722;2
57723;3
57724;3
57725;3
57726;3
57727;3
57728;4
57729;3
57730;0
57731;3
57732;3
57733;2
57734;3
57735;3
57736;3
57737;3
57738;2
57739;6
57740;2
57741;37
57742;4
57743;3
57744;3
57745;3
57746;3
57747;3
57748;2
57749;6
57750;14
57751;3
57752;3
57753;3
57754;2
57755;2
57756;2
57757;3
57758;3
57759;3
57760;3
57761;6
57762;2
57763;2
57764;3
57765;2
57766;3
57767;2
57768;3
57769;3
57770;2
57771;3
57772;4
57773;2
57774;2
57775;2
57776;3
57777;11
57778;17
57779;38
57780;38
57781;3
57782;2
57783;3
57784;4
57785;15
57786;3
57787;2
57788;2
57789;2
57790;37
57791;3
57792;2
57793;2
57794;38
57795;3
57796;3
57797;3
57798;3
57799;3
57800;2
57801;3
57802;3
57803;3
57804;4
57805;3
57806;3
57807;3
57808;36
57809;3
57810;3
57811;3
57812;3
57813;3
57814;38
57815;38
57816;3
57817;3
57818;2
57819;3
57820;4
57821;2
57822;6
57823;6
57824;6
57825;3
57826;3
57827;7
57828;17
57829;11
57830;7
57831;3
57832;0
57833;3
57834;15
57835;3
57836;3
57837;3
57838;2
57839;2
57840;37
57841;3
57842;3
57843;2
57844;3
57845;4
57846;4
57847;3
57848;3
57849;7
57850;2
57851;3
57852;3
57853;3
57854;3
57855;2
57856;3
57857;3
57858;18
57859;2
57860;2
57861;5
57862;2
57863;7
57864;7
57865;3
57866;3
57867;3
57868;3
57869;7
57870;3
57871;2
57872;2
57873;2
57874;2
57875;2
57876;2
57877;2
57878;4
57879;2
57880;2
57881;3
57882;3
57883;2
57884;2
57885;7
57886;5
57887;3
57888;2
57889;3
57890;14
57891;2
57892;35
57893;35
57894;35
57895;3
57896;4
57897;3
57898;3
57899;3
57900;3
57901;3
57902;3
57903;3
57904;3
57905;3
57906;4
57907;4
57908;3
57909;2
57910;7
57911;4
57912;3
57913;3
57914;2
57915;2
57916;15
57917;2
57918;3
57919;3
57920;3
57921;3
57922;0
57923;2
57924;3
57925;4
57926;2
57927;2
57928;3
57929;3
57930;10
57931;2
57932;2
57933;3
57934;38
57935;38
57936;38
57937;3
57938;3
57939;3
57940;3
57941;35
57942;2
57943;2
57944;3
57945;3
57946;4
57947;3
57948;2
57949;3
57950;2
57951;2
57952;2
57953;3
57954;2
57955;3
57956;4
57957;10
57958;3
57959;3
57960;3
57961;2
57962;2
57963;2
57964;2
57965;3
57966;3
57967;3
57968;3
57969;3
57970;3
57971;3
57972;3
57973;3
57974;3
57975;3
57976;3
57977;2
57978;3
57979;3
57980;3
57981;0
57982;2
57983;3
57984;2
57985;2
57986;3
57987;3
57988;3
57989;3
57990;7
57991;3
57992;3
57993;3
57994;2
57995;7
57996;3
57997;3
57998;17
57999;7
58000;3
58001;3
58002;4
58003;18
58004;3
58005;2
58006;2
58007;4
58008;3
58009;4
58010;9
58011;7
58012;7
58013;3
58014;2
58015;74
58016;3
58017;3
58018;3
58019;2
58020;2
58021;2
58022;3
58023;3
58024;3
58025;3
58026;3
58027;3
58028;2
58029;4
58030;4
58031;0
58032;0
58033;5
58034;3
58035;7
58036;4
58037;3
58038;3
58039;35
58040;3
58041;3
58042;5
58043;3
58044;8
58045;2
58046;3
58047;3
58048;3
58049;13
58050;3
58051;3
58052;3
58053;3
58054;37
58055;2
58056;3
58057;3
58058;3
58059;3
58060;4
58061;3
58062;3
58063;3
58064;2
58065;3
58066;3
58067;3
58068;3
58069;4
58070;2
58071;4
58072;15
58073;15
58074;3
58075;3
58076;3
58077;38
58078;3
58079;3
58080;3
58081;3
58082;3
58083;2
58084;2
58085;2
58086;2
58087;3
58088;2
58089;2
58090;2
58091;3
58092;3
58093;7
58094;2
58095;2
58096;2
58097;3
58098;3
58099;3
58100;2
58101;2
58102;3
58103;3
58104;2
58105;2
58106;5
58107;3
58108;3
58109;37
58110;3
58111;3
58112;38
58113;39
58114;7
58115;2
58116;2
58117;2
58118;4
58119;2
58120;4
58121;3
58122;3
58123;3
58124;2
58125;10
58126;3
58127;2
58128;2
58129;18
58130;2
58131;2
58132;2
58133;7
58134;4
58135;3
58136;3
58137;2
58138;3
58139;3
58140;3
58141;12
58142;12
58143;3
58144;14
58145;2
58146;2
58147;38
58148;38
58149;38
58150;9
58151;39
58152;2
58153;4
58154;4
58155;3
58156;3
58157;3
58158;3
58159;2
58160;3
58161;2
58162;2
58163;3
58164;11
58165;2
58166;2
58167;2
58168;4
58169;3
58170;3
58171;4
58172;3
58173;4
58174;4
58175;2
58176;38
58177;3
58178;3
58179;2
58180;2
58181;2
58182;3
58183;3
58184;3
58185;3
58186;3
58187;3
58188;3
58189;3
58190;3
58191;3
58192;12
58193;2
58194;3
58195;3
58196;3
58197;3
58198;2
58199;2
58200;2
58201;2
58202;7
58203;2
58204;3
58205;6
58206;3
58207;4
58208;3
58209;3
58210;3
58211;2
58212;2
58213;0
58214;2
58215;4
58216;4
58217;3
58218;2
58219;3
58220;3
58221;2
58222;3
58223;4
58224;3
58225;3
58226;3
58227;3
58228;3
58229;12
58230;4
58231;2
58232;2
58233;2
58234;3
58235;2
58236;3
58237;2
58238;14
58239;3
58240;2
58241;2
58242;3
58243;3
58244;2
58245;2
58246;2
58247;10
58248;3
58249;3
58250;3
58251;3
58252;3
58253;2
58254;2
58255;3
58256;35
58257;2
58258;2
58259;2
58260;3
58261;3
58262;3
58263;3
58264;4
58265;3
58266;3
58267;3
58268;4
58269;41
58270;42
58271;4
58272;4
58273;38
58274;2
58275;3
58276;2
58277;6
58278;2
58279;2
58280;2
58281;3
58282;2
58283;3
58284;12
58285;3
58286;3
58287;3
58288;36
58289;2
58290;3
58291;2
58292;4
58293;3
58294;2
58295;2
58296;3
58297;3
58298;2
58299;2
58300;2
58301;38
58302;7
58303;7
58304;2
58305;3
58306;3
58307;3
58308;3
58309;12
58310;3
58311;3
58312;3
58313;3
58314;11
58315;3
58316;3
58317;3
58318;7
58319;35
58320;35
58321;2
58322;2
58323;2
58324;2
58325;3
58326;3
58327;10
58328;3
58329;2
58330;2
58331;3
58332;2
58333;3
58334;3
58335;3
58336;3
58337;2
58338;9
58339;3
58340;2
58341;2
58342;3
58343;36
58344;3
58345;3
58346;3
58347;2
58348;2
58349;2
58350;2
58351;10
58352;3
58353;2
58354;2
58355;3
58356;11
58357;3
58358;3
58359;3
58360;3
58361;3
58362;2
58363;2
58364;2
58365;37
58366;37
58367;38
58368;2
58369;3
58370;3
58371;4
58372;4
58373;5
58374;3
58375;3
58376;3
58377;2
58378;2
58379;2
58380;2
58381;4
58382;2
58383;4
58384;42
58385;3
58386;7
58387;3
58388;3
58389;3
58390;37
58391;3
58392;38
58393;3
58394;6
58395;3
58396;3
58397;3
58398;3
58399;3
58400;2
58401;2
58402;2
58403;4
58404;4
58405;3
58406;2
58407;3
58408;3
58409;4
58410;4
58411;8
58412;4
58413;3
58414;2
58415;2
58416;3
58417;1
58418;3
58419;10
58420;3
58421;3
58422;3
58423;3
58424;3
58425;3
58426;3
58427;35
58428;35
58429;4
58430;17
58431;17
58432;3
58433;4
58434;2
58435;4
58436;2
58437;2
58438;8
58439;3
58440;17
58441;3
58442;2
58443;2
58444;2
58445;3
58446;3
58447;4
58448;2
58449;3
58450;3
58451;6
58452;2
58453;10
58454;3
58455;3
58456;3
58457;3
58458;3
58459;3
58460;2
58461;2
58462;2
58463;2
58464;3
58465;2
58466;2
58467;2
58468;2
58469;4
58470;3
58471;3
58472;3
58473;37
58474;2
58475;2
58476;2
58477;2
58478;2
58479;8
58480;8
58481;3
58482;2
58483;3
58484;3
58485;3
58486;3
58487;2
58488;3
58489;3
58490;3
58491;3
58492;3
58493;3
58494;3
58495;3
58496;3
58497;2
58498;3
58499;38
58500;0
58501;4
58502;4
58503;3
58504;3
58505;2
58506;2
58507;2
58508;3
58509;16
58510;3
58511;3
58512;3
58513;24
58514;4
58515;2
58516;2
58517;3
58518;4
58519;3
58520;3
58521;3
58522;4
58523;3
58524;3
58525;6
58526;7
58527;3
58528;40
58529;40
58530;3
58531;3
58532;2
58533;3
58534;3
58535;7
58536;4
58537;10
58538;3
58539;3
58540;3
58541;3
58542;3
58543;7
58544;7
58545;3
58546;36
58547;7
58548;3
58549;4
58550;3
58551;3
58552;2
58553;4
58554;37
58555;2
58556;2
58557;2
58558;2
58559;2
58560;2
58561;2
58562;2
58563;2
58564;19
58565;4
58566;4
58567;2
58568;3
58569;2
58570;3
58571;3
58572;4
58573;3
58574;3
58575;4
58576;7
58577;2
58578;3
58579;3
58580;5
58581;3
58582;3
58583;2
58584;2
58585;3
58586;3
58587;3
58588;4
58589;4
58590;3
58591;3
58592;2
58593;3
58594;3
58595;3
58596;2
58597;3
58598;2
58599;8
58600;8
58601;2
58602;2
58603;2
58604;7
58605;2
58606;2
58607;2
58608;5
58609;5
58610;3
58611;3
58612;3
58613;38
58614;2
58615;3
58616;3
58617;3
58618;3
58619;2
58620;2
58621;2
58622;4
58623;18
58624;3
58625;3
58626;7
58627;3
58628;2
58629;2
58630;3
58631;2
58632;2
58633;2
58634;2
58635;2
58636;2
58637;2
58638;3
58639;16
58640;2
58641;2
58642;0
58643;0
58644;4
58645;3
58646;3
58647;2
58648;4
58649;3
58650;3
58651;2
58652;4
58653;3
58654;15
58655;3
58656;12
58657;12
58658;3
58659;4
58660;4
58661;4
58662;50
58663;7
58664;7
58665;3
58666;3
58667;3
58668;3
58669;7
58670;2
58671;2
58672;3
58673;3
58674;3
58675;2
58676;38
58677;2
58678;2
58679;2
58680;39
58681;0
58682;3
58683;3
58684;3
58685;3
58686;4
58687;3
58688;4
58689;3
58690;3
58691;4
58692;3
58693;3
58694;3
58695;3
58696;0
58697;0
58698;15
58699;3
58700;3
58701;3
58702;3
58703;3
58704;3
58705;3
58706;3
58707;3
58708;2
58709;3
58710;17
58711;3
58712;2
58713;2
58714;3
58715;2
58716;2
58717;3
58718;3
58719;3
58720;4
58721;3
58722;2
58723;2
58724;2
58725;2
58726;2
58727;2
58728;3
58729;3
58730;7
58731;7
58732;3
58733;3
58734;3
58735;3
58736;3
58737;4
58738;2
58739;2
58740;3
58741;3
58742;3
58743;11
58744;3
58745;4
58746;2
58747;2
58748;3
58749;3
58750;3
58751;3
58752;3
58753;4
58754;3
58755;3
58756;2
58757;2
58758;2
58759;7
58760;7
58761;3
58762;4
58763;4
58764;2
58765;3
58766;3
58767;3
58768;3
58769;2
58770;3
58771;3
58772;3
58773;14
58774;3
58775;5
58776;3
58777;3
58778;3
58779;3
58780;3
58781;3
58782;3
58783;2
58784;3
58785;3
58786;2
58787;2
58788;4
58789;2
58790;2
58791;3
58792;38
58793;50
58794;3
58795;3
58796;2
58797;2
58798;3
58799;2
58800;2
58801;2
58802;3
58803;2
58804;38
58805;3
58806;2
58807;2
58808;4
58809;2
58810;39
58811;2
58812;2
58813;2
58814;3
58815;2
58816;2
58817;3
58818;3
58819;39
58820;3
58821;4
58822;3
58823;3
58824;3
58825;3
58826;6
58827;6
58828;7
58829;2
58830;2
58831;3
58832;2
58833;2
58834;10
58835;3
58836;3
58837;3
58838;6
58839;6
58840;3
58841;3
58842;3
58843;3
58844;2
58845;13
58846;3
58847;3
58848;3
58849;3
58850;3
58851;38
58852;2
58853;4
58854;3
58855;2
58856;3
58857;0
58858;3
58859;3
58860;3
58861;4
58862;4
58863;16
58864;2
58865;2
58866;2
58867;2
58868;4
58869;3
58870;3
58871;3
58872;3
58873;2
58874;3
58875;3
58876;16
58877;16
58878;11
58879;2
58880;2
58881;3
58882;2
58883;37
58884;37
58885;37
58886;3
58887;2
58888;3
58889;6
58890;2
58891;2
58892;2
58893;3
58894;3
58895;3
58896;3
58897;2
58898;2
58899;2
58900;3
58901;3
58902;3
58903;3
58904;3
58905;3
58906;3
58907;38
58908;38
58909;3
58910;4
58911;3
58912;3
58913;3
58914;38
58915;38
58916;2
58917;3
58918;3
58919;3
58920;3
58921;36
58922;3
58923;3
58924;3
58925;3
58926;4
58927;7
58928;7
58929;7
58930;3
58931;3
58932;4
58933;3
58934;3
58935;3
58936;2
58937;2
58938;2
58939;3
58940;3
58941;3
58942;3
58943;3
58944;3
58945;3
58946;7
58947;7
58948;3
58949;3
58950;3
58951;0
58952;16
58953;0
58954;3
58955;2
58956;3
58957;2
58958;3
58959;2
58960;2
58961;2
58962;2
58963;2
58964;4
58965;5
58966;8
58967;3
58968;3
58969;44
58970;2
58971;3
58972;2
58973;3
58974;37
58975;2
58976;10
58977;3
58978;3
58979;3
58980;3
58981;3
58982;3
58983;3
58984;2
58985;3
58986;2
58987;2
58988;2
58989;3
58990;3
58991;2
58992;3
58993;2
58994;2
58995;3
58996;3
58997;3
58998;6
58999;7
59000;3
59001;3
59002;3
59003;3
59004;7
59005;3
59006;3
59007;3
59008;2
59009;3
59010;39
59011;39
59012;4
59013;3
59014;11
59015;38
59016;38
59017;38
59018;3
59019;3
59020;3
59021;2
59022;2
59023;2
59024;5
59025;7
59026;7
59027;2
59028;7
59029;3
59030;7
59031;2
59032;2
59033;4
59034;4
59035;2
59036;3
59037;3
59038;2
59039;2
59040;3
59041;8
59042;3
59043;4
59044;3
59045;13
59046;19
59047;3
59048;3
59049;3
59050;2
59051;3
59052;12
59053;3
59054;4
59055;4
59056;2
59057;2
59058;80
59059;3
59060;3
59061;3
59062;3
59063;2
59064;2
59065;4
59066;3
59067;3
59068;2
59069;6
59070;0
59071;3
59072;3
59073;3
59074;4
59075;3
59076;3
59077;3
59078;3
59079;3
59080;3
59081;3
59082;3
59083;3
59084;3
59085;3
59086;2
59087;3
59088;3
59089;3
59090;3
59091;4
59092;4
59093;3
59094;3
59095;2
59096;4
59097;2
59098;3
59099;3
59100;4
59101;2
59102;3
59103;13
59104;13
59105;3
59106;3
59107;2
59108;2
59109;2
59110;2
59111;2
59112;2
59113;3
59114;3
59115;3
59116;3
59117;3
59118;3
59119;2
59120;2
59121;2
59122;37
59123;3
59124;3
59125;3
59126;10
59127;3
59128;2
59129;7
59130;3
59131;2
59132;38
59133;2
59134;3
59135;3
59136;2
59137;3
59138;3
59139;3
59140;3
59141;7
59142;2
59143;16
59144;3
59145;3
59146;3
59147;3
59148;3
59149;3
59150;3
59151;3
59152;2
59153;3
59154;3
59155;4
59156;3
59157;3
59158;3
59159;3
59160;3
59161;3
59162;3
59163;7
59164;7
59165;3
59166;3
59167;2
59168;3
59169;2
59170;3
59171;2
59172;3
59173;7
59174;4
59175;3
59176;2
59177;4
59178;12
59179;10
59180;6
59181;2
59182;3
59183;3
59184;3
59185;3
59186;3
59187;3
59188;3
59189;4
59190;4
59191;3
59192;3
59193;0
59194;2
59195;2
59196;2
59197;4
59198;2
59199;2
59200;2
59201;3
59202;12
59203;2
59204;2
59205;2
59206;3
59207;2
59208;2
59209;2
59210;2
59211;2
59212;37
59213;2
59214;2
59215;2
59216;2
59217;3
59218;3
59219;4
59220;2
59221;3
59222;3
59223;3
59224;2
59225;15
59226;2
59227;2
59228;2
59229;3
59230;3
59231;3
59232;3
59233;3
59234;3
59235;3
59236;2
59237;4
59238;4
59239;2
59240;7
59241;2
59242;4
59243;10
59244;3
59245;3
59246;3
59247;2
59248;2
59249;2
59250;3
59251;5
59252;3
59253;3
59254;2
59255;0
59256;4
59257;10
59258;2
59259;2
59260;3
59261;3
59262;3
59263;6
59264;3
59265;2
59266;2
59267;2
59268;0
59269;4
59270;3
59271;38
59272;38
59273;37
59274;3
59275;6
59276;2
59277;7
59278;2
59279;0
59280;3
59281;2
59282;3
59283;3
59284;3
59285;8
59286;8
59287;3
59288;2
59289;2
59290;2
59291;2
59292;2
59293;4
59294;2
59295;3
59296;3
59297;4
59298;4
59299;3
59300;2
59301;2
59302;3
59303;3
59304;3
59305;3
59306;3
59307;7
59308;3
59309;3
59310;8
59311;3
59312;36
59313;4
59314;39
59315;2
59316;2
59317;3
59318;3
59319;7
59320;2
59321;3
59322;2
59323;2
59324;2
59325;3
59326;3
59327;7
59328;19
59329;3
59330;2
59331;13
59332;3
59333;3
59334;2
59335;2
59336;3
59337;3
59338;2
59339;3
59340;3
59341;3
59342;2
59343;3
59344;3
59345;3
59346;3
59347;3
59348;3
59349;2
59350;2
59351;3
59352;37
59353;37
59354;3
59355;3
59356;3
59357;3
59358;2
59359;3
59360;3
59361;3
59362;3
59363;3
59364;6
59365;3
59366;2
59367;2
59368;2
59369;5
59370;5
59371;5
59372;7
59373;24
59374;3
59375;3
59376;4
59377;3
59378;3
59379;4
59380;4
59381;3
59382;10
59383;4
59384;3
59385;2
59386;0
59387;3
59388;3
59389;2
59390;6
59391;4
59392;3
59393;2
59394;3
59395;3
59396;3
59397;3
59398;3
59399;3
59400;4
59401;3
59402;2
59403;3
59404;2
59405;4
59406;2
59407;2
59408;2
59409;3
59410;4
59411;4
59412;7
59413;3
59414;2
59415;37
59416;2
59417;3
59418;5
59419;2
59420;7
59421;3
59422;3
59423;3
59424;2
59425;3
59426;3
59427;3
59428;3
59429;3
59430;3
59431;2
59432;3
59433;7
59434;29
59435;3
59436;3
59437;4
59438;2
59439;2
59440;3
59441;3
59442;3
59443;3
59444;3
59445;3
59446;4
59447;4
59448;4
59449;9
59450;3
59451;2
59452;2
59453;2
59454;3
59455;3
59456;31
59457;31
59458;2
59459;3
59460;3
59461;31
59462;31
59463;3
59464;3
59465;3
59466;3
59467;4
59468;2
59469;2
59470;2
59471;2
59472;2
59473;2
59474;6
59475;18
59476;3
59477;2
59478;3
59479;3
59480;3
59481;3
59482;5
59483;7
59484;3
59485;3
59486;3
59487;3
59488;3
59489;14
59490;2
59491;0
59492;14
59493;2
59494;4
59495;2
59496;3
59497;2
59498;6
59499;6
59500;4
59501;4
59502;3
59503;3
59504;3
59505;3
59506;3
59507;4
59508;4
59509;2
59510;3
59511;3
59512;4
59513;7
59514;2
59515;3
59516;3
59517;3
59518;6
59519;6
59520;3
59521;39
59522;3
59523;4
59524;3
59525;4
59526;3
59527;3
59528;2
59529;3
59530;3
59531;4
59532;2
59533;3
59534;2
59535;2
59536;2
59537;18
59538;3
59539;3
59540;3
59541;3
59542;4
59543;3
59544;2
59545;6
59546;6
59547;3
59548;3
59549;4
59550;2
59551;2
59552;2
59553;2
59554;14
59555;3
59556;3
59557;3
59558;3
59559;3
59560;3
59561;3
59562;17
59563;3
59564;7
59565;3
59566;7
59567;2
59568;3
59569;4
59570;3
59571;3
59572;2
59573;3
59574;39
59575;3
59576;8
59577;3
59578;3
59579;2
59580;2
59581;7
59582;3
59583;3
59584;2
59585;2
59586;2
59587;2
59588;2
59589;3
59590;3
59591;2
59592;3
59593;3
59594;3
59595;3
59596;2
59597;3
59598;2
59599;2
59600;2
59601;3
59602;2
59603;4
59604;3
59605;3
59606;3
59607;3
59608;3
59609;3
59610;2
59611;3
59612;2
59613;2
59614;2
59615;2
59616;3
59617;3
59618;3
59619;3
59620;2
59621;2
59622;3
59623;38
59624;3
59625;5
59626;2
59627;3
59628;3
59629;4
59630;3
59631;3
59632;3
59633;3
59634;2
59635;3
59636;3
59637;3
59638;15
59639;3
59640;39
59641;3
59642;3
59643;3
59644;2
59645;3
59646;3
59647;0
59648;3
59649;2
59650;2
59651;3
59652;42
59653;4
59654;2
59655;3
59656;3
59657;3
59658;2
59659;6
59660;2
59661;2
59662;2
59663;2
59664;2
59665;2
59666;2
59667;2
59668;2
59669;3
59670;4
59671;3
59672;2
59673;39
59674;2
59675;3
59676;2
59677;14
59678;2
59679;2
59680;4
59681;2
59682;3
59683;3
59684;3
59685;3
59686;6
59687;3
59688;3
59689;2
59690;2
59691;3
59692;3
59693;2
59694;2
59695;2
59696;3
59697;3
59698;3
59699;3
59700;3
59701;4
59702;3
59703;7
59704;3
59705;3
59706;2
59707;3
59708;3
59709;3
59710;13
59711;6
59712;6
59713;2
59714;2
59715;4
59716;3
59717;3
59718;4
59719;3
59720;3
59721;9
59722;3
59723;3
59724;2
59725;3
59726;2
59727;2
59728;4
59729;37
59730;4
59731;3
59732;3
59733;6
59734;4
59735;3
59736;3
59737;2
59738;2
59739;6
59740;6
59741;3
59742;3
59743;2
59744;41
59745;5
59746;3
59747;3
59748;3
59749;3
59750;2
59751;3
59752;3
59753;3
59754;3
59755;3
59756;3
59757;2
59758;3
59759;3
59760;3
59761;2
59762;2
59763;3
59764;2
59765;7
59766;3
59767;3
59768;2
59769;3
59770;3
59771;2
59772;2
59773;2
59774;3
59775;2
59776;3
59777;3
59778;36
59779;3
59780;3
59781;2
59782;3
59783;3
59784;6
59785;3
59786;3
59787;2
59788;3
59789;3
59790;2
59791;2
59792;2
59793;2
59794;3
59795;8
59796;38
59797;3
59798;3
59799;3
59800;3
59801;3
59802;4
59803;10
59804;2
59805;3
59806;3
59807;4
59808;3
59809;2
59810;7
59811;7
59812;7
59813;2
59814;15
59815;15
59816;4
59817;3
59818;14
59819;14
59820;3
59821;2
59822;3
59823;2
59824;2
59825;1
59826;4
59827;22
59828;8
59829;3
59830;3
59831;35
59832;3
59833;2
59834;3
59835;3
59836;3
59837;37
59838;3
59839;3
59840;3
59841;3
59842;3
59843;3
59844;2
59845;2
59846;2
59847;2
59848;2
59849;3
59850;0
59851;0
59852;3
59853;2
59854;2
59855;3
59856;2
59857;35
59858;35
59859;2
59860;3
59861;2
59862;3
59863;3
59864;2
59865;7
59866;7
59867;0
59868;37
59869;37
59870;3
59871;4
59872;10
59873;3
59874;3
59875;11
59876;2
59877;7
59878;3
59879;3
59880;14
59881;14
59882;6
59883;17
59884;3
59885;5
59886;3
59887;2
59888;3
59889;3
59890;3
59891;3
59892;10
59893;4
59894;4
59895;3
59896;2
59897;3
59898;2
59899;2
59900;2
59901;2
59902;2
59903;2
59904;2
59905;2
59906;2
59907;4
59908;16
59909;3
59910;0
59911;2
59912;2
59913;3
59914;6
59915;6
59916;3
59917;3
59918;4
59919;3
59920;20
59921;3
59922;3
59923;3
59924;3
59925;3
59926;3
59927;2
59928;8
59929;3
59930;3
59931;3
59932;2
59933;3
59934;2
59935;3
59936;3
59937;2
59938;6
59939;12
59940;3
59941;3
59942;2
59943;2
59944;2
59945;3
59946;2
59947;2
59948;3
59949;2
59950;43
59951;3
59952;3
59953;2
59954;2
59955;2
59956;6
59957;7
59958;2
59959;3
59960;3
59961;3
59962;3
59963;2
59964;2
59965;2
59966;2
59967;2
59968;3
59969;2
59970;35
59971;3
59972;3
59973;3
59974;3
59975;3
59976;2
59977;38
59978;2
59979;2
59980;2
59981;4
59982;3
59983;2
59984;2
59985;3
59986;3
59987;3
59988;37
59989;37
59990;3
59991;3
59992;3
59993;3
59994;2
59995;2
59996;3
59997;38
59998;4
59999;46
60000;2
60001;2
60002;3
60003;3
60004;3
60005;3
60006;3
60007;7
60008;2
60009;2
60010;38
60011;38
60012;3
60013;3
60014;3
60015;3
60016;3
60017;2
60018;2
60019;18
60020;7
60021;7
60022;2
60023;2
60024;2
60025;3
60026;2
60027;3
60028;42
60029;60
60030;2
60031;2
60032;6
60033;3
60034;3
60035;3
60036;3
60037;3
60038;3
60039;3
60040;3
60041;3
60042;3
60043;3
60044;3
60045;10
60046;3
60047;3
60048;3
60049;3
60050;3
60051;7
60052;4
60053;3
60054;3
60055;3
60056;3
60057;12
60058;3
60059;2
60060;2
60061;2
60062;3
60063;4
60064;4
60065;2
60066;3
60067;3
60068;20
60069;3
60070;3
60071;2
60072;3
60073;11
60074;3
60075;3
60076;3
60077;3
60078;2
60079;2
60080;2
60081;0
60082;2
60083;2
60084;7
60085;7
60086;4
60087;6
60088;16
60089;2
60090;3
60091;3
60092;3
60093;3
60094;3
60095;3
60096;2
60097;2
60098;3
60099;3
60100;3
60101;3
60102;3
60103;3
60104;4
60105;3
60106;10
60107;3
60108;2
60109;3
60110;39
60111;2
60112;5
60113;35
60114;3
60115;45
60116;4
60117;4
60118;47
60119;16
60120;2
60121;2
60122;2
60123;17
60124;17
60125;2
60126;3
60127;2
60128;2
60129;18
60130;3
60131;3
60132;3
60133;2
60134;2
60135;2
60136;3
60137;14
60138;3
60139;3
60140;3
60141;3
60142;39
60143;3
60144;3
60145;2
60146;7
60147;37
60148;3
60149;3
60150;3
60151;3
60152;12
60153;12
60154;3
60155;3
60156;2
60157;2
60158;9
60159;3
60160;3
60161;38
60162;4
60163;3
60164;3
60165;10
60166;2
60167;3
60168;3
60169;3
60170;2
60171;2
60172;3
60173;2
60174;2
60175;3
60176;2
60177;2
60178;2
60179;2
60180;4
60181;3
60182;3
60183;3
60184;2
60185;3
60186;3
60187;3
60188;38
60189;38
60190;2
60191;2
60192;2
60193;2
60194;3
60195;2
60196;2
60197;4
60198;6
60199;6
60200;2
60201;2
60202;17
60203;4
60204;17
60205;17
60206;3
60207;6
60208;3
60209;10
60210;10
60211;2
60212;3
60213;3
60214;4
60215;2
60216;35
60217;2
60218;3
60219;2
60220;2
60221;3
60222;4
60223;3
60224;3
60225;3
60226;3
60227;10
60228;0
60229;3
60230;3
60231;3
60232;3
60233;3
60234;3
60235;3
60236;4
60237;4
60238;25
60239;0
60240;3
60241;9
60242;3
60243;6
60244;4
60245;3
60246;3
60247;2
60248;2
60249;3
60250;3
60251;4
60252;4
60253;8
60254;3
60255;3
60256;3
60257;3
60258;3
60259;3
60260;3
60261;3
60262;39
60263;4
60264;4
60265;2
60266;16
60267;3
60268;2
60269;2
60270;39
60271;4
60272;4
60273;3
60274;2
60275;2
60276;2
60277;2
60278;3
60279;3
60280;7
60281;19
60282;3
60283;13
60284;3
60285;2
60286;3
60287;3
60288;2
60289;11
60290;50
60291;2
60292;3
60293;13
60294;2
60295;2
60296;2
60297;2
60298;37
60299;3
60300;3
60301;7
60302;3
60303;15
60304;2
60305;4
60306;4
60307;3
60308;50
60309;3
60310;3
60311;3
60312;3
60313;3
60314;3
60315;4
60316;3
60317;3
60318;3
60319;3
60320;4
60321;4
60322;2
60323;2
60324;3
60325;10
60326;2
60327;2
60328;2
60329;2
60330;3
60331;3
60332;2
60333;3
60334;3
60335;2
60336;2
60337;4
60338;4
60339;3
60340;3
60341;2
60342;2
60343;2
60344;7
60345;2
60346;13
60347;3
60348;2
60349;6
60350;3
60351;3
60352;3
60353;3
60354;3
60355;3
60356;3
60357;2
60358;2
60359;2
60360;3
60361;2
60362;3
60363;3
60364;3
60365;4
60366;3
60367;3
60368;3
60369;3
60370;3
60371;4
60372;4
60373;3
60374;4
60375;3
60376;7
60377;10
60378;3
60379;2
60380;3
60381;3
60382;3
60383;2
60384;2
60385;8
60386;3
60387;5
60388;3
60389;3
60390;3
60391;38
60392;3
60393;2
60394;3
60395;3
60396;7
60397;7
60398;26
60399;4
60400;4
60401;2
60402;3
60403;8
60404;8
60405;3
60406;3
60407;2
60408;3
60409;49
60410;2
60411;2
60412;3
60413;9
60414;2
60415;2
60416;2
60417;2
60418;2
60419;3
60420;3
60421;2
60422;16
60423;0
60424;7
60425;3
60426;3
60427;3
60428;3
60429;3
60430;2
60431;11
60432;3
60433;7
60434;3
60435;3
60436;2
60437;4
60438;3
60439;3
60440;3
60441;17
60442;37
60443;3
60444;38
60445;7
60446;15
60447;3
60448;3
60449;3
60450;2
60451;4
60452;3
60453;3
60454;2
60455;3
60456;6
60457;2
60458;3
60459;4
60460;16
60461;3
60462;3
60463;4
60464;4
60465;2
60466;2
60467;2
60468;3
60469;2
60470;2
60471;3
60472;3
60473;3
60474;4
60475;3
60476;7
60477;15
60478;39
60479;39
60480;4
60481;2
60482;2
60483;6
60484;4
60485;16
60486;7
60487;2
60488;3
60489;2
60490;3
60491;3
60492;50
60493;3
60494;4
60495;37
60496;2
60497;4
60498;4
60499;10
60500;4
60501;2
60502;3
60503;3
60504;3
60505;3
60506;2
60507;14
60508;2
60509;2
60510;3
60511;2
60512;4
60513;2
60514;3
60515;3
60516;3
60517;3
60518;2
60519;3
60520;3
60521;3
60522;3
60523;3
60524;38
60525;48
60526;3
60527;2
60528;3
60529;3
60530;3
60531;3
60532;3
60533;3
60534;3
60535;3
60536;3
60537;3
60538;3
60539;6
60540;3
60541;3
60542;3
60543;3
60544;2
60545;3
60546;3
60547;3
60548;10
60549;10
60550;3
60551;3
60552;14
60553;14
60554;3
60555;3
60556;3
60557;3
60558;11
60559;7
60560;3
60561;3
60562;2
60563;2
60564;2
60565;2
60566;2
60567;3
60568;3
60569;2
60570;2
60571;2
60572;2
60573;2
60574;3
60575;3
60576;4
60577;3
60578;2
60579;3
60580;12
60581;3
60582;18
60583;35
60584;35
60585;2
60586;38
60587;3
60588;3
60589;3
60590;7
60591;7
60592;2
60593;2
60594;2
60595;3
60596;3
60597;3
60598;3
60599;3
60600;2
60601;2
60602;17
60603;3
60604;3
60605;3
60606;3
60607;4
60608;3
60609;0
60610;3
60611;3
60612;3
60613;3
60614;3
60615;4
60616;4
60617;2
60618;2
60619;2
60620;3
60621;2
60622;2
60623;2
60624;3
60625;0
60626;3
60627;8
60628;2
60629;22
60630;2
60631;2
60632;2
60633;3
60634;3
60635;3
60636;3
60637;3
60638;3
60639;3
60640;3
60641;13
60642;3
60643;7
60644;2
60645;2
60646;2
60647;3
60648;3
60649;3
60650;2
60651;3
60652;3
60653;3
60654;3
60655;3
60656;3
60657;3
60658;3
60659;3
60660;4
60661;4
60662;2
60663;3
60664;3
60665;3
60666;3
60667;0
60668;4
60669;2
60670;3
60671;3
60672;2
60673;3
60674;4
60675;3
60676;3
60677;2
60678;2
60679;3
60680;3
60681;3
60682;2
60683;2
60684;2
60685;3
60686;3
60687;4
60688;37
60689;37
60690;37
60691;3
60692;2
60693;2
60694;2
60695;2
60696;3
60697;4
60698;2
60699;3
60700;3
60701;3
60702;3
60703;3
60704;3
60705;3
60706;2
60707;4
60708;4
60709;3
60710;37
60711;3
60712;2
60713;2
60714;4
60715;2
60716;3
60717;4
60718;3
60719;3
60720;3
60721;7
60722;3
60723;2
60724;3
60725;21
60726;2
60727;2
60728;6
60729;3
60730;3
60731;38
60732;38
60733;2
60734;2
60735;11
60736;11
60737;2
60738;2
60739;3
60740;3
60741;3
60742;3
60743;4
60744;4
60745;3
60746;39
60747;3
60748;3
60749;3
60750;3
60751;2
60752;3
60753;3
60754;2
60755;4
60756;3
60757;3
60758;19
60759;6
60760;2
60761;2
60762;2
60763;2
60764;2
60765;2
60766;3
60767;3
60768;3
60769;38
60770;38
60771;3
60772;3
60773;16
60774;16
60775;3
60776;5
60777;9
60778;3
60779;5
60780;2
60781;2
60782;2
60783;3
60784;3
60785;3
60786;3
60787;2
60788;2
60789;2
60790;2
60791;2
60792;4
60793;3
60794;3
60795;3
60796;6
60797;35
60798;38
60799;10
60800;3
60801;3
60802;3
60803;3
60804;3
60805;2
60806;6
60807;11
60808;3
60809;3
60810;3
60811;3
60812;2
60813;2
60814;2
60815;2
60816;3
60817;3
60818;3
60819;3
60820;3
60821;2
60822;2
60823;2
60824;2
60825;3
60826;7
60827;7
60828;2
60829;2
60830;2
60831;2
60832;2
60833;2
60834;3
60835;38
60836;2
60837;2
60838;2
60839;2
60840;2
60841;2
60842;6
60843;41
60844;41
60845;3
60846;5
60847;5
60848;3
60849;4
60850;3
60851;3
60852;3
60853;3
60854;8
60855;3
60856;4
60857;3
60858;2
60859;2
60860;2
60861;2
60862;2
60863;2
60864;2
60865;3
60866;11
60867;3
60868;3
60869;3
60870;7
60871;2
60872;2
60873;2
60874;3
60875;6
60876;3
60877;3
60878;2
60879;2
60880;2
60881;2
60882;4
60883;3
60884;61
60885;2
60886;2
60887;3
60888;4
60889;74
60890;3
60891;7
60892;2
60893;3
60894;3
60895;3
60896;3
60897;3
60898;2
60899;2
60900;2
60901;3
60902;7
60903;2
60904;2
60905;38
60906;3
60907;3
60908;3
60909;3
60910;3
60911;3
60912;3
60913;3
60914;3
60915;3
60916;3
60917;2
60918;2
60919;3
60920;8
60921;3
60922;2
60923;3
60924;3
60925;2
60926;3
60927;14
60928;3
60929;7
60930;7
60931;2
60932;2
60933;2
60934;3
60935;2
60936;39
60937;2
60938;2
60939;2
60940;2
60941;3
60942;3
60943;3
60944;3
60945;10
60946;2
60947;3
60948;8
60949;3
60950;3
60951;3
60952;3
60953;17
60954;3
60955;73
60956;3
60957;6
60958;6
60959;3
60960;3
60961;3
60962;3
60963;3
60964;3
60965;39
60966;39
60967;2
60968;2
60969;3
60970;3
60971;3
60972;2
60973;37
60974;2
60975;3
60976;3
60977;3
60978;3
60979;4
60980;3
60981;2
60982;43
60983;43
60984;43
60985;3
60986;3
60987;3
60988;3
60989;3
60990;3
60991;3
60992;3
60993;2
60994;11
60995;4
60996;35
60997;4
60998;2
60999;2
61000;3
61001;0
61002;3
61003;4
61004;3
61005;3
61006;3
61007;3
61008;3
61009;10
61010;16
61011;16
61012;16
61013;4
61014;3
61015;3
61016;3
61017;3
61018;3
61019;3
61020;3
61021;2
61022;3
61023;4
61024;3
61025;17
61026;8
61027;3
61028;7
61029;7
61030;5
61031;2
61032;2
61033;2
61034;3
61035;2
61036;2
61037;2
61038;38
61039;38
61040;3
61041;3
61042;4
61043;38
61044;8
61045;37
61046;3
61047;3
61048;0
61049;7
61050;3
61051;3
61052;2
61053;2
61054;3
61055;3
61056;2
61057;0
61058;2
61059;2
61060;8
61061;2
61062;3
61063;3
61064;2
61065;3
61066;3
61067;2
61068;36
61069;3
61070;2
61071;12
61072;3
61073;2
61074;3
61075;3
61076;36
61077;2
61078;2
61079;2
61080;2
61081;2
61082;4
61083;3
61084;3
61085;2
61086;4
61087;3
61088;38
61089;25
61090;2
61091;3
61092;4
61093;7
61094;3
61095;3
61096;3
61097;2
61098;3
61099;3
61100;3
61101;3
61102;3
61103;3
61104;2
61105;2
61106;39
61107;3
61108;3
61109;3
61110;3
61111;3
61112;13
61113;3
61114;3
61115;4
61116;3
61117;3
61118;3
61119;2
61120;3
61121;15
61122;3
61123;2
61124;2
61125;2
61126;3
61127;3
61128;3
61129;3
61130;3
61131;39
61132;3
61133;3
61134;3
61135;3
61136;20
61137;20
61138;3
61139;3
61140;3
61141;3
61142;2
61143;3
61144;3
61145;3
61146;42
61147;2
61148;3
61149;3
61150;3
61151;2
61152;2
61153;7
61154;3
61155;3
61156;3
61157;3
61158;2
61159;4
61160;4
61161;3
61162;3
61163;2
61164;1
61165;1
61166;6
61167;4
61168;2
61169;3
61170;3
61171;2
61172;35
61173;3
61174;3
61175;3
61176;3
61177;2
61178;3
61179;2
61180;4
61181;3
61182;3
61183;2
61184;3
61185;3
61186;3
61187;3
61188;3
61189;3
61190;2
61191;3
61192;2
61193;2
61194;3
61195;7
61196;7
61197;3
61198;5
61199;3
61200;3
61201;4
61202;11
61203;2
61204;2
61205;2
61206;2
61207;2
61208;4
61209;3
61210;7
61211;7
61212;3
61213;2
61214;2
61215;3
61216;2
61217;3
61218;3
61219;3
61220;2
61221;6
61222;3
61223;17
61224;3
61225;3
61226;3
61227;3
61228;3
61229;4
61230;2
61231;2
61232;2
61233;3
61234;3
61235;2
61236;3
61237;3
61238;3
61239;2
61240;3
61241;3
61242;3
61243;3
61244;9
61245;3
61246;3
61247;2
61248;3
61249;3
61250;4
61251;3
61252;3
61253;2
61254;3
61255;2
61256;2
61257;2
61258;2
61259;7
61260;2
61261;2
61262;2
61263;3
61264;3
61265;3
61266;3
61267;3
61268;3
61269;14
61270;3
61271;3
61272;4
61273;38
61274;2
61275;12
61276;2
61277;3
61278;3
61279;3
61280;2
61281;2
61282;3
61283;4
61284;19
61285;3
61286;3
61287;4
61288;38
61289;2
61290;3
61291;16
61292;3
61293;3
61294;3
61295;3
61296;3
61297;3
61298;2
61299;6
61300;20
61301;3
61302;3
61303;55
61304;3
61305;3
61306;4
61307;11
61308;48
61309;3
61310;3
61311;10
61312;3
61313;2
61314;2
61315;3
61316;3
61317;3
61318;6
61319;6
61320;2
61321;14
61322;3
61323;3
61324;2
61325;9
61326;2
61327;2
61328;3
61329;3
61330;3
61331;2
61332;2
61333;2
61334;3
61335;2
61336;3
61337;3
61338;39
61339;2
61340;2
61341;2
61342;3
61343;3
61344;3
61345;3
61346;21
61347;2
61348;3
61349;39
61350;11
61351;2
61352;0
61353;3
61354;3
61355;3
61356;3
61357;13
61358;13
61359;3
61360;3
61361;7
61362;4
61363;2
61364;3
61365;3
61366;3
61367;2
61368;2
61369;2
61370;2
61371;2
61372;2
61373;2
61374;2
61375;3
61376;3
61377;3
61378;3
61379;2
61380;3
61381;4
61382;3
61383;3
61384;3
61385;3
61386;12
61387;3
61388;3
61389;20
61390;7
61391;7
61392;10
61393;10
61394;3
61395;3
61396;4
61397;4
61398;3
61399;3
61400;3
61401;4
61402;4
61403;4
61404;2
61405;2
61406;2
61407;3
61408;2
61409;2
61410;3
61411;2
61412;4
61413;2
61414;3
61415;2
61416;7
61417;3
61418;2
61419;3
61420;3
61421;3
61422;3
61423;3
61424;3
61425;12
61426;2
61427;2
61428;2
61429;3
61430;2
61431;3
61432;17
61433;2
61434;2
61435;2
61436;3
61437;2
61438;3
61439;3
61440;3
61441;3
61442;3
61443;3
61444;3
61445;3
61446;3
61447;4
61448;3
61449;2
61450;3
61451;3
61452;3
61453;3
61454;2
61455;4
61456;2
61457;3
61458;3
61459;9
61460;2
61461;2
61462;3
61463;4
61464;3
61465;2
61466;4
61467;3
61468;3
61469;3
61470;3
61471;2
61472;2
61473;3
61474;2
61475;4
61476;3
61477;2
61478;4
61479;2
61480;6
61481;3
61482;3
61483;3
61484;2
61485;2
61486;2
61487;3
61488;2
61489;3
61490;3
61491;2
61492;2
61493;3
61494;4
61495;3
61496;7
61497;3
61498;9
61499;4
61500;4
61501;7
61502;3
61503;39
61504;2
61505;4
61506;3
61507;3
61508;3
61509;3
61510;7
61511;2
61512;2
61513;7
61514;3
61515;3
61516;24
61517;24
61518;3
61519;3
61520;3
61521;3
61522;2
61523;3
61524;3
61525;3
61526;2
61527;8
61528;4
61529;2
61530;2
61531;2
61532;3
61533;50
61534;38
61535;2
61536;2
61537;4
61538;3
61539;5
61540;2
61541;2
61542;2
61543;2
61544;2
61545;3
61546;3
61547;3
61548;3
61549;2
61550;2
61551;38
61552;2
61553;3
61554;3
61555;3
61556;3
61557;2
61558;2
61559;3
61560;2
61561;3
61562;2
61563;3
61564;2
61565;3
61566;2
61567;2
61568;2
61569;2
61570;2
61571;2
61572;2
61573;2
61574;4
61575;3
61576;8
61577;3
61578;3
61579;2
61580;6
61581;3
61582;3
61583;2
61584;2
61585;17
61586;17
61587;3
61588;2
61589;3
61590;3
61591;3
61592;2
61593;2
61594;3
61595;21
61596;3
61597;3
61598;3
61599;3
61600;3
61601;2
61602;2
61603;7
61604;39
61605;7
61606;7
61607;2
61608;3
61609;3
61610;3
61611;3
61612;2
61613;3
61614;3
61615;3
61616;2
61617;2
61618;2
61619;2
61620;3
61621;7
61622;3
61623;3
61624;2
61625;3
61626;3
61627;8
61628;3
61629;15
61630;3
61631;3
61632;3
61633;4
61634;3
61635;2
61636;2
61637;3
61638;3
61639;4
61640;10
61641;4
61642;4
61643;3
61644;36
61645;3
61646;3
61647;8
61648;8
61649;3
61650;3
61651;2
61652;7
61653;38
61654;3
61655;3
61656;4
61657;3
61658;4
61659;4
61660;3
61661;3
61662;3
61663;3
61664;3
61665;3
61666;3
61667;3
61668;3
61669;19
61670;3
61671;3
61672;2
61673;2
61674;3
61675;3
61676;3
61677;2
61678;3
61679;4
61680;4
61681;3
61682;2
61683;2
61684;2
61685;3
61686;3
61687;3
61688;3
61689;3
61690;3
61691;3
61692;3
61693;3
61694;3
61695;3
61696;2
61697;3
61698;3
61699;3
61700;3
61701;0
61702;3
61703;2
61704;3
61705;3
61706;2
61707;4
61708;4
61709;3
61710;3
61711;0
61712;3
61713;3
61714;2
61715;3
61716;3
61717;4
61718;4
61719;3
61720;0
61721;0
61722;2
61723;2
61724;2
61725;7
61726;3
61727;3
61728;3
61729;4
61730;0
61731;5
61732;2
61733;6
61734;42
61735;3
61736;3
61737;3
61738;3
61739;37
61740;37
61741;3
61742;3
61743;3
61744;3
61745;2
61746;14
61747;10
61748;7
61749;4
61750;2
61751;3
61752;0
61753;2
61754;16
61755;2
61756;2
61757;49
61758;49
61759;2
61760;2
61761;3
61762;3
61763;39
61764;2
61765;2
61766;3
61767;3
61768;2
61769;3
61770;13
61771;3
61772;3
61773;6
61774;3
61775;2
61776;2
61777;3
61778;3
61779;2
61780;2
61781;2
61782;2
61783;2
61784;9
61785;36
61786;6
61787;6
61788;6
61789;3
61790;3
61791;3
61792;4
61793;3
61794;3
61795;3
61796;3
61797;3
61798;36
61799;4
61800;4
61801;16
61802;3
61803;4
61804;4
61805;3
61806;4
61807;7
61808;3
61809;3
61810;2
61811;6
61812;3
61813;10
61814;18
61815;18
61816;4
61817;4
61818;3
61819;0
61820;14
61821;14
61822;3
61823;14
61824;11
61825;11
61826;3
61827;3
61828;4
61829;4
61830;3
61831;21
61832;2
61833;2
61834;2
61835;2
61836;3
61837;11
61838;2
61839;4
61840;4
61841;4
61842;39
61843;3
61844;15
61845;3
61846;2
61847;2
61848;2
61849;3
61850;3
61851;3
61852;2
61853;3
61854;4
61855;4
61856;3
61857;3
61858;2
61859;5
61860;37
61861;37
61862;3
61863;3
61864;3
61865;3
61866;3
61867;3
61868;2
61869;2
61870;3
61871;4
61872;4
61873;3
61874;3
61875;3
61876;2
61877;2
61878;3
61879;3
61880;10
61881;3
61882;3
61883;3
61884;2
61885;3
61886;3
61887;3
61888;12
61889;3
61890;3
61891;4
61892;3
61893;2
61894;2
61895;3
61896;8
61897;3
61898;3
61899;3
61900;3
61901;3
61902;3
61903;10
61904;2
61905;3
61906;3
61907;3
61908;3
61909;3
61910;3
61911;3
61912;3
61913;3
61914;2
61915;3
61916;2
61917;2
61918;3
61919;3
61920;3
61921;11
61922;36
61923;2
61924;9
61925;35
61926;3
61927;3
61928;3
61929;3
61930;3
61931;3
61932;2
61933;4
61934;2
61935;3
61936;3
61937;3
61938;13
61939;2
61940;44
61941;3
61942;3
61943;2
61944;6
61945;2
61946;3
61947;2
61948;10
61949;3
61950;3
61951;2
61952;4
61953;2
61954;6
61955;4
61956;3
61957;10
61958;2
61959;2
61960;12
61961;39
61962;4
61963;4
61964;6
61965;6
61966;2
61967;3
61968;3
61969;3
61970;3
61971;3
61972;2
61973;2
61974;2
61975;3
61976;3
61977;4
61978;3
61979;2
61980;2
61981;3
61982;3
61983;3
61984;2
61985;3
61986;3
61987;2
61988;3
61989;3
61990;4
61991;3
61992;15
61993;3
61994;3
61995;5
61996;2
61997;2
61998;3
61999;2
62000;3
62001;3
62002;3
62003;3
62004;38
62005;38
62006;4
62007;3
62008;2
62009;2
62010;2
62011;3
62012;9
62013;7
62014;3
62015;3
62016;3
62017;3
62018;2
62019;3
62020;4
62021;3
62022;3
62023;2
62024;2
62025;3
62026;2
62027;2
62028;2
62029;6
62030;36
62031;7
62032;7
62033;18
62034;18
62035;7
62036;7
62037;3
62038;3
62039;7
62040;3
62041;3
62042;2
62043;37
62044;6
62045;3
62046;2
62047;3
62048;3
62049;3
62050;3
62051;4
62052;2
62053;2
62054;3
62055;72
62056;3
62057;37
62058;3
62059;3
62060;3
62061;3
62062;7
62063;7
62064;2
62065;4
62066;2
62067;19
62068;3
62069;2
62070;4
62071;4
62072;4
62073;2
62074;2
62075;10
62076;2
62077;10
62078;3
62079;3
62080;3
62081;3
62082;13
62083;3
62084;3
62085;3
62086;3
62087;2
62088;2
62089;4
62090;2
62091;38
62092;38
62093;2
62094;2
62095;2
62096;2
62097;2
62098;3
62099;3
62100;3
62101;3
62102;3
62103;3
62104;4
62105;2
62106;2
62107;3
62108;3
62109;2
62110;4
62111;2
62112;4
62113;4
62114;4
62115;3
62116;3
62117;3
62118;3
62119;3
62120;3
62121;4
62122;4
62123;4
62124;3
62125;3
62126;3
62127;2
62128;2
62129;3
62130;3
62131;7
62132;7
62133;3
62134;12
62135;3
62136;3
62137;2
62138;2
62139;2
62140;2
62141;3
62142;2
62143;39
62144;2
62145;3
62146;3
62147;3
62148;38
62149;3
62150;3
62151;3
62152;3
62153;3
62154;3
62155;3
62156;3
62157;39
62158;39
62159;3
62160;3
62161;3
62162;6
62163;6
62164;4
62165;4
62166;4
62167;3
62168;2
62169;2
62170;2
62171;2
62172;2
62173;2
62174;11
62175;2
62176;3
62177;2
62178;3
62179;2
62180;3
62181;2
62182;2
62183;2
62184;3
62185;3
62186;4
62187;3
62188;3
62189;2
62190;2
62191;2
62192;2
62193;3
62194;2
62195;3
62196;3
62197;2
62198;3
62199;2
62200;15
62201;2
62202;3
62203;4
62204;4
62205;2
62206;3
62207;12
62208;2
62209;3
62210;3
62211;3
62212;3
62213;3
62214;3
62215;3
62216;3
62217;3
62218;18
62219;2
62220;2
62221;2
62222;2
62223;2
62224;3
62225;2
62226;2
62227;3
62228;3
62229;3
62230;2
62231;7
62232;7
62233;3
62234;31
62235;31
62236;3
62237;3
62238;2
62239;6
62240;6
62241;6
62242;4
62243;3
62244;3
62245;3
62246;38
62247;3
62248;2
62249;2
62250;3
62251;4
62252;4
62253;3
62254;0
62255;6
62256;2
62257;2
62258;2
62259;3
62260;3
62261;20
62262;3
62263;3
62264;4
62265;3
62266;3
62267;3
62268;3
62269;3
62270;3
62271;3
62272;7
62273;7
62274;3
62275;3
62276;3
62277;3
62278;7
62279;2
62280;3
62281;3
62282;2
62283;3
62284;3
62285;3
62286;3
62287;3
62288;2
62289;3
62290;3
62291;17
62292;3
62293;2
62294;2
62295;3
62296;2
62297;4
62298;2
62299;2
62300;2
62301;2
62302;3
62303;2
62304;3
62305;3
62306;2
62307;3
62308;3
62309;7
62310;4
62311;2
62312;4
62313;4
62314;3
62315;3
62316;3
62317;3
62318;2
62319;2
62320;3
62321;3
62322;3
62323;2
62324;2
62325;3
62326;2
62327;3
62328;3
62329;2
62330;3
62331;3
62332;2
62333;2
62334;2
62335;2
62336;2
62337;7
62338;2
62339;2
62340;4
62341;5
62342;8
62343;3
62344;6
62345;2
62346;4
62347;4
62348;3
62349;3
62350;3
62351;3
62352;3
62353;2
62354;3
62355;3
62356;3
62357;3
62358;3
62359;3
62360;3
62361;3
62362;2
62363;3
62364;3
62365;4
62366;3
62367;2
62368;15
62369;2
62370;6
62371;3
62372;4
62373;10
62374;3
62375;3
62376;3
62377;3
62378;2
62379;3
62380;0
62381;2
62382;3
62383;3
62384;2
62385;3
62386;3
62387;3
62388;3
62389;3
62390;3
62391;3
62392;2
62393;2
62394;2
62395;2
62396;2
62397;3
62398;2
62399;3
62400;9
62401;3
62402;3
62403;2
62404;11
62405;3
62406;3
62407;35
62408;7
62409;2
62410;2
62411;4
62412;2
62413;2
62414;3
62415;3
62416;3
62417;3
62418;3
62419;3
62420;3
62421;2
62422;2
62423;23
62424;6
62425;6
62426;3
62427;3
62428;7
62429;7
62430;38
62431;2
62432;2
62433;3
62434;3
62435;2
62436;2
62437;2
62438;3
62439;3
62440;38
62441;2
62442;3
62443;9
62444;37
62445;3
62446;7
62447;3
62448;3
62449;3
62450;3
62451;4
62452;3
62453;4
62454;2
62455;3
62456;2
62457;2
62458;2
62459;4
62460;3
62461;2
62462;3
62463;2
62464;2
62465;3
62466;2
62467;2
62468;2
62469;2
62470;3
62471;2
62472;2
62473;3
62474;3
62475;2
62476;3
62477;3
62478;2
62479;0
62480;3
62481;3
62482;3
62483;4
62484;3
62485;3
62486;3
62487;3
62488;39
62489;39
62490;4
62491;2
62492;13
62493;38
62494;2
62495;3
62496;2
62497;3
62498;3
62499;2
62500;6
62501;3
62502;3
62503;3
62504;3
62505;38
62506;38
62507;38
62508;3
62509;3
62510;2
62511;2
62512;2
62513;2
62514;3
62515;3
62516;3
62517;3
62518;3
62519;3
62520;3
62521;3
62522;7
62523;7
62524;3
62525;6
62526;3
62527;3
62528;2
62529;3
62530;3
62531;2
62532;2
62533;2
62534;39
62535;2
62536;2
62537;3
62538;3
62539;3
62540;3
62541;3
62542;12
62543;6
62544;3
62545;3
62546;3
62547;24
62548;3
62549;3
62550;27
62551;5
62552;5
62553;2
62554;3
62555;38
62556;3
62557;2
62558;2
62559;2
62560;2
62561;2
62562;2
62563;3
62564;38
62565;3
62566;4
62567;4
62568;2
62569;3
62570;6
62571;2
62572;4
62573;4
62574;4
62575;4
62576;3
62577;7
62578;3
62579;2
62580;0
62581;7
62582;39
62583;3
62584;3
62585;3
62586;3
62587;2
62588;3
62589;3
62590;3
62591;3
62592;4
62593;3
62594;1
62595;1
62596;3
62597;4
62598;3
62599;37
62600;2
62601;39
62602;3
62603;3
62604;13
62605;4
62606;3
62607;10
62608;2
62609;3
62610;5
62611;2
62612;3
62613;3
62614;2
62615;2
62616;3
62617;2
62618;4
62619;2
62620;2
62621;2
62622;2
62623;3
62624;3
62625;2
62626;13
62627;4
62628;4
62629;3
62630;3
62631;3
62632;3
62633;3
62634;3
62635;10
62636;3
62637;3
62638;3
62639;3
62640;3
62641;2
62642;3
62643;4
62644;3
62645;4
62646;52
62647;24
62648;3
62649;3
62650;2
62651;2
62652;2
62653;3
62654;2
62655;3
62656;3
62657;7
62658;4
62659;4
62660;4
62661;2
62662;2
62663;3
62664;3
62665;3
62666;3
62667;39
62668;2
62669;2
62670;2
62671;2
62672;2
62673;3
62674;3
62675;3
62676;2
62677;2
62678;2
62679;2
62680;11
62681;3
62682;3
62683;3
62684;2
62685;2
62686;2
62687;4
62688;3
62689;4
62690;2
62691;2
62692;2
62693;2
62694;2
62695;2
62696;3
62697;3
62698;7
62699;7
62700;40
62701;3
62702;2
62703;17
62704;5
62705;3
62706;4
62707;4
62708;3
62709;4
62710;16
62711;39
62712;4
62713;26
62714;4
62715;2
62716;3
62717;3
62718;3
62719;3
62720;3
62721;3
62722;3
62723;3
62724;3
62725;3
62726;3
62727;3
62728;3
62729;39
62730;2
62731;3
62732;3
62733;3
62734;3
62735;2
62736;2
62737;6
62738;3
62739;15
62740;6
62741;6
62742;2
62743;2
62744;3
62745;3
62746;3
62747;3
62748;6
62749;3
62750;2
62751;2
62752;2
62753;45
62754;37
62755;2
62756;2
62757;2
62758;2
62759;11
62760;2
62761;2
62762;2
62763;3
62764;2
62765;2
62766;2
62767;2
62768;3
62769;3
62770;3
62771;3
62772;2
62773;39
62774;39
62775;4
62776;4
62777;39
62778;3
62779;3
62780;3
62781;3
62782;4
62783;3
62784;3
62785;2
62786;2
62787;3
62788;3
62789;3
62790;3
62791;3
62792;3
62793;3
62794;20
62795;3
62796;3
62797;3
62798;14
62799;36
62800;2
62801;3
62802;11
62803;3
62804;3
62805;2
62806;38
62807;38
62808;2
62809;7
62810;2
62811;2
62812;2
62813;3
62814;38
62815;3
62816;3
62817;3
62818;3
62819;3
62820;2
62821;2
62822;2
62823;3
62824;3
62825;3
62826;3
62827;3
62828;3
62829;3
62830;3
62831;3
62832;38
62833;3
62834;3
62835;2
62836;2
62837;4
62838;4
62839;3
62840;3
62841;3
62842;3
62843;3
62844;2
62845;3
62846;3
62847;3
62848;3
62849;7
62850;3
62851;3
62852;2
62853;4
62854;4
62855;3
62856;3
62857;2
62858;2
62859;45
62860;3
62861;3
62862;7
62863;8
62864;8
62865;4
62866;4
62867;4
62868;3
62869;3
62870;4
62871;4
62872;21
62873;2
62874;4
62875;3
62876;3
62877;2
62878;3
62879;3
62880;2
62881;5
62882;5
62883;5
62884;4
62885;3
62886;2
62887;2
62888;2
62889;3
62890;3
62891;2
62892;3
62893;2
62894;2
62895;10
62896;10
62897;3
62898;3
62899;3
62900;15
62901;2
62902;3
62903;4
62904;4
62905;3
62906;3
62907;3
62908;2
62909;2
62910;4
62911;3
62912;4
62913;3
62914;3
62915;3
62916;3
62917;3
62918;6
62919;3
62920;3
62921;3
62922;3
62923;0
62924;4
62925;4
62926;3
62927;3
62928;2
62929;2
62930;7
62931;3
62932;2
62933;2
62934;2
62935;7
62936;3
62937;2
62938;2
62939;2
62940;3
62941;3
62942;35
62943;35
62944;3
62945;2
62946;3
62947;10
62948;17
62949;2
62950;2
62951;3
62952;2
62953;2
62954;3
62955;2
62956;2
62957;3
62958;3
62959;3
62960;3
62961;3
62962;2
62963;4
62964;3
62965;3
62966;2
62967;4
62968;3
62969;3
62970;3
62971;7
62972;3
62973;3
62974;3
62975;3
62976;3
62977;2
62978;3
62979;3
62980;38
62981;3
62982;3
62983;3
62984;39
62985;47
62986;3
62987;3
62988;3
62989;3
62990;3
62991;3
62992;3
62993;14
62994;2
62995;3
62996;3
62997;3
62998;3
62999;3
63000;2
63001;3
63002;3
63003;3
63004;3
63005;5
63006;2
63007;7
63008;0
63009;3
63010;35
63011;3
63012;3
63013;3
63014;3
63015;3
63016;4
63017;4
63018;3
63019;36
63020;3
63021;3
63022;4
63023;6
63024;2
63025;7
63026;2
63027;3
63028;3
63029;4
63030;3
63031;2
63032;4
63033;4
63034;3
63035;6
63036;3
63037;2
63038;3
63039;6
63040;3
63041;3
63042;2
63043;2
63044;3
63045;11
63046;3
63047;3
63048;2
63049;14
63050;2
63051;4
63052;2
63053;2
63054;2
63055;2
63056;2
63057;2
63058;2
63059;3
63060;3
63061;3
63062;3
63063;3
63064;2
63065;3
63066;2
63067;2
63068;3
63069;37
63070;6
63071;2
63072;3
63073;2
63074;3
63075;3
63076;2
63077;3
63078;3
63079;3
63080;3
63081;3
63082;3
63083;3
63084;3
63085;38
63086;3
63087;3
63088;2
63089;3
63090;3
63091;3
63092;3
63093;2
63094;4
63095;50
63096;2
63097;3
63098;3
63099;3
63100;6
63101;38
63102;18
63103;3
63104;3
63105;3
63106;3
63107;2
63108;2
63109;2
63110;38
63111;38
63112;3
63113;4
63114;2
63115;7
63116;3
63117;2
63118;2
63119;3
63120;3
63121;3
63122;3
63123;18
63124;3
63125;3
63126;3
63127;3
63128;3
63129;3
63130;2
63131;13
63132;3
63133;2
63134;15
63135;2
63136;2
63137;2
63138;3
63139;3
63140;2
63141;3
63142;4
63143;10
63144;38
63145;38
63146;2
63147;2
63148;2
63149;2
63150;2
63151;3
63152;2
63153;2
63154;4
63155;44
63156;3
63157;2
63158;14
63159;2
63160;2
63161;4
63162;4
63163;3
63164;3
63165;3
63166;3
63167;3
63168;3
63169;3
63170;3
63171;3
63172;3
63173;4
63174;4
63175;4
63176;3
63177;38
63178;3
63179;3
63180;3
63181;3
63182;3
63183;3
63184;4
63185;38
63186;4
63187;12
63188;3
63189;4
63190;3
63191;4
63192;6
63193;3
63194;2
63195;2
63196;2
63197;2
63198;11
63199;11
63200;3
63201;3
63202;3
63203;3
63204;3
63205;38
63206;3
63207;2
63208;3
63209;3
63210;7
63211;15
63212;2
63213;3
63214;3
63215;3
63216;3
63217;3
63218;8
63219;3
63220;3
63221;2
63222;3
63223;2
63224;19
63225;2
63226;2
63227;3
63228;4
63229;2
63230;2
63231;2
63232;2
63233;3
63234;3
63235;2
63236;7
63237;2
63238;2
63239;2
63240;2
63241;3
63242;2
63243;3
63244;6
63245;6
63246;2
63247;0
63248;4
63249;4
63250;2
63251;3
63252;3
63253;38
63254;3
63255;35
63256;3
63257;4
63258;4
63259;2
63260;3
63261;3
63262;3
63263;2
63264;2
63265;7
63266;7
63267;7
63268;3
63269;3
63270;3
63271;2
63272;2
63273;2
63274;3
63275;3
63276;2
63277;2
63278;3
63279;2
63280;2
63281;2
63282;5
63283;2
63284;3
63285;3
63286;4
63287;4
63288;3
63289;3
63290;3
63291;2
63292;3
63293;48
63294;2
63295;2
63296;38
63297;3
63298;3
63299;3
63300;2
63301;2
63302;2
63303;16
63304;3
63305;3
63306;3
63307;7
63308;38
63309;38
63310;3
63311;3
63312;2
63313;2
63314;3
63315;59
63316;35
63317;3
63318;2
63319;4
63320;3
63321;38
63322;2
63323;7
63324;3
63325;3
63326;3
63327;3
63328;3
63329;3
63330;50
63331;2
63332;2
63333;35
63334;3
63335;3
63336;3
63337;3
63338;3
63339;3
63340;3
63341;3
63342;38
63343;38
63344;3
63345;3
63346;4
63347;4
63348;7
63349;3
63350;2
63351;2
63352;3
63353;3
63354;4
63355;3
63356;3
63357;3
63358;2
63359;2
63360;3
63361;3
63362;2
63363;7
63364;4
63365;0
63366;3
63367;4
63368;3
63369;3
63370;6
63371;7
63372;3
63373;3
63374;3
63375;3
63376;3
63377;3
63378;3
63379;3
63380;2
63381;2
63382;2
63383;3
63384;3
63385;2
63386;4
63387;4
63388;3
63389;2
63390;2
63391;2
63392;2
63393;2
63394;6
63395;3
63396;51
63397;3
63398;3
63399;3
63400;3
63401;2
63402;3
63403;3
63404;3
63405;4
63406;9
63407;3
63408;38
63409;3
63410;3
63411;3
63412;3
63413;3
63414;2
63415;2
63416;3
63417;3
63418;3
63419;2
63420;2
63421;2
63422;3
63423;3
63424;3
63425;38
63426;2
63427;2
63428;3
63429;2
63430;3
63431;18
63432;3
63433;3
63434;3
63435;3
63436;3
63437;2
63438;3
63439;3
63440;3
63441;4
63442;4
63443;41
63444;2
63445;2
63446;2
63447;3
63448;3
63449;3
63450;3
63451;3
63452;5
63453;19
63454;3
63455;3
63456;3
63457;37
63458;37
63459;3
63460;2
63461;13
63462;3
63463;3
63464;3
63465;3
63466;3
63467;2
63468;2
63469;39
63470;3
63471;3
63472;6
63473;3
63474;6
63475;6
63476;2
63477;3
63478;3
63479;3
63480;3
63481;3
63482;3
63483;7
63484;3
63485;3
63486;3
63487;3
63488;3
63489;3
63490;6
63491;6
63492;0
63493;0
63494;3
63495;2
63496;2
63497;3
63498;3
63499;4
63500;3
63501;3
63502;3
63503;3
63504;3
63505;2
63506;3
63507;37
63508;3
63509;4
63510;2
63511;3
63512;7
63513;4
63514;4
63515;4
63516;4
63517;4
63518;3
63519;3
63520;2
63521;3
63522;3
63523;2
63524;2
63525;2
63526;6
63527;4
63528;2
63529;2
63530;2
63531;3
63532;3
63533;4
63534;3
63535;3
63536;2
63537;3
63538;3
63539;3
63540;3
63541;4
63542;4
63543;2
63544;3
63545;3
63546;3
63547;3
63548;0
63549;0
63550;23
63551;3
63552;3
63553;3
63554;3
63555;3
63556;3
63557;38
63558;2
63559;3
63560;0
63561;70
63562;4
63563;3
63564;3
63565;3
63566;3
63567;3
63568;3
63569;3
63570;2
63571;7
63572;3
63573;3
63574;3
63575;2
63576;4
63577;3
63578;2
63579;2
63580;6
63581;3
63582;3
63583;3
63584;3
63585;37
63586;3
63587;2
63588;2
63589;2
63590;3
63591;3
63592;3
63593;3
63594;18
63595;3
63596;2
63597;17
63598;3
63599;5
63600;2
63601;39
63602;5
63603;3
63604;4
63605;39
63606;2
63607;2
63608;2
63609;38
63610;38
63611;5
63612;3
63613;3
63614;3
63615;3
63616;3
63617;2
63618;2
63619;3
63620;3
63621;6
63622;3
63623;2
63624;3
63625;3
63626;3
63627;2
63628;3
63629;4
63630;3
63631;3
63632;3
63633;3
63634;3
63635;3
63636;38
63637;3
63638;2
63639;2
63640;2
63641;3
63642;3
63643;3
63644;2
63645;3
63646;3
63647;2
63648;2
63649;2
63650;3
63651;2
63652;38
63653;4
63654;4
63655;3
63656;3
63657;2
63658;2
63659;2
63660;3
63661;4
63662;3
63663;3
63664;4
63665;3
63666;3
63667;3
63668;39
63669;2
63670;4
63671;2
63672;3
63673;2
63674;3
63675;4
63676;3
63677;16
63678;2
63679;3
63680;4
63681;2
63682;16
63683;2
63684;2
63685;2
63686;5
63687;3
63688;4
63689;3
63690;3
63691;3
63692;7
63693;3
63694;3
63695;2
63696;4
63697;2
63698;2
63699;2
63700;3
63701;3
63702;2
63703;3
63704;3
63705;86
63706;3
63707;3
63708;2
63709;2
63710;3
63711;10
63712;2
63713;2
63714;3
63715;3
63716;3
63717;3
63718;3
63719;3
63720;39
63721;3
63722;25
63723;2
63724;3
63725;3
63726;3
63727;3
63728;2
63729;3
63730;3
63731;7
63732;3
63733;3
63734;7
63735;19
63736;3
63737;3
63738;3
63739;3
63740;3
63741;2
63742;2
63743;2
63744;3
63745;3
63746;3
63747;4
63748;4
63749;3
63750;2
63751;11
63752;3
63753;39
63754;3
63755;0
63756;2
63757;3
63758;2
63759;18
63760;3
63761;3
63762;2
63763;2
63764;2
63765;17
63766;0
63767;6
63768;6
63769;2
63770;2
63771;2
63772;3
63773;3
63774;3
63775;39
63776;2
63777;2
63778;2
63779;3
63780;2
63781;3
63782;3
63783;3
63784;3
63785;3
63786;3
63787;38
63788;2
63789;3
63790;2
63791;2
63792;43
63793;2
63794;4
63795;15
63796;3
63797;2
63798;3
63799;3
63800;3
63801;4
63802;4
63803;2
63804;2
63805;5
63806;4
63807;4
63808;3
63809;38
63810;3
63811;7
63812;5
63813;5
63814;3
63815;3
63816;4
63817;3
63818;3
63819;2
63820;2
63821;3
63822;2
63823;5
63824;3
63825;3
63826;3
63827;38
63828;3
63829;2
63830;2
63831;3
63832;2
63833;3
63834;3
63835;2
63836;3
63837;4
63838;11
63839;3
63840;2
63841;3
63842;3
63843;3
63844;3
63845;3
63846;3
63847;3
63848;39
63849;3
63850;3
63851;38
63852;2
63853;2
63854;3
63855;4
63856;4
63857;3
63858;3
63859;3
63860;35
63861;39
63862;47
63863;2
63864;3
63865;3
63866;38
63867;38
63868;3
63869;7
63870;7
63871;7
63872;3
63873;3
63874;2
63875;2
63876;2
63877;2
63878;3
63879;3
63880;2
63881;2
63882;2
63883;38
63884;38
63885;2
63886;3
63887;3
63888;3
63889;2
63890;16
63891;3
63892;3
63893;3
63894;3
63895;4
63896;3
63897;3
63898;2
63899;2
63900;40
63901;49
63902;2
63903;2
63904;6
63905;3
63906;3
63907;3
63908;2
63909;2
63910;2
63911;2
63912;3
63913;2
63914;3
63915;3
63916;3
63917;17
63918;2
63919;2
63920;2
63921;3
63922;4
63923;3
63924;3
63925;2
63926;2
63927;2
63928;6
63929;3
63930;9
63931;3
63932;4
63933;2
63934;2
63935;3
63936;4
63937;10
63938;10
63939;3
63940;3
63941;2
63942;4
63943;2
63944;13
63945;13
63946;13
63947;3
63948;3
63949;2
63950;38
63951;3
63952;3
63953;3
63954;3
63955;3
63956;3
63957;3
63958;3
63959;50
63960;3
63961;2
63962;3
63963;3
63964;3
63965;38
63966;3
63967;2
63968;2
63969;2
63970;3
63971;2
63972;2
63973;2
63974;4
63975;3
63976;3
63977;3
63978;40
63979;2
63980;2
63981;3
63982;3
63983;23
63984;7
63985;50
63986;3
63987;51
63988;11
63989;3
63990;3
63991;3
63992;3
63993;3
63994;3
63995;3
63996;7
63997;7
63998;3
63999;2
64000;2
64001;2
64002;3
64003;6
64004;3
64005;2
64006;2
64007;3
64008;3
64009;3
64010;37
64011;18
64012;1
64013;1
64014;3
64015;2
64016;2
64017;2
64018;3
64019;4
64020;4
64021;2
64022;36
64023;2
64024;38
64025;4
64026;4
64027;3
64028;3
64029;3
64030;3
64031;3
64032;3
64033;3
64034;2
64035;16
64036;2
64037;2
64038;2
64039;3
64040;2
64041;2
64042;2
64043;2
64044;7
64045;39
64046;39
64047;3
64048;3
64049;3
64050;3
64051;3
64052;2
64053;15
64054;2
64055;2
64056;2
64057;2
64058;1
64059;3
64060;3
64061;3
64062;2
64063;3
64064;2
64065;2
64066;2
64067;2
64068;2
64069;2
64070;2
64071;2
64072;2
64073;2
64074;2
64075;3
64076;2
64077;3
64078;2
64079;2
64080;39
64081;4
64082;3
64083;2
64084;2
64085;4
64086;2
64087;2
64088;2
64089;2
64090;3
64091;3
64092;3
64093;2
64094;3
64095;3
64096;3
64097;3
64098;3
64099;3
64100;3
64101;2
64102;2
64103;2
64104;3
64105;7
64106;7
64107;2
64108;4
64109;3
64110;3
64111;3
64112;7
64113;3
64114;3
64115;2
64116;2
64117;4
64118;3
64119;3
64120;3
64121;73
64122;3
64123;35
64124;5
64125;3
64126;2
64127;3
64128;3
64129;2
64130;70
64131;70
64132;70
64133;2
64134;3
64135;4
64136;38
64137;46
64138;3
64139;3
64140;3
64141;3
64142;3
64143;3
64144;0
64145;3
64146;3
64147;4
64148;3
64149;2
64150;2
64151;2
64152;37
64153;2
64154;2
64155;3
64156;3
64157;3
64158;3
64159;4
64160;12
64161;3
64162;2
64163;2
64164;2
64165;2
64166;3
64167;3
64168;2
64169;17
64170;4
64171;4
64172;3
64173;3
64174;3
64175;3
64176;4
64177;2
64178;3
64179;3
64180;3
64181;4
64182;4
64183;2
64184;2
64185;2
64186;3
64187;3
64188;3
64189;3
64190;2
64191;3
64192;3
64193;3
64194;2
64195;2
64196;3
64197;3
64198;3
64199;3
64200;3
64201;2
64202;3
64203;3
64204;3
64205;4
64206;4
64207;5
64208;3
64209;5
64210;2
64211;2
64212;3
64213;3
64214;3
64215;3
64216;6
64217;3
64218;3
64219;2
64220;2
64221;2
64222;37
64223;3
64224;4
64225;39
64226;4
64227;3
64228;3
64229;3
64230;0
64231;3
64232;3
64233;3
64234;3
64235;2
64236;3
64237;3
64238;3
64239;37
64240;3
64241;3
64242;2
64243;2
64244;3
64245;3
64246;2
64247;2
64248;2
64249;3
64250;4
64251;3
64252;12
64253;3
64254;3
64255;0
64256;3
64257;3
64258;3
64259;15
64260;3
64261;3
64262;39
64263;6
64264;12
64265;3
64266;3
64267;2
64268;2
64269;38
64270;3
64271;3
64272;3
64273;3
64274;3
64275;3
64276;3
64277;3
64278;3
64279;3
64280;2
64281;2
64282;2
64283;2
64284;3
64285;3
64286;2
64287;4
64288;3
64289;3
64290;2
64291;2
64292;3
64293;3
64294;3
64295;3
64296;38
64297;4
64298;4
64299;4
64300;18
64301;7
64302;10
64303;3
64304;2
64305;3
64306;2
64307;3
64308;3
64309;4
64310;3
64311;3
64312;3
64313;2
64314;2
64315;3
64316;3
64317;3
64318;17
64319;3
64320;3
64321;3
64322;2
64323;3
64324;3
64325;4
64326;3
64327;3
64328;3
64329;2
64330;3
64331;2
64332;2
64333;3
64334;3
64335;0
64336;2
64337;2
64338;3
64339;3
64340;3
64341;3
64342;3
64343;2
64344;2
64345;3
64346;3
64347;3
64348;3
64349;3
64350;41
64351;4
64352;3
64353;3
64354;3
64355;2
64356;2
64357;3
64358;3
64359;3
64360;2
64361;2
64362;3
64363;2
64364;2
64365;2
64366;3
64367;5
64368;5
64369;3
64370;3
64371;3
64372;36
64373;3
64374;2
64375;2
64376;5
64377;5
64378;5
64379;2
64380;3
64381;2
64382;3
64383;3
64384;3
64385;2
64386;2
64387;4
64388;3
64389;3
64390;3
64391;2
64392;3
64393;0
64394;2
64395;3
64396;4
64397;4
64398;3
64399;3
64400;3
64401;2
64402;3
64403;6
64404;2
64405;2
64406;17
64407;2
64408;2
64409;3
64410;3
64411;48
64412;3
64413;3
64414;3
64415;14
64416;3
64417;4
64418;4
64419;2
64420;2
64421;2
64422;3
64423;6
64424;4
64425;4
64426;2
64427;6
64428;3
64429;3
64430;38
64431;2
64432;3
64433;3
64434;2
64435;12
64436;3
64437;2
64438;2
64439;3
64440;3
64441;3
64442;3
64443;37
64444;3
64445;3
64446;3
64447;3
64448;3
64449;17
64450;3
64451;3
64452;4
64453;4
64454;4
64455;2
64456;3
64457;2
64458;3
64459;2
64460;3
64461;3
64462;2
64463;2
64464;2
64465;3
64466;3
64467;38
64468;0
64469;3
64470;2
64471;2
64472;2
64473;39
64474;3
64475;2
64476;3
64477;3
64478;3
64479;3
64480;16
64481;16
64482;3
64483;3
64484;2
64485;2
64486;35
64487;2
64488;3
64489;4
64490;4
64491;2
64492;2
64493;4
64494;4
64495;2
64496;2
64497;0
64498;4
64499;2
64500;2
64501;4
64502;3
64503;2
64504;37
64505;3
64506;2
64507;3
64508;3
64509;3
64510;2
64511;7
64512;3
64513;2
64514;3
64515;3
64516;3
64517;3
64518;4
64519;4
64520;2
64521;3
64522;3
64523;8
64524;3
64525;3
64526;3
64527;4
64528;2
64529;2
64530;2
64531;3
64532;3
64533;2
64534;2
64535;46
64536;35
64537;3
64538;3
64539;2
64540;3
64541;7
64542;3
64543;3
64544;3
64545;3
64546;2
64547;2
64548;12
64549;3
64550;3
64551;3
64552;6
64553;2
64554;3
64555;3
64556;4
64557;3
64558;3
64559;3
64560;3
64561;4
64562;3
64563;10
64564;2
64565;2
64566;2
64567;7
64568;2
64569;2
64570;4
64571;3
64572;3
64573;18
64574;4
64575;2
64576;7
64577;3
64578;2
64579;3
64580;2
64581;2
64582;2
64583;3
64584;3
64585;3
64586;13
64587;3
64588;3
64589;21
64590;4
64591;2
64592;4
64593;3
64594;3
64595;3
64596;3
64597;8
64598;4
64599;3
64600;4
64601;12
64602;7
64603;7
64604;7
64605;3
64606;3
64607;3
64608;2
64609;2
64610;3
64611;3
64612;4
64613;3
64614;4
64615;3
64616;4
64617;2
64618;2
64619;2
64620;3
64621;3
64622;3
64623;2
64624;17
64625;4
64626;4
64627;2
64628;2
64629;4
64630;18
64631;3
64632;2
64633;3
64634;2
64635;2
64636;2
64637;7
64638;3
64639;37
64640;3
64641;7
64642;3
64643;35
64644;3
64645;2
64646;22
64647;2
64648;2
64649;5
64650;2
64651;2
64652;2
64653;3
64654;2
64655;3
64656;2
64657;2
64658;3
64659;3
64660;3
64661;4
64662;4
64663;2
64664;3
64665;3
64666;3
64667;3
64668;4
64669;13
64670;4
64671;3
64672;3
64673;7
64674;3
64675;3
64676;3
64677;3
64678;3
64679;3
64680;4
64681;4
64682;3
64683;4
64684;3
64685;2
64686;2
64687;2
64688;3
64689;6
64690;2
64691;3
64692;14
64693;3
64694;2
64695;2
64696;2
64697;3
64698;3
64699;2
64700;37
64701;4
64702;3
64703;2
64704;2
64705;2
64706;2
64707;3
64708;2
64709;3
64710;2
64711;2
64712;14
64713;3
64714;3
64715;2
64716;16
64717;3
64718;3
64719;2
64720;6
64721;4
64722;4
64723;2
64724;39
64725;3
64726;3
64727;3
64728;3
64729;3
64730;4
64731;4
64732;2
64733;2
64734;2
64735;3
64736;3
64737;3
64738;2
64739;2
64740;2
64741;2
64742;2
64743;3
64744;5
64745;5
64746;2
64747;3
64748;3
64749;2
64750;4
64751;2
64752;39
64753;3
64754;3
64755;5
64756;3
64757;3
64758;2
64759;2
64760;3
64761;3
64762;7
64763;7
64764;7
64765;3
64766;3
64767;4
64768;4
64769;7
64770;3
64771;3
64772;3
64773;4
64774;2
64775;3
64776;3
64777;3
64778;3
64779;3
64780;4
64781;3
64782;3
64783;7
64784;7
64785;3
64786;3
64787;3
64788;2
64789;38
64790;3
64791;3
64792;3
64793;3
64794;2
64795;37
64796;37
64797;4
64798;4
64799;4
64800;6
64801;17
64802;17
64803;3
64804;3
64805;3
64806;2
64807;38
64808;38
64809;35
64810;3
64811;2
64812;2
64813;2
64814;2
64815;14
64816;3
64817;8
64818;2
64819;3
64820;3
64821;3
64822;3
64823;3
64824;2
64825;3
64826;3
64827;4
64828;38
64829;3
64830;6
64831;49
64832;2
64833;2
64834;2
64835;3
64836;13
64837;3
64838;3
64839;2
64840;3
64841;4
64842;2
64843;3
64844;2
64845;2
64846;3
64847;3
64848;3
64849;2
64850;2
64851;2
64852;3
64853;3
64854;3
64855;15
64856;6
64857;3
64858;2
64859;2
64860;3
64861;3
64862;2
64863;2
64864;16
64865;3
64866;3
64867;3
64868;2
64869;3
64870;39
64871;2
64872;2
64873;3
64874;2
64875;4
64876;3
64877;10
64878;6
64879;2
64880;2
64881;2
64882;2
64883;2
64884;2
64885;3
64886;2
64887;2
64888;2
64889;3
64890;7
64891;7
64892;3
64893;3
64894;3
64895;3
64896;3
64897;3
64898;3
64899;2
64900;2
64901;3
64902;3
64903;3
64904;3
64905;3
64906;3
64907;3
64908;3
64909;2
64910;2
64911;2
64912;2
64913;3
64914;3
64915;3
64916;3
64917;3
64918;2
64919;7
64920;3
64921;3
64922;4
64923;2
64924;3
64925;25
64926;7
64927;7
64928;2
64929;2
64930;2
64931;3
64932;3
64933;3
64934;3
64935;3
64936;2
64937;2
64938;3
64939;2
64940;3
64941;3
64942;2
64943;3
64944;3
64945;2
64946;2
64947;2
64948;2
64949;2
64950;3
64951;38
64952;38
64953;2
64954;2
64955;2
64956;3
64957;2
64958;2
64959;2
64960;2
64961;7
64962;2
64963;3
64964;19
64965;3
64966;7
64967;3
64968;3
64969;2
64970;2
64971;4
64972;3
64973;2
64974;2
64975;2
64976;3
64977;4
64978;3
64979;2
64980;3
64981;3
64982;3
64983;4
64984;2
64985;8
64986;4
64987;2
64988;2
64989;2
64990;40
64991;48
64992;3
64993;2
64994;2
64995;3
64996;3
64997;12
64998;3
64999;4
65000;3
65001;3
65002;2
65003;7
65004;7
65005;7
65006;0
65007;6
65008;37
65009;3
65010;3
65011;3
65012;13
65013;11
65014;3
65015;3
65016;11
65017;3
65018;3
65019;3
65020;3
65021;3
65022;3
65023;3
65024;3
65025;2
65026;2
65027;2
65028;2
65029;2
65030;3
65031;3
65032;3
65033;17
65034;3
65035;3
65036;3
65037;2
65038;3
65039;3
65040;3
65041;3
65042;2
65043;2
65044;2
65045;2
65046;3
65047;3
65048;3
65049;4
65050;4
65051;4
65052;7
65053;7
65054;3
65055;3
65056;2
65057;2
65058;3
65059;2
65060;2
65061;2
65062;15
65063;3
65064;37
65065;2
65066;4
65067;3
65068;3
65069;2
65070;2
65071;3
65072;3
65073;5
65074;3
65075;3
65076;3
65077;3
65078;4
65079;2
65080;2
65081;2
65082;2
65083;2
65084;3
65085;3
65086;3
65087;3
65088;3
65089;2
65090;3
65091;3
65092;3
65093;3
65094;7
65095;2
65096;3
65097;4
65098;3
65099;3
65100;3
65101;2
65102;3
65103;3
65104;3
65105;36
65106;3
65107;2
65108;3
65109;5
65110;3
65111;3
65112;3
65113;2
65114;39
65115;2
65116;2
65117;2
65118;7
65119;7
65120;7
65121;4
65122;4
65123;3
65124;2
65125;2
65126;7
65127;7
65128;6
65129;3
65130;3
65131;2
65132;3
65133;3
65134;3
65135;3
65136;3
65137;3
65138;3
65139;3
65140;3
65141;3
65142;3
65143;3
65144;2
65145;8
65146;6
65147;2
65148;3
65149;2
65150;3
65151;3
65152;3
65153;2
65154;2
65155;2
65156;2
65157;2
65158;3
65159;38
65160;38
65161;3
65162;3
65163;38
65164;3
65165;3
65166;2
65167;3
65168;3
65169;2
65170;3
65171;3
65172;3
65173;2
65174;3
65175;2
65176;2
65177;3
65178;4
65179;39
65180;39
65181;3
65182;3
65183;3
65184;3
65185;4
65186;2
65187;2
65188;3
65189;3
65190;2
65191;3
65192;3
65193;3
65194;3
65195;18
65196;3
65197;3
65198;2
65199;2
65200;2
65201;3
65202;3
65203;2
65204;3
65205;36
65206;4
65207;3
65208;3
65209;4
65210;41
65211;11
65212;11
65213;4
65214;5
65215;2
65216;44
65217;7
65218;17
65219;2
65220;37
65221;37
65222;37
65223;4
65224;2
65225;3
65226;3
65227;41
65228;3
65229;2
65230;3
65231;3
65232;2
65233;2
65234;2
65235;6
65236;6
65237;4
65238;2
65239;5
65240;2
65241;3
65242;3
65243;3
65244;3
65245;3
65246;2
65247;2
65248;4
65249;3
65250;3
65251;2
65252;2
65253;2
65254;2
65255;2
65256;3
65257;4
65258;4
65259;5
65260;3
65261;3
65262;3
65263;6
65264;2
65265;7
65266;3
65267;3
65268;2
65269;2
65270;3
65271;3
65272;3
65273;2
65274;7
65275;3
65276;3
65277;3
65278;3
65279;3
65280;3
65281;3
65282;4
65283;5
65284;5
65285;42
65286;3
65287;2
65288;2
65289;2
65290;3
65291;3
65292;3
65293;3
65294;3
65295;3
65296;3
65297;3
65298;4
65299;4
65300;6
65301;2
65302;2
65303;2
65304;6
65305;3
65306;19
65307;2
65308;2
65309;3
65310;3
65311;9
65312;3
65313;4
65314;9
65315;3
65316;13
65317;3
65318;3
65319;3
65320;2
65321;3
65322;3
65323;2
65324;2
65325;37
65326;3
65327;3
65328;3
65329;3
65330;2
65331;39
65332;3
65333;3
65334;4
65335;3
65336;13
65337;3
65338;3
65339;3
65340;3
65341;3
65342;4
65343;3
65344;3
65345;3
65346;37
65347;37
65348;37
65349;3
65350;2
65351;2
65352;2
65353;2
65354;4
65355;2
65356;3
65357;2
65358;2
65359;2
65360;3
65361;10
65362;3
65363;3
65364;35
65365;4
65366;2
65367;3
65368;3
65369;3
65370;39
65371;3
65372;2
65373;2
65374;2
65375;2
65376;4
65377;3
65378;3
65379;3
65380;3
65381;3
65382;3
65383;4
65384;2
65385;2
65386;2
65387;7
65388;2
65389;3
65390;2
65391;4
65392;4
65393;3
65394;3
65395;4
65396;3
65397;3
65398;3
65399;38
65400;3
65401;11
65402;4
65403;3
65404;2
65405;2
65406;2
65407;3
65408;3
65409;2
65410;3
65411;2
65412;2
65413;3
65414;3
65415;3
65416;3
65417;3
65418;3
65419;5
65420;3
65421;3
65422;3
65423;11
65424;3
65425;3
65426;3
65427;2
65428;2
65429;3
65430;3
65431;3
65432;3
65433;4
65434;3
65435;3
65436;2
65437;2
65438;3
65439;2
65440;2
65441;2
65442;35
65443;3
65444;2
65445;2
65446;3
65447;2
65448;2
65449;2
65450;38
65451;38
65452;3
65453;3
65454;2
65455;2
65456;3
65457;3
65458;3
65459;3
65460;20
65461;3
65462;3
65463;3
65464;3
65465;4
65466;4
65467;4
65468;4
65469;2
65470;2
65471;2
65472;39
65473;59
65474;3
65475;3
65476;2
65477;2
65478;13
65479;13
65480;3
65481;38
65482;4
65483;2
65484;2
65485;4
65486;4
65487;2
65488;3
65489;3
65490;3
65491;2
65492;7
65493;5
65494;38
65495;38
65496;22
65497;3
65498;3
65499;3
65500;36
65501;38
65502;2
65503;3
65504;39
65505;35
65506;3
65507;3
65508;39
65509;2
65510;2
65511;4
65512;2
65513;3
65514;2
65515;2
65516;3
65517;3
65518;2
65519;2
65520;2
65521;3
65522;3
65523;4
65524;4
65525;2
65526;2
65527;4
65528;0
65529;3
65530;3
65531;4
65532;4
65533;3
65534;3
65535;9
65536;2
65537;3
65538;3
65539;6
65540;17
65541;13
65542;2
65543;2
65544;3
65545;3
65546;3
65547;3
65548;3
65549;3
65550;6
65551;3
65552;3
65553;39
65554;3
65555;3
65556;37
65557;4
65558;3
65559;3
65560;3
65561;2
65562;2
65563;3
65564;13
65565;3
65566;7
65567;4
65568;22
65569;7
65570;3
65571;3
65572;3
65573;3
65574;3
65575;2
65576;2
65577;2
65578;3
65579;2
65580;3
65581;3
65582;3
65583;5
65584;39
65585;3
65586;3
65587;2
65588;7
65589;7
65590;4
65591;3
65592;3
65593;3
65594;3
65595;3
65596;3
65597;4
65598;4
65599;2
65600;3
65601;4
65602;4
65603;3
65604;3
65605;2
65606;2
65607;2
65608;2
65609;3
65610;21
65611;2
65612;2
65613;4
65614;2
65615;2
65616;18
65617;2
65618;4
65619;41
65620;2
65621;3
65622;3
65623;3
65624;3
65625;2
65626;4
65627;2
65628;2
65629;3
65630;3
65631;3
65632;2
65633;2
65634;6
65635;2
65636;2
65637;3
65638;3
65639;3
65640;3
65641;3
65642;7
65643;2
65644;2
65645;2
65646;6
65647;3
65648;3
65649;3
65650;3
65651;2
65652;6
65653;2
65654;2
65655;2
65656;2
65657;3
65658;2
65659;2
65660;3
65661;3
65662;2
65663;2
65664;2
65665;4
65666;3
65667;3
65668;3
65669;2
65670;3
65671;6
65672;6
65673;14
65674;3
65675;3
65676;2
65677;6
65678;4
65679;3
65680;3
65681;9
65682;3
65683;8
65684;8
65685;3
65686;6
65687;4
65688;3
65689;39
65690;2
65691;2
65692;2
65693;2
65694;6
65695;4
65696;3
65697;3
65698;11
65699;3
65700;3
65701;6
65702;6
65703;3
65704;3
65705;2
65706;39
65707;3
65708;3
65709;3
65710;2
65711;3
65712;3
65713;3
65714;2
65715;3
65716;3
65717;3
65718;3
65719;2
65720;2
65721;3
65722;2
65723;21
65724;4
65725;4
65726;3
65727;2
65728;3
65729;3
65730;3
65731;3
65732;2
65733;3
65734;3
65735;3
65736;5
65737;36
65738;36
65739;4
65740;3
65741;38
65742;3
65743;3
65744;3
65745;3
65746;4
65747;2
65748;2
65749;2
65750;3
65751;2
65752;3
65753;3
65754;10
65755;3
65756;3
65757;3
65758;7
65759;20
65760;3
65761;23
65762;3
65763;38
65764;3
65765;4
65766;4
65767;3
65768;3
65769;2
65770;3
65771;8
65772;8
65773;2
65774;3
65775;2
65776;3
65777;3
65778;36
65779;3
65780;3
65781;13
65782;3
65783;3
65784;2
65785;3
65786;6
65787;6
65788;3
65789;3
65790;2
65791;3
65792;3
65793;2
65794;3
65795;3
65796;2
65797;2
65798;2
65799;16
65800;16
65801;16
65802;4
65803;3
65804;3
65805;3
65806;2
65807;2
65808;3
65809;3
65810;3
65811;3
65812;2
65813;2
65814;37
65815;3
65816;2
65817;2
65818;2
65819;16
65820;3
65821;3
65822;3
65823;3
65824;3
65825;2
65826;6
65827;37
65828;3
65829;3
65830;3
65831;3
65832;3
65833;2
65834;4
65835;2
65836;4
65837;3
65838;3
65839;3
65840;3
65841;2
65842;3
65843;3
65844;3
65845;3
65846;3
65847;3
65848;3
65849;2
65850;2
65851;38
65852;3
65853;3
65854;2
65855;2
65856;3
65857;3
65858;3
65859;3
65860;3
65861;3
65862;3
65863;3
65864;3
65865;10
65866;10
65867;2
65868;2
65869;3
65870;20
65871;3
65872;3
65873;3
65874;10
65875;3
65876;10
65877;3
65878;4
65879;3
65880;3
65881;2
65882;2
65883;2
65884;3
65885;3
65886;2
65887;2
65888;2
65889;2
65890;2
65891;3
65892;3
65893;2
65894;3
65895;3
65896;3
65897;3
65898;3
65899;2
65900;2
65901;3
65902;2
65903;2
65904;3
65905;3
65906;3
65907;3
65908;3
65909;3
65910;3
65911;3
65912;2
65913;2
65914;2
65915;3
65916;3
65917;40
65918;20
65919;3
65920;7
65921;72
65922;3
65923;3
65924;3
65925;3
65926;38
65927;10
65928;3
65929;5
65930;5
65931;3
65932;3
65933;3
65934;3
65935;3
65936;3
65937;3
65938;3
65939;3
65940;3
65941;2
65942;3
65943;3
65944;7
65945;4
65946;6
65947;3
65948;3
65949;3
65950;2
65951;5
65952;3
65953;3
65954;2
65955;2
65956;3
65957;3
65958;3
65959;3
65960;3
65961;38
65962;13
65963;2
65964;3
65965;2
65966;3
65967;3
65968;2
65969;2
65970;2
65971;35
65972;3
65973;3
65974;2
65975;5
65976;2
65977;3
65978;2
65979;3
65980;9
65981;2
65982;2
65983;3
65984;3
65985;3
65986;2
65987;36
65988;7
65989;7
65990;3
65991;3
65992;2
65993;2
65994;2
65995;38
65996;3
65997;5
65998;3
65999;3
66000;3
66001;2
66002;3
66003;2
66004;3
66005;3
66006;2
66007;2
66008;2
66009;3
66010;3
66011;3
66012;3
66013;3
66014;4
66015;15
66016;15
66017;37
66018;3
66019;2
66020;2
66021;3
66022;3
66023;6
66024;3
66025;2
66026;2
66027;3
66028;3
66029;3
66030;2
66031;2
66032;2
66033;23
66034;3
66035;4
66036;4
66037;3
66038;3
66039;3
66040;3
66041;5
66042;3
66043;3
66044;5
66045;5
66046;5
66047;3
66048;3
66049;4
66050;7
66051;14
66052;6
66053;6
66054;3
66055;3
66056;3
66057;3
66058;3
66059;3
66060;2
66061;2
66062;2
66063;2
66064;4
66065;6
66066;38
66067;2
66068;3
66069;3
66070;3
66071;3
66072;11
66073;73
66074;7
66075;3
66076;2
66077;0
66078;3
66079;10
66080;2
66081;3
66082;3
66083;4
66084;4
66085;3
66086;3
66087;3
66088;3
66089;3
66090;2
66091;42
66092;42
66093;3
66094;3
66095;17
66096;3
66097;3
66098;3
66099;4
66100;0
66101;0
66102;3
66103;3
66104;3
66105;37
66106;37
66107;3
66108;3
66109;3
66110;3
66111;4
66112;4
66113;3
66114;3
66115;3
66116;2
66117;4
66118;4
66119;3
66120;3
66121;3
66122;4
66123;37
66124;2
66125;3
66126;4
66127;3
66128;2
66129;2
66130;3
66131;3
66132;2
66133;2
66134;2
66135;3
66136;2
66137;3
66138;8
66139;3
66140;3
66141;3
66142;3
66143;3
66144;2
66145;3
66146;5
66147;3
66148;3
66149;3
66150;3
66151;2
66152;3
66153;3
66154;4
66155;5
66156;5
66157;5
66158;3
66159;3
66160;2
66161;3
66162;3
66163;2
66164;4
66165;3
66166;3
66167;3
66168;2
66169;2
66170;2
66171;2
66172;2
66173;10
66174;4
66175;3
66176;0
66177;2
66178;2
66179;2
66180;2
66181;3
66182;36
66183;38
66184;3
66185;10
66186;4
66187;3
66188;3
66189;3
66190;17
66191;2
66192;2
66193;3
66194;2
66195;2
66196;3
66197;2
66198;2
66199;2
66200;3
66201;3
66202;37
66203;0
66204;3
66205;3
66206;7
66207;7
66208;3
66209;3
66210;3
66211;3
66212;3
66213;3
66214;5
66215;14
66216;4
66217;3
66218;2
66219;3
66220;2
66221;3
66222;2
66223;2
66224;7
66225;7
66226;3
66227;4
66228;10
66229;3
66230;3
66231;3
66232;3
66233;2
66234;2
66235;2
66236;2
66237;4
66238;3
66239;3
66240;3
66241;3
66242;2
66243;2
66244;2
66245;3
66246;3
66247;4
66248;2
66249;35
66250;38
66251;2
66252;4
66253;4
66254;3
66255;2
66256;2
66257;6
66258;3
66259;3
66260;3
66261;38
66262;38
66263;2
66264;2
66265;3
66266;0
66267;0
66268;2
66269;3
66270;2
66271;3
66272;4
66273;4
66274;3
66275;2
66276;2
66277;2
66278;3
66279;3
66280;4
66281;3
66282;3
66283;3
66284;38
66285;38
66286;3
66287;3
66288;2
66289;3
66290;3
66291;3
66292;2
66293;3
66294;2
66295;7
66296;3
66297;4
66298;4
66299;4
66300;3
66301;4
66302;7
66303;3
66304;3
66305;25
66306;14
66307;3
66308;3
66309;2
66310;3
66311;3
66312;3
66313;3
66314;21
66315;2
66316;2
66317;2
66318;3
66319;8
66320;3
66321;2
66322;2
66323;5
66324;2
66325;39
66326;2
66327;2
66328;3
66329;53
66330;38
66331;38
66332;38
66333;3
66334;4
66335;3
66336;3
66337;3
66338;2
66339;2
66340;2
66341;3
66342;3
66343;3
66344;3
66345;3
66346;3
66347;2
66348;2
66349;3
66350;2
66351;3
66352;3
66353;4
66354;2
66355;5
66356;2
66357;3
66358;2
66359;2
66360;16
66361;3
66362;2
66363;2
66364;3
66365;3
66366;3
66367;2
66368;2
66369;2
66370;3
66371;3
66372;2
66373;2
66374;3
66375;4
66376;2
66377;2
66378;3
66379;3
66380;3
66381;2
66382;2
66383;2
66384;4
66385;3
66386;3
66387;3
66388;15
66389;3
66390;2
66391;2
66392;3
66393;3
66394;2
66395;12
66396;3
66397;3
66398;3
66399;2
66400;3
66401;3
66402;7
66403;21
66404;2
66405;2
66406;4
66407;3
66408;2
66409;2
66410;2
66411;3
66412;3
66413;3
66414;37
66415;37
66416;37
66417;2
66418;2
66419;3
66420;3
66421;2
66422;3
66423;3
66424;2
66425;3
66426;38
66427;4
66428;6
66429;3
66430;3
66431;3
66432;3
66433;3
66434;3
66435;3
66436;4
66437;2
66438;2
66439;2
66440;3
66441;7
66442;7
66443;7
66444;3
66445;3
66446;3
66447;2
66448;5
66449;3
66450;7
66451;4
66452;3
66453;3
66454;3
66455;2
66456;2
66457;3
66458;3
66459;3
66460;3
66461;3
66462;3
66463;3
66464;3
66465;21
66466;17
66467;3
66468;3
66469;3
66470;2
66471;3
66472;3
66473;3
66474;8
66475;8
66476;3
66477;3
66478;4
66479;4
66480;3
66481;3
66482;4
66483;3
66484;3
66485;3
66486;3
66487;3
66488;3
66489;3
66490;2
66491;3
66492;3
66493;2
66494;2
66495;2
66496;3
66497;3
66498;3
66499;3
66500;3
66501;4
66502;2
66503;4
66504;3
66505;2
66506;2
66507;4
66508;2
66509;3
66510;3
66511;4
66512;3
66513;7
66514;3
66515;3
66516;4
66517;2
66518;2
66519;37
66520;37
66521;2
66522;41
66523;3
66524;2
66525;3
66526;4
66527;3
66528;3
66529;7
66530;4
66531;3
66532;3
66533;3
66534;2
66535;3
66536;2
66537;2
66538;2
66539;3
66540;3
66541;2
66542;3
66543;4
66544;4
66545;3
66546;4
66547;3
66548;3
66549;3
66550;2
66551;7
66552;3
66553;2
66554;2
66555;2
66556;1
66557;1
66558;3
66559;3
66560;7
66561;7
66562;3
66563;3
66564;3
66565;21
66566;3
66567;13
66568;3
66569;3
66570;3
66571;2
66572;2
66573;2
66574;10
66575;7
66576;3
66577;3
66578;2
66579;4
66580;4
66581;3
66582;2
66583;3
66584;3
66585;3
66586;3
66587;2
66588;2
66589;39
66590;4
66591;4
66592;4
66593;2
66594;2
66595;5
66596;2
66597;37
66598;37
66599;37
66600;3
66601;4
66602;10
66603;3
66604;0
66605;3
66606;2
66607;2
66608;0
66609;4
66610;4
66611;2
66612;2
66613;2
66614;2
66615;4
66616;4
66617;3
66618;13
66619;3
66620;7
66621;2
66622;5
66623;14
66624;14
66625;3
66626;3
66627;3
66628;3
66629;2
66630;13
66631;3
66632;3
66633;11
66634;2
66635;2
66636;2
66637;2
66638;3
66639;3
66640;3
66641;2
66642;2
66643;3
66644;3
66645;3
66646;3
66647;2
66648;2
66649;2
66650;3
66651;3
66652;4
66653;3
66654;4
66655;3
66656;3
66657;3
66658;3
66659;3
66660;4
66661;3
66662;3
66663;4
66664;3
66665;3
66666;3
66667;3
66668;3
66669;2
66670;3
66671;2
66672;3
66673;3
66674;2
66675;7
66676;4
66677;3
66678;2
66679;2
66680;3
66681;3
66682;3
66683;2
66684;2
66685;2
66686;2
66687;2
66688;2
66689;2
66690;2
66691;2
66692;2
66693;3
66694;2
66695;3
66696;7
66697;4
66698;2
66699;3
66700;10
66701;3
66702;3
66703;17
66704;2
66705;2
66706;2
66707;7
66708;16
66709;3
66710;4
66711;3
66712;3
66713;12
66714;2
66715;4
66716;2
66717;2
66718;3
66719;3
66720;3
66721;3
66722;3
66723;3
66724;3
66725;3
66726;2
66727;2
66728;3
66729;3
66730;38
66731;38
66732;3
66733;2
66734;7
66735;7
66736;7
66737;2
66738;2
66739;3
66740;3
66741;2
66742;4
66743;4
66744;15
66745;6
66746;2
66747;7
66748;38
66749;3
66750;3
66751;3
66752;3
66753;3
66754;3
66755;3
66756;3
66757;3
66758;37
66759;3
66760;2
66761;2
66762;6
66763;9
66764;4
66765;4
66766;2
66767;2
66768;2
66769;3
66770;3
66771;3
66772;3
66773;3
66774;3
66775;3
66776;3
66777;2
66778;3
66779;2
66780;3
66781;3
66782;3
66783;2
66784;37
66785;37
66786;37
66787;3
66788;3
66789;17
66790;7
66791;2
66792;3
66793;21
66794;4
66795;4
66796;3
66797;3
66798;3
66799;3
66800;3
66801;3
66802;6
66803;6
66804;3
66805;4
66806;3
66807;3
66808;2
66809;2
66810;2
66811;2
66812;3
66813;2
66814;7
66815;7
66816;7
66817;3
66818;3
66819;3
66820;3
66821;3
66822;3
66823;7
66824;4
66825;4
66826;3
66827;13
66828;3
66829;3
66830;3
66831;2
66832;4
66833;3
66834;3
66835;3
66836;5
66837;5
66838;2
66839;2
66840;2
66841;3
66842;3
66843;3
66844;14
66845;2
66846;2
66847;2
66848;4
66849;2
66850;3
66851;2
66852;3
66853;11
66854;3
66855;3
66856;7
66857;7
66858;3
66859;3
66860;3
66861;2
66862;2
66863;3
66864;3
66865;15
66866;3
66867;3
66868;3
66869;3
66870;13
66871;2
66872;2
66873;2
66874;4
66875;3
66876;7
66877;2
66878;2
66879;4
66880;14
66881;4
66882;3
66883;3
66884;3
66885;3
66886;4
66887;3
66888;3
66889;3
66890;3
66891;3
66892;3
66893;3
66894;2
66895;3
66896;3
66897;3
66898;3
66899;2
66900;2
66901;2
66902;2
66903;3
66904;2
66905;3
66906;11
66907;3
66908;3
66909;2
66910;2
66911;3
66912;2
66913;2
66914;2
66915;3
66916;3
66917;3
66918;3
66919;2
66920;7
66921;7
66922;2
66923;3
66924;3
66925;2
66926;2
66927;3
66928;4
66929;3
66930;3
66931;5
66932;3
66933;3
66934;3
66935;6
66936;4
66937;2
66938;2
66939;3
66940;3
66941;3
66942;38
66943;2
66944;2
66945;2
66946;3
66947;3
66948;2
66949;37
66950;3
66951;2
66952;3
66953;3
66954;2
66955;2
66956;3
66957;3
66958;2
66959;3
66960;3
66961;2
66962;3
66963;3
66964;3
66965;4
66966;4
66967;4
66968;3
66969;2
66970;3
66971;3
66972;3
66973;2
66974;2
66975;2
66976;3
66977;38
66978;3
66979;3
66980;3
66981;3
66982;2
66983;18
66984;18
66985;18
66986;2
66987;0
66988;0
66989;3
66990;22
66991;0
66992;6
66993;6
66994;3
66995;3
66996;7
66997;3
66998;3
66999;3
67000;36
67001;84
67002;2
67003;3
67004;3
67005;3
67006;3
67007;5
67008;2
67009;3
67010;3
67011;5
67012;5
67013;5
67014;3
67015;3
67016;3
67017;3
67018;3
67019;4
67020;18
67021;3
67022;2
67023;3
67024;2
67025;3
67026;3
67027;38
67028;11
67029;2
67030;3
67031;3
67032;2
67033;3
67034;2
67035;2
67036;2
67037;2
67038;3
67039;2
67040;4
67041;2
67042;2
67043;3
67044;2
67045;3
67046;3
67047;2
67048;4
67049;3
67050;3
67051;3
67052;5
67053;3
67054;3
67055;4
67056;4
67057;2
67058;2
67059;3
67060;2
67061;2
67062;2
67063;2
67064;2
67065;2
67066;3
67067;3
67068;3
67069;3
67070;14
67071;7
67072;3
67073;37
67074;3
67075;3
67076;3
67077;3
67078;0
67079;2
67080;3
67081;2
67082;2
67083;2
67084;10
67085;2
67086;2
67087;2
67088;3
67089;3
67090;3
67091;3
67092;3
67093;3
67094;3
67095;4
67096;2
67097;4
67098;4
67099;2
67100;2
67101;2
67102;3
67103;3
67104;3
67105;3
67106;3
67107;3
67108;3
67109;9
67110;6
67111;3
67112;2
67113;2
67114;2
67115;3
67116;2
67117;2
67118;3
67119;3
67120;3
67121;2
67122;3
67123;2
67124;3
67125;3
67126;3
67127;2
67128;2
67129;2
67130;2
67131;2
67132;2
67133;2
67134;2
67135;2
67136;2
67137;2
67138;3
67139;2
67140;2
67141;2
67142;2
67143;2
67144;3
67145;3
67146;3
67147;3
67148;2
67149;2
67150;2
67151;3
67152;2
67153;3
67154;2
67155;3
67156;3
67157;4
67158;3
67159;3
67160;14
67161;4
67162;4
67163;3
67164;3
67165;38
67166;5
67167;3
67168;3
67169;38
67170;38
67171;3
67172;3
67173;0
67174;4
67175;3
67176;3
67177;3
67178;3
67179;3
67180;3
67181;3
67182;6
67183;6
67184;4
67185;3
67186;3
67187;3
67188;2
67189;2
67190;7
67191;3
67192;20
67193;6
67194;6
67195;3
67196;39
67197;4
67198;3
67199;3
67200;2
67201;3
67202;12
67203;3
67204;3
67205;3
67206;4
67207;2
67208;2
67209;3
67210;3
67211;6
67212;39
67213;2
67214;4
67215;3
67216;36
67217;4
67218;3
67219;2
67220;2
67221;2
67222;2
67223;3
67224;2
67225;39
67226;4
67227;4
67228;4
67229;11
67230;4
67231;2
67232;5
67233;3
67234;3
67235;37
67236;37
67237;10
67238;2
67239;6
67240;6
67241;3
67242;3
67243;39
67244;51
67245;3
67246;2
67247;2
67248;3
67249;3
67250;3
67251;3
67252;3
67253;3
67254;2
67255;3
67256;2
67257;2
67258;4
67259;2
67260;2
67261;2
67262;2
67263;14
67264;3
67265;3
67266;7
67267;3
67268;36
67269;3
67270;3
67271;3
67272;13
67273;3
67274;3
67275;2
67276;4
67277;36
67278;6
67279;3
67280;3
67281;3
67282;39
67283;39
67284;3
67285;0
67286;3
67287;2
67288;3
67289;3
67290;3
67291;3
67292;3
67293;3
67294;3
67295;3
67296;2
67297;3
67298;3
67299;2
67300;2
67301;3
67302;2
67303;2
67304;2
67305;3
67306;7
67307;3
67308;11
67309;3
67310;2
67311;3
67312;3
67313;38
67314;2
67315;3
67316;3
67317;3
67318;3
67319;3
67320;4
67321;2
67322;3
67323;2
67324;3
67325;11
67326;2
67327;3
67328;3
67329;3
67330;3
67331;3
67332;7
67333;2
67334;3
67335;4
67336;7
67337;2
67338;2
67339;3
67340;3
67341;2
67342;3
67343;16
67344;4
67345;3
67346;3
67347;3
67348;3
67349;51
67350;2
67351;2
67352;3
67353;3
67354;3
67355;2
67356;2
67357;6
67358;3
67359;3
67360;3
67361;38
67362;3
67363;3
67364;3
67365;2
67366;2
67367;2
67368;3
67369;5
67370;2
67371;2
67372;4
67373;3
67374;7
67375;2
67376;35
67377;4
67378;3
67379;3
67380;6
67381;3
67382;3
67383;3
67384;2
67385;2
67386;3
67387;3
67388;3
67389;3
67390;9
67391;3
67392;2
67393;36
67394;36
67395;36
67396;3
67397;4
67398;35
67399;3
67400;3
67401;2
67402;2
67403;2
67404;2
67405;2
67406;10
67407;10
67408;2
67409;3
67410;2
67411;3
67412;2
67413;4
67414;4
67415;37
67416;37
67417;4
67418;4
67419;3
67420;3
67421;3
67422;17
67423;2
67424;3
67425;3
67426;3
67427;3
67428;3
67429;2
67430;4
67431;3
67432;3
67433;2
67434;2
67435;2
67436;4
67437;4
67438;3
67439;3
67440;3
67441;3
67442;6
67443;4
67444;3
67445;3
67446;58
67447;3
67448;3
67449;4
67450;2
67451;2
67452;8
67453;2
67454;5
67455;3
67456;9
67457;9
67458;3
67459;2
67460;2
67461;7
67462;5
67463;3
67464;6
67465;2
67466;2
67467;5
67468;43
67469;2
67470;2
67471;7
67472;6
67473;3
67474;2
67475;2
67476;7
67477;3
67478;3
67479;3
67480;2
67481;2
67482;3
67483;3
67484;4
67485;2
67486;3
67487;3
67488;2
67489;2
67490;3
67491;3
67492;37
67493;3
67494;3
67495;6
67496;3
67497;3
67498;3
67499;2
67500;12
67501;3
67502;3
67503;37
67504;2
67505;12
67506;3
67507;6
67508;3
67509;3
67510;3
67511;15
67512;3
67513;3
67514;39
67515;22
67516;4
67517;3
67518;3
67519;3
67520;3
67521;3
67522;2
67523;5
67524;5
67525;2
67526;3
67527;3
67528;6
67529;2
67530;2
67531;2
67532;3
67533;2
67534;2
67535;2
67536;2
67537;3
67538;3
67539;3
67540;2
67541;2
67542;38
67543;3
67544;3
67545;3
67546;2
67547;3
67548;2
67549;7
67550;3
67551;3
67552;3
67553;3
67554;3
67555;3
67556;2
67557;2
67558;4
67559;3
67560;3
67561;3
67562;2
67563;2
67564;2
67565;3
67566;2
67567;2
67568;3
67569;3
67570;18
67571;37
67572;37
67573;3
67574;2
67575;3
67576;4
67577;16
67578;2
67579;3
67580;3
67581;2
67582;2
67583;2
67584;2
67585;3
67586;3
67587;2
67588;3
67589;3
67590;11
67591;2
67592;3
67593;38
67594;38
67595;38
67596;3
67597;2
67598;2
67599;2
67600;2
67601;2
67602;3
67603;3
67604;21
67605;4
67606;4
67607;5
67608;3
67609;8
67610;3
67611;4
67612;38
67613;2
67614;3
67615;4
67616;3
67617;38
67618;4
67619;2
67620;3
67621;3
67622;3
67623;3
67624;3
67625;2
67626;2
67627;3
67628;3
67629;2
67630;3
67631;2
67632;3
67633;3
67634;3
67635;3
67636;6
67637;46
67638;36
67639;2
67640;3
67641;3
67642;3
67643;37
67644;4
67645;2
67646;4
67647;4
67648;3
67649;2
67650;2
67651;4
67652;2
67653;3
67654;3
67655;3
67656;2
67657;2
67658;2
67659;3
67660;2
67661;15
67662;3
67663;3
67664;52
67665;3
67666;3
67667;2
67668;4
67669;4
67670;3
67671;3
67672;3
67673;2
67674;3
67675;3
67676;4
67677;4
67678;3
67679;2
67680;7
67681;3
67682;3
67683;2
67684;3
67685;6
67686;3
67687;35
67688;48
67689;0
67690;2
67691;2
67692;3
67693;3
67694;2
67695;3
67696;3
67697;9
67698;6
67699;37
67700;2
67701;2
67702;3
67703;3
67704;3
67705;3
67706;46
67707;46
67708;3
67709;3
67710;4
67711;3
67712;3
67713;3
67714;3
67715;3
67716;3
67717;3
67718;2
67719;2
67720;3
67721;3
67722;3
67723;3
67724;3
67725;36
67726;3
67727;3
67728;24
67729;3
67730;2
67731;3
67732;3
67733;3
67734;3
67735;4
67736;7
67737;2
67738;2
67739;2
67740;4
67741;3
67742;2
67743;4
67744;4
67745;4
67746;2
67747;2
67748;3
67749;10
67750;3
67751;3
67752;3
67753;3
67754;3
67755;7
67756;37
67757;46
67758;3
67759;4
67760;2
67761;0
67762;0
67763;3
67764;12
67765;37
67766;37
67767;3
67768;3
67769;3
67770;2
67771;2
67772;2
67773;3
67774;3
67775;3
67776;2
67777;2
67778;2
67779;6
67780;2
67781;3
67782;3
67783;2
67784;19
67785;3
67786;3
67787;3
67788;3
67789;3
67790;3
67791;3
67792;2
67793;4
67794;3
67795;7
67796;7
67797;3
67798;3
67799;3
67800;4
67801;2
67802;3
67803;3
67804;3
67805;3
67806;3
67807;2
67808;3
67809;2
67810;2
67811;2
67812;2
67813;3
67814;2
67815;3
67816;7
67817;7
67818;3
67819;2
67820;3
67821;3
67822;3
67823;2
67824;3
67825;3
67826;2
67827;3
67828;4
67829;35
67830;3
67831;2
67832;2
67833;2
67834;38
67835;38
67836;3
67837;2
67838;3
67839;3
67840;3
67841;3
67842;3
67843;2
67844;2
67845;2
67846;3
67847;3
67848;7
67849;42
67850;3
67851;39
67852;39
67853;3
67854;3
67855;3
67856;3
67857;3
67858;3
67859;3
67860;3
67861;2
67862;2
67863;2
67864;2
67865;2
67866;7
67867;3
67868;3
67869;3
67870;3
67871;3
67872;2
67873;2
67874;43
67875;4
67876;3
67877;3
67878;2
67879;2
67880;2
67881;3
67882;2
67883;2
67884;2
67885;3
67886;3
67887;14
67888;14
67889;2
67890;4
67891;4
67892;5
67893;3
67894;4
67895;3
67896;3
67897;3
67898;4
67899;3
67900;3
67901;2
67902;2
67903;2
67904;5
67905;3
67906;3
67907;3
67908;3
67909;3
67910;2
67911;3
67912;2
67913;2
67914;2
67915;3
67916;7
67917;3
67918;3
67919;38
67920;38
67921;2
67922;3
67923;2
67924;3
67925;14
67926;3
67927;6
67928;2
67929;3
67930;2
67931;4
67932;3
67933;2
67934;2
67935;2
67936;3
67937;4
67938;36
67939;3
67940;21
67941;21
67942;2
67943;2
67944;8
67945;3
67946;3
67947;3
67948;3
67949;3
67950;3
67951;2
67952;2
67953;3
67954;3
67955;2
67956;2
67957;2
67958;2
67959;2
67960;3
67961;11
67962;3
67963;2
67964;12
67965;3
67966;3
67967;2
67968;3
67969;0
67970;3
67971;3
67972;2
67973;2
67974;14
67975;2
67976;2
67977;2
67978;2
67979;4
67980;3
67981;3
67982;4
67983;35
67984;3
67985;3
67986;2
67987;2
67988;3
67989;3
67990;3
67991;3
67992;4
67993;2
67994;2
67995;2
67996;2
67997;2
67998;3
67999;2
68000;3
68001;3
68002;8
68003;2
68004;3
68005;3
68006;2
68007;2
68008;2
68009;2
68010;2
68011;3
68012;3
68013;3
68014;6
68015;39
68016;7
68017;45
68018;14
68019;2
68020;2
68021;4
68022;3
68023;10
68024;3
68025;3
68026;5
68027;2
68028;10
68029;3
68030;3
68031;4
68032;10
68033;3
68034;39
68035;7
68036;7
68037;4
68038;3
68039;2
68040;2
68041;2
68042;3
68043;16
68044;3
68045;3
68046;2
68047;3
68048;3
68049;12
68050;3
68051;3
68052;3
68053;3
68054;3
68055;2
68056;4
68057;6
68058;2
68059;2
68060;3
68061;2
68062;2
68063;39
68064;2
68065;2
68066;6
68067;6
68068;3
68069;18
68070;4
68071;2
68072;2
68073;3
68074;3
68075;37
68076;2
68077;3
68078;7
68079;3
68080;0
68081;2
68082;4
68083;2
68084;2
68085;2
68086;3
68087;3
68088;3
68089;3
68090;3
68091;2
68092;3
68093;3
68094;2
68095;3
68096;3
68097;4
68098;3
68099;3
68100;3
68101;3
68102;2
68103;2
68104;2
68105;3
68106;4
68107;3
68108;4
68109;3
68110;2
68111;2
68112;2
68113;2
68114;2
68115;2
68116;12
68117;3
68118;12
68119;12
68120;12
68121;38
68122;2
68123;3
68124;2
68125;2
68126;4
68127;2
68128;3
68129;3
68130;4
68131;3
68132;6
68133;3
68134;2
68135;3
68136;3
68137;3
68138;2
68139;7
68140;16
68141;2
68142;2
68143;3
68144;36
68145;3
68146;3
68147;3
68148;3
68149;7
68150;2
68151;3
68152;6
68153;6
68154;2
68155;2
68156;2
68157;2
68158;7
68159;2
68160;4
68161;4
68162;4
68163;2
68164;3
68165;3
68166;3
68167;3
68168;3
68169;3
68170;8
68171;3
68172;2
68173;2
68174;3
68175;3
68176;3
68177;3
68178;2
68179;3
68180;3
68181;3
68182;2
68183;2
68184;39
68185;3
68186;3
68187;2
68188;3
68189;8
68190;2
68191;3
68192;39
68193;3
68194;3
68195;3
68196;3
68197;3
68198;16
68199;3
68200;2
68201;2
68202;2
68203;0
68204;3
68205;4
68206;3
68207;8
68208;7
68209;2
68210;3
68211;3
68212;2
68213;4
68214;3
68215;2
68216;2
68217;2
68218;3
68219;2
68220;2
68221;2
68222;2
68223;3
68224;3
68225;3
68226;3
68227;3
68228;39
68229;39
68230;3
68231;3
68232;2
68233;3
68234;3
68235;2
68236;2
68237;3
68238;3
68239;3
68240;3
68241;4
68242;4
68243;2
68244;2
68245;5
68246;3
68247;2
68248;38
68249;3
68250;3
68251;4
68252;6
68253;6
68254;6
68255;3
68256;3
68257;6
68258;3
68259;4
68260;4
68261;4
68262;3
68263;2
68264;4
68265;2
68266;2
68267;2
68268;3
68269;7
68270;12
68271;3
68272;3
68273;3
68274;3
68275;6
68276;3
68277;3
68278;3
68279;3
68280;3
68281;3
68282;2
68283;6
68284;0
68285;2
68286;2
68287;3
68288;4
68289;3
68290;7
68291;7
68292;21
68293;13
68294;2
68295;3
68296;3
68297;17
68298;2
68299;2
68300;2
68301;3
68302;4
68303;2
68304;3
68305;3
68306;3
68307;14
68308;3
68309;3
68310;6
68311;37
68312;45
68313;3
68314;7
68315;3
68316;2
68317;39
68318;4
68319;4
68320;3
68321;7
68322;37
68323;2
68324;39
68325;3
68326;3
68327;3
68328;4
68329;4
68330;3
68331;2
68332;6
68333;4
68334;46
68335;3
68336;3
68337;3
68338;2
68339;2
68340;2
68341;3
68342;3
68343;3
68344;2
68345;2
68346;2
68347;3
68348;2
68349;2
68350;2
68351;2
68352;3
68353;3
68354;3
68355;2
68356;37
68357;4
68358;4
68359;3
68360;3
68361;2
68362;2
68363;3
68364;3
68365;6
68366;7
68367;3
68368;3
68369;3
68370;3
68371;22
68372;3
68373;3
68374;3
68375;3
68376;3
68377;3
68378;3
68379;4
68380;4
68381;3
68382;2
68383;2
68384;39
68385;3
68386;2
68387;2
68388;2
68389;4
68390;3
68391;3
68392;3
68393;2
68394;3
68395;3
68396;2
68397;3
68398;2
68399;6
68400;2
68401;2
68402;3
68403;3
68404;3
68405;3
68406;3
68407;2
68408;3
68409;6
68410;3
68411;15
68412;20
68413;20
68414;3
68415;3
68416;2
68417;2
68418;2
68419;3
68420;3
68421;37
68422;74
68423;37
68424;37
68425;4
68426;2
68427;7
68428;15
68429;2
68430;2
68431;2
68432;2
68433;4
68434;4
68435;2
68436;3
68437;3
68438;3
68439;3
68440;3
68441;2
68442;3
68443;3
68444;3
68445;3
68446;2
68447;3
68448;3
68449;3
68450;6
68451;3
68452;3
68453;4
68454;4
68455;4
68456;2
68457;2
68458;21
68459;3
68460;2
68461;2
68462;2
68463;3
68464;3
68465;3
68466;2
68467;3
68468;2
68469;2
68470;2
68471;3
68472;4
68473;4
68474;3
68475;7
68476;3
68477;8
68478;3
68479;2
68480;6
68481;6
68482;3
68483;2
68484;2
68485;2
68486;2
68487;2
68488;3
68489;2
68490;3
68491;3
68492;2
68493;2
68494;2
68495;4
68496;3
68497;2
68498;6
68499;6
68500;2
68501;3
68502;3
68503;11
68504;3
68505;3
68506;3
68507;3
68508;3
68509;17
68510;4
68511;4
68512;3
68513;2
68514;3
68515;3
68516;34
68517;42
68518;34
68519;2
68520;3
68521;3
68522;3
68523;2
68524;38
68525;6
68526;39
68527;3
68528;10
68529;3
68530;2
68531;2
68532;18
68533;2
68534;51
68535;3
68536;3
68537;3
68538;3
68539;3
68540;3
68541;3
68542;3
68543;2
68544;2
68545;2
68546;3
68547;2
68548;2
68549;3
68550;3
68551;3
68552;2
68553;2
68554;3
68555;3
68556;10
68557;3
68558;3
68559;2
68560;15
68561;2
68562;2
68563;2
68564;2
68565;17
68566;5
68567;2
68568;2
68569;3
68570;2
68571;3
68572;3
68573;2
68574;3
68575;3
68576;3
68577;5
68578;3
68579;2
68580;3
68581;3
68582;3
68583;3
68584;2
68585;15
68586;3
68587;3
68588;2
68589;19
68590;3
68591;3
68592;2
68593;2
68594;3
68595;2
68596;3
68597;3
68598;3
68599;3
68600;3
68601;2
68602;2
68603;2
68604;3
68605;4
68606;7
68607;3
68608;3
68609;37
68610;49
68611;49
68612;3
68613;4
68614;3
68615;3
68616;3
68617;3
68618;2
68619;3
68620;3
68621;2
68622;2
68623;2
68624;3
68625;3
68626;3
68627;3
68628;3
68629;3
68630;3
68631;2
68632;3
68633;2
68634;2
68635;14
68636;37
68637;3
68638;3
68639;3
68640;3
68641;3
68642;3
68643;4
68644;3
68645;3
68646;4
68647;2
68648;3
68649;2
68650;3
68651;3
68652;3
68653;3
68654;3
68655;3
68656;3
68657;2
68658;7
68659;2
68660;6
68661;3
68662;3
68663;3
68664;4
68665;4
68666;3
68667;3
68668;3
68669;6
68670;6
68671;3
68672;2
68673;2
68674;2
68675;3
68676;4
68677;3
68678;3
68679;3
68680;4
68681;4
68682;3
68683;4
68684;4
68685;3
68686;3
68687;3
68688;3
68689;3
68690;3
68691;3
68692;3
68693;3
68694;2
68695;3
68696;4
68697;10
68698;3
68699;3
68700;3
68701;4
68702;3
68703;3
68704;3
68705;3
68706;3
68707;3
68708;3
68709;3
68710;16
68711;2
68712;2
68713;2
68714;3
68715;2
68716;3
68717;2
68718;3
68719;3
68720;3
68721;4
68722;3
68723;3
68724;3
68725;3
68726;3
68727;3
68728;4
68729;3
68730;2
68731;2
68732;20
68733;20
68734;20
68735;3
68736;3
68737;5
68738;16
68739;3
68740;3
68741;2
68742;3
68743;3
68744;3
68745;2
68746;2
68747;2
68748;3
68749;3
68750;3
68751;2
68752;20
68753;3
68754;3
68755;3
68756;3
68757;3
68758;3
68759;3
68760;38
68761;3
68762;2
68763;17
68764;2
68765;2
68766;3
68767;2
68768;2
68769;3
68770;3
68771;2
68772;2
68773;2
68774;2
68775;18
68776;3
68777;3
68778;2
68779;11
68780;36
68781;3
68782;7
68783;7
68784;7
68785;3
68786;2
68787;6
68788;3
68789;4
68790;3
68791;3
68792;3
68793;3
68794;13
68795;4
68796;4
68797;2
68798;2
68799;2
68800;2
68801;2
68802;2
68803;3
68804;3
68805;2
68806;2
68807;4
68808;8
68809;3
68810;2
68811;2
68812;3
68813;6
68814;3
68815;2
68816;3
68817;3
68818;2
68819;2
68820;2
68821;4
68822;2
68823;2
68824;2
68825;3
68826;3
68827;3
68828;3
68829;3
68830;3
68831;2
68832;2
68833;2
68834;3
68835;3
68836;3
68837;4
68838;4
68839;7
68840;3
68841;3
68842;4
68843;4
68844;2
68845;2
68846;2
68847;45
68848;5
68849;2
68850;39
68851;3
68852;2
68853;2
68854;3
68855;3
68856;3
68857;4
68858;4
68859;2
68860;3
68861;3
68862;7
68863;3
68864;3
68865;2
68866;2
68867;2
68868;2
68869;3
68870;3
68871;3
68872;3
68873;3
68874;3
68875;6
68876;3
68877;3
68878;2
68879;18
68880;2
68881;2
68882;4
68883;3
68884;3
68885;2
68886;3
68887;3
68888;3
68889;3
68890;3
68891;3
68892;8
68893;3
68894;2
68895;2
68896;3
68897;3
68898;6
68899;38
68900;4
68901;3
68902;3
68903;7
68904;3
68905;3
68906;3
68907;2
68908;3
68909;2
68910;2
68911;2
68912;3
68913;3
68914;2
68915;3
68916;3
68917;3
68918;2
68919;3
68920;13
68921;3
68922;11
68923;3
68924;3
68925;3
68926;3
68927;2
68928;3
68929;3
68930;2
68931;2
68932;2
68933;3
68934;3
68935;2
68936;3
68937;3
68938;2
68939;3
68940;4
68941;3
68942;2
68943;2
68944;2
68945;2
68946;3
68947;2
68948;2
68949;3
68950;3
68951;3
68952;2
68953;2
68954;2
68955;3
68956;3
68957;6
68958;6
68959;6
68960;2
68961;3
68962;3
68963;4
68964;3
68965;3
68966;4
68967;3
68968;3
68969;4
68970;4
68971;4
68972;3
68973;3
68974;3
68975;3
68976;14
68977;14
68978;3
68979;3
68980;3
68981;3
68982;3
68983;2
68984;3
68985;3
68986;4
68987;3
68988;3
68989;2
68990;2
68991;3
68992;39
68993;2
68994;3
68995;2
68996;7
68997;6
68998;6
68999;2
69000;10
69001;3
69002;39
69003;73
69004;2
69005;3
69006;2
69007;2
69008;2
69009;2
69010;2
69011;3
69012;4
69013;3
69014;2
69015;2
69016;2
69017;3
69018;3
69019;3
69020;3
69021;3
69022;3
69023;3
69024;8
69025;2
69026;4
69027;4
69028;4
69029;2
69030;3
69031;3
69032;3
69033;3
69034;2
69035;4
69036;4
69037;6
69038;2
69039;2
69040;2
69041;7
69042;2
69043;3
69044;2
69045;11
69046;3
69047;3
69048;7
69049;3
69050;3
69051;3
69052;3
69053;3
69054;3
69055;2
69056;2
69057;3
69058;7
69059;4
69060;39
69061;2
69062;3
69063;2
69064;10
69065;3
69066;12
69067;0
69068;0
69069;6
69070;4
69071;3
69072;3
69073;3
69074;3
69075;3
69076;3
69077;7
69078;7
69079;3
69080;3
69081;3
69082;3
69083;3
69084;2
69085;3
69086;8
69087;10
69088;2
69089;3
69090;3
69091;4
69092;3
69093;44
69094;0
69095;35
69096;0
69097;4
69098;3
69099;4
69100;1
69101;1
69102;3
69103;3
69104;2
69105;4
69106;4
69107;4
69108;3
69109;3
69110;2
69111;2
69112;2
69113;2
69114;3
69115;3
69116;7
69117;2
69118;5
69119;3
69120;38
69121;38
69122;39
69123;4
69124;3
69125;3
69126;3
69127;3
69128;3
69129;3
69130;7
69131;3
69132;3
69133;3
69134;4
69135;3
69136;2
69137;2
69138;3
69139;3
69140;3
69141;3
69142;2
69143;2
69144;3
69145;3
69146;3
69147;3
69148;2
69149;40
69150;3
69151;3
69152;3
69153;3
69154;2
69155;2
69156;3
69157;3
69158;6
69159;3
69160;10
69161;10
69162;3
69163;3
69164;3
69165;3
69166;3
69167;3
69168;7
69169;3
69170;3
69171;3
69172;2
69173;2
69174;2
69175;18
69176;3
69177;3
69178;2
69179;4
69180;10
69181;3
69182;2
69183;2
69184;38
69185;38
69186;38
69187;38
69188;38
69189;3
69190;7
69191;3
69192;3
69193;2
69194;38
69195;2
69196;5
69197;7
69198;2
69199;3
69200;3
69201;4
69202;3
69203;3
69204;3
69205;3
69206;3
69207;2
69208;2
69209;2
69210;2
69211;2
69212;2
69213;2
69214;3
69215;3
69216;3
69217;11
69218;3
69219;3
69220;6
69221;6
69222;2
69223;2
69224;35
69225;3
69226;3
69227;2
69228;2
69229;4
69230;3
69231;2
69232;3
69233;3
69234;3
69235;13
69236;3
69237;2
69238;3
69239;14
69240;2
69241;2
69242;2
69243;3
69244;6
69245;3
69246;3
69247;21
69248;4
69249;4
69250;3
69251;4
69252;3
69253;2
69254;3
69255;3
69256;3
69257;3
69258;3
69259;3
69260;3
69261;2
69262;3
69263;2
69264;3
69265;3
69266;3
69267;2
69268;2
69269;2
69270;2
69271;2
69272;6
69273;6
69274;3
69275;6
69276;14
69277;3
69278;3
69279;3
69280;6
69281;3
69282;3
69283;3
69284;4
69285;4
69286;3
69287;2
69288;3
69289;3
69290;3
69291;4
69292;17
69293;5
69294;2
69295;2
69296;3
69297;2
69298;3
69299;2
69300;2
69301;2
69302;3
69303;9
69304;35
69305;38
69306;38
69307;3
69308;2
69309;2
69310;7
69311;3
69312;3
69313;3
69314;3
69315;3
69316;2
69317;3
69318;2
69319;3
69320;3
69321;7
69322;2
69323;2
69324;2
69325;3
69326;2
69327;2
69328;3
69329;3
69330;3
69331;2
69332;20
69333;3
69334;3
69335;2
69336;2
69337;3
69338;3
69339;2
69340;1
69341;1
69342;2
69343;3
69344;3
69345;35
69346;3
69347;7
69348;2
69349;3
69350;3
69351;35
69352;4
69353;2
69354;3
69355;2
69356;3
69357;3
69358;2
69359;38
69360;38
69361;3
69362;3
69363;2
69364;2
69365;3
69366;2
69367;4
69368;3
69369;3
69370;14
69371;0
69372;2
69373;3
69374;3
69375;2
69376;3
69377;3
69378;2
69379;2
69380;2
69381;3
69382;3
69383;3
69384;3
69385;3
69386;10
69387;6
69388;3
69389;3
69390;3
69391;3
69392;2
69393;2
69394;2
69395;2
69396;6
69397;0
69398;2
69399;4
69400;4
69401;35
69402;2
69403;3
69404;4
69405;3
69406;3
69407;3
69408;2
69409;2
69410;3
69411;3
69412;37
69413;3
69414;4
69415;3
69416;3
69417;36
69418;4
69419;41
69420;73
69421;2
69422;3
69423;3
69424;2
69425;2
69426;2
69427;2
69428;2
69429;10
69430;3
69431;3
69432;3
69433;3
69434;2
69435;6
69436;2
69437;3
69438;3
69439;8
69440;2
69441;2
69442;3
69443;2
69444;2
69445;3
69446;4
69447;2
69448;2
69449;3
69450;2
69451;2
69452;2
69453;2
69454;2
69455;4
69456;4
69457;3
69458;3
69459;3
69460;3
69461;3
69462;3
69463;3
69464;4
69465;2
69466;2
69467;2
69468;2
69469;2
69470;2
69471;3
69472;3
69473;14
69474;14
69475;3
69476;3
69477;4
69478;4
69479;4
69480;16
69481;3
69482;3
69483;3
69484;3
69485;3
69486;3
69487;2
69488;2
69489;3
69490;3
69491;4
69492;2
69493;3
69494;3
69495;3
69496;2
69497;2
69498;4
69499;3
69500;3
69501;3
69502;2
69503;39
69504;39
69505;72
69506;2
69507;2
69508;3
69509;3
69510;3
69511;3
69512;3
69513;7
69514;3
69515;2
69516;12
69517;2
69518;2
69519;3
69520;3
69521;3
69522;3
69523;2
69524;2
69525;3
69526;2
69527;3
69528;3
69529;2
69530;3
69531;2
69532;4
69533;3
69534;3
69535;2
69536;4
69537;3
69538;3
69539;35
69540;2
69541;3
69542;2
69543;3
69544;3
69545;2
69546;2
69547;2
69548;2
69549;3
69550;2
69551;2
69552;2
69553;2
69554;3
69555;2
69556;2
69557;2
69558;3
69559;2
69560;2
69561;3
69562;3
69563;3
69564;9
69565;3
69566;3
69567;3
69568;3
69569;2
69570;5
69571;3
69572;3
69573;3
69574;3
69575;3
69576;2
69577;2
69578;4
69579;4
69580;3
69581;3
69582;3
69583;3
69584;2
69585;2
69586;3
69587;3
69588;3
69589;3
69590;3
69591;3
69592;6
69593;3
69594;2
69595;3
69596;11
69597;3
69598;20
69599;2
69600;3
69601;43
69602;3
69603;2
69604;6
69605;6
69606;2
69607;2
69608;4
69609;3
69610;4
69611;3
69612;6
69613;6
69614;3
69615;3
69616;3
69617;3
69618;3
69619;3
69620;3
69621;3
69622;4
69623;4
69624;2
69625;1
69626;1
69627;2
69628;3
69629;15
69630;7
69631;7
69632;3
69633;3
69634;2
69635;2
69636;4
69637;3
69638;36
69639;3
69640;3
69641;3
69642;7
69643;2
69644;2
69645;2
69646;39
69647;3
69648;3
69649;3
69650;4
69651;3
69652;3
69653;3
69654;2
69655;2
69656;3
69657;3
69658;4
69659;3
69660;2
69661;4
69662;3
69663;11
69664;3
69665;3
69666;8
69667;2
69668;2
69669;3
69670;3
69671;6
69672;2
69673;2
69674;2
69675;5
69676;3
69677;2
69678;3
69679;3
69680;2
69681;2
69682;3
69683;4
69684;2
69685;3
69686;3
69687;3
69688;3
69689;3
69690;3
69691;2
69692;54
69693;38
69694;38
69695;4
69696;2
69697;4
69698;2
69699;2
69700;2
69701;2
69702;2
69703;4
69704;2
69705;3
69706;3
69707;2
69708;2
69709;3
69710;6
69711;6
69712;19
69713;7
69714;7
69715;3
69716;4
69717;3
69718;37
69719;37
69720;37
69721;7
69722;2
69723;4
69724;2
69725;3
69726;2
69727;3
69728;3
69729;3
69730;3
69731;2
69732;2
69733;3
69734;2
69735;3
69736;9
69737;2
69738;3
69739;4
69740;3
69741;3
69742;3
69743;3
69744;4
69745;12
69746;3
69747;3
69748;3
69749;3
69750;7
69751;7
69752;3
69753;3
69754;3
69755;3
69756;2
69757;3
69758;38
69759;4
69760;2
69761;3
69762;3
69763;3
69764;3
69765;3
69766;3
69767;2
69768;3
69769;13
69770;3
69771;2
69772;2
69773;2
69774;2
69775;51
69776;2
69777;2
69778;6
69779;3
69780;7
69781;3
69782;2
69783;4
69784;3
69785;3
69786;3
69787;3
69788;39
69789;3
69790;3
69791;3
69792;20
69793;3
69794;3
69795;3
69796;2
69797;3
69798;3
69799;2
69800;3
69801;3
69802;2
69803;3
69804;3
69805;3
69806;7
69807;3
69808;21
69809;3
69810;3
69811;3
69812;37
69813;37
69814;7
69815;7
69816;3
69817;3
69818;3
69819;2
69820;3
69821;7
69822;3
69823;3
69824;3
69825;3
69826;3
69827;4
69828;2
69829;3
69830;3
69831;73
69832;3
69833;3
69834;2
69835;2
69836;2
69837;2
69838;2
69839;2
69840;2
69841;2
69842;45
69843;45
69844;3
69845;3
69846;3
69847;3
69848;2
69849;2
69850;3
69851;3
69852;3
69853;2
69854;3
69855;4
69856;3
69857;3
69858;2
69859;3
69860;2
69861;14
69862;4
69863;3
69864;3
69865;3
69866;3
69867;3
69868;2
69869;2
69870;3
69871;3
69872;2
69873;2
69874;3
69875;8
69876;3
69877;7
69878;2
69879;3
69880;5
69881;3
69882;3
69883;4
69884;2
69885;2
69886;2
69887;2
69888;3
69889;2
69890;2
69891;4
69892;3
69893;3
69894;3
69895;3
69896;2
69897;38
69898;2
69899;2
69900;2
69901;3
69902;3
69903;3
69904;2
69905;6
69906;6
69907;3
69908;6
69909;3
69910;16
69911;2
69912;2
69913;2
69914;2
69915;14
69916;3
69917;3
69918;3
69919;3
69920;2
69921;3
69922;3
69923;3
69924;3
69925;3
69926;15
69927;2
69928;2
69929;3
69930;3
69931;3
69932;2
69933;2
69934;3
69935;2
69936;3
69937;3
69938;2
69939;3
69940;3
69941;2
69942;3
69943;3
69944;3
69945;6
69946;58
69947;37
69948;3
69949;3
69950;4
69951;3
69952;3
69953;4
69954;3
69955;3
69956;3
69957;3
69958;3
69959;5
69960;2
69961;2
69962;2
69963;3
69964;3
69965;2
69966;2
69967;2
69968;2
69969;2
69970;4
69971;3
69972;3
69973;2
69974;2
69975;2
69976;2
69977;3
69978;2
69979;3
69980;3
69981;3
69982;3
69983;7
69984;6
69985;3
69986;10
69987;2
69988;2
69989;2
69990;3
69991;3
69992;2
69993;2
69994;3
69995;4
69996;4
69997;8
69998;8
69999;2
70000;2
70001;2
70002;3
70003;2
70004;2
70005;2
70006;3
70007;3
70008;3
70009;3
70010;3
70011;3
70012;3
70013;3
70014;7
70015;7
70016;3
70017;2
70018;2
70019;3
70020;3
70021;23
70022;3
70023;3
70024;3
70025;3
70026;3
70027;3
70028;3
70029;3
70030;3
70031;6
70032;3
70033;2
70034;6
70035;21
70036;3
70037;3
70038;3
70039;7
70040;2
70041;4
70042;3
70043;2
70044;37
70045;2
70046;3
70047;3
70048;3
70049;3
70050;3
70051;45
70052;4
70053;2
70054;3
70055;3
70056;3
70057;2
70058;4
70059;2
70060;3
70061;3
70062;3
70063;3
70064;7
70065;35
70066;35
70067;35
70068;3
70069;3
70070;2
70071;7
70072;42
70073;6
70074;2
70075;4
70076;11
70077;3
70078;3
70079;3
70080;6
70081;3
70082;2
70083;2
70084;2
70085;2
70086;38
70087;3
70088;3
70089;3
70090;2
70091;2
70092;2
70093;5
70094;2
70095;3
70096;3
70097;3
70098;3
70099;3
70100;2
70101;2
70102;2
70103;2
70104;2
70105;4
70106;10
70107;3
70108;3
70109;3
70110;2
70111;3
70112;39
70113;3
70114;2
70115;3
70116;3
70117;3
70118;3
70119;9
70120;3
70121;2
70122;3
70123;2
70124;7
70125;7
70126;2
70127;3
70128;7
70129;17
70130;3
70131;3
70132;2
70133;2
70134;3
70135;2
70136;2
70137;39
70138;7
70139;3
70140;3
70141;3
70142;2
70143;2
70144;2
70145;7
70146;3
70147;3
70148;2
70149;2
70150;4
70151;42
70152;4
70153;4
70154;4
70155;2
70156;2
70157;3
70158;3
70159;3
70160;37
70161;3
70162;3
70163;3
70164;3
70165;3
70166;3
70167;2
70168;19
70169;3
70170;3
70171;3
70172;4
70173;3
70174;3
70175;3
70176;3
70177;0
70178;3
70179;2
70180;2
70181;11
70182;2
70183;2
70184;2
70185;3
70186;2
70187;2
70188;2
70189;6
70190;11
70191;3
70192;3
70193;3
70194;6
70195;4
70196;2
70197;2
70198;3
70199;3
70200;3
70201;3
70202;3
70203;2
70204;3
70205;3
70206;2
70207;2
70208;2
70209;2
70210;2
70211;6
70212;3
70213;3
70214;2
70215;3
70216;3
70217;3
70218;8
70219;3
70220;3
70221;7
70222;4
70223;2
70224;2
70225;38
70226;2
70227;2
70228;3
70229;4
70230;5
70231;3
70232;3
70233;6
70234;2
70235;3
70236;2
70237;16
70238;36
70239;2
70240;2
70241;2
70242;7
70243;3
70244;3
70245;3
70246;3
70247;3
70248;0
70249;2
70250;6
70251;3
70252;4
70253;4
70254;3
70255;3
70256;3
70257;3
70258;7
70259;3
70260;2
70261;3
70262;3
70263;2
70264;2
70265;2
70266;3
70267;2
70268;2
70269;2
70270;3
70271;4
70272;2
70273;2
70274;2
70275;2
70276;3
70277;2
70278;3
70279;11
70280;6
70281;4
70282;4
70283;37
70284;17
70285;7
70286;2
70287;3
70288;3
70289;3
70290;3
70291;2
70292;2
70293;19
70294;19
70295;3
70296;3
70297;3
70298;3
70299;3
70300;3
70301;4
70302;2
70303;2
70304;10
70305;6
70306;3
70307;3
70308;2
70309;2
70310;12
70311;4
70312;3
70313;4
70314;3
70315;3
70316;3
70317;3
70318;2
70319;3
70320;0
70321;0
70322;19
70323;3
70324;2
70325;2
70326;2
70327;4
70328;3
70329;3
70330;7
70331;2
70332;3
70333;4
70334;9
70335;2
70336;3
70337;2
70338;4
70339;3
70340;4
70341;12
70342;3
70343;4
70344;2
70345;2
70346;0
70347;0
70348;35
70349;3
70350;4
70351;38
70352;46
70353;3
70354;21
70355;3
70356;4
70357;3
70358;4
70359;15
70360;2
70361;3
70362;3
70363;19
70364;4
70365;2
70366;5
70367;3
70368;3
70369;0
70370;35
70371;3
70372;7
70373;7
70374;3
70375;3
70376;3
70377;13
70378;2
70379;2
70380;2
70381;4
70382;3
70383;2
70384;3
70385;20
70386;3
70387;3
70388;13
70389;4
70390;4
70391;3
70392;3
70393;3
70394;3
70395;8
70396;3
70397;2
70398;2
70399;2
70400;3
70401;13
70402;3
70403;3
70404;3
70405;3
70406;3
70407;2
70408;2
70409;2
70410;3
70411;3
70412;2
70413;2
70414;3
70415;3
70416;3
70417;2
70418;3
70419;4
70420;3
70421;3
70422;12
70423;4
70424;2
70425;6
70426;3
70427;3
70428;3
70429;3
70430;3
70431;2
70432;2
70433;2
70434;2
70435;3
70436;2
70437;3
70438;37
70439;37
70440;3
70441;3
70442;3
70443;2
70444;3
70445;2
70446;3
70447;3
70448;3
70449;3
70450;3
70451;3
70452;2
70453;3
70454;3
70455;3
70456;3
70457;3
70458;3
70459;3
70460;2
70461;2
70462;3
70463;2
70464;45
70465;3
70466;3
70467;2
70468;41
70469;0
70470;3
70471;3
70472;38
70473;11
70474;2
70475;3
70476;2
70477;7
70478;3
70479;3
70480;3
70481;2
70482;2
70483;3
70484;2
70485;3
70486;2
70487;2
70488;3
70489;3
70490;2
70491;3
70492;2
70493;3
70494;3
70495;6
70496;13
70497;3
70498;2
70499;2
70500;4
70501;3
70502;2
70503;3
70504;3
70505;3
70506;4
70507;22
70508;4
70509;4
70510;3
70511;3
70512;3
70513;3
70514;3
70515;3
70516;3
70517;14
70518;3
70519;3
70520;2
70521;2
70522;2
70523;6
70524;3
70525;3
70526;3
70527;3
70528;3
70529;2
70530;4
70531;2
70532;7
70533;3
70534;3
70535;2
70536;7
70537;7
70538;3
70539;3
70540;4
70541;4
70542;2
70543;2
70544;2
70545;2
70546;3
70547;3
70548;3
70549;3
70550;3
70551;3
70552;2
70553;9
70554;9
70555;2
70556;39
70557;3
70558;2
70559;2
70560;38
70561;3
70562;4
70563;38
70564;2
70565;21
70566;2
70567;3
70568;3
70569;3
70570;2
70571;3
70572;3
70573;3
70574;11
70575;3
70576;3
70577;3
70578;3
70579;2
70580;3
70581;2
70582;3
70583;3
70584;8
70585;2
70586;39
70587;70
70588;5
70589;2
70590;2
70591;2
70592;3
70593;4
70594;3
70595;2
70596;2
70597;3
70598;7
70599;3
70600;3
70601;3
70602;4
70603;4
70604;3
70605;3
70606;3
70607;3
70608;37
70609;37
70610;3
70611;15
70612;11
70613;3
70614;2
70615;3
70616;9
70617;3
70618;3
70619;3
70620;2
70621;2
70622;2
70623;36
70624;3
70625;3
70626;3
70627;3
70628;3
70629;3
70630;45
70631;3
70632;3
70633;2
70634;3
70635;3
70636;3
70637;4
70638;3
70639;3
70640;3
70641;6
70642;2
70643;3
70644;10
70645;3
70646;3
70647;3
70648;3
70649;3
70650;2
70651;3
70652;3
70653;14
70654;7
70655;7
70656;3
70657;4
70658;3
70659;3
70660;3
70661;3
70662;3
70663;3
70664;27
70665;2
70666;38
70667;3
70668;3
70669;37
70670;3
70671;3
70672;2
70673;2
70674;11
70675;3
70676;3
70677;3
70678;2
70679;10
70680;2
70681;2
70682;4
70683;4
70684;4
70685;3
70686;3
70687;3
70688;3
70689;3
70690;3
70691;2
70692;3
70693;14
70694;2
70695;2
70696;2
70697;17
70698;39
70699;3
70700;3
70701;2
70702;3
70703;2
70704;2
70705;2
70706;3
70707;3
70708;3
70709;3
70710;47
70711;3
70712;3
70713;2
70714;3
70715;3
70716;3
70717;19
70718;3
70719;3
70720;3
70721;3
70722;2
70723;2
70724;3
70725;3
70726;3
70727;3
70728;3
70729;7
70730;14
70731;3
70732;3
70733;3
70734;3
70735;2
70736;4
70737;2
70738;3
70739;13
70740;6
70741;2
70742;3
70743;2
70744;2
70745;3
70746;7
70747;7
70748;3
70749;3
70750;2
70751;3
70752;3
70753;3
70754;4
70755;2
70756;4
70757;3
70758;3
70759;3
70760;3
70761;2
70762;2
70763;3
70764;3
70765;3
70766;3
70767;3
70768;3
70769;3
70770;7
70771;3
70772;3
70773;2
70774;3
70775;3
70776;2
70777;2
70778;2
70779;3
70780;3
70781;3
70782;4
70783;3
70784;3
70785;3
70786;3
70787;3
70788;35
70789;14
70790;3
70791;8
70792;3
70793;3
70794;3
70795;3
70796;3
70797;3
70798;2
70799;37
70800;37
70801;3
70802;3
70803;3
70804;2
70805;3
70806;2
70807;2
70808;3
70809;3
70810;2
70811;3
70812;37
70813;2
70814;2
70815;2
70816;3
70817;3
70818;2
70819;5
70820;37
70821;3
70822;4
70823;3
70824;3
70825;4
70826;4
70827;2
70828;2
70829;3
70830;6
70831;3
70832;2
70833;3
70834;3
70835;3
70836;3
70837;2
70838;3
70839;2
70840;38
70841;38
70842;38
70843;2
70844;2
70845;2
70846;3
70847;3
70848;2
70849;9
70850;3
70851;3
70852;2
70853;2
70854;2
70855;10
70856;3
70857;3
70858;2
70859;3
70860;3
70861;8
70862;3
70863;2
70864;2
70865;2
70866;3
70867;18
70868;3
70869;3
70870;3
70871;3
70872;3
70873;2
70874;2
70875;2
70876;6
70877;38
70878;3
70879;3
70880;7
70881;38
70882;38
70883;38
70884;3
70885;3
70886;3
70887;3
70888;3
70889;3
70890;2
70891;3
70892;50
70893;3
70894;3
70895;3
70896;3
70897;3
70898;2
70899;2
70900;2
70901;3
70902;2
70903;2
70904;2
70905;2
70906;3
70907;2
70908;2
70909;2
70910;3
70911;4
70912;3
70913;3
70914;6
70915;2
70916;2
70917;6
70918;3
70919;3
70920;3
70921;3
70922;3
70923;3
70924;3
70925;3
70926;13
70927;3
70928;3
70929;3
70930;3
70931;2
70932;3
70933;53
70934;3
70935;3
70936;3
70937;3
70938;4
70939;4
70940;6
70941;3
70942;3
70943;2
70944;6
70945;6
70946;2
70947;2
70948;3
70949;37
70950;45
70951;2
70952;4
70953;3
70954;8
70955;4
70956;2
70957;2
70958;2
70959;17
70960;3
70961;3
70962;2
70963;3
70964;3
70965;6
70966;6
70967;2
70968;3
70969;2
70970;3
70971;2
70972;10
70973;3
70974;4
70975;2
70976;3
70977;3
70978;3
70979;19
70980;6
70981;3
70982;2
70983;2
70984;3
70985;8
70986;2
70987;3
70988;7
70989;4
70990;4
70991;4
70992;3
70993;2
70994;2
70995;2
70996;3
70997;8
70998;3
70999;20
71000;20
71001;11
71002;3
71003;3
71004;3
71005;6
71006;4
71007;3
71008;3
71009;3
71010;4
71011;10
71012;3
71013;3
71014;0
71015;0
71016;3
71017;3
71018;2
71019;3
71020;3
71021;3
71022;3
71023;3
71024;3
71025;3
71026;35
71027;5
71028;3
71029;5
71030;3
71031;2
71032;2
71033;2
71034;2
71035;2
71036;7
71037;3
71038;3
71039;2
71040;36
71041;3
71042;3
71043;3
71044;2
71045;2
71046;3
71047;3
71048;3
71049;38
71050;38
71051;38
71052;2
71053;11
71054;3
71055;3
71056;3
71057;2
71058;3
71059;3
71060;3
71061;3
71062;3
71063;3
71064;3
71065;3
71066;3
71067;2
71068;2
71069;2
71070;2
71071;38
71072;0
71073;2
71074;2
71075;2
71076;2
71077;2
71078;3
71079;2
71080;3
71081;2
71082;3
71083;2
71084;7
71085;3
71086;4
71087;2
71088;2
71089;2
71090;2
71091;3
71092;2
71093;2
71094;3
71095;2
71096;3
71097;2
71098;2
71099;2
71100;2
71101;3
71102;3
71103;3
71104;3
71105;8
71106;8
71107;10
71108;3
71109;2
71110;4
71111;11
71112;2
71113;2
71114;2
71115;2
71116;7
71117;4
71118;4
71119;3
71120;11
71121;38
71122;38
71123;38
71124;3
71125;2
71126;3
71127;3
71128;3
71129;5
71130;3
71131;3
71132;2
71133;10
71134;3
71135;3
71136;3
71137;3
71138;3
71139;2
71140;2
71141;3
71142;54
71143;2
71144;2
71145;2
71146;3
71147;4
71148;3
71149;3
71150;4
71151;2
71152;7
71153;2
71154;2
71155;2
71156;38
71157;3
71158;2
71159;2
71160;2
71161;3
71162;4
71163;3
71164;4
71165;38
71166;38
71167;2
71168;2
71169;2
71170;2
71171;3
71172;2
71173;3
71174;16
71175;2
71176;2
71177;3
71178;3
71179;2
71180;4
71181;3
71182;3
71183;3
71184;3
71185;39
71186;2
71187;15
71188;3
71189;7
71190;3
71191;3
71192;3
71193;6
71194;6
71195;3
71196;3
71197;3
71198;2
71199;2
71200;2
71201;18
71202;18
71203;2
71204;2
71205;2
71206;3
71207;37
71208;4
71209;2
71210;39
71211;3
71212;2
71213;2
71214;3
71215;4
71216;4
71217;3
71218;3
71219;3
71220;3
71221;3
71222;2
71223;3
71224;3
71225;3
71226;18
71227;18
71228;18
71229;6
71230;6
71231;17
71232;6
71233;39
71234;3
71235;1
71236;1
71237;3
71238;3
71239;3
71240;3
71241;3
71242;6
71243;6
71244;3
71245;3
71246;3
71247;3
71248;3
71249;2
71250;2
71251;3
71252;7
71253;2
71254;39
71255;3
71256;4
71257;3
71258;4
71259;3
71260;3
71261;3
71262;2
71263;2
71264;2
71265;3
71266;7
71267;2
71268;4
71269;3
71270;4
71271;4
71272;3
71273;2
71274;2
71275;8
71276;8
71277;3
71278;7
71279;35
71280;8
71281;8
71282;3
71283;3
71284;7
71285;3
71286;39
71287;39
71288;39
71289;2
71290;3
71291;3
71292;13
71293;2
71294;2
71295;2
71296;3
71297;3
71298;3
71299;2
71300;2
71301;2
71302;4
71303;18
71304;3
71305;4
71306;12
71307;3
71308;2
71309;2
71310;3
71311;3
71312;2
71313;3
71314;4
71315;4
71316;3
71317;3
71318;3
71319;3
71320;2
71321;2
71322;3
71323;3
71324;3
71325;3
71326;3
71327;3
71328;3
71329;3
71330;3
71331;3
71332;3
71333;2
71334;3
71335;2
71336;3
71337;2
71338;3
71339;2
71340;3
71341;2
71342;3
71343;2
71344;2
71345;2
71346;2
71347;2
71348;3
71349;4
71350;4
71351;3
71352;3
71353;3
71354;3
71355;3
71356;0
71357;3
71358;4
71359;2
71360;2
71361;3
71362;2
71363;3
71364;3
71365;3
71366;3
71367;3
71368;3
71369;3
71370;2
71371;3
71372;2
71373;2
71374;6
71375;11
71376;3
71377;11
71378;4
71379;5
71380;16
71381;16
71382;16
71383;3
71384;4
71385;2
71386;3
71387;48
71388;2
71389;3
71390;3
71391;3
71392;2
71393;2
71394;3
71395;3
71396;2
71397;2
71398;13
71399;2
71400;3
71401;3
71402;3
71403;3
71404;3
71405;3
71406;3
71407;6
71408;2
71409;2
71410;2
71411;2
71412;8
71413;39
71414;3
71415;3
71416;3
71417;6
71418;7
71419;39
71420;3
71421;3
71422;3
71423;4
71424;6
71425;2
71426;3
71427;3
71428;3
71429;3
71430;2
71431;2
71432;3
71433;6
71434;3
71435;3
71436;3
71437;4
71438;2
71439;2
71440;3
71441;13
71442;2
71443;2
71444;2
71445;3
71446;3
71447;3
71448;4
71449;3
71450;3
71451;3
71452;3
71453;3
71454;10
71455;5
71456;3
71457;3
71458;2
71459;3
71460;3
71461;2
71462;14
71463;10
71464;3
71465;2
71466;3
71467;3
71468;3
71469;36
71470;11
71471;3
71472;36
71473;2
71474;2
71475;2
71476;3
71477;38
71478;2
71479;15
71480;7
71481;2
71482;2
71483;3
71484;3
71485;3
71486;3
71487;3
71488;2
71489;3
71490;2
71491;16
71492;3
71493;3
71494;19
71495;38
71496;3
71497;3
71498;3
71499;2
71500;2
71501;3
71502;3
71503;3
71504;3
71505;2
71506;3
71507;41
71508;3
71509;12
71510;3
71511;3
71512;3
71513;2
71514;2
71515;3
71516;3
71517;3
71518;10
71519;2
71520;3
71521;3
71522;37
71523;3
71524;7
71525;6
71526;2
71527;2
71528;2
71529;2
71530;2
71531;2
71532;2
71533;3
71534;17
71535;2
71536;2
71537;2
71538;3
71539;3
71540;3
71541;2
71542;2
71543;2
71544;2
71545;2
71546;2
71547;3
71548;3
71549;3
71550;3
71551;3
71552;3
71553;3
71554;3
71555;38
71556;2
71557;3
71558;3
71559;3
71560;3
71561;2
71562;3
71563;2
71564;2
71565;2
71566;3
71567;2
71568;3
71569;2
71570;2
71571;2
71572;2
71573;3
71574;4
71575;3
71576;3
71577;3
71578;3
71579;3
71580;3
71581;4
71582;3
71583;3
71584;2
71585;3
71586;3
71587;3
71588;3
71589;3
71590;3
71591;2
71592;3
71593;3
71594;3
71595;38
71596;2
71597;2
71598;2
71599;2
71600;3
71601;8
71602;3
71603;2
71604;3
71605;2
71606;3
71607;3
71608;3
71609;2
71610;3
71611;6
71612;3
71613;3
71614;3
71615;3
71616;3
71617;2
71618;2
71619;3
71620;3
71621;3
71622;4
71623;2
71624;3
71625;3
71626;3
71627;3
71628;2
71629;39
71630;3
71631;14
71632;2
71633;6
71634;3
71635;3
71636;3
71637;4
71638;2
71639;3
71640;2
71641;3
71642;3
71643;3
71644;3
71645;3
71646;4
71647;3
71648;3
71649;3
71650;3
71651;3
71652;7
71653;3
71654;3
71655;3
71656;3
71657;2
71658;3
71659;3
71660;3
71661;2
71662;3
71663;42
71664;3
71665;3
71666;3
71667;3
71668;2
71669;4
71670;3
71671;3
71672;3
71673;2
71674;2
71675;3
71676;3
71677;3
71678;2
71679;3
71680;13
71681;3
71682;48
71683;40
71684;40
71685;2
71686;4
71687;2
71688;2
71689;3
71690;39
71691;2
71692;2
71693;3
71694;3
71695;3
71696;3
71697;2
71698;2
71699;2
71700;3
71701;8
71702;3
71703;3
71704;3
71705;3
71706;3
71707;7
71708;3
71709;3
71710;2
71711;38
71712;2
71713;2
71714;12
71715;3
71716;3
71717;3
71718;3
71719;2
71720;2
71721;2
71722;3
71723;3
71724;3
71725;3
71726;2
71727;3
71728;3
71729;3
71730;6
71731;3
71732;3
71733;2
71734;2
71735;3
71736;2
71737;3
71738;11
71739;3
71740;3
71741;3
71742;3
71743;3
71744;2
71745;4
71746;38
71747;3
71748;3
71749;2
71750;3
71751;3
71752;3
71753;3
71754;4
71755;8
71756;4
71757;4
71758;6
71759;3
71760;3
71761;2
71762;2
71763;7
71764;3
71765;3
71766;3
71767;2
71768;3
71769;3
71770;2
71771;2
71772;2
71773;2
71774;2
71775;3
71776;2
71777;3
71778;10
71779;3
71780;3
71781;4
71782;2
71783;2
71784;3
71785;3
71786;3
71787;3
71788;3
71789;3
71790;3
71791;3
71792;3
71793;2
71794;2
71795;2
71796;14
71797;3
71798;3
71799;2
71800;3
71801;6
71802;6
71803;6
71804;2
71805;2
71806;2
71807;2
71808;2
71809;3
71810;2
71811;2
71812;4
71813;9
71814;35
71815;3
71816;3
71817;3
71818;2
71819;2
71820;2
71821;3
71822;3
71823;3
71824;2
71825;2
71826;2
71827;3
71828;2
71829;3
71830;24
71831;24
71832;3
71833;3
71834;2
71835;12
71836;3
71837;10
71838;4
71839;4
71840;4
71841;2
71842;2
71843;2
71844;2
71845;2
71846;3
71847;3
71848;2
71849;2
71850;2
71851;3
71852;2
71853;3
71854;3
71855;3
71856;3
71857;3
71858;3
71859;3
71860;2
71861;3
71862;3
71863;3
71864;3
71865;8
71866;3
71867;3
71868;3
71869;3
71870;3
71871;3
71872;2
71873;3
71874;4
71875;4
71876;3
71877;37
71878;14
71879;2
71880;2
71881;2
71882;2
71883;2
71884;2
71885;3
71886;3
71887;3
71888;2
71889;7
71890;2
71891;12
71892;3
71893;4
71894;5
71895;39
71896;6
71897;14
71898;2
71899;2
71900;3
71901;3
71902;3
71903;3
71904;2
71905;37
71906;3
71907;9
71908;38
71909;38
71910;3
71911;3
71912;2
71913;2
71914;2
71915;3
71916;2
71917;20
71918;3
71919;3
71920;4
71921;3
71922;3
71923;6
71924;2
71925;2
71926;3
71927;3
71928;3
71929;3
71930;3
71931;17
71932;6
71933;3
71934;3
71935;2
71936;2
71937;2
71938;2
71939;3
71940;2
71941;2
71942;2
71943;3
71944;3
71945;6
71946;4
71947;5
71948;3
71949;2
71950;2
71951;3
71952;2
71953;4
71954;3
71955;3
71956;3
71957;2
71958;2
71959;3
71960;3
71961;3
71962;3
71963;3
71964;3
71965;3
71966;3
71967;7
71968;15
71969;3
71970;3
71971;11
71972;2
71973;2
71974;2
71975;4
71976;2
71977;35
71978;3
71979;4
71980;2
71981;2
71982;3
71983;3
71984;3
71985;3
71986;3
71987;3
71988;3
71989;3
71990;2
71991;4
71992;4
71993;3
71994;2
71995;3
71996;2
71997;2
71998;0
71999;0
72000;3
72001;3
72002;1
72003;1
72004;3
72005;3
72006;2
72007;2
72008;2
72009;4
72010;3
72011;3
72012;3
72013;3
72014;7
72015;3
72016;3
72017;3
72018;3
72019;3
72020;2
72021;2
72022;2
72023;2
72024;2
72025;2
72026;3
72027;42
72028;3
72029;2
72030;2
72031;2
72032;2
72033;81
72034;3
72035;10
72036;3
72037;3
72038;3
72039;35
72040;73
72041;35
72042;35
72043;3
72044;3
72045;3
72046;3
72047;3
72048;2
72049;3
72050;4
72051;4
72052;3
72053;3
72054;3
72055;3
72056;3
72057;3
72058;3
72059;3
72060;3
72061;3
72062;3
72063;3
72064;2
72065;2
72066;2
72067;3
72068;4
72069;3
72070;37
72071;3
72072;4
72073;3
72074;6
72075;4
72076;2
72077;3
72078;7
72079;2
72080;3
72081;3
72082;2
72083;2
72084;3
72085;8
72086;2
72087;3
72088;36
72089;11
72090;2
72091;11
72092;2
72093;4
72094;2
72095;3
72096;5
72097;11
72098;3
72099;3
72100;3
72101;3
72102;2
72103;2
72104;2
72105;2
72106;2
72107;3
72108;3
72109;3
72110;3
72111;6
72112;3
72113;2
72114;2
72115;2
72116;2
72117;3
72118;3
72119;3
72120;3
72121;2
72122;2
72123;3
72124;3
72125;2
72126;2
72127;2
72128;3
72129;2
72130;2
72131;2
72132;4
72133;2
72134;2
72135;3
72136;3
72137;4
72138;4
72139;3
72140;2
72141;3
72142;3
72143;2
72144;3
72145;3
72146;3
72147;3
72148;3
72149;20
72150;3
72151;6
72152;6
72153;2
72154;2
72155;3
72156;38
72157;7
72158;2
72159;4
72160;2
72161;3
72162;3
72163;3
72164;14
72165;14
72166;2
72167;3
72168;3
72169;4
72170;3
72171;3
72172;3
72173;3
72174;3
72175;3
72176;3
72177;7
72178;7
72179;3
72180;3
72181;3
72182;3
72183;2
72184;2
72185;3
72186;3
72187;5
72188;11
72189;3
72190;38
72191;3
72192;3
72193;3
72194;3
72195;4
72196;2
72197;2
72198;8
72199;3
72200;3
72201;2
72202;2
72203;3
72204;3
72205;3
72206;3
72207;3
72208;2
72209;39
72210;2
72211;2
72212;2
72213;2
72214;3
72215;2
72216;2
72217;3
72218;4
72219;39
72220;39
72221;3
72222;3
72223;3
72224;3
72225;3
72226;3
72227;6
72228;38
72229;3
72230;3
72231;3
72232;3
72233;3
72234;2
72235;2
72236;2
72237;3
72238;3
72239;4
72240;4
72241;2
72242;2
72243;2
72244;2
72245;2
72246;2
72247;2
72248;2
72249;3
72250;3
72251;3
72252;3
72253;3
72254;3
72255;3
72256;3
72257;3
72258;2
72259;37
72260;3
72261;3
72262;3
72263;3
72264;3
72265;2
72266;2
72267;2
72268;2
72269;2
72270;2
72271;3
72272;2
72273;4
72274;4
72275;2
72276;2
72277;3
72278;2
72279;2
72280;2
72281;3
72282;2
72283;4
72284;8
72285;3
72286;17
72287;3
72288;3
72289;3
72290;3
72291;2
72292;2
72293;3
72294;4
72295;3
72296;3
72297;2
72298;3
72299;14
72300;14
72301;2
72302;2
72303;3
72304;2
72305;3
72306;4
72307;4
72308;2
72309;3
72310;3
72311;3
72312;13
72313;3
72314;3
72315;2
72316;2
72317;2
72318;0
72319;4
72320;38
72321;38
72322;15
72323;4
72324;2
72325;2
72326;9
72327;3
72328;3
72329;3
72330;3
72331;3
72332;3
72333;3
72334;7
72335;3
72336;3
72337;3
72338;10
72339;4
72340;3
72341;3
72342;6
72343;6
72344;3
72345;2
72346;3
72347;3
72348;5
72349;4
72350;3
72351;2
72352;3
72353;3
72354;4
72355;3
72356;39
72357;4
72358;4
72359;4
72360;3
72361;3
72362;3
72363;2
72364;3
72365;3
72366;4
72367;22
72368;3
72369;2
72370;2
72371;2
72372;3
72373;3
72374;3
72375;3
72376;3
72377;9
72378;2
72379;2
72380;3
72381;3
72382;3
72383;3
72384;3
72385;2
72386;2
72387;2
72388;3
72389;8
72390;21
72391;6
72392;2
72393;3
72394;8
72395;2
72396;3
72397;3
72398;2
72399;2
72400;2
72401;2
72402;22
72403;2
72404;2
72405;2
72406;3
72407;4
72408;3
72409;3
72410;2
72411;3
72412;3
72413;2
72414;3
72415;3
72416;3
72417;2
72418;3
72419;3
72420;3
72421;2
72422;3
72423;3
72424;3
72425;3
72426;3
72427;11
72428;11
72429;3
72430;3
72431;3
72432;3
72433;4
72434;2
72435;2
72436;3
72437;8
72438;3
72439;3
72440;4
72441;3
72442;3
72443;3
72444;4
72445;4
72446;3
72447;3
72448;3
72449;2
72450;18
72451;0
72452;0
72453;38
72454;3
72455;3
72456;4
72457;3
72458;3
72459;3
72460;3
72461;3
72462;3
72463;39
72464;2
72465;7
72466;7
72467;4
72468;2
72469;3
72470;2
72471;2
72472;38
72473;3
72474;3
72475;4
72476;3
72477;2
72478;3
72479;3
72480;3
72481;37
72482;3
72483;3
72484;3
72485;4
72486;3
72487;3
72488;4
72489;3
72490;2
72491;35
72492;2
72493;3
72494;2
72495;4
72496;10
72497;3
72498;5
72499;3
72500;38
72501;3
72502;3
72503;3
72504;3
72505;3
72506;3
72507;4
72508;3
72509;3
72510;4
72511;2
72512;3
72513;3
72514;2
72515;2
72516;2
72517;3
72518;2
72519;2
72520;3
72521;2
72522;3
72523;3
72524;3
72525;3
72526;3
72527;3
72528;3
72529;39
72530;4
72531;2
72532;3
72533;3
72534;3
72535;3
72536;3
72537;3
72538;3
72539;3
72540;3
72541;2
72542;3
72543;3
72544;38
72545;3
72546;2
72547;4
72548;4
72549;2
72550;4
72551;5
72552;3
72553;3
72554;4
72555;3
72556;2
72557;3
72558;3
72559;3
72560;6
72561;6
72562;6
72563;3
72564;2
72565;3
72566;3
72567;2
72568;2
72569;2
72570;3
72571;3
72572;3
72573;2
72574;2
72575;2
72576;2
72577;2
72578;2
72579;3
72580;12
72581;2
72582;4
72583;12
72584;3
72585;10
72586;4
72587;3
72588;7
72589;2
72590;7
72591;3
72592;3
72593;35
72594;9
72595;2
72596;3
72597;3
72598;3
72599;2
72600;2
72601;2
72602;2
72603;2
72604;3
72605;3
72606;3
72607;3
72608;4
72609;2
72610;2
72611;3
72612;16
72613;8
72614;8
72615;3
72616;3
72617;3
72618;2
72619;38
72620;2
72621;4
72622;2
72623;2
72624;3
72625;3
72626;2
72627;3
72628;3
72629;3
72630;2
72631;19
72632;2
72633;2
72634;4
72635;3
72636;3
72637;2
72638;4
72639;3
72640;7
72641;7
72642;3
72643;2
72644;3
72645;3
72646;2
72647;2
72648;3
72649;3
72650;3
72651;4
72652;36
72653;3
72654;3
72655;3
72656;2
72657;3
72658;2
72659;2
72660;2
72661;2
72662;7
72663;2
72664;2
72665;5
72666;3
72667;2
72668;2
72669;2
72670;3
72671;4
72672;3
72673;8
72674;3
72675;14
72676;3
72677;14
72678;3
72679;3
72680;2
72681;3
72682;3
72683;3
72684;2
72685;2
72686;7
72687;7
72688;3
72689;3
72690;3
72691;2
72692;2
72693;2
72694;3
72695;2
72696;3
72697;6
72698;3
72699;3
72700;3
72701;2
72702;2
72703;27
72704;3
72705;12
72706;3
72707;3
72708;3
72709;3
72710;0
72711;3
72712;3
72713;3
72714;3
72715;3
72716;3
72717;38
72718;3
72719;2
72720;4
72721;4
72722;2
72723;2
72724;2
72725;2
72726;2
72727;3
72728;4
72729;4
72730;3
72731;3
72732;3
72733;3
72734;2
72735;2
72736;3
72737;2
72738;3
72739;3
72740;2
72741;2
72742;2
72743;2
72744;2
72745;3
72746;2
72747;3
72748;2
72749;3
72750;3
72751;3
72752;3
72753;3
72754;3
72755;3
72756;3
72757;4
72758;3
72759;3
72760;3
72761;3
72762;3
72763;3
72764;3
72765;3
72766;3
72767;2
72768;2
72769;2
72770;2
72771;2
72772;2
72773;3
72774;2
72775;4
72776;16
72777;16
72778;16
72779;2
72780;2
72781;3
72782;3
72783;1
72784;3
72785;38
72786;6
72787;3
72788;3
72789;3
72790;19
72791;3
72792;3
72793;2
72794;4
72795;4
72796;3
72797;3
72798;3
72799;3
72800;8
72801;3
72802;3
72803;3
72804;3
72805;2
72806;2
72807;2
72808;3
72809;3
72810;11
72811;2
72812;3
72813;3
72814;3
72815;2
72816;2
72817;7
72818;7
72819;2
72820;3
72821;3
72822;3
72823;3
72824;11
72825;3
72826;3
72827;3
72828;2
72829;6
72830;2
72831;2
72832;2
72833;6
72834;2
72835;2
72836;2
72837;2
72838;12
72839;12
72840;3
72841;3
72842;3
72843;3
72844;2
72845;2
72846;3
72847;3
72848;3
72849;3
72850;3
72851;3
72852;3
72853;4
72854;2
72855;5
72856;5
72857;0
72858;7
72859;4
72860;4
72861;3
72862;3
72863;3
72864;3
72865;3
72866;4
72867;4
72868;2
72869;2
72870;12
72871;3
72872;15
72873;2
72874;2
72875;2
72876;3
72877;37
72878;3
72879;38
72880;3
72881;3
72882;3
72883;3
72884;3
72885;3
72886;3
72887;2
72888;2
72889;2
72890;3
72891;4
72892;5
72893;2
72894;4
72895;4
72896;3
72897;3
72898;3
72899;3
72900;3
72901;3
72902;3
72903;3
72904;2
72905;3
72906;3
72907;3
72908;4
72909;4
72910;2
72911;8
72912;2
72913;3
72914;4
72915;3
72916;3
72917;3
72918;3
72919;4
72920;3
72921;4
72922;2
72923;2
72924;2
72925;3
72926;3
72927;3
72928;3
72929;7
72930;3
72931;6
72932;6
72933;6
72934;2
72935;2
72936;2
72937;2
72938;2
72939;3
72940;2
72941;3
72942;2
72943;2
72944;2
72945;2
72946;2
72947;2
72948;2
72949;3
72950;3
72951;3
72952;3
72953;3
72954;2
72955;2
72956;2
72957;2
72958;2
72959;2
72960;2
72961;2
72962;3
72963;4
72964;4
72965;2
72966;2
72967;2
72968;3
72969;2
72970;2
72971;2
72972;7
72973;3
72974;3
72975;3
72976;7
72977;3
72978;3
72979;3
72980;3
72981;3
72982;3
72983;3
72984;3
72985;3
72986;6
72987;2
72988;4
72989;2
72990;2
72991;2
72992;4
72993;15
72994;3
72995;2
72996;2
72997;2
72998;3
72999;7
73000;3
73001;15
73002;2
73003;2
73004;3
73005;2
73006;2
73007;3
73008;3
73009;53
73010;5
73011;3
73012;2
73013;3
73014;3
73015;2
73016;2
73017;2
73018;2
73019;2
73020;36
73021;3
73022;3
73023;3
73024;3
73025;3
73026;3
73027;3
73028;3
73029;2
73030;4
73031;2
73032;3
73033;3
73034;3
73035;2
73036;2
73037;3
73038;8
73039;8
73040;36
73041;2
73042;2
73043;7
73044;2
73045;3
73046;2
73047;2
73048;2
73049;3
73050;3
73051;2
73052;3
73053;4
73054;3
73055;13
73056;4
73057;6
73058;2
73059;2
73060;2
73061;4
73062;3
73063;4
73064;3
73065;3
73066;18
73067;17
73068;4
73069;3
73070;3
73071;3
73072;3
73073;3
73074;2
73075;2
73076;3
73077;3
73078;4
73079;3
73080;3
73081;4
73082;4
73083;4
73084;3
73085;10
73086;3
73087;7
73088;3
73089;37
73090;37
73091;3
73092;3
73093;4
73094;3
73095;35
73096;9
73097;3
73098;2
73099;2
73100;2
73101;2
73102;4
73103;3
73104;3
73105;3
73106;6
73107;3
73108;2
73109;3
73110;3
73111;2
73112;20
73113;5
73114;5
73115;2
73116;3
73117;41
73118;2
73119;3
73120;3
73121;3
73122;3
73123;2
73124;2
73125;3
73126;3
73127;3
73128;3
73129;3
73130;3
73131;3
73132;3
73133;37
73134;3
73135;17
73136;3
73137;3
73138;3
73139;2
73140;3
73141;3
73142;4
73143;4
73144;3
73145;3
73146;4
73147;2
73148;2
73149;2
73150;2
73151;7
73152;39
73153;3
73154;2
73155;3
73156;2
73157;2
73158;3
73159;3
73160;38
73161;2
73162;2
73163;2
73164;2
73165;2
73166;3
73167;2
73168;2
73169;2
73170;2
73171;2
73172;2
73173;3
73174;4
73175;18
73176;18
73177;18
73178;4
73179;4
73180;4
73181;4
73182;38
73183;2
73184;2
73185;2
73186;3
73187;2
73188;39
73189;3
73190;3
73191;3
73192;3
73193;3
73194;3
73195;14
73196;2
73197;3
73198;2
73199;6
73200;3
73201;2
73202;2
73203;6
73204;7
73205;2
73206;3
73207;2
73208;2
73209;2
73210;2
73211;2
73212;3
73213;3
73214;3
73215;2
73216;2
73217;39
73218;39
73219;39
73220;3
73221;3
73222;3
73223;2
73224;7
73225;38
73226;3
73227;4
73228;3
73229;3
73230;3
73231;2
73232;4
73233;3
73234;3
73235;3
73236;2
73237;4
73238;3
73239;2
73240;2
73241;2
73242;2
73243;2
73244;2
73245;2
73246;3
73247;3
73248;2
73249;3
73250;3
73251;3
73252;6
73253;3
73254;2
73255;2
73256;2
73257;3
73258;3
73259;3
73260;2
73261;4
73262;3
73263;4
73264;2
73265;2
73266;2
73267;2
73268;2
73269;2
73270;4
73271;2
73272;3
73273;2
73274;2
73275;2
73276;3
73277;3
73278;3
73279;3
73280;4
73281;4
73282;2
73283;3
73284;2
73285;3
73286;3
73287;3
73288;4
73289;4
73290;2
73291;7
73292;35
73293;3
73294;2
73295;6
73296;2
73297;4
73298;3
73299;3
73300;3
73301;3
73302;3
73303;38
73304;38
73305;3
73306;2
73307;3
73308;2
73309;4
73310;3
73311;3
73312;3
73313;3
73314;3
73315;2
73316;5
73317;5
73318;5
73319;7
73320;3
73321;3
73322;3
73323;2
73324;2
73325;4
73326;4
73327;3
73328;3
73329;3
73330;4
73331;3
73332;3
73333;3
73334;3
73335;3
73336;21
73337;2
73338;3
73339;37
73340;37
73341;37
73342;3
73343;2
73344;39
73345;39
73346;39
73347;4
73348;4
73349;3
73350;3
73351;3
73352;3
73353;3
73354;2
73355;15
73356;3
73357;2
73358;2
73359;3
73360;3
73361;2
73362;3
73363;3
73364;3
73365;3
73366;3
73367;10
73368;38
73369;3
73370;3
73371;3
73372;3
73373;2
73374;3
73375;3
73376;3
73377;2
73378;2
73379;7
73380;3
73381;3
73382;3
73383;6
73384;39
73385;4
73386;7
73387;17
73388;2
73389;3
73390;37
73391;37
73392;3
73393;7
73394;2
73395;3
73396;4
73397;8
73398;8
73399;2
73400;3
73401;39
73402;4
73403;3
73404;3
73405;3
73406;15
73407;2
73408;7
73409;2
73410;2
73411;2
73412;3
73413;3
73414;3
73415;2
73416;4
73417;14
73418;8
73419;5
73420;5
73421;3
73422;4
73423;2
73424;2
73425;35
73426;38
73427;3
73428;17
73429;4
73430;3
73431;3
73432;2
73433;2
73434;2
73435;3
73436;2
73437;2
73438;2
73439;4
73440;3
73441;3
73442;3
73443;3
73444;2
73445;3
73446;2
73447;3
73448;3
73449;3
73450;2
73451;2
73452;2
73453;4
73454;3
73455;4
73456;4
73457;38
73458;3
73459;3
73460;3
73461;3
73462;2
73463;0
73464;3
73465;2
73466;2
73467;2
73468;2
73469;2
73470;3
73471;2
73472;2
73473;3
73474;3
73475;3
73476;3
73477;3
73478;3
73479;3
73480;3
73481;3
73482;2
73483;3
73484;6
73485;3
73486;3
73487;3
73488;3
73489;3
73490;3
73491;3
73492;3
73493;6
73494;4
73495;4
73496;3
73497;3
73498;19
73499;3
73500;3
73501;2
73502;39
73503;16
73504;3
73505;14
73506;3
73507;3
73508;4
73509;3
73510;3
73511;3
73512;3
73513;3
73514;13
73515;38
73516;74
73517;3
73518;3
73519;3
73520;3
73521;3
73522;4
73523;4
73524;3
73525;3
73526;2
73527;2
73528;16
73529;16
73530;3
73531;3
73532;3
73533;2
73534;6
73535;4
73536;4
73537;3
73538;3
73539;3
73540;4
73541;3
73542;4
73543;3
73544;2
73545;37
73546;3
73547;10
73548;3
73549;13
73550;3
73551;3
73552;3
73553;5
73554;20
73555;20
73556;20
73557;2
73558;2
73559;37
73560;37
73561;37
73562;7
73563;20
73564;4
73565;3
73566;3
73567;3
73568;3
73569;6
73570;3
73571;3
73572;2
73573;8
73574;3
73575;3
73576;3
73577;2
73578;2
73579;2
73580;11
73581;3
73582;4
73583;2
73584;2
73585;2
73586;2
73587;4
73588;3
73589;3
73590;3
73591;3
73592;3
73593;3
73594;3
73595;3
73596;2
73597;10
73598;2
73599;3
73600;2
73601;2
73602;6
73603;2
73604;4
73605;3
73606;3
73607;2
73608;2
73609;3
73610;4
73611;3
73612;3
73613;3
73614;3
73615;3
73616;4
73617;4
73618;3
73619;3
73620;2
73621;2
73622;2
73623;4
73624;4
73625;3
73626;38
73627;4
73628;3
73629;3
73630;4
73631;3
73632;3
73633;38
73634;38
73635;3
73636;0
73637;4
73638;3
73639;2
73640;4
73641;3
73642;3
73643;3
73644;3
73645;50
73646;6
73647;2
73648;0
73649;3
73650;3
73651;2
73652;26
73653;26
73654;2
73655;3
73656;3
73657;2
73658;3
73659;3
73660;2
73661;3
73662;2
73663;2
73664;3
73665;2
73666;2
73667;2
73668;2
73669;2
73670;11
73671;3
73672;3
73673;4
73674;4
73675;3
73676;3
73677;2
73678;2
73679;9
73680;3
73681;3
73682;3
73683;2
73684;3
73685;3
73686;6
73687;6
73688;3
73689;3
73690;3
73691;3
73692;3
73693;3
73694;3
73695;2
73696;2
73697;2
73698;3
73699;3
73700;3
73701;4
73702;13
73703;4
73704;3
73705;13
73706;4
73707;3
73708;2
73709;2
73710;3
73711;3
73712;3
73713;3
73714;3
73715;3
73716;3
73717;3
73718;2
73719;3
73720;3
73721;3
73722;16
73723;16
73724;16
73725;3
73726;3
73727;3
73728;2
73729;3
73730;17
73731;3
73732;3
73733;3
73734;3
73735;3
73736;3
73737;2
73738;2
73739;2
73740;3
73741;3
73742;2
73743;3
73744;3
73745;3
73746;0
73747;3
73748;14
73749;3
73750;3
73751;3
73752;4
73753;3
73754;3
73755;2
73756;3
73757;3
73758;3
73759;3
73760;4
73761;3
73762;6
73763;6
73764;2
73765;2
73766;2
73767;3
73768;7
73769;3
73770;3
73771;3
73772;3
73773;3
73774;2
73775;3
73776;4
73777;2
73778;2
73779;3
73780;2
73781;2
73782;2
73783;3
73784;3
73785;3
73786;3
73787;3
73788;3
73789;2
73790;3
73791;3
73792;3
73793;3
73794;2
73795;2
73796;3
73797;7
73798;0
73799;2
73800;3
73801;3
73802;3
73803;3
73804;3
73805;7
73806;6
73807;6
73808;2
73809;4
73810;4
73811;4
73812;2
73813;2
73814;2
73815;3
73816;3
73817;3
73818;37
73819;37
73820;2
73821;7
73822;3
73823;3
73824;3
73825;3
73826;3
73827;17
73828;17
73829;3
73830;28
73831;28
73832;2
73833;6
73834;3
73835;2
73836;3
73837;4
73838;4
73839;4
73840;9
73841;9
73842;0
73843;15
73844;3
73845;3
73846;8
73847;3
73848;3
73849;3
73850;3
73851;7
73852;2
73853;3
73854;2
73855;2
73856;2
73857;2
73858;2
73859;2
73860;3
73861;5
73862;5
73863;3
73864;3
73865;3
73866;3
73867;4
73868;7
73869;3
73870;3
73871;7
73872;2
73873;3
73874;2
73875;14
73876;3
73877;2
73878;4
73879;2
73880;2
73881;3
73882;3
73883;3
73884;4
73885;2
73886;2
73887;37
73888;6
73889;3
73890;3
73891;2
73892;3
73893;39
73894;39
73895;3
73896;5
73897;2
73898;2
73899;3
73900;3
73901;2
73902;2
73903;2
73904;2
73905;4
73906;3
73907;3
73908;3
73909;4
73910;2
73911;2
73912;3
73913;2
73914;2
73915;3
73916;3
73917;2
73918;2
73919;2
73920;2
73921;3
73922;3
73923;3
73924;8
73925;4
73926;3
73927;11
73928;11
73929;3
73930;3
73931;4
73932;3
73933;3
73934;2
73935;2
73936;2
73937;2
73938;3
73939;2
73940;3
73941;4
73942;3
73943;2
73944;3
73945;3
73946;2
73947;2
73948;2
73949;2
73950;2
73951;4
73952;6
73953;3
73954;3
73955;3
73956;2
73957;3
73958;3
73959;2
73960;2
73961;2
73962;3
73963;2
73964;4
73965;39
73966;2
73967;2
73968;2
73969;2
73970;3
73971;2
73972;3
73973;2
73974;38
73975;3
73976;36
73977;2
73978;3
73979;2
73980;3
73981;4
73982;3
73983;3
73984;2
73985;16
73986;4
73987;4
73988;4
73989;8
73990;3
73991;3
73992;2
73993;35
73994;6
73995;4
73996;2
73997;2
73998;16
73999;3
74000;4
74001;7
74002;3
74003;3
74004;11
74005;2
74006;2
74007;3
74008;3
74009;35
74010;2
74011;3
74012;3
74013;3
74014;3
74015;13
74016;3
74017;3
74018;2
74019;2
74020;3
74021;3
74022;38
74023;2
74024;2
74025;4
74026;2
74027;2
74028;2
74029;7
74030;3
74031;7
74032;2
74033;2
74034;4
74035;4
74036;3
74037;36
74038;3
74039;3
74040;2
74041;2
74042;4
74043;3
74044;3
74045;2
74046;2
74047;3
74048;3
74049;3
74050;3
74051;2
74052;11
74053;44
74054;2
74055;2
74056;3
74057;2
74058;3
74059;2
74060;2
74061;3
74062;3
74063;3
74064;3
74065;3
74066;38
74067;38
74068;10
74069;3
74070;2
74071;3
74072;14
74073;14
74074;14
74075;3
74076;3
74077;8
74078;4
74079;3
74080;3
74081;2
74082;2
74083;3
74084;3
74085;6
74086;39
74087;37
74088;4
74089;2
74090;2
74091;2
74092;4
74093;10
74094;3
74095;7
74096;3
74097;3
74098;3
74099;3
74100;3
74101;3
74102;3
74103;8
74104;2
74105;2
74106;2
74107;3
74108;2
74109;2
74110;2
74111;2
74112;6
74113;2
74114;2
74115;3
74116;3
74117;3
74118;3
74119;2
74120;2
74121;37
74122;4
74123;4
74124;3
74125;3
74126;4
74127;2
74128;2
74129;39
74130;2
74131;2
74132;3
74133;3
74134;3
74135;3
74136;3
74137;5
74138;4
74139;5
74140;2
74141;20
74142;4
74143;2
74144;3
74145;3
74146;3
74147;2
74148;4
74149;16
74150;40
74151;40
74152;2
74153;2
74154;2
74155;2
74156;3
74157;6
74158;3
74159;3
74160;2
74161;2
74162;0
74163;3
74164;2
74165;13
74166;2
74167;2
74168;7
74169;3
74170;3
74171;4
74172;4
74173;2
74174;3
74175;3
74176;2
74177;2
74178;2
74179;3
74180;3
74181;28
74182;28
74183;3
74184;3
74185;2
74186;3
74187;3
74188;3
74189;2
74190;3
74191;3
74192;2
74193;2
74194;2
74195;17
74196;3
74197;3
74198;2
74199;18
74200;3
74201;2
74202;2
74203;2
74204;2
74205;3
74206;6
74207;19
74208;19
74209;3
74210;3
74211;3
74212;2
74213;2
74214;3
74215;3
74216;2
74217;9
74218;3
74219;38
74220;38
74221;3
74222;3
74223;2
74224;3
74225;3
74226;3
74227;3
74228;3
74229;3
74230;3
74231;7
74232;2
74233;3
74234;2
74235;3
74236;6
74237;10
74238;7
74239;3
74240;3
74241;2
74242;39
74243;3
74244;3
74245;2
74246;2
74247;2
74248;3
74249;7
74250;7
74251;3
74252;35
74253;19
74254;3
74255;2
74256;3
74257;3
74258;3
74259;3
74260;4
74261;2
74262;3
74263;38
74264;3
74265;4
74266;2
74267;2
74268;0
74269;3
74270;3
74271;2
74272;3
74273;27
74274;6
74275;2
74276;2
74277;3
74278;8
74279;2
74280;3
74281;3
74282;3
74283;3
74284;3
74285;3
74286;73
74287;2
74288;3
74289;2
74290;2
74291;12
74292;12
74293;3
74294;4
74295;4
74296;2
74297;23
74298;23
74299;2
74300;4
74301;37
74302;3
74303;3
74304;3
74305;3
74306;3
74307;3
74308;2
74309;2
74310;3
74311;3
74312;3
74313;2
74314;2
74315;3
74316;3
74317;3
74318;3
74319;2
74320;3
74321;17
74322;2
74323;3
74324;3
74325;3
74326;4
74327;3
74328;2
74329;8
74330;2
74331;2
74332;2
74333;3
74334;3
74335;2
74336;3
74337;3
74338;3
74339;10
74340;3
74341;2
74342;2
74343;38
74344;3
74345;3
74346;3
74347;3
74348;36
74349;2
74350;3
74351;3
74352;4
74353;3
74354;3
74355;2
74356;3
74357;3
74358;7
74359;3
74360;3
74361;2
74362;3
74363;39
74364;2
74365;3
74366;6
74367;3
74368;3
74369;3
74370;3
74371;3
74372;3
74373;3
74374;3
74375;2
74376;2
74377;2
74378;3
74379;0
74380;0
74381;3
74382;3
74383;2
74384;2
74385;3
74386;2
74387;39
74388;2
74389;3
74390;2
74391;2
74392;3
74393;3
74394;3
74395;3
74396;3
74397;3
74398;2
74399;2
74400;2
74401;2
74402;3
74403;3
74404;3
74405;6
74406;2
74407;3
74408;3
74409;3
74410;3
74411;3
74412;3
74413;11
74414;2
74415;2
74416;0
74417;2
74418;3
74419;3
74420;3
74421;3
74422;2
74423;3
74424;4
74425;4
74426;9
74427;4
74428;3
74429;3
74430;3
74431;3
74432;3
74433;3
74434;3
74435;3
74436;3
74437;3
74438;6
74439;3
74440;35
74441;3
74442;3
74443;2
74444;10
74445;3
74446;13
74447;11
74448;2
74449;39
74450;5
74451;4
74452;3
74453;3
74454;10
74455;3
74456;6
74457;3
74458;3
74459;3
74460;3
74461;4
74462;3
74463;3
74464;3
74465;8
74466;4
74467;2
74468;39
74469;3
74470;2
74471;3
74472;3
74473;2
74474;16
74475;3
74476;2
74477;2
74478;3
74479;2
74480;3
74481;3
74482;2
74483;4
74484;2
74485;2
74486;3
74487;3
74488;7
74489;2
74490;8
74491;3
74492;3
74493;3
74494;2
74495;3
74496;23
74497;3
74498;2
74499;3
74500;7
74501;7
74502;2
74503;4
74504;3
74505;2
74506;2
74507;3
74508;4
74509;4
74510;3
74511;3
74512;4
74513;4
74514;3
74515;3
74516;3
74517;3
74518;2
74519;2
74520;14
74521;4
74522;7
74523;3
74524;3
74525;3
74526;3
74527;3
74528;3
74529;3
74530;3
74531;3
74532;19
74533;3
74534;4
74535;3
74536;2
74537;2
74538;3
74539;3
74540;4
74541;2
74542;2
74543;3
74544;3
74545;3
74546;3
74547;3
74548;3
74549;3
74550;4
74551;12
74552;3
74553;15
74554;2
74555;3
74556;2
74557;2
74558;53
74559;62
74560;2
74561;2
74562;2
74563;2
74564;3
74565;3
74566;4
74567;2
74568;2
74569;3
74570;3
74571;3
74572;3
74573;3
74574;3
74575;2
74576;3
74577;3
74578;3
74579;4
74580;3
74581;3
74582;3
74583;8
74584;3
74585;3
74586;3
74587;21
74588;6
74589;2
74590;2
74591;3
74592;3
74593;3
74594;3
74595;15
74596;3
74597;3
74598;3
74599;3
74600;6
74601;6
74602;3
74603;4
74604;3
74605;3
74606;3
74607;3
74608;3
74609;2
74610;3
74611;2
74612;3
74613;3
74614;8
74615;3
74616;3
74617;5
74618;3
74619;3
74620;21
74621;21
74622;2
74623;2
74624;0
74625;3
74626;3
74627;3
74628;38
74629;38
74630;2
74631;3
74632;3
74633;7
74634;3
74635;3
74636;3
74637;9
74638;3
74639;3
74640;3
74641;37
74642;8
74643;8
74644;3
74645;3
74646;3
74647;3
74648;3
74649;7
74650;3
74651;4
74652;3
74653;2
74654;2
74655;3
74656;2
74657;2
74658;3
74659;3
74660;9
74661;2
74662;37
74663;37
74664;6
74665;3
74666;7
74667;3
74668;2
74669;13
74670;3
74671;3
74672;3
74673;3
74674;2
74675;3
74676;2
74677;3
74678;2
74679;2
74680;3
74681;3
74682;7
74683;2
74684;2
74685;3
74686;3
74687;3
74688;3
74689;8
74690;5
74691;39
74692;3
74693;3
74694;7
74695;7
74696;4
74697;3
74698;3
74699;42
74700;42
74701;3
74702;3
74703;3
74704;3
74705;2
74706;3
74707;3
74708;3
74709;2
74710;2
74711;2
74712;2
74713;2
74714;2
74715;3
74716;3
74717;4
74718;14
74719;2
74720;3
74721;3
74722;3
74723;2
74724;2
74725;3
74726;4
74727;4
74728;3
74729;16
74730;4
74731;4
74732;2
74733;3
74734;2
74735;2
74736;3
74737;39
74738;2
74739;3
74740;3
74741;2
74742;2
74743;3
74744;3
74745;0
74746;38
74747;3
74748;3
74749;3
74750;3
74751;3
74752;3
74753;3
74754;3
74755;38
74756;4
74757;3
74758;2
74759;4
74760;3
74761;3
74762;3
74763;3
74764;3
74765;2
74766;3
74767;3
74768;37
74769;37
74770;37
74771;3
74772;3
74773;3
74774;3
74775;2
74776;2
74777;2
74778;3
74779;6
74780;6
74781;37
74782;37
74783;37
74784;2
74785;2
74786;2
74787;2
74788;2
74789;2
74790;3
74791;13
74792;2
74793;2
74794;2
74795;3
74796;3
74797;3
74798;2
74799;4
74800;3
74801;3
74802;3
74803;39
74804;39
74805;3
74806;3
74807;3
74808;74
74809;4
74810;4
74811;3
74812;3
74813;4
74814;2
74815;2
74816;3
74817;3
74818;17
74819;3
74820;3
74821;38
74822;2
74823;6
74824;3
74825;3
74826;2
74827;3
74828;3
74829;3
74830;3
74831;2
74832;5
74833;3
74834;3
74835;3
74836;3
74837;3
74838;3
74839;3
74840;3
74841;3
74842;3
74843;3
74844;3
74845;2
74846;2
74847;12
74848;2
74849;2
74850;3
74851;4
74852;37
74853;2
74854;2
74855;3
74856;3
74857;12
74858;12
74859;12
74860;2
74861;2
74862;3
74863;3
74864;3
74865;3
74866;2
74867;3
74868;3
74869;3
74870;7
74871;3
74872;3
74873;3
74874;2
74875;4
74876;3
74877;38
74878;3
74879;2
74880;2
74881;3
74882;2
74883;2
74884;44
74885;44
74886;3
74887;3
74888;2
74889;2
74890;3
74891;3
74892;3
74893;3
74894;2
74895;2
74896;3
74897;3
74898;2
74899;3
74900;3
74901;38
74902;38
74903;3
74904;3
74905;4
74906;3
74907;3
74908;4
74909;36
74910;12
74911;2
74912;2
74913;2
74914;3
74915;3
74916;3
74917;3
74918;2
74919;2
74920;2
74921;3
74922;36
74923;3
74924;3
74925;4
74926;3
74927;2
74928;3
74929;3
74930;2
74931;3
74932;11
74933;11
74934;11
74935;3
74936;3
74937;2
74938;4
74939;3
74940;3
74941;3
74942;3
74943;3
74944;3
74945;3
74946;3
74947;3
74948;3
74949;2
74950;2
74951;2
74952;3
74953;6
74954;3
74955;3
74956;4
74957;3
74958;3
74959;3
74960;3
74961;3
74962;3
74963;23
74964;2
74965;3
74966;3
74967;3
74968;8
74969;2
74970;1
74971;2
74972;11
74973;6
74974;6
74975;6
74976;3
74977;3
74978;3
74979;12
74980;4
74981;3
74982;8
74983;3
74984;3
74985;3
74986;2
74987;2
74988;4
74989;4
74990;4
74991;2
74992;3
74993;3
74994;6
74995;3
74996;2
74997;3
74998;3
74999;3
75000;2
75001;2
75002;3
75003;3
75004;3
75005;3
75006;3
75007;7
75008;3
75009;13
75010;7
75011;2
75012;38
75013;0
75014;2
75015;2
75016;2
75017;38
75018;3
75019;3
75020;2
75021;3
75022;14
75023;14
75024;14
75025;2
75026;6
75027;3
75028;2
75029;4
75030;3
75031;3
75032;3
75033;3
75034;3
75035;3
75036;3
75037;3
75038;38
75039;3
75040;37
75041;3
75042;2
75043;2
75044;2
75045;2
75046;3
75047;3
75048;2
75049;3
75050;4
75051;4
75052;2
75053;38
75054;3
75055;3
75056;2
75057;3
75058;3
75059;3
75060;4
75061;3
75062;2
75063;4
75064;12
75065;3
75066;3
75067;3
75068;3
75069;2
75070;2
75071;4
75072;9
75073;19
75074;3
75075;3
75076;3
75077;6
75078;6
75079;3
75080;4
75081;3
75082;3
75083;3
75084;3
75085;2
75086;2
75087;2
75088;3
75089;3
75090;3
75091;3
75092;3
75093;0
75094;3
75095;3
75096;3
75097;3
75098;3
75099;3
75100;3
75101;15
75102;5
75103;3
75104;3
75105;3
75106;4
75107;3
75108;3
75109;3
75110;2
75111;3
75112;3
75113;3
75114;2
75115;2
75116;2
75117;3
75118;3
75119;4
75120;4
75121;3
75122;37
75123;2
75124;2
75125;3
75126;3
75127;3
75128;3
75129;3
75130;3
75131;17
75132;3
75133;3
75134;4
75135;9
75136;3
75137;3
75138;2
75139;2
75140;2
75141;9
75142;3
75143;2
75144;2
75145;2
75146;3
75147;18
75148;2
75149;3
75150;3
75151;3
75152;4
75153;2
75154;4
75155;4
75156;2
75157;3
75158;3
75159;3
75160;3
75161;3
75162;3
75163;16
75164;2
75165;16
75166;16
75167;3
75168;3
75169;3
75170;3
75171;3
75172;4
75173;4
75174;4
75175;12
75176;2
75177;2
75178;2
75179;3
75180;14
75181;14
75182;3
75183;2
75184;3
75185;2
75186;3
75187;2
75188;3
75189;3
75190;3
75191;3
75192;3
75193;2
75194;10
75195;3
75196;3
75197;3
75198;3
75199;7
75200;4
75201;4
75202;3
75203;3
75204;3
75205;3
75206;3
75207;2
75208;2
75209;0
75210;38
75211;38
75212;3
75213;3
75214;3
75215;4
75216;52
75217;2
75218;2
75219;3
75220;3
75221;35
75222;9
75223;2
75224;22
75225;2
75226;2
75227;4
75228;4
75229;2
75230;2
75231;3
75232;2
75233;3
75234;2
75235;2
75236;4
75237;3
75238;2
75239;3
75240;4
75241;3
75242;2
75243;2
75244;3
75245;3
75246;2
75247;39
75248;3
75249;3
75250;46
75251;2
75252;3
75253;26
75254;4
75255;3
75256;3
75257;3
75258;3
75259;3
75260;3
75261;2
75262;4
75263;4
75264;3
75265;3
75266;3
75267;3
75268;38
75269;3
75270;3
75271;41
75272;17
75273;5
75274;3
75275;2
75276;7
75277;2
75278;2
75279;4
75280;11
75281;2
75282;2
75283;38
75284;0
75285;4
75286;4
75287;4
75288;4
75289;3
75290;3
75291;2
75292;2
75293;4
75294;3
75295;3
75296;3
75297;2
75298;11
75299;8
75300;8
75301;3
75302;4
75303;2
75304;2
75305;2
75306;2
75307;3
75308;3
75309;4
75310;12
75311;4
75312;3
75313;35
75314;7
75315;3
75316;3
75317;2
75318;3
75319;2
75320;38
75321;3
75322;3
75323;3
75324;3
75325;2
75326;3
75327;47
75328;3
75329;3
75330;3
75331;3
75332;4
75333;4
75334;7
75335;3
75336;3
75337;3
75338;3
75339;3
75340;2
75341;2
75342;2
75343;3
75344;2
75345;3
75346;3
75347;7
75348;3
75349;3
75350;6
75351;3
75352;4
75353;2
75354;3
75355;3
75356;4
75357;15
75358;2
75359;2
75360;2
75361;10
75362;3
75363;3
75364;6
75365;3
75366;4
75367;3
75368;3
75369;3
75370;3
75371;38
75372;3
75373;2
75374;3
75375;13
75376;3
75377;3
75378;8
75379;4
75380;3
75381;2
75382;4
75383;2
75384;3
75385;2
75386;3
75387;3
75388;2
75389;2
75390;3
75391;3
75392;3
75393;7
75394;7
75395;3
75396;4
75397;2
75398;4
75399;39
75400;4
75401;4
75402;3
75403;2
75404;2
75405;2
75406;0
75407;3
75408;3
75409;3
75410;2
75411;3
75412;4
75413;2
75414;3
75415;3
75416;3
75417;3
75418;2
75419;2
75420;3
75421;3
75422;6
75423;3
75424;6
75425;2
75426;2
75427;2
75428;4
75429;4
75430;3
75431;3
75432;2
75433;3
75434;3
75435;3
75436;2
75437;2
75438;3
75439;2
75440;2
75441;3
75442;3
75443;4
75444;4
75445;2
75446;3
75447;3
75448;39
75449;5
75450;2
75451;4
75452;3
75453;2
75454;2
75455;2
75456;2
75457;3
75458;3
75459;2
75460;3
75461;2
75462;2
75463;2
75464;3
75465;2
75466;23
75467;4
75468;37
75469;2
75470;2
75471;2
75472;2
75473;3
75474;4
75475;3
75476;11
75477;6
75478;11
75479;3
75480;7
75481;2
75482;2
75483;2
75484;39
75485;4
75486;3
75487;3
75488;3
75489;3
75490;9
75491;2
75492;2
75493;3
75494;3
75495;3
75496;3
75497;3
75498;3
75499;4
75500;3
75501;3
75502;3
75503;53
75504;40
75505;38
75506;38
75507;3
75508;3
75509;3
75510;3
75511;3
75512;7
75513;3
75514;3
75515;16
75516;4
75517;2
75518;20
75519;3
75520;3
75521;0
75522;2
75523;12
75524;3
75525;3
75526;3
75527;3
75528;3
75529;3
75530;3
75531;4
75532;7
75533;36
75534;2
75535;2
75536;3
75537;3
75538;3
75539;39
75540;5
75541;2
75542;4
75543;4
75544;3
75545;3
75546;3
75547;4
75548;4
75549;3
75550;3
75551;3
75552;3
75553;3
75554;3
75555;7
75556;4
75557;4
75558;3
75559;3
75560;3
75561;3
75562;7
75563;4
75564;4
75565;2
75566;3
75567;3
75568;3
75569;3
75570;3
75571;3
75572;3
75573;3
75574;3
75575;51
75576;2
75577;2
75578;3
75579;2
75580;2
75581;4
75582;3
75583;3
75584;4
75585;5
75586;5
75587;5
75588;2
75589;2
75590;3
75591;2
75592;2
75593;2
75594;3
75595;2
75596;2
75597;2
75598;3
75599;3
75600;3
75601;3
75602;3
75603;2
75604;10
75605;2
75606;2
75607;2
75608;35
75609;7
75610;2
75611;2
75612;3
75613;3
75614;3
75615;2
75616;2
75617;2
75618;3
75619;7
75620;3
75621;3
75622;3
75623;5
75624;12
75625;3
75626;3
75627;3
75628;39
75629;2
75630;11
75631;2
75632;2
75633;3
75634;2
75635;2
75636;4
75637;4
75638;3
75639;3
75640;4
75641;39
75642;2
75643;2
75644;2
75645;2
75646;2
75647;2
75648;6
75649;3
75650;3
75651;3
75652;2
75653;3
75654;3
75655;3
75656;2
75657;3
75658;3
75659;3
75660;2
75661;3
75662;3
75663;3
75664;6
75665;3
75666;3
75667;3
75668;2
75669;2
75670;11
75671;2
75672;2
75673;3
75674;3
75675;2
75676;59
75677;38
75678;38
75679;2
75680;2
75681;6
75682;6
75683;2
75684;3
75685;2
75686;3
75687;3
75688;3
75689;3
75690;39
75691;9
75692;4
75693;7
75694;3
75695;3
75696;3
75697;3
75698;3
75699;2
75700;6
75701;6
75702;3
75703;8
75704;12
75705;3
75706;3
75707;3
75708;3
75709;2
75710;2
75711;2
75712;22
75713;2
75714;3
75715;2
75716;4
75717;3
75718;3
75719;3
75720;3
75721;3
75722;3
75723;3
75724;3
75725;3
75726;3
75727;3
75728;3
75729;3
75730;4
75731;3
75732;3
75733;4
75734;2
75735;2
75736;2
75737;3
75738;3
75739;3
75740;3
75741;4
75742;7
75743;3
75744;3
75745;3
75746;39
75747;2
75748;2
75749;3
75750;3
75751;3
75752;3
75753;3
75754;2
75755;3
75756;3
75757;7
75758;3
75759;4
75760;2
75761;4
75762;4
75763;3
75764;3
75765;2
75766;2
75767;2
75768;3
75769;2
75770;2
75771;2
75772;3
75773;3
75774;3
75775;3
75776;2
75777;3
75778;3
75779;3
75780;3
75781;6
75782;2
75783;3
75784;3
75785;3
75786;3
75787;3
75788;3
75789;3
75790;38
75791;4
75792;2
75793;2
75794;3
75795;3
75796;6
75797;35
75798;35
75799;7
75800;7
75801;2
75802;2
75803;3
75804;3
75805;2
75806;4
75807;2
75808;2
75809;3
75810;3
75811;38
75812;51
75813;51
75814;3
75815;3
75816;3
75817;3
75818;3
75819;3
75820;2
75821;2
75822;2
75823;17
75824;2
75825;2
75826;3
75827;8
75828;4
75829;2
75830;2
75831;4
75832;2
75833;2
75834;4
75835;3
75836;3
75837;7
75838;7
75839;7
75840;3
75841;3
75842;3
75843;3
75844;3
75845;3
75846;3
75847;3
75848;2
75849;3
75850;2
75851;2
75852;2
75853;6
75854;3
75855;3
75856;11
75857;11
75858;3
75859;3
75860;6
75861;2
75862;4
75863;3
75864;3
75865;2
75866;3
75867;3
75868;3
75869;2
75870;3
75871;3
75872;2
75873;3
75874;3
75875;10
75876;2
75877;2
75878;3
75879;3
75880;3
75881;3
75882;6
75883;2
75884;2
75885;3
75886;2
75887;2
75888;3
75889;2
75890;3
75891;3
75892;2
75893;3
75894;3
75895;3
75896;3
75897;36
75898;2
75899;74
75900;3
75901;3
75902;3
75903;3
75904;2
75905;3
75906;3
75907;2
75908;3
75909;3
75910;3
75911;3
75912;2
75913;37
75914;8
75915;3
75916;3
75917;3
75918;3
75919;3
75920;2
75921;3
75922;2
75923;3
75924;2
75925;2
75926;3
75927;2
75928;2
75929;2
75930;3
75931;4
75932;2
75933;2
75934;3
75935;3
75936;2
75937;3
75938;3
75939;2
75940;3
75941;3
75942;3
75943;2
75944;2
75945;3
75946;2
75947;2
75948;3
75949;3
75950;3
75951;4
75952;6
75953;2
75954;4
75955;10
75956;2
75957;36
75958;2
75959;3
75960;3
75961;2
75962;2
75963;2
75964;2
75965;3
75966;3
75967;37
75968;37
75969;37
75970;3
75971;3
75972;3
75973;3
75974;38
75975;2
75976;3
75977;37
75978;37
75979;3
75980;4
75981;2
75982;2
75983;3
75984;3
75985;3
75986;4
75987;2
75988;4
75989;12
75990;3
75991;3
75992;3
75993;4
75994;8
75995;3
75996;3
75997;2
75998;2
75999;2
76000;3
76001;3
76002;3
76003;3
76004;3
76005;3
76006;2
76007;3
76008;3
76009;16
76010;3
76011;3
76012;4
76013;3
76014;7
76015;3
76016;3
76017;3
76018;4
76019;8
76020;17
76021;38
76022;38
76023;2
76024;2
76025;38
76026;7
76027;7
76028;2
76029;5
76030;21
76031;3
76032;38
76033;2
76034;2
76035;2
76036;43
76037;3
76038;39
76039;2
76040;2
76041;11
76042;6
76043;3
76044;2
76045;4
76046;3
76047;3
76048;2
76049;2
76050;2
76051;3
76052;3
76053;3
76054;4
76055;3
76056;3
76057;3
76058;3
76059;3
76060;3
76061;2
76062;4
76063;2
76064;4
76065;3
76066;3
76067;3
76068;3
76069;3
76070;3
76071;2
76072;2
76073;3
76074;9
76075;3
76076;3
76077;2
76078;18
76079;6
76080;3
76081;2
76082;12
76083;2
76084;6
76085;2
76086;2
76087;3
76088;3
76089;3
76090;3
76091;2
76092;0
76093;3
76094;3
76095;3
76096;3
76097;4
76098;4
76099;4
76100;3
76101;4
76102;2
76103;6
76104;2
76105;2
76106;2
76107;3
76108;3
76109;3
76110;3
76111;16
76112;2
76113;16
76114;16
76115;2
76116;2
76117;2
76118;3
76119;3
76120;7
76121;3
76122;3
76123;3
76124;3
76125;3
76126;3
76127;3
76128;3
76129;2
76130;2
76131;2
76132;3
76133;3
76134;3
76135;3
76136;2
76137;4
76138;4
76139;3
76140;2
76141;2
76142;2
76143;3
76144;3
76145;3
76146;2
76147;2
76148;14
76149;10
76150;38
76151;3
76152;3
76153;3
76154;42
76155;42
76156;2
76157;2
76158;3
76159;4
76160;2
76161;2
76162;4
76163;3
76164;3
76165;2
76166;2
76167;3
76168;3
76169;3
76170;3
76171;3
76172;3
76173;2
76174;2
76175;2
76176;2
76177;3
76178;2
76179;2
76180;3
76181;3
76182;3
76183;3
76184;2
76185;2
76186;2
76187;2
76188;2
76189;3
76190;2
76191;3
76192;3
76193;3
76194;4
76195;4
76196;3
76197;3
76198;9
76199;3
76200;3
76201;2
76202;3
76203;4
76204;4
76205;3
76206;2
76207;3
76208;3
76209;39
76210;3
76211;3
76212;2
76213;2
76214;3
76215;3
76216;4
76217;4
76218;3
76219;2
76220;16
76221;2
76222;2
76223;2
76224;2
76225;3
76226;3
76227;2
76228;3
76229;10
76230;4
76231;2
76232;3
76233;3
76234;20
76235;3
76236;39
76237;3
76238;2
76239;3
76240;2
76241;2
76242;7
76243;2
76244;4
76245;2
76246;3
76247;3
76248;3
76249;12
76250;3
76251;2
76252;37
76253;2
76254;2
76255;2
76256;2
76257;12
76258;3
76259;37
76260;2
76261;2
76262;2
76263;4
76264;4
76265;3
76266;3
76267;3
76268;3
76269;2
76270;2
76271;2
76272;2
76273;7
76274;2
76275;3
76276;2
76277;2
76278;2
76279;2
76280;2
76281;3
76282;3
76283;3
76284;6
76285;3
76286;3
76287;3
76288;2
76289;3
76290;3
76291;9
76292;3
76293;3
76294;2
76295;5
76296;3
76297;2
76298;2
76299;2
76300;3
76301;2
76302;3
76303;3
76304;3
76305;3
76306;2
76307;2
76308;2
76309;3
76310;2
76311;3
76312;2
76313;2
76314;2
76315;2
76316;2
76317;3
76318;3
76319;3
76320;0
76321;3
76322;3
76323;3
76324;3
76325;3
76326;2
76327;2
76328;2
76329;0
76330;4
76331;2
76332;2
76333;2
76334;2
76335;3
76336;11
76337;3
76338;2
76339;2
76340;13
76341;3
76342;3
76343;2
76344;3
76345;3
76346;2
76347;2
76348;2
76349;2
76350;2
76351;18
76352;7
76353;0
76354;3
76355;2
76356;3
76357;3
76358;12
76359;2
76360;3
76361;3
76362;6
76363;2
76364;3
76365;3
76366;2
76367;2
76368;3
76369;3
76370;4
76371;4
76372;3
76373;2
76374;2
76375;17
76376;2
76377;2
76378;4
76379;2
76380;38
76381;3
76382;3
76383;3
76384;3
76385;2
76386;2
76387;3
76388;3
76389;3
76390;3
76391;3
76392;3
76393;2
76394;39
76395;3
76396;3
76397;2
76398;2
76399;2
76400;3
76401;3
76402;3
76403;2
76404;2
76405;3
76406;3
76407;3
76408;3
76409;3
76410;2
76411;3
76412;3
76413;3
76414;2
76415;2
76416;2
76417;2
76418;2
76419;3
76420;3
76421;3
76422;3
76423;3
76424;3
76425;3
76426;3
76427;3
76428;3
76429;3
76430;52
76431;3
76432;3
76433;2
76434;2
76435;2
76436;3
76437;2
76438;3
76439;4
76440;4
76441;3
76442;2
76443;3
76444;38
76445;8
76446;37
76447;3
76448;3
76449;2
76450;3
76451;3
76452;10
76453;3
76454;3
76455;4
76456;4
76457;3
76458;3
76459;3
76460;36
76461;2
76462;4
76463;4
76464;3
76465;3
76466;3
76467;2
76468;2
76469;3
76470;3
76471;2
76472;2
76473;3
76474;2
76475;2
76476;5
76477;5
76478;4
76479;4
76480;3
76481;2
76482;2
76483;3
76484;2
76485;3
76486;3
76487;4
76488;4
76489;56
76490;2
76491;4
76492;4
76493;5
76494;2
76495;2
76496;4
76497;2
76498;3
76499;3
76500;3
76501;4
76502;2
76503;2
76504;7
76505;3
76506;3
76507;3
76508;3
76509;2
76510;3
76511;3
76512;3
76513;3
76514;6
76515;2
76516;73
76517;2
76518;2
76519;7
76520;3
76521;3
76522;5
76523;3
76524;3
76525;2
76526;2
76527;2
76528;2
76529;2
76530;2
76531;6
76532;20
76533;7
76534;38
76535;3
76536;3
76537;3
76538;7
76539;14
76540;3
76541;3
76542;2
76543;4
76544;3
76545;3
76546;3
76547;2
76548;3
76549;2
76550;2
76551;6
76552;2
76553;19
76554;3
76555;2
76556;2
76557;3
76558;2
76559;3
76560;3
76561;2
76562;3
76563;3
76564;3
76565;6
76566;4
76567;4
76568;3
76569;42
76570;47
76571;4
76572;4
76573;3
76574;3
76575;3
76576;3
76577;3
76578;4
76579;3
76580;12
76581;35
76582;6
76583;6
76584;3
76585;3
76586;3
76587;3
76588;3
76589;3
76590;2
76591;3
76592;3
76593;3
76594;3
76595;2
76596;2
76597;3
76598;3
76599;3
76600;6
76601;3
76602;3
76603;3
76604;3
76605;3
76606;11
76607;3
76608;0
76609;2
76610;3
76611;3
76612;3
76613;3
76614;0
76615;3
76616;3
76617;3
76618;3
76619;3
76620;3
76621;3
76622;3
76623;3
76624;3
76625;3
76626;3
76627;3
76628;3
76629;4
76630;2
76631;3
76632;3
76633;7
76634;4
76635;4
76636;2
76637;3
76638;3
76639;3
76640;2
76641;5
76642;5
76643;3
76644;3
76645;2
76646;3
76647;4
76648;10
76649;3
76650;2
76651;2
76652;4
76653;4
76654;2
76655;4
76656;4
76657;3
76658;3
76659;2
76660;2
76661;2
76662;2
76663;2
76664;3
76665;2
76666;2
76667;35
76668;16
76669;48
76670;2
76671;3
76672;4
76673;4
76674;3
76675;3
76676;3
76677;2
76678;2
76679;2
76680;2
76681;2
76682;3
76683;6
76684;3
76685;3
76686;3
76687;38
76688;38
76689;2
76690;12
76691;4
76692;3
76693;2
76694;6
76695;3
76696;3
76697;3
76698;5
76699;3
76700;3
76701;3
76702;2
76703;3
76704;3
76705;3
76706;3
76707;3
76708;3
76709;3
76710;3
76711;3
76712;3
76713;18
76714;3
76715;2
76716;4
76717;39
76718;5
76719;37
76720;3
76721;3
76722;3
76723;7
76724;4
76725;5
76726;4
76727;24
76728;3
76729;3
76730;2
76731;2
76732;3
76733;2
76734;3
76735;3
76736;7
76737;6
76738;6
76739;6
76740;3
76741;3
76742;2
76743;2
76744;4
76745;3
76746;2
76747;3
76748;2
76749;2
76750;4
76751;2
76752;2
76753;2
76754;7
76755;2
76756;3
76757;3
76758;3
76759;37
76760;37
76761;2
76762;2
76763;4
76764;3
76765;3
76766;0
76767;37
76768;4
76769;3
76770;3
76771;3
76772;7
76773;15
76774;2
76775;7
76776;7
76777;7
76778;3
76779;3
76780;2
76781;2
76782;3
76783;3
76784;2
76785;9
76786;4
76787;3
76788;3
76789;3
76790;3
76791;3
76792;2
76793;2
76794;2
76795;2
76796;2
76797;3
76798;3
76799;74
76800;5
76801;3
76802;36
76803;0
76804;6
76805;3
76806;3
76807;3
76808;3
76809;2
76810;2
76811;3
76812;0
76813;3
76814;3
76815;3
76816;3
76817;3
76818;36
76819;2
76820;2
76821;2
76822;3
76823;19
76824;2
76825;2
76826;7
76827;2
76828;4
76829;3
76830;3
76831;3
76832;3
76833;2
76834;3
76835;3
76836;5
76837;16
76838;16
76839;16
76840;2
76841;2
76842;3
76843;3
76844;3
76845;3
76846;74
76847;3
76848;2
76849;4
76850;3
76851;3
76852;3
76853;17
76854;3
76855;3
76856;3
76857;3
76858;11
76859;3
76860;3
76861;3
76862;3
76863;3
76864;3
76865;3
76866;2
76867;2
76868;4
76869;2
76870;3
76871;2
76872;21
76873;21
76874;21
76875;4
76876;2
76877;3
76878;3
76879;3
76880;3
76881;3
76882;3
76883;3
76884;38
76885;38
76886;4
76887;4
76888;4
76889;4
76890;4
76891;3
76892;5
76893;4
76894;3
76895;3
76896;3
76897;2
76898;3
76899;2
76900;2
76901;2
76902;3
76903;39
76904;2
76905;4
76906;3
76907;2
76908;2
76909;2
76910;3
76911;2
76912;0
76913;2
76914;15
76915;3
76916;3
76917;3
76918;3
76919;3
76920;3
76921;3
76922;2
76923;3
76924;2
76925;3
76926;39
76927;39
76928;5
76929;7
76930;7
76931;4
76932;4
76933;2
76934;2
76935;2
76936;5
76937;9
76938;9
76939;2
76940;12
76941;3
76942;4
76943;2
76944;2
76945;3
76946;38
76947;2
76948;2
76949;2
76950;2
76951;2
76952;3
76953;3
76954;3
76955;3
76956;37
76957;3
76958;11
76959;4
76960;4
76961;3
76962;7
76963;4
76964;2
76965;21
76966;10
76967;3
76968;2
76969;3
76970;4
76971;4
76972;3
76973;3
76974;7
76975;2
76976;3
76977;3
76978;3
76979;3
76980;2
76981;4
76982;4
76983;2
76984;2
76985;2
76986;2
76987;2
76988;2
76989;4
76990;2
76991;10
76992;3
76993;2
76994;3
76995;37
76996;37
76997;37
76998;2
76999;2
77000;2
77001;3
77002;2
77003;2
77004;6
77005;3
77006;6
77007;7
77008;7
77009;3
77010;3
77011;3
77012;3
77013;4
77014;4
77015;3
77016;2
77017;19
77018;3
77019;3
77020;15
77021;4
77022;3
77023;3
77024;2
77025;2
77026;3
77027;3
77028;3
77029;4
77030;2
77031;4
77032;2
77033;3
77034;3
77035;3
77036;5
77037;3
77038;3
77039;3
77040;2
77041;3
77042;3
77043;3
77044;3
77045;38
77046;2
77047;3
77048;38
77049;38
77050;4
77051;6
77052;3
77053;3
77054;3
77055;4
77056;2
77057;4
77058;4
77059;7
77060;7
77061;2
77062;2
77063;2
77064;3
77065;3
77066;2
77067;7
77068;35
77069;35
77070;35
77071;3
77072;3
77073;4
77074;3
77075;2
77076;7
77077;38
77078;3
77079;3
77080;7
77081;4
77082;4
77083;2
77084;2
77085;3
77086;2
77087;2
77088;2
77089;2
77090;7
77091;9
77092;3
77093;2
77094;2
77095;2
77096;3
77097;3
77098;3
77099;3
77100;3
77101;3
77102;3
77103;2
77104;4
77105;3
77106;3
77107;3
77108;3
77109;2
77110;2
77111;2
77112;6
77113;6
77114;3
77115;2
77116;2
77117;2
77118;2
77119;10
77120;4
77121;38
77122;42
77123;42
77124;3
77125;3
77126;3
77127;6
77128;3
77129;3
77130;3
77131;3
77132;3
77133;3
77134;3
77135;3
77136;18
77137;18
77138;3
77139;3
77140;4
77141;0
77142;2
77143;3
77144;3
77145;3
77146;7
77147;43
77148;13
77149;2
77150;3
77151;2
77152;2
77153;2
77154;3
77155;3
77156;2
77157;2
77158;3
77159;4
77160;2
77161;3
77162;17
77163;3
77164;5
77165;38
77166;3
77167;3
77168;35
77169;2
77170;2
77171;13
77172;8
77173;2
77174;3
77175;3
77176;4
77177;3
77178;3
77179;3
77180;0
77181;3
77182;3
77183;13
77184;4
77185;2
77186;3
77187;11
77188;6
77189;3
77190;3
77191;2
77192;2
77193;3
77194;4
77195;2
77196;3
77197;3
77198;2
77199;2
77200;2
77201;3
77202;13
77203;0
77204;3
77205;3
77206;2
77207;2
77208;2
77209;3
77210;3
77211;2
77212;3
77213;38
77214;38
77215;3
77216;3
77217;3
77218;3
77219;2
77220;2
77221;4
77222;3
77223;3
77224;7
77225;7
77226;3
77227;3
77228;2
77229;2
77230;3
77231;2
77232;2
77233;3
77234;3
77235;38
77236;10
77237;2
77238;2
77239;2
77240;3
77241;2
77242;2
77243;4
77244;3
77245;3
77246;13
77247;3
77248;5
77249;5
77250;3
77251;2
77252;2
77253;19
77254;2
77255;2
77256;4
77257;6
77258;2
77259;2
77260;3
77261;39
77262;30
77263;6
77264;3
77265;2
77266;2
77267;3
77268;7
77269;3
77270;7
77271;2
77272;2
77273;2
77274;4
77275;3
77276;3
77277;3
77278;3
77279;3
77280;3
77281;3
77282;3
77283;2
77284;3
77285;3
77286;3
77287;3
77288;2
77289;3
77290;3
77291;2
77292;3
77293;3
77294;3
77295;2
77296;3
77297;3
77298;4
77299;3
77300;3
77301;3
77302;14
77303;14
77304;14
77305;4
77306;4
77307;2
77308;2
77309;3
77310;38
77311;38
77312;3
77313;3
77314;2
77315;2
77316;2
77317;3
77318;3
77319;3
77320;3
77321;7
77322;7
77323;15
77324;3
77325;3
77326;3
77327;2
77328;2
77329;3
77330;3
77331;3
77332;3
77333;3
77334;3
77335;3
77336;3
77337;3
77338;41
77339;41
77340;41
77341;7
77342;0
77343;3
77344;3
77345;3
77346;3
77347;2
77348;2
77349;2
77350;2
77351;2
77352;3
77353;2
77354;2
77355;2
77356;4
77357;3
77358;2
77359;5
77360;4
77361;4
77362;3
77363;13
77364;7
77365;37
77366;37
77367;2
77368;2
77369;3
77370;3
77371;3
77372;3
77373;3
77374;4
77375;7
77376;7
77377;3
77378;7
77379;2
77380;3
77381;3
77382;3
77383;2
77384;3
77385;3
77386;3
77387;5
77388;2
77389;3
77390;3
77391;4
77392;4
77393;3
77394;4
77395;3
77396;3
77397;3
77398;3
77399;3
77400;3
77401;3
77402;2
77403;3
77404;2
77405;7
77406;3
77407;3
77408;37
77409;3
77410;2
77411;2
77412;7
77413;3
77414;55
77415;41
77416;41
77417;4
77418;9
77419;6
77420;2
77421;2
77422;3
77423;2
77424;3
77425;3
77426;3
77427;3
77428;2
77429;3
77430;3
77431;2
77432;3
77433;3
77434;2
77435;3
77436;2
77437;3
77438;2
77439;3
77440;3
77441;2
77442;51
77443;61
77444;3
77445;3
77446;3
77447;3
77448;3
77449;3
77450;3
77451;7
77452;7
77453;3
77454;3
77455;3
77456;2
77457;5
77458;3
77459;6
77460;4
77461;2
77462;4
77463;3
77464;3
77465;3
77466;3
77467;3
77468;2
77469;2
77470;3
77471;2
77472;3
77473;3
77474;3
77475;3
77476;3
77477;3
77478;3
77479;3
77480;8
77481;8
77482;2
77483;4
77484;3
77485;3
77486;2
77487;2
77488;2
77489;3
77490;6
77491;2
77492;3
77493;2
77494;2
77495;1
77496;1
77497;4
77498;4
77499;3
77500;4
77501;3
77502;2
77503;2
77504;10
77505;2
77506;2
77507;2
77508;3
77509;3
77510;4
77511;3
77512;2
77513;2
77514;0
77515;3
77516;3
77517;3
77518;2
77519;3
77520;3
77521;2
77522;2
77523;2
77524;6
77525;2
77526;3
77527;3
77528;4
77529;14
77530;3
77531;2
77532;8
77533;2
77534;3
77535;3
77536;3
77537;3
77538;3
77539;3
77540;3
77541;10
77542;3
77543;45
77544;2
77545;2
77546;2
77547;2
77548;5
77549;3
77550;3
77551;3
77552;2
77553;2
77554;2
77555;2
77556;3
77557;3
77558;3
77559;3
77560;3
77561;3
77562;2
77563;4
77564;3
77565;2
77566;3
77567;3
77568;3
77569;3
77570;2
77571;2
77572;2
77573;3
77574;2
77575;3
77576;3
77577;5
77578;3
77579;3
77580;3
77581;3
77582;3
77583;3
77584;3
77585;3
77586;3
77587;39
77588;3
77589;3
77590;3
77591;3
77592;3
77593;3
77594;3
77595;3
77596;7
77597;3
77598;3
77599;3
77600;2
77601;3
77602;3
77603;7
77604;7
77605;3
77606;3
77607;4
77608;14
77609;3
77610;3
77611;3
77612;2
77613;2
77614;3
77615;2
77616;2
77617;2
77618;2
77619;3
77620;3
77621;2
77622;2
77623;4
77624;50
77625;3
77626;2
77627;4
77628;3
77629;3
77630;3
77631;7
77632;3
77633;3
77634;3
77635;3
77636;3
77637;3
77638;3
77639;2
77640;3
77641;2
77642;3
77643;3
77644;9
77645;9
77646;3
77647;3
77648;3
77649;3
77650;2
77651;3
77652;3
77653;0
77654;4
77655;2
77656;5
77657;3
77658;3
77659;2
77660;2
77661;2
77662;2
77663;2
77664;3
77665;3
77666;3
77667;3
77668;3
77669;2
77670;3
77671;3
77672;2
77673;2
77674;3
77675;3
77676;3
77677;3
77678;3
77679;3
77680;3
77681;3
77682;4
77683;4
77684;2
77685;3
77686;3
77687;3
77688;3
77689;6
77690;3
77691;2
77692;2
77693;2
77694;3
77695;3
77696;3
77697;3
77698;3
77699;2
77700;3
77701;3
77702;2
77703;2
77704;4
77705;3
77706;3
77707;3
77708;2
77709;3
77710;3
77711;4
77712;3
77713;3
77714;2
77715;2
77716;2
77717;3
77718;3
77719;2
77720;3
77721;3
77722;10
77723;3
77724;2
77725;3
77726;10
77727;2
77728;2
77729;4
77730;2
77731;2
77732;2
77733;3
77734;3
77735;2
77736;2
77737;2
77738;3
77739;22
77740;3
77741;2
77742;2
77743;2
77744;2
77745;16
77746;35
77747;3
77748;3
77749;3
77750;3
77751;3
77752;3
77753;39
77754;39
77755;2
77756;3
77757;4
77758;2
77759;6
77760;4
77761;2
77762;2
77763;3
77764;3
77765;5
77766;3
77767;3
77768;3
77769;7
77770;7
77771;3
77772;7
77773;3
77774;7
77775;3
77776;2
77777;2
77778;2
77779;10
77780;3
77781;3
77782;3
77783;3
77784;2
77785;2
77786;2
77787;3
77788;3
77789;2
77790;2
77791;2
77792;3
77793;2
77794;0
77795;2
77796;4
77797;3
77798;3
77799;3
77800;3
77801;3
77802;3
77803;2
77804;2
77805;2
77806;2
77807;2
77808;2
77809;2
77810;2
77811;2
77812;2
77813;2
77814;3
77815;3
77816;2
77817;3
77818;3
77819;3
77820;3
77821;3
77822;3
77823;4
77824;15
77825;3
77826;7
77827;2
77828;2
77829;3
77830;3
77831;2
77832;3
77833;3
77834;3
77835;2
77836;2
77837;2
77838;12
77839;5
77840;3
77841;2
77842;2
77843;2
77844;4
77845;4
77846;2
77847;2
77848;2
77849;3
77850;3
77851;3
77852;41
77853;3
77854;2
77855;2
77856;2
77857;38
77858;2
77859;4
77860;4
77861;39
77862;4
77863;4
77864;2
77865;3
77866;3
77867;13
77868;2
77869;2
77870;3
77871;4
77872;2
77873;2
77874;3
77875;2
77876;3
77877;3
77878;2
77879;2
77880;2
77881;2
77882;4
77883;4
77884;3
77885;3
77886;14
77887;37
77888;3
77889;3
77890;2
77891;3
77892;16
77893;3
77894;11
77895;3
77896;3
77897;3
77898;4
77899;2
77900;2
77901;2
77902;3
77903;2
77904;10
77905;11
77906;4
77907;4
77908;37
77909;3
77910;2
77911;3
77912;4
77913;4
77914;8
77915;4
77916;4
77917;2
77918;3
77919;38
77920;38
77921;38
77922;3
77923;3
77924;7
77925;21
77926;3
77927;2
77928;2
77929;2
77930;2
77931;2
77932;3
77933;3
77934;6
77935;37
77936;38
77937;7
77938;7
77939;3
77940;4
77941;4
77942;4
77943;3
77944;3
77945;3
77946;2
77947;3
77948;4
77949;4
77950;3
77951;3
77952;3
77953;3
77954;3
77955;3
77956;3
77957;4
77958;2
77959;2
77960;2
77961;0
77962;3
77963;3
77964;3
77965;2
77966;2
77967;2
77968;3
77969;35
77970;3
77971;3
77972;2
77973;3
77974;3
77975;4
77976;20
77977;4
77978;4
77979;16
77980;3
77981;16
77982;16
77983;3
77984;3
77985;2
77986;3
77987;3
77988;2
77989;2
77990;3
77991;3
77992;3
77993;10
77994;3
77995;3
77996;2
77997;2
77998;2
77999;3
78000;3
78001;3
78002;3
78003;3
78004;3
78005;7
78006;7
78007;2
78008;2
78009;4
78010;3
78011;3
78012;3
78013;4
78014;4
78015;4
78016;3
78017;2
78018;17
78019;3
78020;2
78021;3
78022;3
78023;3
78024;3
78025;7
78026;7
78027;7
78028;2
78029;4
78030;2
78031;3
78032;0
78033;3
78034;3
78035;6
78036;38
78037;0
78038;3
78039;3
78040;17
78041;3
78042;3
78043;3
78044;3
78045;2
78046;3
78047;3
78048;3
78049;3
78050;3
78051;3
78052;1
78053;1
78054;41
78055;16
78056;2
78057;2
78058;2
78059;3
78060;10
78061;2
78062;3
78063;2
78064;2
78065;3
78066;3
78067;3
78068;9
78069;9
78070;3
78071;3
78072;37
78073;37
78074;3
78075;4
78076;4
78077;39
78078;3
78079;3
78080;3
78081;4
78082;4
78083;3
78084;3
78085;2
78086;3
78087;3
78088;3
78089;3
78090;3
78091;4
78092;3
78093;39
78094;3
78095;3
78096;3
78097;17
78098;3
78099;3
78100;3
78101;3
78102;3
78103;3
78104;2
78105;2
78106;3
78107;2
78108;3
78109;3
78110;2
78111;2
78112;3
78113;3
78114;7
78115;3
78116;6
78117;2
78118;2
78119;2
78120;2
78121;2
78122;2
78123;2
78124;2
78125;3
78126;3
78127;3
78128;7
78129;7
78130;2
78131;2
78132;3
78133;3
78134;3
78135;3
78136;3
78137;3
78138;2
78139;2
78140;8
78141;8
78142;38
78143;38
78144;3
78145;4
78146;4
78147;3
78148;3
78149;3
78150;3
78151;55
78152;39
78153;2
78154;2
78155;3
78156;2
78157;3
78158;3
78159;6
78160;2
78161;2
78162;2
78163;3
78164;2
78165;4
78166;2
78167;2
78168;2
78169;0
78170;2
78171;3
78172;3
78173;3
78174;3
78175;3
78176;3
78177;3
78178;14
78179;38
78180;2
78181;5
78182;13
78183;3
78184;3
78185;3
78186;3
78187;3
78188;4
78189;3
78190;3
78191;3
78192;4
78193;4
78194;3
78195;2
78196;2
78197;4
78198;2
78199;2
78200;2
78201;3
78202;2
78203;2
78204;3
78205;4
78206;4
78207;4
78208;3
78209;3
78210;3
78211;2
78212;2
78213;3
78214;3
78215;3
78216;2
78217;11
78218;2
78219;2
78220;3
78221;2
78222;3
78223;3
78224;3
78225;3
78226;2
78227;4
78228;3
78229;3
78230;20
78231;3
78232;2
78233;15
78234;3
78235;2
78236;3
78237;35
78238;3
78239;3
78240;3
78241;3
78242;11
78243;2
78244;4
78245;2
78246;2
78247;2
78248;2
78249;3
78250;11
78251;3
78252;3
78253;3
78254;20
78255;3
78256;38
78257;4
78258;7
78259;2
78260;2
78261;2
78262;2
78263;2
78264;3
78265;13
78266;3
78267;3
78268;3
78269;3
78270;38
78271;3
78272;3
78273;38
78274;3
78275;4
78276;3
78277;3
78278;3
78279;3
78280;3
78281;3
78282;3
78283;10
78284;3
78285;3
78286;3
78287;20
78288;2
78289;39
78290;2
78291;3
78292;3
78293;3
78294;6
78295;2
78296;2
78297;2
78298;3
78299;3
78300;16
78301;3
78302;2
78303;3
78304;3
78305;3
78306;39
78307;2
78308;19
78309;19
78310;19
78311;52
78312;10
78313;3
78314;3
78315;2
78316;2
78317;2
78318;3
78319;3
78320;39
78321;3
78322;3
78323;2
78324;3
78325;2
78326;2
78327;3
78328;4
78329;3
78330;2
78331;3
78332;43
78333;2
78334;3
78335;3
78336;4
78337;2
78338;0
78339;39
78340;3
78341;3
78342;2
78343;3
78344;3
78345;3
78346;3
78347;36
78348;3
78349;3
78350;2
78351;2
78352;2
78353;3
78354;3
78355;3
78356;2
78357;3
78358;0
78359;3
78360;3
78361;2
78362;3
78363;0
78364;2
78365;2
78366;3
78367;14
78368;3
78369;2
78370;2
78371;2
78372;3
78373;3
78374;3
78375;3
78376;3
78377;2
78378;3
78379;2
78380;4
78381;14
78382;2
78383;4
78384;2
78385;2
78386;2
78387;2
78388;2
78389;2
78390;2
78391;9
78392;4
78393;3
78394;3
78395;3
78396;2
78397;3
78398;2
78399;2
78400;3
78401;3
78402;3
78403;3
78404;3
78405;7
78406;3
78407;3
78408;3
78409;3
78410;3
78411;13
78412;2
78413;35
78414;3
78415;38
78416;38
78417;38
78418;6
78419;2
78420;2
78421;3
78422;0
78423;3
78424;3
78425;5
78426;3
78427;2
78428;3
78429;3
78430;3
78431;3
78432;3
78433;2
78434;2
78435;3
78436;3
78437;3
78438;3
78439;3
78440;3
78441;3
78442;3
78443;7
78444;3
78445;36
78446;3
78447;3
78448;3
78449;3
78450;3
78451;3
78452;2
78453;3
78454;4
78455;4
78456;3
78457;3
78458;3
78459;3
78460;4
78461;3
78462;4
78463;7
78464;7
78465;3
78466;4
78467;2
78468;3
78469;3
78470;3
78471;3
78472;3
78473;3
78474;2
78475;2
78476;2
78477;3
78478;2
78479;3
78480;3
78481;3
78482;7
78483;2
78484;3
78485;3
78486;3
78487;4
78488;4
78489;2
78490;3
78491;3
78492;3
78493;3
78494;2
78495;3
78496;2
78497;3
78498;3
78499;2
78500;2
78501;2
78502;3
78503;7
78504;7
78505;3
78506;3
78507;2
78508;2
78509;3
78510;3
78511;3
78512;3
78513;2
78514;2
78515;3
78516;2
78517;41
78518;3
78519;2
78520;2
78521;2
78522;3
78523;3
78524;3
78525;12
78526;20
78527;2
78528;2
78529;3
78530;3
78531;3
78532;3
78533;2
78534;6
78535;3
78536;3
78537;2
78538;35
78539;4
78540;2
78541;3
78542;3
78543;14
78544;14
78545;14
78546;4
78547;3
78548;39
78549;4
78550;35
78551;15
78552;15
78553;2
78554;4
78555;4
78556;2
78557;16
78558;3
78559;3
78560;4
78561;17
78562;39
78563;4
78564;2
78565;39
78566;5
78567;3
78568;4
78569;4
78570;3
78571;3
78572;3
78573;3
78574;3
78575;9
78576;2
78577;3
78578;2
78579;3
78580;2
78581;3
78582;6
78583;4
78584;4
78585;3
78586;2
78587;2
78588;2
78589;2
78590;3
78591;10
78592;2
78593;3
78594;14
78595;2
78596;3
78597;36
78598;3
78599;2
78600;2
78601;3
78602;3
78603;3
78604;3
78605;3
78606;11
78607;3
78608;2
78609;2
78610;3
78611;2
78612;2
78613;2
78614;4
78615;3
78616;3
78617;3
78618;4
78619;4
78620;3
78621;3
78622;13
78623;6
78624;6
78625;3
78626;3
78627;22
78628;4
78629;3
78630;3
78631;8
78632;16
78633;2
78634;2
78635;2
78636;3
78637;3
78638;3
78639;38
78640;38
78641;8
78642;2
78643;2
78644;2
78645;45
78646;3
78647;2
78648;14
78649;3
78650;3
78651;3
78652;2
78653;3
78654;3
78655;3
78656;17
78657;17
78658;3
78659;2
78660;2
78661;3
78662;4
78663;36
78664;3
78665;3
78666;3
78667;3
78668;2
78669;2
78670;3
78671;5
78672;2
78673;2
78674;3
78675;2
78676;15
78677;15
78678;2
78679;3
78680;3
78681;3
78682;3
78683;3
78684;2
78685;2
78686;2
78687;2
78688;3
78689;11
78690;3
78691;3
78692;3
78693;3
78694;3
78695;3
78696;2
78697;3
78698;3
78699;4
78700;4
78701;3
78702;3
78703;6
78704;6
78705;3
78706;37
78707;3
78708;4
78709;3
78710;3
78711;3
78712;4
78713;3
78714;3
78715;3
78716;3
78717;2
78718;3
78719;3
78720;3
78721;3
78722;3
78723;3
78724;3
78725;3
78726;3
78727;2
78728;6
78729;3
78730;7
78731;39
78732;16
78733;3
78734;3
78735;3
78736;3
78737;73
78738;3
78739;3
78740;4
78741;3
78742;3
78743;3
78744;3
78745;2
78746;2
78747;2
78748;3
78749;38
78750;14
78751;36
78752;2
78753;3
78754;10
78755;3
78756;3
78757;3
78758;3
78759;2
78760;3
78761;3
78762;3
78763;3
78764;3
78765;7
78766;3
78767;3
78768;3
78769;2
78770;2
78771;2
78772;2
78773;3
78774;3
78775;3
78776;3
78777;35
78778;4
78779;4
78780;3
78781;2
78782;2
78783;3
78784;3
78785;3
78786;3
78787;8
78788;7
78789;13
78790;3
78791;3
78792;3
78793;7
78794;3
78795;3
78796;3
78797;3
78798;2
78799;3
78800;2
78801;10
78802;3
78803;3
78804;3
78805;7
78806;13
78807;7
78808;3
78809;2
78810;2
78811;2
78812;3
78813;3
78814;3
78815;3
78816;2
78817;3
78818;3
78819;3
78820;2
78821;4
78822;3
78823;3
78824;38
78825;38
78826;4
78827;14
78828;3
78829;3
78830;3
78831;3
78832;2
78833;2
78834;3
78835;3
78836;4
78837;3
78838;6
78839;6
78840;3
78841;3
78842;2
78843;3
78844;4
78845;4
78846;7
78847;2
78848;3
78849;3
78850;2
78851;2
78852;4
78853;4
78854;3
78855;3
78856;3
78857;2
78858;2
78859;4
78860;3
78861;3
78862;14
78863;3
78864;3
78865;3
78866;3
78867;7
78868;2
78869;3
78870;2
78871;8
78872;11
78873;11
78874;4
78875;3
78876;3
78877;2
78878;3
78879;2
78880;2
78881;2
78882;2
78883;3
78884;3
78885;3
78886;3
78887;3
78888;3
78889;3
78890;3
78891;3
78892;2
78893;11
78894;50
78895;3
78896;3
78897;2
78898;3
78899;2
78900;3
78901;11
78902;3
78903;3
78904;3
78905;39
78906;3
78907;3
78908;6
78909;2
78910;3
78911;3
78912;6
78913;3
78914;2
78915;2
78916;3
78917;3
78918;3
78919;2
78920;2
78921;15
78922;3
78923;3
78924;3
78925;3
78926;3
78927;3
78928;3
78929;3
78930;18
78931;6
78932;2
78933;0
78934;3
78935;3
78936;3
78937;3
78938;3
78939;2
78940;2
78941;2
78942;2
78943;2
78944;2
78945;3
78946;3
78947;3
78948;2
78949;6
78950;4
78951;38
78952;38
78953;2
78954;17
78955;17
78956;2
78957;4
78958;4
78959;2
78960;3
78961;3
78962;3
78963;3
78964;3
78965;6
78966;3
78967;3
78968;3
78969;3
78970;12
78971;12
78972;3
78973;3
78974;4
78975;4
78976;3
78977;2
78978;3
78979;3
78980;11
78981;36
78982;2
78983;3
78984;3
78985;7
78986;3
78987;9
78988;12
78989;2
78990;2
78991;3
78992;4
78993;4
78994;2
78995;3
78996;4
78997;10
78998;3
78999;3
79000;13
79001;4
79002;4
